timestamp,open,high,low,close,volume,asset,asset_class,frequency,source_file
2026-02-06 14:30:00+00:00,681.4600219726562,684.469970703125,680.8499755859375,683.7999877929688,6299749,SPY,equities,5min,data/5min/spy_5m.csv
2026-02-06 14:35:00+00:00,683.7999877929688,685.0399780273438,683.52001953125,684.7100219726562,3249556,SPY,equities,5min,data/5min/spy_5m.csv
2026-02-06 14:40:00+00:00,684.7000122070312,685.5700073242188,683.969970703125,685.5499877929688,2531770,SPY,equities,5min,data/5min/spy_5m.csv
2026-02-06 14:45:00+00:00,685.5599975585938,685.8699951171875,684.9500122070312,685.530029296875,2448637,SPY,equities,5min,data/5min/spy_5m.csv
2026-02-06 14:50:00+00:00,685.5399780273438,686.510009765625,685.3200073242188,685.3699951171875,1709333,SPY,equities,5min,data/5min/spy_5m.csv
2026-02-06 14:55:00+00:00,685.3699951171875,685.3699951171875,684.5800170898438,684.7449951171875,1325464,SPY,equities,5min,data/5min/spy_5m.csv
2026-02-06 15:00:00+00:00,684.7999877929688,685.1300048828125,683.6799926757812,684.0800170898438,1331696,SPY,equities,5min,data/5min/spy_5m.csv
2026-02-06 15:05:00+00:00,684.0800170898438,684.9298706054688,683.3599853515625,683.969970703125,1461989,SPY,equities,5min,data/5min/spy_5m.csv
2026-02-06 15:10:00+00:00,683.969970703125,685.489990234375,683.6699829101562,683.72998046875,1539529,SPY,equities,5min,data/5min/spy_5m.csv
2026-02-06 15:15:00+00:00,683.719970703125,685.0399780273438,683.1099853515625,684.7899780273438,1120118,SPY,equities,5min,data/5min/spy_5m.csv
2026-02-06 15:20:00+00:00,684.7999877929688,685.77001953125,683.8900146484375,684.3699951171875,1427611,SPY,equities,5min,data/5min/spy_5m.csv
2026-02-06 15:25:00+00:00,684.3699951171875,685.8099975585938,684.1199951171875,685.6500244140625,1004307,SPY,equities,5min,data/5min/spy_5m.csv
2026-02-06 15:30:00+00:00,685.6500244140625,686.3499755859375,684.9099731445312,686.1500244140625,1357598,SPY,equities,5min,data/5min/spy_5m.csv
2026-02-06 15:35:00+00:00,686.1599731445312,686.2949829101562,685.760009765625,686.1099853515625,1025690,SPY,equities,5min,data/5min/spy_5m.csv
2026-02-06 15:40:00+00:00,686.0999755859375,686.75,685.9299926757812,686.3499755859375,1034013,SPY,equities,5min,data/5min/spy_5m.csv
2026-02-06 15:45:00+00:00,686.3599853515625,687.0399780273438,685.8499755859375,685.9450073242188,1359533,SPY,equities,5min,data/5min/spy_5m.csv
2026-02-06 15:50:00+00:00,685.9299926757812,685.969970703125,684.3800048828125,684.5399780273438,1253199,SPY,equities,5min,data/5min/spy_5m.csv
2026-02-06 15:55:00+00:00,684.52001953125,685.9600219726562,684.3300170898438,685.7999877929688,1322811,SPY,equities,5min,data/5min/spy_5m.csv
2026-02-06 16:00:00+00:00,685.7899780273438,686.9000244140625,685.4299926757812,686.9000244140625,1060349,SPY,equities,5min,data/5min/spy_5m.csv
2026-02-06 16:05:00+00:00,686.9000244140625,687.2999877929688,686.5499877929688,687.1099853515625,1336451,SPY,equities,5min,data/5min/spy_5m.csv
2026-02-06 16:10:00+00:00,687.1099853515625,687.3900146484375,686.9099731445312,687.3599853515625,1093094,SPY,equities,5min,data/5min/spy_5m.csv
2026-02-06 16:15:00+00:00,687.3499755859375,687.52001953125,686.8150024414062,687.0800170898438,926708,SPY,equities,5min,data/5min/spy_5m.csv
2026-02-06 16:20:00+00:00,687.0900268554688,687.719970703125,687.0150146484375,687.260009765625,837141,SPY,equities,5min,data/5min/spy_5m.csv
2026-02-06 16:25:00+00:00,687.260009765625,687.3200073242188,686.5800170898438,687.10498046875,821734,SPY,equities,5min,data/5min/spy_5m.csv
2026-02-06 16:30:00+00:00,687.10498046875,687.7100219726562,687.0499877929688,687.6900024414062,779419,SPY,equities,5min,data/5min/spy_5m.csv
2026-02-06 16:35:00+00:00,687.68798828125,687.97998046875,687.530029296875,687.75,955282,SPY,equities,5min,data/5min/spy_5m.csv
2026-02-06 16:40:00+00:00,687.7498779296875,688.010009765625,687.4199829101562,687.7000122070312,691346,SPY,equities,5min,data/5min/spy_5m.csv
2026-02-06 16:45:00+00:00,687.7000122070312,687.9299926757812,687.530029296875,687.8200073242188,512846,SPY,equities,5min,data/5min/spy_5m.csv
2026-02-06 16:50:00+00:00,687.8098754882812,688.0,687.6749877929688,687.780029296875,434490,SPY,equities,5min,data/5min/spy_5m.csv
2026-02-06 16:55:00+00:00,687.77001953125,687.7750244140625,686.9400024414062,687.4600219726562,814507,SPY,equities,5min,data/5min/spy_5m.csv
2026-02-06 17:00:00+00:00,687.4550170898438,687.8200073242188,687.1400146484375,687.8150024414062,656282,SPY,equities,5min,data/5min/spy_5m.csv
2026-02-06 17:05:00+00:00,687.8099975585938,688.3800048828125,687.7999877929688,688.1500244140625,584421,SPY,equities,5min,data/5min/spy_5m.csv
2026-02-06 17:10:00+00:00,688.1500244140625,688.4000244140625,687.7000122070312,687.9400024414062,582219,SPY,equities,5min,data/5min/spy_5m.csv
2026-02-06 17:15:00+00:00,687.9400024414062,688.25,687.6099853515625,688.0250244140625,523229,SPY,equities,5min,data/5min/spy_5m.csv
2026-02-06 17:20:00+00:00,688.0399780273438,688.0700073242188,687.739990234375,687.97998046875,378858,SPY,equities,5min,data/5min/spy_5m.csv
2026-02-06 17:25:00+00:00,687.969970703125,688.510009765625,687.969970703125,688.47998046875,577813,SPY,equities,5min,data/5min/spy_5m.csv
2026-02-06 17:30:00+00:00,688.5,688.9099731445312,688.4710083007812,688.6799926757812,801665,SPY,equities,5min,data/5min/spy_5m.csv
2026-02-06 17:35:00+00:00,688.6799926757812,688.6900024414062,687.8524169921875,688.010009765625,555411,SPY,equities,5min,data/5min/spy_5m.csv
2026-02-06 17:40:00+00:00,688.0050048828125,688.510009765625,687.97998046875,688.5,428923,SPY,equities,5min,data/5min/spy_5m.csv
2026-02-06 17:45:00+00:00,688.5,688.9650268554688,688.4949951171875,688.905029296875,669698,SPY,equities,5min,data/5min/spy_5m.csv
2026-02-06 17:50:00+00:00,688.9000244140625,689.5399780273438,688.7498779296875,689.0700073242188,878612,SPY,equities,5min,data/5min/spy_5m.csv
2026-02-06 17:55:00+00:00,689.0599975585938,689.1950073242188,688.9349975585938,688.9500122070312,514905,SPY,equities,5min,data/5min/spy_5m.csv
2026-02-06 18:00:00+00:00,688.9600219726562,689.510009765625,688.9500122070312,689.469970703125,534592,SPY,equities,5min,data/5min/spy_5m.csv
2026-02-06 18:05:00+00:00,689.4650268554688,689.5,688.8900146484375,689.10498046875,597081,SPY,equities,5min,data/5min/spy_5m.csv
2026-02-06 18:10:00+00:00,689.0999755859375,689.3400268554688,688.9600219726562,689.0449829101562,400432,SPY,equities,5min,data/5min/spy_5m.csv
2026-02-06 18:15:00+00:00,689.0449829101562,689.2100219726562,688.6300048828125,689.1599731445312,407124,SPY,equities,5min,data/5min/spy_5m.csv
2026-02-06 18:20:00+00:00,689.1699829101562,689.4400024414062,688.8900146484375,688.9099731445312,487219,SPY,equities,5min,data/5min/spy_5m.csv
2026-02-06 18:25:00+00:00,688.905029296875,688.989990234375,688.5900268554688,688.9450073242188,588236,SPY,equities,5min,data/5min/spy_5m.csv
2026-02-06 18:30:00+00:00,688.9500122070312,689.218994140625,688.8800048828125,688.9500122070312,401038,SPY,equities,5min,data/5min/spy_5m.csv
2026-02-06 18:35:00+00:00,688.9500122070312,689.4099731445312,688.9401245117188,689.2999877929688,380514,SPY,equities,5min,data/5min/spy_5m.csv
2026-02-06 18:40:00+00:00,689.3049926757812,689.4600219726562,689.1799926757812,689.3049926757812,397152,SPY,equities,5min,data/5min/spy_5m.csv
2026-02-06 18:45:00+00:00,689.3099975585938,689.5549926757812,689.280029296875,689.5150146484375,421936,SPY,equities,5min,data/5min/spy_5m.csv
2026-02-06 18:50:00+00:00,689.52001953125,689.6599731445312,689.3400268554688,689.3699951171875,513742,SPY,equities,5min,data/5min/spy_5m.csv
2026-02-06 18:55:00+00:00,689.3499755859375,689.4299926757812,688.9500122070312,689.030029296875,439125,SPY,equities,5min,data/5min/spy_5m.csv
2026-02-06 19:00:00+00:00,689.030029296875,689.3900146484375,688.9400024414062,689.344970703125,705639,SPY,equities,5min,data/5min/spy_5m.csv
2026-02-06 19:05:00+00:00,689.3499755859375,689.4199829101562,689.0999755859375,689.2100219726562,548828,SPY,equities,5min,data/5min/spy_5m.csv
2026-02-06 19:10:00+00:00,689.2150268554688,689.3300170898438,688.9000244140625,688.909912109375,476932,SPY,equities,5min,data/5min/spy_5m.csv
2026-02-06 19:15:00+00:00,688.9099731445312,689.0800170898438,688.739990234375,688.9000244140625,418790,SPY,equities,5min,data/5min/spy_5m.csv
2026-02-06 19:20:00+00:00,688.8900146484375,689.530029296875,688.8800048828125,689.4099731445312,580530,SPY,equities,5min,data/5min/spy_5m.csv
2026-02-06 19:25:00+00:00,689.4099731445312,689.489990234375,689.2531127929688,689.47802734375,463894,SPY,equities,5min,data/5min/spy_5m.csv
2026-02-06 19:30:00+00:00,689.47998046875,689.5599975585938,689.1900024414062,689.2150268554688,628238,SPY,equities,5min,data/5min/spy_5m.csv
2026-02-06 19:35:00+00:00,689.2150268554688,689.3699951171875,689.1300048828125,689.2000732421875,463196,SPY,equities,5min,data/5min/spy_5m.csv
2026-02-06 19:40:00+00:00,689.2050170898438,689.2050170898438,688.9000244140625,688.9749755859375,502237,SPY,equities,5min,data/5min/spy_5m.csv
2026-02-06 19:45:00+00:00,688.97998046875,689.760009765625,688.969970703125,689.6400146484375,505910,SPY,equities,5min,data/5min/spy_5m.csv
2026-02-06 19:50:00+00:00,689.6300048828125,689.72998046875,689.4000244140625,689.5399780273438,529116,SPY,equities,5min,data/5min/spy_5m.csv
2026-02-06 19:55:00+00:00,689.5599975585938,689.5800170898438,689.27001953125,689.3499755859375,467827,SPY,equities,5min,data/5min/spy_5m.csv
2026-02-06 20:00:00+00:00,689.3400268554688,689.6599731445312,689.0999755859375,689.52001953125,591615,SPY,equities,5min,data/5min/spy_5m.csv
2026-02-06 20:05:00+00:00,689.52001953125,689.8099975585938,689.4600219726562,689.60498046875,710251,SPY,equities,5min,data/5min/spy_5m.csv
2026-02-06 20:10:00+00:00,689.5999755859375,689.625,689.4400024414062,689.4650268554688,749986,SPY,equities,5min,data/5min/spy_5m.csv
2026-02-06 20:15:00+00:00,689.469970703125,689.7899780273438,689.4425048828125,689.760009765625,684163,SPY,equities,5min,data/5min/spy_5m.csv
2026-02-06 20:20:00+00:00,689.760009765625,690.1400146484375,689.719970703125,690.0115966796875,980772,SPY,equities,5min,data/5min/spy_5m.csv
2026-02-06 20:25:00+00:00,690.010009765625,690.0999755859375,689.7100219726562,689.7750244140625,900421,SPY,equities,5min,data/5min/spy_5m.csv
2026-02-06 20:30:00+00:00,689.77001953125,690.0800170898438,689.5999755859375,689.8900146484375,925481,SPY,equities,5min,data/5min/spy_5m.csv
2026-02-06 20:35:00+00:00,689.8800048828125,690.0422973632812,689.721923828125,690.0349731445312,835058,SPY,equities,5min,data/5min/spy_5m.csv
2026-02-06 20:40:00+00:00,690.030029296875,690.7686767578125,690.0,690.75,1789076,SPY,equities,5min,data/5min/spy_5m.csv
2026-02-06 20:45:00+00:00,690.760009765625,691.1699829101562,690.7249755859375,691.0499877929688,1921868,SPY,equities,5min,data/5min/spy_5m.csv
2026-02-06 20:50:00+00:00,691.0499877929688,692.3099975585938,690.9199829101562,692.0,3494266,SPY,equities,5min,data/5min/spy_5m.csv
2026-02-06 20:55:00+00:00,691.989990234375,692.030029296875,690.5800170898438,690.5999755859375,5862684,SPY,equities,5min,data/5min/spy_5m.csv
2026-02-09 14:30:00+00:00,689.4199829101562,690.1699829101562,688.3400268554688,689.869873046875,4003478,SPY,equities,5min,data/5min/spy_5m.csv
2026-02-09 14:35:00+00:00,689.8699951171875,691.1500244140625,689.3900146484375,691.1300048828125,2129050,SPY,equities,5min,data/5min/spy_5m.csv
2026-02-09 14:40:00+00:00,691.1400146484375,691.5700073242188,690.8099975585938,691.1950073242188,1708395,SPY,equities,5min,data/5min/spy_5m.csv
2026-02-09 14:45:00+00:00,691.1950073242188,691.635009765625,690.5,691.2349853515625,1860692,SPY,equities,5min,data/5min/spy_5m.csv
2026-02-09 14:50:00+00:00,691.239990234375,691.2899780273438,689.780029296875,690.4600219726562,1528530,SPY,equities,5min,data/5min/spy_5m.csv
2026-02-09 14:55:00+00:00,690.47998046875,690.8699951171875,690.239990234375,690.4099731445312,995433,SPY,equities,5min,data/5min/spy_5m.csv
2026-02-09 15:00:00+00:00,690.4000244140625,691.2664794921875,690.219970703125,691.260009765625,1052119,SPY,equities,5min,data/5min/spy_5m.csv
2026-02-09 15:05:00+00:00,691.27001953125,691.9400024414062,691.1799926757812,691.5999755859375,1135473,SPY,equities,5min,data/5min/spy_5m.csv
2026-02-09 15:10:00+00:00,691.5999755859375,691.8300170898438,691.1599731445312,691.780029296875,795265,SPY,equities,5min,data/5min/spy_5m.csv
2026-02-09 15:15:00+00:00,691.7899780273438,692.6799926757812,691.780029296875,692.6699829101562,1250439,SPY,equities,5min,data/5min/spy_5m.csv
2026-02-09 15:20:00+00:00,692.6699829101562,692.9299926757812,692.219970703125,692.3400268554688,905390,SPY,equities,5min,data/5min/spy_5m.csv
2026-02-09 15:25:00+00:00,692.3300170898438,692.3900146484375,691.6900024414062,691.9400024414062,685791,SPY,equities,5min,data/5min/spy_5m.csv
2026-02-09 15:30:00+00:00,691.9600219726562,693.280029296875,691.938720703125,693.2449951171875,946435,SPY,equities,5min,data/5min/spy_5m.csv
2026-02-09 15:35:00+00:00,693.25,693.7650146484375,693.2000122070312,693.3699951171875,1261428,SPY,equities,5min,data/5min/spy_5m.csv
2026-02-09 15:40:00+00:00,693.3599853515625,693.5999755859375,693.3099975585938,693.5399780273438,604262,SPY,equities,5min,data/5min/spy_5m.csv
2026-02-09 15:45:00+00:00,693.5399780273438,693.7999877929688,693.2100219726562,693.780029296875,791235,SPY,equities,5min,data/5min/spy_5m.csv
2026-02-09 15:50:00+00:00,693.780029296875,694.0,693.5599975585938,693.8250122070312,1080551,SPY,equities,5min,data/5min/spy_5m.csv
2026-02-09 15:55:00+00:00,693.8300170898438,694.4600219726562,693.7899780273438,694.239990234375,955244,SPY,equities,5min,data/5min/spy_5m.csv
2026-02-09 16:00:00+00:00,694.22998046875,694.6199951171875,694.2100219726562,694.5499877929688,600586,SPY,equities,5min,data/5min/spy_5m.csv
2026-02-09 16:05:00+00:00,694.5399780273438,694.5700073242188,694.0900268554688,694.1799926757812,814881,SPY,equities,5min,data/5min/spy_5m.csv
2026-02-09 16:10:00+00:00,694.1900024414062,694.4600219726562,694.0599975585938,694.3049926757812,630968,SPY,equities,5min,data/5min/spy_5m.csv
2026-02-09 16:15:00+00:00,694.2999877929688,694.47998046875,694.0599975585938,694.0900268554688,631186,SPY,equities,5min,data/5min/spy_5m.csv
2026-02-09 16:20:00+00:00,694.0900268554688,694.52001953125,694.0700073242188,694.510009765625,1186044,SPY,equities,5min,data/5min/spy_5m.csv
2026-02-09 16:25:00+00:00,694.5,694.760009765625,694.3400268554688,694.689697265625,776919,SPY,equities,5min,data/5min/spy_5m.csv
2026-02-09 16:30:00+00:00,694.6799926757812,694.77001953125,694.4749755859375,694.5900268554688,583182,SPY,equities,5min,data/5min/spy_5m.csv
2026-02-09 16:35:00+00:00,694.5900268554688,694.60498046875,694.27001953125,694.5349731445312,466259,SPY,equities,5min,data/5min/spy_5m.csv
2026-02-09 16:40:00+00:00,694.5549926757812,695.0,694.543701171875,694.969970703125,559215,SPY,equities,5min,data/5min/spy_5m.csv
2026-02-09 16:45:00+00:00,694.969970703125,695.3300170898438,694.9600219726562,695.1950073242188,738408,SPY,equities,5min,data/5min/spy_5m.csv
2026-02-09 16:50:00+00:00,695.2000122070312,695.52001953125,695.0999755859375,695.385009765625,776066,SPY,equities,5min,data/5min/spy_5m.csv
2026-02-09 16:55:00+00:00,695.3800048828125,695.5900268554688,695.3300170898438,695.3900146484375,593369,SPY,equities,5min,data/5min/spy_5m.csv
2026-02-09 17:00:00+00:00,695.385009765625,695.6300048828125,695.2100219726562,695.510009765625,564581,SPY,equities,5min,data/5min/spy_5m.csv
2026-02-09 17:05:00+00:00,695.5050048828125,695.5599975585938,695.2999877929688,695.3800048828125,364782,SPY,equities,5min,data/5min/spy_5m.csv
2026-02-09 17:10:00+00:00,695.3800048828125,695.6599731445312,695.3400268554688,695.47998046875,500464,SPY,equities,5min,data/5min/spy_5m.csv
2026-02-09 17:15:00+00:00,695.469970703125,695.5900268554688,695.4099731445312,695.510009765625,360682,SPY,equities,5min,data/5min/spy_5m.csv
2026-02-09 17:20:00+00:00,695.510009765625,695.52001953125,695.219970703125,695.3150024414062,430052,SPY,equities,5min,data/5min/spy_5m.csv
2026-02-09 17:25:00+00:00,695.3200073242188,695.3699951171875,695.1199951171875,695.1400146484375,415465,SPY,equities,5min,data/5min/spy_5m.csv
2026-02-09 17:30:00+00:00,695.1500244140625,695.2999877929688,694.97998046875,695.1380004882812,369667,SPY,equities,5min,data/5min/spy_5m.csv
2026-02-09 17:35:00+00:00,695.1400146484375,695.510009765625,695.0250244140625,695.0650024414062,383067,SPY,equities,5min,data/5min/spy_5m.csv
2026-02-09 17:40:00+00:00,695.0650024414062,695.1199951171875,694.8200073242188,694.9299926757812,379656,SPY,equities,5min,data/5min/spy_5m.csv
2026-02-09 17:45:00+00:00,694.9400024414062,695.010009765625,694.72998046875,694.9550170898438,357004,SPY,equities,5min,data/5min/spy_5m.csv
2026-02-09 17:50:00+00:00,694.9600219726562,694.9600219726562,694.77001953125,694.8800048828125,251648,SPY,equities,5min,data/5min/spy_5m.csv
2026-02-09 17:55:00+00:00,694.8800048828125,694.8900146484375,694.47998046875,694.5800170898438,415350,SPY,equities,5min,data/5min/spy_5m.csv
2026-02-09 18:00:00+00:00,694.5700073242188,694.9520263671875,694.3599853515625,694.719970703125,629671,SPY,equities,5min,data/5min/spy_5m.csv
2026-02-09 18:05:00+00:00,694.72998046875,694.9398803710938,694.5399780273438,694.8699951171875,279773,SPY,equities,5min,data/5min/spy_5m.csv
2026-02-09 18:10:00+00:00,694.860107421875,694.9299926757812,694.6500244140625,694.864990234375,225449,SPY,equities,5min,data/5min/spy_5m.csv
2026-02-09 18:15:00+00:00,694.8699951171875,694.9199829101562,694.6799926757812,694.8400268554688,389211,SPY,equities,5min,data/5min/spy_5m.csv
2026-02-09 18:20:00+00:00,694.8400268554688,695.0,693.5499877929688,694.5800170898438,1537476,SPY,equities,5min,data/5min/spy_5m.csv
2026-02-09 18:25:00+00:00,694.5700073242188,694.6199951171875,694.0999755859375,694.22998046875,547685,SPY,equities,5min,data/5min/spy_5m.csv
2026-02-09 18:30:00+00:00,694.22998046875,694.8099975585938,694.0,694.6599731445312,572513,SPY,equities,5min,data/5min/spy_5m.csv
2026-02-09 18:35:00+00:00,694.6599731445312,694.8599853515625,694.5399780273438,694.8200073242188,286277,SPY,equities,5min,data/5min/spy_5m.csv
2026-02-09 18:40:00+00:00,694.8300170898438,695.1699829101562,694.719970703125,695.0001220703125,545412,SPY,equities,5min,data/5min/spy_5m.csv
2026-02-09 18:45:00+00:00,695.0,695.1900024414062,694.77001953125,694.7999877929688,401550,SPY,equities,5min,data/5min/spy_5m.csv
2026-02-09 18:50:00+00:00,694.8200073242188,694.9600219726562,694.6799926757812,694.75,321508,SPY,equities,5min,data/5min/spy_5m.csv
2026-02-09 18:55:00+00:00,694.7550048828125,694.8599853515625,694.489990234375,694.6699829101562,406765,SPY,equities,5min,data/5min/spy_5m.csv
2026-02-09 19:00:00+00:00,694.6699829101562,695.0999755859375,694.489990234375,695.0700073242188,527494,SPY,equities,5min,data/5min/spy_5m.csv
2026-02-09 19:05:00+00:00,695.0800170898438,695.0900268554688,694.6799926757812,694.7849731445312,348219,SPY,equities,5min,data/5min/spy_5m.csv
2026-02-09 19:10:00+00:00,694.780029296875,695.3400268554688,694.780029296875,695.260009765625,711351,SPY,equities,5min,data/5min/spy_5m.csv
2026-02-09 19:15:00+00:00,695.25,695.4000244140625,695.1799926757812,695.344970703125,517155,SPY,equities,5min,data/5min/spy_5m.csv
2026-02-09 19:20:00+00:00,695.344970703125,695.760009765625,695.3099975585938,695.6699829101562,595601,SPY,equities,5min,data/5min/spy_5m.csv
2026-02-09 19:25:00+00:00,695.6699829101562,695.8699951171875,695.6199951171875,695.739990234375,570320,SPY,equities,5min,data/5min/spy_5m.csv
2026-02-09 19:30:00+00:00,695.739990234375,695.8499755859375,695.5650024414062,695.6300048828125,524564,SPY,equities,5min,data/5min/spy_5m.csv
2026-02-09 19:35:00+00:00,695.6400146484375,695.780029296875,695.530029296875,695.6950073242188,386896,SPY,equities,5min,data/5min/spy_5m.csv
2026-02-09 19:40:00+00:00,695.6950073242188,695.6950073242188,695.489990234375,695.5900268554688,362419,SPY,equities,5min,data/5min/spy_5m.csv
2026-02-09 19:45:00+00:00,695.5900268554688,695.6799926757812,695.47998046875,695.635009765625,434485,SPY,equities,5min,data/5min/spy_5m.csv
2026-02-09 19:50:00+00:00,695.6400146484375,695.7000122070312,695.4199829101562,695.5349731445312,401910,SPY,equities,5min,data/5min/spy_5m.csv
2026-02-09 19:55:00+00:00,695.530029296875,695.6099853515625,695.3400268554688,695.4199829101562,356025,SPY,equities,5min,data/5min/spy_5m.csv
2026-02-09 20:00:00+00:00,695.4199829101562,695.6699829101562,695.3200073242188,695.5,961140,SPY,equities,5min,data/5min/spy_5m.csv
2026-02-09 20:05:00+00:00,695.489990234375,695.719970703125,695.4500122070312,695.4904174804688,451322,SPY,equities,5min,data/5min/spy_5m.csv
2026-02-09 20:10:00+00:00,695.5,695.5999755859375,695.4099731445312,695.4149780273438,334723,SPY,equities,5min,data/5min/spy_5m.csv
2026-02-09 20:15:00+00:00,695.4099731445312,695.4299926757812,695.0399780273438,695.114990234375,949017,SPY,equities,5min,data/5min/spy_5m.csv
2026-02-09 20:20:00+00:00,695.1099853515625,695.1599731445312,694.7849731445312,694.9099731445312,827009,SPY,equities,5min,data/5min/spy_5m.csv
2026-02-09 20:25:00+00:00,694.9099731445312,694.9550170898438,694.3300170898438,694.5750122070312,1082261,SPY,equities,5min,data/5min/spy_5m.csv
2026-02-09 20:30:00+00:00,694.5700073242188,694.581298828125,694.0996704101562,694.0999755859375,1205776,SPY,equities,5min,data/5min/spy_5m.csv
2026-02-09 20:35:00+00:00,694.0999755859375,694.5900268554688,693.8800048828125,694.5599975585938,1404112,SPY,equities,5min,data/5min/spy_5m.csv
2026-02-09 20:40:00+00:00,694.5650024414062,694.844970703125,694.280029296875,694.6099853515625,1641566,SPY,equities,5min,data/5min/spy_5m.csv
2026-02-09 20:45:00+00:00,694.5999755859375,694.8699951171875,694.594970703125,694.7999877929688,1509833,SPY,equities,5min,data/5min/spy_5m.csv
2026-02-09 20:50:00+00:00,694.7899780273438,695.02001953125,694.0800170898438,694.3099975585938,1776430,SPY,equities,5min,data/5min/spy_5m.csv
2026-02-09 20:55:00+00:00,694.3099975585938,694.8400268554688,693.9099731445312,693.9099731445312,4030423,SPY,equities,5min,data/5min/spy_5m.csv
2026-02-10 14:30:00+00:00,694.9500122070312,695.5499877929688,694.7999877929688,695.0499877929688,3304085,SPY,equities,5min,data/5min/spy_5m.csv
2026-02-10 14:35:00+00:00,695.0499877929688,695.1400146484375,693.760009765625,694.3699951171875,1814694,SPY,equities,5min,data/5min/spy_5m.csv
2026-02-10 14:40:00+00:00,694.3800048828125,694.4500122070312,693.4550170898438,693.9849853515625,1439492,SPY,equities,5min,data/5min/spy_5m.csv
2026-02-10 14:45:00+00:00,694.0,694.239990234375,693.6400146484375,693.9400024414062,1056665,SPY,equities,5min,data/5min/spy_5m.csv
2026-02-10 14:50:00+00:00,693.9409790039062,695.3699951171875,693.9199829101562,695.3699951171875,1237653,SPY,equities,5min,data/5min/spy_5m.csv
2026-02-10 14:55:00+00:00,695.3800048828125,696.1599731445312,695.2130737304688,695.75,1193210,SPY,equities,5min,data/5min/spy_5m.csv
2026-02-10 15:00:00+00:00,695.739990234375,695.8300170898438,695.5,695.8099975585938,698186,SPY,equities,5min,data/5min/spy_5m.csv
2026-02-10 15:05:00+00:00,695.8099975585938,696.4349975585938,695.5650024414062,696.2000122070312,870407,SPY,equities,5min,data/5min/spy_5m.csv
2026-02-10 15:10:00+00:00,696.2098999023438,696.3699951171875,694.7100219726562,695.4099731445312,1094862,SPY,equities,5min,data/5min/spy_5m.csv
2026-02-10 15:15:00+00:00,695.4099731445312,696.0599975585938,694.9600219726562,696.02001953125,902776,SPY,equities,5min,data/5min/spy_5m.csv
2026-02-10 15:20:00+00:00,696.030029296875,696.3900146484375,695.4299926757812,695.469970703125,824927,SPY,equities,5min,data/5min/spy_5m.csv
2026-02-10 15:25:00+00:00,695.469970703125,696.0599975585938,695.3099975585938,695.9199829101562,614738,SPY,equities,5min,data/5min/spy_5m.csv
2026-02-10 15:30:00+00:00,695.905029296875,696.5399780273438,695.6500244140625,695.9213256835938,868891,SPY,equities,5min,data/5min/spy_5m.csv
2026-02-10 15:35:00+00:00,695.9299926757812,695.9450073242188,695.3499755859375,695.6099853515625,575610,SPY,equities,5min,data/5min/spy_5m.csv
2026-02-10 15:40:00+00:00,695.6099853515625,696.1699829101562,695.5800170898438,696.0650024414062,496121,SPY,equities,5min,data/5min/spy_5m.csv
2026-02-10 15:45:00+00:00,696.0700073242188,696.2100219726562,695.4600219726562,695.719970703125,465677,SPY,equities,5min,data/5min/spy_5m.csv
2026-02-10 15:50:00+00:00,695.6900024414062,695.8300170898438,695.2899780273438,695.6699829101562,412789,SPY,equities,5min,data/5min/spy_5m.csv
2026-02-10 15:55:00+00:00,695.6599731445312,695.739990234375,694.9099731445312,695.39501953125,633028,SPY,equities,5min,data/5min/spy_5m.csv
2026-02-10 16:00:00+00:00,695.4000244140625,695.6699829101562,695.1300048828125,695.3800048828125,428940,SPY,equities,5min,data/5min/spy_5m.csv
2026-02-10 16:05:00+00:00,695.3699951171875,695.4349975585938,694.6199951171875,694.6199951171875,617633,SPY,equities,5min,data/5min/spy_5m.csv
2026-02-10 16:10:00+00:00,694.6300048828125,695.1699829101562,694.6199951171875,694.9000244140625,533632,SPY,equities,5min,data/5min/spy_5m.csv
2026-02-10 16:15:00+00:00,694.8900146484375,695.3200073242188,694.2999877929688,694.9600219726562,799879,SPY,equities,5min,data/5min/spy_5m.csv
2026-02-10 16:20:00+00:00,694.969970703125,695.0698852539062,694.0900268554688,694.5280151367188,884960,SPY,equities,5min,data/5min/spy_5m.csv
2026-02-10 16:25:00+00:00,694.530029296875,695.1099853515625,694.3900146484375,694.780029296875,536208,SPY,equities,5min,data/5min/spy_5m.csv
2026-02-10 16:30:00+00:00,694.77001953125,694.8800048828125,694.4500122070312,694.5700073242188,452444,SPY,equities,5min,data/5min/spy_5m.csv
2026-02-10 16:35:00+00:00,694.5700073242188,694.9199829101562,694.5399780273438,694.8233032226562,359551,SPY,equities,5min,data/5min/spy_5m.csv
2026-02-10 16:40:00+00:00,694.8200073242188,695.1199951171875,694.5999755859375,694.64501953125,420208,SPY,equities,5min,data/5min/spy_5m.csv
2026-02-10 16:45:00+00:00,694.6500244140625,695.4000244140625,694.5800170898438,694.6400146484375,486911,SPY,equities,5min,data/5min/spy_5m.csv
2026-02-10 16:50:00+00:00,694.6400146484375,694.9199829101562,694.3200073242188,694.864990234375,428908,SPY,equities,5min,data/5min/spy_5m.csv
2026-02-10 16:55:00+00:00,694.8599853515625,695.0900268554688,694.6500244140625,694.77001953125,271090,SPY,equities,5min,data/5min/spy_5m.csv
2026-02-10 17:00:00+00:00,694.7550048828125,694.864990234375,694.2000122070312,694.47998046875,396879,SPY,equities,5min,data/5min/spy_5m.csv
2026-02-10 17:05:00+00:00,694.47998046875,695.1500244140625,694.4550170898438,695.1199951171875,747084,SPY,equities,5min,data/5min/spy_5m.csv
2026-02-10 17:10:00+00:00,695.1099853515625,695.5399780273438,695.1099853515625,695.4749755859375,618752,SPY,equities,5min,data/5min/spy_5m.csv
2026-02-10 17:15:00+00:00,695.469970703125,695.6701049804688,695.3250122070312,695.60498046875,409513,SPY,equities,5min,data/5min/spy_5m.csv
2026-02-10 17:20:00+00:00,695.6096801757812,695.6300048828125,694.9600219726562,695.1400146484375,810136,SPY,equities,5min,data/5min/spy_5m.csv
2026-02-10 17:25:00+00:00,695.1300048828125,695.4299926757812,695.0700073242188,695.25,317630,SPY,equities,5min,data/5min/spy_5m.csv
2026-02-10 17:30:00+00:00,695.25,695.3800048828125,695.0499877929688,695.2000122070312,283878,SPY,equities,5min,data/5min/spy_5m.csv
2026-02-10 17:35:00+00:00,695.1900024414062,695.27001953125,694.8250122070312,695.1099853515625,270261,SPY,equities,5min,data/5min/spy_5m.csv
2026-02-10 17:40:00+00:00,695.1099853515625,695.5700073242188,695.1099853515625,695.489990234375,313906,SPY,equities,5min,data/5min/spy_5m.csv
2026-02-10 17:45:00+00:00,695.4849853515625,695.7999877929688,695.47998046875,695.5050048828125,304080,SPY,equities,5min,data/5min/spy_5m.csv
2026-02-10 17:50:00+00:00,695.510009765625,695.7449951171875,695.3900146484375,695.5499877929688,260725,SPY,equities,5min,data/5min/spy_5m.csv
2026-02-10 17:55:00+00:00,695.5599975585938,695.5900268554688,695.3400268554688,695.4412841796875,253641,SPY,equities,5min,data/5min/spy_5m.csv
2026-02-10 18:00:00+00:00,695.4500122070312,695.469970703125,695.0700073242188,695.22998046875,241491,SPY,equities,5min,data/5min/spy_5m.csv
2026-02-10 18:05:00+00:00,695.22998046875,695.239990234375,694.7681274414062,694.8400268554688,385594,SPY,equities,5min,data/5min/spy_5m.csv
2026-02-10 18:10:00+00:00,694.8300170898438,694.9400024414062,694.5399780273438,694.594970703125,363944,SPY,equities,5min,data/5min/spy_5m.csv
2026-02-10 18:15:00+00:00,694.5800170898438,694.6699829101562,693.8400268554688,694.1199951171875,761942,SPY,equities,5min,data/5min/spy_5m.csv
2026-02-10 18:20:00+00:00,694.0999755859375,694.4199829101562,693.6699829101562,694.1500244140625,799495,SPY,equities,5min,data/5min/spy_5m.csv
2026-02-10 18:25:00+00:00,694.1649780273438,694.1749877929688,693.3699951171875,693.4400024414062,715472,SPY,equities,5min,data/5min/spy_5m.csv
2026-02-10 18:30:00+00:00,693.4299926757812,693.6699829101562,693.0,693.27001953125,1040651,SPY,equities,5min,data/5min/spy_5m.csv
2026-02-10 18:35:00+00:00,693.260009765625,693.8599853515625,693.1699829101562,693.7020263671875,849972,SPY,equities,5min,data/5min/spy_5m.csv
2026-02-10 18:40:00+00:00,693.7000122070312,693.8200073242188,693.530029296875,693.614990234375,356119,SPY,equities,5min,data/5min/spy_5m.csv
2026-02-10 18:45:00+00:00,693.594970703125,693.6300048828125,693.02001953125,693.125,607065,SPY,equities,5min,data/5min/spy_5m.csv
2026-02-10 18:50:00+00:00,693.125,693.3200073242188,692.8499755859375,692.907470703125,532681,SPY,equities,5min,data/5min/spy_5m.csv
2026-02-10 18:55:00+00:00,692.9099731445312,693.8200073242188,692.8499755859375,693.6400146484375,696019,SPY,equities,5min,data/5min/spy_5m.csv
2026-02-10 19:00:00+00:00,693.6500244140625,693.8800048828125,693.4000244140625,693.4749755859375,637580,SPY,equities,5min,data/5min/spy_5m.csv
2026-02-10 19:05:00+00:00,693.4749755859375,693.72998046875,693.239990234375,693.4400024414062,612758,SPY,equities,5min,data/5min/spy_5m.csv
2026-02-10 19:10:00+00:00,693.4400024414062,693.77001953125,693.3400268554688,693.659912109375,505979,SPY,equities,5min,data/5min/spy_5m.csv
2026-02-10 19:15:00+00:00,693.6619873046875,693.6799926757812,693.1300048828125,693.3099975585938,375352,SPY,equities,5min,data/5min/spy_5m.csv
2026-02-10 19:20:00+00:00,693.2999877929688,693.8200073242188,693.280029296875,693.781005859375,532299,SPY,equities,5min,data/5min/spy_5m.csv
2026-02-10 19:25:00+00:00,693.780029296875,693.905029296875,693.52001953125,693.8699951171875,344807,SPY,equities,5min,data/5min/spy_5m.csv
2026-02-10 19:30:00+00:00,693.8699951171875,694.1300048828125,693.6649780273438,693.7249755859375,493631,SPY,equities,5min,data/5min/spy_5m.csv
2026-02-10 19:35:00+00:00,693.7249755859375,693.97998046875,693.6900024414062,693.8900146484375,409540,SPY,equities,5min,data/5min/spy_5m.csv
2026-02-10 19:40:00+00:00,693.8900146484375,693.97998046875,693.3599853515625,693.510009765625,381588,SPY,equities,5min,data/5min/spy_5m.csv
2026-02-10 19:45:00+00:00,693.52001953125,693.8099975585938,693.4600219726562,693.760009765625,300649,SPY,equities,5min,data/5min/spy_5m.csv
2026-02-10 19:50:00+00:00,693.75,693.760009765625,693.364990234375,693.469970703125,335018,SPY,equities,5min,data/5min/spy_5m.csv
2026-02-10 19:55:00+00:00,693.47998046875,693.9000244140625,693.4500122070312,693.77001953125,371678,SPY,equities,5min,data/5min/spy_5m.csv
2026-02-10 20:00:00+00:00,693.760009765625,693.9929809570312,693.3900146484375,693.4500122070312,533522,SPY,equities,5min,data/5min/spy_5m.csv
2026-02-10 20:05:00+00:00,693.4550170898438,693.6099853515625,693.260009765625,693.4849853515625,417596,SPY,equities,5min,data/5min/spy_5m.csv
2026-02-10 20:10:00+00:00,693.47998046875,693.530029296875,693.1099853515625,693.2100219726562,550833,SPY,equities,5min,data/5min/spy_5m.csv
2026-02-10 20:15:00+00:00,693.2000122070312,693.7449951171875,693.1799926757812,693.6300048828125,472544,SPY,equities,5min,data/5min/spy_5m.csv
2026-02-10 20:20:00+00:00,693.6199951171875,693.8400268554688,693.3599853515625,693.3699951171875,562860,SPY,equities,5min,data/5min/spy_5m.csv
2026-02-10 20:25:00+00:00,693.3599853515625,693.5399780273438,693.1099853515625,693.2974853515625,653107,SPY,equities,5min,data/5min/spy_5m.csv
2026-02-10 20:30:00+00:00,693.2999877929688,693.5399780273438,693.0399780273438,693.1362915039062,909946,SPY,equities,5min,data/5min/spy_5m.csv
2026-02-10 20:35:00+00:00,693.1400146484375,693.25,692.8699951171875,692.9500122070312,1034446,SPY,equities,5min,data/5min/spy_5m.csv
2026-02-10 20:40:00+00:00,692.9500122070312,693.2199096679688,692.8900146484375,693.0599975585938,946447,SPY,equities,5min,data/5min/spy_5m.csv
2026-02-10 20:45:00+00:00,693.0599975585938,693.4349975585938,692.969970703125,693.4000244140625,1319568,SPY,equities,5min,data/5min/spy_5m.csv
2026-02-10 20:50:00+00:00,693.4000244140625,693.4299926757812,692.2000122070312,692.3300170898438,3146718,SPY,equities,5min,data/5min/spy_5m.csv
2026-02-10 20:55:00+00:00,692.3300170898438,692.4299926757812,691.6599731445312,692.1099853515625,6413617,SPY,equities,5min,data/5min/spy_5m.csv
2026-02-11 14:30:00+00:00,696.3900146484375,697.1300048828125,696.0,696.107421875,4015759,SPY,equities,5min,data/5min/spy_5m.csv
2026-02-11 14:35:00+00:00,696.1199951171875,696.2899780273438,695.2150268554688,695.2999877929688,1646647,SPY,equities,5min,data/5min/spy_5m.csv
2026-02-11 14:40:00+00:00,695.3099975585938,695.8499755859375,695.14501953125,695.4099731445312,1412362,SPY,equities,5min,data/5min/spy_5m.csv
2026-02-11 14:45:00+00:00,695.4199829101562,696.3800048828125,695.3099975585938,695.6500244140625,1165157,SPY,equities,5min,data/5min/spy_5m.csv
2026-02-11 14:50:00+00:00,695.6400146484375,695.7999877929688,694.9000244140625,695.114990234375,1259276,SPY,equities,5min,data/5min/spy_5m.csv
2026-02-11 14:55:00+00:00,695.1099853515625,695.469970703125,693.8049926757812,694.1199951171875,1390839,SPY,equities,5min,data/5min/spy_5m.csv
2026-02-11 15:00:00+00:00,694.1300048828125,694.760009765625,693.4249877929688,693.6900024414062,1291353,SPY,equities,5min,data/5min/spy_5m.csv
2026-02-11 15:05:00+00:00,693.7000122070312,693.7949829101562,692.6699829101562,692.7000122070312,1286208,SPY,equities,5min,data/5min/spy_5m.csv
2026-02-11 15:10:00+00:00,692.6699829101562,692.75,690.8300170898438,691.75,2177634,SPY,equities,5min,data/5min/spy_5m.csv
2026-02-11 15:15:00+00:00,691.75,691.9400024414062,690.6599731445312,690.77001953125,1675485,SPY,equities,5min,data/5min/spy_5m.csv
2026-02-11 15:20:00+00:00,690.780029296875,690.8599853515625,689.3699951171875,689.5900268554688,1912904,SPY,equities,5min,data/5min/spy_5m.csv
2026-02-11 15:25:00+00:00,689.5800170898438,690.4600219726562,689.1799926757812,689.719970703125,2181067,SPY,equities,5min,data/5min/spy_5m.csv
2026-02-11 15:30:00+00:00,689.719970703125,690.7949829101562,689.5599975585938,690.7349853515625,1756106,SPY,equities,5min,data/5min/spy_5m.csv
2026-02-11 15:35:00+00:00,690.739990234375,691.3900146484375,690.260009765625,691.2999877929688,1307159,SPY,equities,5min,data/5min/spy_5m.csv
2026-02-11 15:40:00+00:00,691.3250122070312,691.739990234375,690.719970703125,691.2050170898438,988978,SPY,equities,5min,data/5min/spy_5m.csv
2026-02-11 15:45:00+00:00,691.2000122070312,691.6900024414062,690.3699951171875,690.489990234375,1087542,SPY,equities,5min,data/5min/spy_5m.csv
2026-02-11 15:50:00+00:00,690.469970703125,692.5399780273438,690.2598876953125,692.4605712890625,1309120,SPY,equities,5min,data/5min/spy_5m.csv
2026-02-11 15:55:00+00:00,692.469970703125,692.6199951171875,692.1300048828125,692.3499755859375,887007,SPY,equities,5min,data/5min/spy_5m.csv
2026-02-11 16:00:00+00:00,692.3300170898438,692.6649780273438,691.5999755859375,691.7999877929688,716385,SPY,equities,5min,data/5min/spy_5m.csv
2026-02-11 16:05:00+00:00,691.8099975585938,691.97998046875,691.3800048828125,691.47998046875,573106,SPY,equities,5min,data/5min/spy_5m.csv
2026-02-11 16:10:00+00:00,691.47998046875,692.9249877929688,691.4199829101562,692.8200073242188,764655,SPY,equities,5min,data/5min/spy_5m.csv
2026-02-11 16:15:00+00:00,692.8200073242188,692.9400024414062,692.3499755859375,692.8350219726562,543717,SPY,equities,5min,data/5min/spy_5m.csv
2026-02-11 16:20:00+00:00,692.8499755859375,693.4500122070312,692.7000122070312,693.2949829101562,711542,SPY,equities,5min,data/5min/spy_5m.csv
2026-02-11 16:25:00+00:00,693.2899780273438,693.4099731445312,691.8200073242188,691.8400268554688,866393,SPY,equities,5min,data/5min/spy_5m.csv
2026-02-11 16:30:00+00:00,691.8200073242188,692.6900024414062,691.5,692.4149780273438,834066,SPY,equities,5min,data/5min/spy_5m.csv
2026-02-11 16:35:00+00:00,692.4199829101562,692.780029296875,691.9500122070312,692.7750244140625,623045,SPY,equities,5min,data/5min/spy_5m.csv
2026-02-11 16:40:00+00:00,692.7750244140625,693.3499755859375,692.7249755859375,692.9949951171875,624333,SPY,equities,5min,data/5min/spy_5m.csv
2026-02-11 16:45:00+00:00,693.0,693.3200073242188,692.4949951171875,692.655029296875,607691,SPY,equities,5min,data/5min/spy_5m.csv
2026-02-11 16:50:00+00:00,692.6599731445312,693.02001953125,692.4099731445312,692.739990234375,518290,SPY,equities,5min,data/5min/spy_5m.csv
2026-02-11 16:55:00+00:00,692.72998046875,692.8099975585938,691.989990234375,692.0700073242188,600194,SPY,equities,5min,data/5min/spy_5m.csv
2026-02-11 17:00:00+00:00,692.0499877929688,692.125,691.3900146484375,691.4849853515625,936196,SPY,equities,5min,data/5min/spy_5m.csv
2026-02-11 17:05:00+00:00,691.489990234375,692.4000244140625,691.4500122070312,692.364990234375,567582,SPY,equities,5min,data/5min/spy_5m.csv
2026-02-11 17:10:00+00:00,692.3599853515625,692.5999755859375,691.97998046875,692.344970703125,445334,SPY,equities,5min,data/5min/spy_5m.csv
2026-02-11 17:15:00+00:00,692.3699951171875,693.0349731445312,692.0900268554688,692.5999755859375,861174,SPY,equities,5min,data/5min/spy_5m.csv
2026-02-11 17:20:00+00:00,692.5850219726562,693.1699829101562,692.2000122070312,693.1199951171875,511408,SPY,equities,5min,data/5min/spy_5m.csv
2026-02-11 17:25:00+00:00,693.1300048828125,693.8400268554688,693.1300048828125,693.5969848632812,850211,SPY,equities,5min,data/5min/spy_5m.csv
2026-02-11 17:30:00+00:00,693.5999755859375,693.6500244140625,693.1099853515625,693.2349853515625,521862,SPY,equities,5min,data/5min/spy_5m.csv
2026-02-11 17:35:00+00:00,693.239990234375,693.4400024414062,693.0050048828125,693.2349853515625,355396,SPY,equities,5min,data/5min/spy_5m.csv
2026-02-11 17:40:00+00:00,693.22998046875,693.8599853515625,693.22998046875,693.719970703125,391166,SPY,equities,5min,data/5min/spy_5m.csv
2026-02-11 17:45:00+00:00,693.7349853515625,693.8300170898438,693.3300170898438,693.6900024414062,397830,SPY,equities,5min,data/5min/spy_5m.csv
2026-02-11 17:50:00+00:00,693.6900024414062,693.989990234375,693.3300170898438,693.5449829101562,389253,SPY,equities,5min,data/5min/spy_5m.csv
2026-02-11 17:55:00+00:00,693.5499877929688,693.5650024414062,692.5499877929688,692.77001953125,426071,SPY,equities,5min,data/5min/spy_5m.csv
2026-02-11 18:00:00+00:00,692.77001953125,692.97998046875,692.2899780273438,692.6099853515625,510676,SPY,equities,5min,data/5min/spy_5m.csv
2026-02-11 18:05:00+00:00,692.6099853515625,692.6599731445312,692.030029296875,692.0449829101562,532518,SPY,equities,5min,data/5min/spy_5m.csv
2026-02-11 18:10:00+00:00,692.0399780273438,692.0399780273438,691.52001953125,691.6500244140625,859877,SPY,equities,5min,data/5min/spy_5m.csv
2026-02-11 18:15:00+00:00,691.6400146484375,692.510009765625,691.4099731445312,692.0999755859375,1243723,SPY,equities,5min,data/5min/spy_5m.csv
2026-02-11 18:20:00+00:00,692.0800170898438,692.39697265625,691.8499755859375,692.22998046875,402902,SPY,equities,5min,data/5min/spy_5m.csv
2026-02-11 18:25:00+00:00,692.2100219726562,692.8800048828125,692.0499877929688,692.7899780273438,424312,SPY,equities,5min,data/5min/spy_5m.csv
2026-02-11 18:30:00+00:00,692.7896728515625,693.010009765625,692.2899780273438,692.2899780273438,553398,SPY,equities,5min,data/5min/spy_5m.csv
2026-02-11 18:35:00+00:00,692.2999877929688,692.8150024414062,692.2249755859375,692.75,417695,SPY,equities,5min,data/5min/spy_5m.csv
2026-02-11 18:40:00+00:00,692.7301025390625,692.739990234375,692.1599731445312,692.405029296875,426856,SPY,equities,5min,data/5min/spy_5m.csv
2026-02-11 18:45:00+00:00,692.4199829101562,692.8900146484375,692.3800048828125,692.8900146484375,375618,SPY,equities,5min,data/5min/spy_5m.csv
2026-02-11 18:50:00+00:00,692.8800048828125,692.989990234375,692.030029296875,692.8800048828125,820220,SPY,equities,5min,data/5min/spy_5m.csv
2026-02-11 18:55:00+00:00,692.9000244140625,693.02001953125,692.6199951171875,692.72998046875,373067,SPY,equities,5min,data/5min/spy_5m.csv
2026-02-11 19:00:00+00:00,692.72998046875,692.8599853515625,692.4400024414062,692.85498046875,735040,SPY,equities,5min,data/5min/spy_5m.csv
2026-02-11 19:05:00+00:00,692.8699951171875,692.9299926757812,692.1099853515625,692.6599731445312,898258,SPY,equities,5min,data/5min/spy_5m.csv
2026-02-11 19:10:00+00:00,692.6500244140625,693.4299926757812,692.530029296875,693.280029296875,605512,SPY,equities,5min,data/5min/spy_5m.csv
2026-02-11 19:15:00+00:00,693.27001953125,693.5,693.219970703125,693.2999877929688,507250,SPY,equities,5min,data/5min/spy_5m.csv
2026-02-11 19:20:00+00:00,693.280029296875,693.7293701171875,693.27001953125,693.6849975585938,525332,SPY,equities,5min,data/5min/spy_5m.csv
2026-02-11 19:25:00+00:00,693.6900024414062,693.9550170898438,693.5549926757812,693.739990234375,587170,SPY,equities,5min,data/5min/spy_5m.csv
2026-02-11 19:30:00+00:00,693.75,693.75,693.2999877929688,693.6500854492188,482367,SPY,equities,5min,data/5min/spy_5m.csv
2026-02-11 19:35:00+00:00,693.6599731445312,693.8599853515625,693.530029296875,693.530029296875,401867,SPY,equities,5min,data/5min/spy_5m.csv
2026-02-11 19:40:00+00:00,693.530029296875,693.75,693.4199829101562,693.7100219726562,372131,SPY,equities,5min,data/5min/spy_5m.csv
2026-02-11 19:45:00+00:00,693.7100219726562,693.75,692.4199829101562,693.1900024414062,1262471,SPY,equities,5min,data/5min/spy_5m.csv
2026-02-11 19:50:00+00:00,693.2000122070312,693.2349853515625,692.880126953125,693.0650024414062,1217418,SPY,equities,5min,data/5min/spy_5m.csv
2026-02-11 19:55:00+00:00,693.0599975585938,693.2000122070312,692.8099975585938,692.9400024414062,460266,SPY,equities,5min,data/5min/spy_5m.csv
2026-02-11 20:00:00+00:00,692.9199829101562,693.0999755859375,692.7849731445312,693.010009765625,638473,SPY,equities,5min,data/5min/spy_5m.csv
2026-02-11 20:05:00+00:00,692.989990234375,693.0650024414062,692.6900024414062,692.7750244140625,446523,SPY,equities,5min,data/5min/spy_5m.csv
2026-02-11 20:10:00+00:00,692.77001953125,692.9099731445312,692.6500244140625,692.7899780273438,508008,SPY,equities,5min,data/5min/spy_5m.csv
2026-02-11 20:15:00+00:00,692.7849731445312,693.0800170898438,692.6199951171875,692.72998046875,722672,SPY,equities,5min,data/5min/spy_5m.csv
2026-02-11 20:20:00+00:00,692.72998046875,692.77001953125,692.3499755859375,692.6500244140625,1194501,SPY,equities,5min,data/5min/spy_5m.csv
2026-02-11 20:25:00+00:00,692.6500244140625,692.7349853515625,692.22998046875,692.2550048828125,613885,SPY,equities,5min,data/5min/spy_5m.csv
2026-02-11 20:30:00+00:00,692.25,692.3499755859375,691.8505249023438,691.97998046875,1167958,SPY,equities,5min,data/5min/spy_5m.csv
2026-02-11 20:35:00+00:00,691.969970703125,692.6400146484375,691.9099731445312,692.6400146484375,926596,SPY,equities,5min,data/5min/spy_5m.csv
2026-02-11 20:40:00+00:00,692.6400146484375,692.9249877929688,692.4099731445312,692.5,884162,SPY,equities,5min,data/5min/spy_5m.csv
2026-02-11 20:45:00+00:00,692.5,692.969970703125,692.4500122070312,692.9000244140625,1165051,SPY,equities,5min,data/5min/spy_5m.csv
2026-02-11 20:50:00+00:00,692.9000244140625,692.989990234375,692.1599731445312,692.6900024414062,1715864,SPY,equities,5min,data/5min/spy_5m.csv
2026-02-11 20:55:00+00:00,692.6900024414062,692.6900024414062,691.77001953125,691.9199829101562,3525046,SPY,equities,5min,data/5min/spy_5m.csv
2026-02-12 14:30:00+00:00,694.239990234375,695.010009765625,694.0599975585938,694.9500122070312,2975301,SPY,equities,5min,data/5min/spy_5m.csv
2026-02-12 14:35:00+00:00,694.9500122070312,695.0800170898438,694.3599853515625,694.7999877929688,1360923,SPY,equities,5min,data/5min/spy_5m.csv
2026-02-12 14:40:00+00:00,694.8099975585938,695.3499755859375,693.9805908203125,694.0299072265625,1435534,SPY,equities,5min,data/5min/spy_5m.csv
2026-02-12 14:45:00+00:00,694.030029296875,694.3499755859375,693.1099853515625,693.3201293945312,1579867,SPY,equities,5min,data/5min/spy_5m.csv
2026-02-12 14:50:00+00:00,693.3200073242188,693.989990234375,693.0599975585938,693.739990234375,1297390,SPY,equities,5min,data/5min/spy_5m.csv
2026-02-12 14:55:00+00:00,693.72998046875,693.739990234375,692.3200073242188,692.8300170898438,1559965,SPY,equities,5min,data/5min/spy_5m.csv
2026-02-12 15:00:00+00:00,692.8300170898438,693.6300048828125,692.3499755859375,692.6599731445312,1202951,SPY,equities,5min,data/5min/spy_5m.csv
2026-02-12 15:05:00+00:00,692.6500244140625,693.25,692.1599731445312,692.4199829101562,964138,SPY,equities,5min,data/5min/spy_5m.csv
2026-02-12 15:10:00+00:00,692.4249877929688,693.3900146484375,692.22998046875,693.3800048828125,909752,SPY,equities,5min,data/5min/spy_5m.csv
2026-02-12 15:15:00+00:00,693.3699951171875,693.6199951171875,692.7899780273438,692.8099975585938,844564,SPY,equities,5min,data/5min/spy_5m.csv
2026-02-12 15:20:00+00:00,692.8099975585938,693.72998046875,692.510009765625,693.0399780273438,877025,SPY,equities,5min,data/5min/spy_5m.csv
2026-02-12 15:25:00+00:00,693.0549926757812,693.3499755859375,692.7050170898438,693.0650024414062,638319,SPY,equities,5min,data/5min/spy_5m.csv
2026-02-12 15:30:00+00:00,693.0800170898438,693.47998046875,691.9299926757812,691.9550170898438,755602,SPY,equities,5min,data/5min/spy_5m.csv
2026-02-12 15:35:00+00:00,691.9500122070312,692.155029296875,690.97998046875,691.14501953125,1391954,SPY,equities,5min,data/5min/spy_5m.csv
2026-02-12 15:40:00+00:00,691.14501953125,691.3150024414062,690.3200073242188,690.3800048828125,1657601,SPY,equities,5min,data/5min/spy_5m.csv
2026-02-12 15:45:00+00:00,690.3699951171875,690.9000244140625,690.22998046875,690.501220703125,1193240,SPY,equities,5min,data/5min/spy_5m.csv
2026-02-12 15:50:00+00:00,690.5050048828125,690.7999877929688,689.510009765625,689.510009765625,1092710,SPY,equities,5min,data/5min/spy_5m.csv
2026-02-12 15:55:00+00:00,689.52001953125,689.6500244140625,688.5850219726562,688.6500244140625,1614168,SPY,equities,5min,data/5min/spy_5m.csv
2026-02-12 16:00:00+00:00,688.6500244140625,688.8049926757812,687.969970703125,688.1400146484375,2151420,SPY,equities,5min,data/5min/spy_5m.csv
2026-02-12 16:05:00+00:00,688.139892578125,688.27001953125,686.8499755859375,687.0399780273438,2451511,SPY,equities,5min,data/5min/spy_5m.csv
2026-02-12 16:10:00+00:00,687.030029296875,687.1599731445312,686.0399780273438,686.3200073242188,2343647,SPY,equities,5min,data/5min/spy_5m.csv
2026-02-12 16:15:00+00:00,686.3187255859375,686.469970703125,685.125,685.5349731445312,2319665,SPY,equities,5min,data/5min/spy_5m.csv
2026-02-12 16:20:00+00:00,685.530029296875,685.6900024414062,684.4400024414062,685.030029296875,3096799,SPY,equities,5min,data/5min/spy_5m.csv
2026-02-12 16:25:00+00:00,685.02001953125,685.1099853515625,683.5750122070312,683.5999755859375,2795289,SPY,equities,5min,data/5min/spy_5m.csv
2026-02-12 16:30:00+00:00,683.594970703125,685.0499877929688,683.5250244140625,684.530029296875,2846483,SPY,equities,5min,data/5min/spy_5m.csv
2026-02-12 16:35:00+00:00,684.530029296875,685.8200073242188,684.4000244140625,685.5800170898438,2014582,SPY,equities,5min,data/5min/spy_5m.csv
2026-02-12 16:40:00+00:00,685.5800170898438,685.8400268554688,684.72998046875,684.9199829101562,1291786,SPY,equities,5min,data/5min/spy_5m.csv
2026-02-12 16:45:00+00:00,684.9199829101562,685.3599853515625,684.0499877929688,684.52001953125,1633174,SPY,equities,5min,data/5min/spy_5m.csv
2026-02-12 16:50:00+00:00,684.5,684.9099731445312,683.8900146484375,684.2000122070312,1143734,SPY,equities,5min,data/5min/spy_5m.csv
2026-02-12 16:55:00+00:00,684.2100219726562,684.75,684.1699829101562,684.6400146484375,985518,SPY,equities,5min,data/5min/spy_5m.csv
2026-02-12 17:00:00+00:00,684.6300048828125,684.6699829101562,683.3800048828125,684.4099731445312,1600900,SPY,equities,5min,data/5min/spy_5m.csv
2026-02-12 17:05:00+00:00,684.4000244140625,685.0999755859375,683.5800170898438,684.8200073242188,1102476,SPY,equities,5min,data/5min/spy_5m.csv
2026-02-12 17:10:00+00:00,684.8099975585938,684.8400268554688,683.6199951171875,683.8400268554688,829037,SPY,equities,5min,data/5min/spy_5m.csv
2026-02-12 17:15:00+00:00,683.7999877929688,684.1400146484375,683.4600219726562,683.52001953125,779914,SPY,equities,5min,data/5min/spy_5m.csv
2026-02-12 17:20:00+00:00,683.510009765625,685.030029296875,683.510009765625,684.875,929675,SPY,equities,5min,data/5min/spy_5m.csv
2026-02-12 17:25:00+00:00,684.8699951171875,685.27001953125,683.8800048828125,684.1199951171875,1801291,SPY,equities,5min,data/5min/spy_5m.csv
2026-02-12 17:30:00+00:00,684.0999755859375,684.8099975585938,683.8800048828125,684.6900024414062,941886,SPY,equities,5min,data/5min/spy_5m.csv
2026-02-12 17:35:00+00:00,684.6799926757812,685.5750122070312,684.6699829101562,684.8200073242188,905045,SPY,equities,5min,data/5min/spy_5m.csv
2026-02-12 17:40:00+00:00,684.8300170898438,685.3699951171875,684.530029296875,685.1099853515625,647418,SPY,equities,5min,data/5min/spy_5m.csv
2026-02-12 17:45:00+00:00,685.1099853515625,685.3989868164062,684.1199951171875,684.4349975585938,667756,SPY,equities,5min,data/5min/spy_5m.csv
2026-02-12 17:50:00+00:00,684.4400024414062,684.9099731445312,683.5399780273438,683.739990234375,1027392,SPY,equities,5min,data/5min/spy_5m.csv
2026-02-12 17:55:00+00:00,683.719970703125,684.02001953125,682.9500122070312,682.989990234375,713166,SPY,equities,5min,data/5min/spy_5m.csv
2026-02-12 18:00:00+00:00,682.989990234375,683.6099853515625,682.47998046875,683.1500244140625,970960,SPY,equities,5min,data/5min/spy_5m.csv
2026-02-12 18:05:00+00:00,683.1599731445312,684.1199951171875,683.08349609375,683.3699951171875,816742,SPY,equities,5min,data/5min/spy_5m.csv
2026-02-12 18:10:00+00:00,683.3900146484375,683.5599975585938,683.0800170898438,683.2999877929688,472711,SPY,equities,5min,data/5min/spy_5m.csv
2026-02-12 18:15:00+00:00,683.2899780273438,683.3400268554688,682.47998046875,682.6199951171875,685378,SPY,equities,5min,data/5min/spy_5m.csv
2026-02-12 18:20:00+00:00,682.6201171875,683.7650146484375,682.6199951171875,683.5599975585938,688141,SPY,equities,5min,data/5min/spy_5m.csv
2026-02-12 18:25:00+00:00,683.5700073242188,683.739990234375,682.219970703125,683.1699829101562,1889671,SPY,equities,5min,data/5min/spy_5m.csv
2026-02-12 18:30:00+00:00,683.1649780273438,683.5700073242188,682.7999877929688,683.3900146484375,1037551,SPY,equities,5min,data/5min/spy_5m.csv
2026-02-12 18:35:00+00:00,683.3599243164062,684.239990234375,683.2100219726562,684.2399291992188,892710,SPY,equities,5min,data/5min/spy_5m.csv
2026-02-12 18:40:00+00:00,684.239990234375,684.9299926757812,683.8400268554688,684.8599853515625,1051057,SPY,equities,5min,data/5min/spy_5m.csv
2026-02-12 18:45:00+00:00,684.85498046875,685.0449829101562,684.52001953125,684.5800170898438,803672,SPY,equities,5min,data/5min/spy_5m.csv
2026-02-12 18:50:00+00:00,684.5800170898438,685.3250122070312,684.3599853515625,685.0,702459,SPY,equities,5min,data/5min/spy_5m.csv
2026-02-12 18:55:00+00:00,685.0150146484375,685.260009765625,684.2949829101562,684.7100219726562,1050967,SPY,equities,5min,data/5min/spy_5m.csv
2026-02-12 19:00:00+00:00,684.7000122070312,685.1300048828125,684.3099975585938,684.47998046875,992082,SPY,equities,5min,data/5min/spy_5m.csv
2026-02-12 19:05:00+00:00,684.469970703125,684.9000244140625,684.4299926757812,684.47998046875,651454,SPY,equities,5min,data/5min/spy_5m.csv
2026-02-12 19:10:00+00:00,684.47998046875,684.6500244140625,683.594970703125,684.1500244140625,934982,SPY,equities,5min,data/5min/spy_5m.csv
2026-02-12 19:15:00+00:00,684.1500244140625,685.14501953125,684.135009765625,685.0499877929688,849051,SPY,equities,5min,data/5min/spy_5m.csv
2026-02-12 19:20:00+00:00,685.0499877929688,685.4199829101562,684.905029296875,685.1849975585938,686351,SPY,equities,5min,data/5min/spy_5m.csv
2026-02-12 19:25:00+00:00,685.1799926757812,685.2999877929688,684.010009765625,684.1500244140625,1052188,SPY,equities,5min,data/5min/spy_5m.csv
2026-02-12 19:30:00+00:00,684.1300048828125,685.0700073242188,684.1199951171875,684.8300170898438,648237,SPY,equities,5min,data/5min/spy_5m.csv
2026-02-12 19:35:00+00:00,684.8599853515625,685.3599853515625,684.719970703125,685.3300170898438,898352,SPY,equities,5min,data/5min/spy_5m.csv
2026-02-12 19:40:00+00:00,685.3200073242188,685.5399780273438,684.7550048828125,685.010009765625,937982,SPY,equities,5min,data/5min/spy_5m.csv
2026-02-12 19:45:00+00:00,685.010009765625,685.739990234375,685.010009765625,685.7000122070312,652110,SPY,equities,5min,data/5min/spy_5m.csv
2026-02-12 19:50:00+00:00,685.7000122070312,685.9650268554688,685.280029296875,685.3400268554688,952509,SPY,equities,5min,data/5min/spy_5m.csv
2026-02-12 19:55:00+00:00,685.3599853515625,685.8049926757812,684.8099975585938,685.1599731445312,1471278,SPY,equities,5min,data/5min/spy_5m.csv
2026-02-12 20:00:00+00:00,685.1799926757812,685.47998046875,684.969970703125,685.4149780273438,794609,SPY,equities,5min,data/5min/spy_5m.csv
2026-02-12 20:05:00+00:00,685.4299926757812,685.5399780273438,684.6500244140625,684.719970703125,671637,SPY,equities,5min,data/5min/spy_5m.csv
2026-02-12 20:10:00+00:00,684.739990234375,684.9199829101562,684.2000122070312,684.8499755859375,1184017,SPY,equities,5min,data/5min/spy_5m.csv
2026-02-12 20:15:00+00:00,684.844970703125,684.8800048828125,684.0700073242188,684.1500244140625,954188,SPY,equities,5min,data/5min/spy_5m.csv
2026-02-12 20:20:00+00:00,684.1500244140625,684.1599731445312,683.5549926757812,683.7349853515625,1145169,SPY,equities,5min,data/5min/spy_5m.csv
2026-02-12 20:25:00+00:00,683.739990234375,683.7899780273438,683.1099853515625,683.219970703125,1461902,SPY,equities,5min,data/5min/spy_5m.csv
2026-02-12 20:30:00+00:00,683.2000122070312,683.4000244140625,682.530029296875,682.9299926757812,1416417,SPY,equities,5min,data/5min/spy_5m.csv
2026-02-12 20:35:00+00:00,682.9400024414062,683.14501953125,682.7150268554688,682.9000244140625,1327790,SPY,equities,5min,data/5min/spy_5m.csv
2026-02-12 20:40:00+00:00,682.8900146484375,683.3400268554688,682.4249877929688,682.6599731445312,1568002,SPY,equities,5min,data/5min/spy_5m.csv
2026-02-12 20:45:00+00:00,682.6599731445312,682.75,681.5999755859375,681.8599853515625,2640939,SPY,equities,5min,data/5min/spy_5m.csv
2026-02-12 20:50:00+00:00,681.8699951171875,681.8699951171875,680.3699951171875,681.72998046875,5999284,SPY,equities,5min,data/5min/spy_5m.csv
2026-02-12 20:55:00+00:00,681.7100219726562,681.8400268554688,680.9349975585938,681.219970703125,6289481,SPY,equities,5min,data/5min/spy_5m.csv
2026-02-13 14:30:00+00:00,681.6900024414062,682.510009765625,680.8200073242188,681.2000122070312,6661750,SPY,equities,5min,data/5min/spy_5m.csv
2026-02-13 14:35:00+00:00,681.1799926757812,681.239990234375,679.780029296875,679.8400268554688,2263241,SPY,equities,5min,data/5min/spy_5m.csv
2026-02-13 14:40:00+00:00,679.8300170898438,680.5399780273438,677.52001953125,680.4600219726562,2679202,SPY,equities,5min,data/5min/spy_5m.csv
2026-02-13 14:45:00+00:00,680.4650268554688,683.3200073242188,680.4099731445312,681.4000244140625,2659768,SPY,equities,5min,data/5min/spy_5m.csv
2026-02-13 14:50:00+00:00,681.4199829101562,681.5399780273438,679.72998046875,680.4949951171875,2023830,SPY,equities,5min,data/5min/spy_5m.csv
2026-02-13 14:55:00+00:00,680.469970703125,682.0399780273438,679.5599975585938,679.9299926757812,1193552,SPY,equities,5min,data/5min/spy_5m.csv
2026-02-13 15:00:00+00:00,679.9099731445312,681.6400146484375,679.7767944335938,680.9450073242188,1106546,SPY,equities,5min,data/5min/spy_5m.csv
2026-02-13 15:05:00+00:00,680.97998046875,682.469970703125,680.030029296875,682.4149780273438,1306227,SPY,equities,5min,data/5min/spy_5m.csv
2026-02-13 15:10:00+00:00,682.4500122070312,682.9000244140625,681.25,681.2999877929688,1428104,SPY,equities,5min,data/5min/spy_5m.csv
2026-02-13 15:15:00+00:00,681.3699951171875,682.280029296875,680.5,681.0075073242188,1151456,SPY,equities,5min,data/5min/spy_5m.csv
2026-02-13 15:20:00+00:00,681.02001953125,682.1599731445312,680.4600219726562,681.22998046875,979140,SPY,equities,5min,data/5min/spy_5m.csv
2026-02-13 15:25:00+00:00,681.25,683.3699951171875,681.1300048828125,682.9400024414062,1316039,SPY,equities,5min,data/5min/spy_5m.csv
2026-02-13 15:30:00+00:00,682.9400024414062,684.510009765625,682.8499755859375,684.1099853515625,1366920,SPY,equities,5min,data/5min/spy_5m.csv
2026-02-13 15:35:00+00:00,684.0999755859375,684.5700073242188,682.7999877929688,682.8900146484375,1247819,SPY,equities,5min,data/5min/spy_5m.csv
2026-02-13 15:40:00+00:00,682.8599853515625,683.1699829101562,681.5499877929688,681.6500244140625,1327219,SPY,equities,5min,data/5min/spy_5m.csv
2026-02-13 15:45:00+00:00,681.6699829101562,682.2899780273438,680.7899780273438,681.1799926757812,1395010,SPY,equities,5min,data/5min/spy_5m.csv
2026-02-13 15:50:00+00:00,681.1900024414062,682.8400268554688,681.0900268554688,682.5900268554688,1113709,SPY,equities,5min,data/5min/spy_5m.csv
2026-02-13 15:55:00+00:00,682.6099853515625,683.2000122070312,682.27001953125,682.5202026367188,827510,SPY,equities,5min,data/5min/spy_5m.csv
2026-02-13 16:00:00+00:00,682.52001953125,683.469970703125,682.47998046875,683.4249877929688,721024,SPY,equities,5min,data/5min/spy_5m.csv
2026-02-13 16:05:00+00:00,683.4099731445312,684.219970703125,683.3200073242188,683.989990234375,933989,SPY,equities,5min,data/5min/spy_5m.csv
2026-02-13 16:10:00+00:00,684.0,684.02001953125,682.6900024414062,683.4299926757812,851973,SPY,equities,5min,data/5min/spy_5m.csv
2026-02-13 16:15:00+00:00,683.4400024414062,684.1599731445312,683.0886840820312,683.1199951171875,676884,SPY,equities,5min,data/5min/spy_5m.csv
2026-02-13 16:20:00+00:00,683.1300048828125,683.4650268554688,681.8300170898438,682.3699951171875,893176,SPY,equities,5min,data/5min/spy_5m.csv
2026-02-13 16:25:00+00:00,682.3699951171875,683.9600219726562,682.219970703125,683.8200073242188,880809,SPY,equities,5min,data/5min/spy_5m.csv
2026-02-13 16:30:00+00:00,683.8099975585938,684.22998046875,682.8699951171875,683.8800048828125,882013,SPY,equities,5min,data/5min/spy_5m.csv
2026-02-13 16:35:00+00:00,683.8900146484375,684.4500122070312,683.2899780273438,684.4400024414062,811798,SPY,equities,5min,data/5min/spy_5m.csv
2026-02-13 16:40:00+00:00,684.4299926757812,684.6165161132812,683.9199829101562,684.5399780273438,593952,SPY,equities,5min,data/5min/spy_5m.csv
2026-02-13 16:45:00+00:00,684.530029296875,684.989990234375,684.2899780273438,684.4299926757812,796846,SPY,equities,5min,data/5min/spy_5m.csv
2026-02-13 16:50:00+00:00,684.4249877929688,685.010009765625,684.2100219726562,684.989990234375,532615,SPY,equities,5min,data/5min/spy_5m.csv
2026-02-13 16:55:00+00:00,685.0,685.510009765625,684.75,684.75,693038,SPY,equities,5min,data/5min/spy_5m.csv
2026-02-13 17:00:00+00:00,684.75,685.4299926757812,684.47998046875,685.2800903320312,745980,SPY,equities,5min,data/5min/spy_5m.csv
2026-02-13 17:05:00+00:00,685.2899780273438,685.6699829101562,685.0399780273438,685.2000122070312,549864,SPY,equities,5min,data/5min/spy_5m.csv
2026-02-13 17:10:00+00:00,685.2000122070312,686.0499877929688,685.1849975585938,685.9600219726562,604313,SPY,equities,5min,data/5min/spy_5m.csv
2026-02-13 17:15:00+00:00,685.9600219726562,686.0,684.8250122070312,685.0599975585938,650753,SPY,equities,5min,data/5min/spy_5m.csv
2026-02-13 17:20:00+00:00,685.0625,686.030029296875,684.97998046875,685.7650146484375,777715,SPY,equities,5min,data/5min/spy_5m.csv
2026-02-13 17:25:00+00:00,685.77001953125,685.8300170898438,685.27001953125,685.364990234375,661071,SPY,equities,5min,data/5min/spy_5m.csv
2026-02-13 17:30:00+00:00,685.3800048828125,686.0700073242188,685.260009765625,685.8400268554688,644994,SPY,equities,5min,data/5min/spy_5m.csv
2026-02-13 17:35:00+00:00,685.8499755859375,686.0499877929688,685.5700073242188,685.9650268554688,478378,SPY,equities,5min,data/5min/spy_5m.csv
2026-02-13 17:40:00+00:00,685.9400024414062,686.280029296875,685.6799926757812,685.6900024414062,752700,SPY,equities,5min,data/5min/spy_5m.csv
2026-02-13 17:45:00+00:00,685.6799926757812,686.0499877929688,685.4299926757812,685.9749755859375,533482,SPY,equities,5min,data/5min/spy_5m.csv
2026-02-13 17:50:00+00:00,685.969970703125,685.97998046875,685.3099975585938,685.5001220703125,421592,SPY,equities,5min,data/5min/spy_5m.csv
2026-02-13 17:55:00+00:00,685.5,685.6099853515625,684.8599853515625,685.0999755859375,682020,SPY,equities,5min,data/5min/spy_5m.csv
2026-02-13 18:00:00+00:00,685.0999755859375,685.3699951171875,684.3599853515625,684.4600219726562,764608,SPY,equities,5min,data/5min/spy_5m.csv
2026-02-13 18:05:00+00:00,684.4600219726562,684.9600219726562,684.0900268554688,684.719970703125,774418,SPY,equities,5min,data/5min/spy_5m.csv
2026-02-13 18:10:00+00:00,684.719970703125,685.47998046875,684.719970703125,685.27001953125,663440,SPY,equities,5min,data/5min/spy_5m.csv
2026-02-13 18:15:00+00:00,685.27001953125,685.8099975585938,684.97998046875,685.3499755859375,595358,SPY,equities,5min,data/5min/spy_5m.csv
2026-02-13 18:20:00+00:00,685.3400268554688,686.260009765625,685.3099975585938,685.9149780273438,463855,SPY,equities,5min,data/5min/spy_5m.csv
2026-02-13 18:25:00+00:00,685.9199829101562,686.1599731445312,684.9500122070312,685.3900146484375,1171906,SPY,equities,5min,data/5min/spy_5m.csv
2026-02-13 18:30:00+00:00,685.3900146484375,685.8800048828125,685.1099853515625,685.7899780273438,592472,SPY,equities,5min,data/5min/spy_5m.csv
2026-02-13 18:35:00+00:00,685.7899780273438,686.0599975585938,685.2999877929688,685.77001953125,374186,SPY,equities,5min,data/5min/spy_5m.csv
2026-02-13 18:40:00+00:00,685.760009765625,685.8300170898438,684.8599853515625,684.97998046875,391904,SPY,equities,5min,data/5min/spy_5m.csv
2026-02-13 18:45:00+00:00,684.989990234375,685.7100219726562,684.97998046875,685.1799926757812,833668,SPY,equities,5min,data/5min/spy_5m.csv
2026-02-13 18:50:00+00:00,685.1900024414062,685.1900024414062,684.405029296875,684.885009765625,644168,SPY,equities,5min,data/5min/spy_5m.csv
2026-02-13 18:55:00+00:00,684.8599853515625,685.0499877929688,684.3699951171875,684.6599731445312,596842,SPY,equities,5min,data/5min/spy_5m.csv
2026-02-13 19:00:00+00:00,684.6699829101562,685.0399780273438,684.4400024414062,684.5098876953125,586565,SPY,equities,5min,data/5min/spy_5m.csv
2026-02-13 19:05:00+00:00,684.510009765625,685.1699829101562,684.47998046875,685.0599975585938,638047,SPY,equities,5min,data/5min/spy_5m.csv
2026-02-13 19:10:00+00:00,685.0499877929688,685.3499755859375,684.6500244140625,684.97998046875,589494,SPY,equities,5min,data/5min/spy_5m.csv
2026-02-13 19:15:00+00:00,684.97998046875,685.1199951171875,684.5399780273438,685.030029296875,482983,SPY,equities,5min,data/5min/spy_5m.csv
2026-02-13 19:20:00+00:00,685.0239868164062,685.364990234375,684.780029296875,685.260009765625,523410,SPY,equities,5min,data/5min/spy_5m.csv
2026-02-13 19:25:00+00:00,685.25,685.3350219726562,684.0999755859375,684.3400268554688,759612,SPY,equities,5min,data/5min/spy_5m.csv
2026-02-13 19:30:00+00:00,684.3499755859375,684.9299926757812,684.239990234375,684.6699829101562,626775,SPY,equities,5min,data/5min/spy_5m.csv
2026-02-13 19:35:00+00:00,684.7100219726562,684.780029296875,683.7999877929688,684.0805053710938,528914,SPY,equities,5min,data/5min/spy_5m.csv
2026-02-13 19:40:00+00:00,684.0700073242188,684.280029296875,683.280029296875,683.6599731445312,813258,SPY,equities,5min,data/5min/spy_5m.csv
2026-02-13 19:45:00+00:00,683.6500244140625,684.25,683.4550170898438,683.8099975585938,700260,SPY,equities,5min,data/5min/spy_5m.csv
2026-02-13 19:50:00+00:00,683.8200073242188,683.9400024414062,683.0999755859375,683.2700805664062,587429,SPY,equities,5min,data/5min/spy_5m.csv
2026-02-13 19:55:00+00:00,683.2550048828125,683.5700073242188,682.239990234375,682.4000244140625,1014411,SPY,equities,5min,data/5min/spy_5m.csv
2026-02-13 20:00:00+00:00,682.4000244140625,683.260009765625,682.3800048828125,683.125,1062034,SPY,equities,5min,data/5min/spy_5m.csv
2026-02-13 20:05:00+00:00,683.1300048828125,683.260009765625,682.6505737304688,683.1270141601562,715289,SPY,equities,5min,data/5min/spy_5m.csv
2026-02-13 20:10:00+00:00,683.1400146484375,683.1400146484375,682.105712890625,682.1300048828125,1167774,SPY,equities,5min,data/5min/spy_5m.csv
2026-02-13 20:15:00+00:00,682.1300048828125,682.6300048828125,681.8300170898438,682.5900268554688,955011,SPY,equities,5min,data/5min/spy_5m.csv
2026-02-13 20:20:00+00:00,682.5700073242188,682.5999755859375,681.6799926757812,681.6900024414062,843673,SPY,equities,5min,data/5min/spy_5m.csv
2026-02-13 20:25:00+00:00,681.6799926757812,681.8400268554688,680.3400268554688,680.6300048828125,1349032,SPY,equities,5min,data/5min/spy_5m.csv
2026-02-13 20:30:00+00:00,680.6400146484375,681.230712890625,680.1799926757812,680.25,1343053,SPY,equities,5min,data/5min/spy_5m.csv
2026-02-13 20:35:00+00:00,680.25,680.6699829101562,680.010009765625,680.3800048828125,1334053,SPY,equities,5min,data/5min/spy_5m.csv
2026-02-13 20:40:00+00:00,680.3699951171875,680.8200073242188,679.8099975585938,680.1699829101562,1254344,SPY,equities,5min,data/5min/spy_5m.csv
2026-02-13 20:45:00+00:00,680.1799926757812,681.375,680.0900268554688,681.2000122070312,1878511,SPY,equities,5min,data/5min/spy_5m.csv
2026-02-13 20:50:00+00:00,681.1900024414062,681.6099853515625,680.3599853515625,681.4400024414062,2493725,SPY,equities,5min,data/5min/spy_5m.csv
2026-02-13 20:55:00+00:00,681.4600219726562,681.8400268554688,680.8300170898438,681.5999755859375,5368031,SPY,equities,5min,data/5min/spy_5m.csv
2026-02-17 14:30:00+00:00,680.1400146484375,681.989990234375,680.030029296875,681.739990234375,4089012,SPY,equities,5min,data/5min/spy_5m.csv
2026-02-17 14:35:00+00:00,681.739990234375,682.7600708007812,681.4400024414062,682.52001953125,1913816,SPY,equities,5min,data/5min/spy_5m.csv
2026-02-17 14:40:00+00:00,682.5,682.7999877929688,680.4500122070312,680.72998046875,1719637,SPY,equities,5min,data/5min/spy_5m.csv
2026-02-17 14:45:00+00:00,680.739990234375,681.2999877929688,679.6900024414062,680.280029296875,2012283,SPY,equities,5min,data/5min/spy_5m.csv
2026-02-17 14:50:00+00:00,680.280029296875,680.6199951171875,677.6300048828125,677.8175048828125,2042253,SPY,equities,5min,data/5min/spy_5m.csv
2026-02-17 14:55:00+00:00,677.8400268554688,677.9099731445312,676.4600219726562,676.6300048828125,1804127,SPY,equities,5min,data/5min/spy_5m.csv
2026-02-17 15:00:00+00:00,676.6199951171875,678.260009765625,676.27001953125,678.12841796875,1639145,SPY,equities,5min,data/5min/spy_5m.csv
2026-02-17 15:05:00+00:00,678.1400146484375,678.5599975585938,677.3200073242188,677.3599853515625,1195932,SPY,equities,5min,data/5min/spy_5m.csv
2026-02-17 15:10:00+00:00,677.3800048828125,678.010009765625,676.6799926757812,676.9199829101562,866316,SPY,equities,5min,data/5min/spy_5m.csv
2026-02-17 15:15:00+00:00,676.9149780273438,679.75,676.8200073242188,679.6400146484375,1529877,SPY,equities,5min,data/5min/spy_5m.csv
2026-02-17 15:20:00+00:00,679.6599731445312,679.719970703125,677.7000122070312,677.8900146484375,997165,SPY,equities,5min,data/5min/spy_5m.csv
2026-02-17 15:25:00+00:00,677.9199829101562,678.22998046875,676.8200073242188,677.3400268554688,1099308,SPY,equities,5min,data/5min/spy_5m.csv
2026-02-17 15:30:00+00:00,677.3300170898438,677.6599731445312,675.8200073242188,676.0999755859375,1162994,SPY,equities,5min,data/5min/spy_5m.csv
2026-02-17 15:35:00+00:00,676.1199951171875,676.97998046875,675.8099975585938,675.8599853515625,1021168,SPY,equities,5min,data/5min/spy_5m.csv
2026-02-17 15:40:00+00:00,675.8499755859375,676.760009765625,675.780029296875,676.64501953125,1166914,SPY,equities,5min,data/5min/spy_5m.csv
2026-02-17 15:45:00+00:00,676.6599731445312,678.2100219726562,676.52001953125,677.6799926757812,1082301,SPY,equities,5min,data/5min/spy_5m.csv
2026-02-17 15:50:00+00:00,677.6599731445312,678.260009765625,677.0,677.9299926757812,1068590,SPY,equities,5min,data/5min/spy_5m.csv
2026-02-17 15:55:00+00:00,677.9299926757812,678.6400146484375,677.6300048828125,678.6099853515625,881465,SPY,equities,5min,data/5min/spy_5m.csv
2026-02-17 16:00:00+00:00,678.5999755859375,679.989990234375,678.4500122070312,679.52001953125,1238450,SPY,equities,5min,data/5min/spy_5m.csv
2026-02-17 16:05:00+00:00,679.52001953125,681.1699829101562,679.4249877929688,681.0499877929688,1339371,SPY,equities,5min,data/5min/spy_5m.csv
2026-02-17 16:10:00+00:00,681.0499877929688,682.5800170898438,681.0399780273438,682.3350219726562,2311894,SPY,equities,5min,data/5min/spy_5m.csv
2026-02-17 16:15:00+00:00,682.3200073242188,682.9006958007812,681.9605102539062,682.72998046875,1442281,SPY,equities,5min,data/5min/spy_5m.csv
2026-02-17 16:20:00+00:00,682.719970703125,683.239990234375,682.2100219726562,683.010009765625,1277351,SPY,equities,5min,data/5min/spy_5m.csv
2026-02-17 16:25:00+00:00,683.030029296875,683.1199951171875,681.5150146484375,681.5999755859375,1286752,SPY,equities,5min,data/5min/spy_5m.csv
2026-02-17 16:30:00+00:00,681.5750122070312,681.9000244140625,680.8099975585938,681.739990234375,1193549,SPY,equities,5min,data/5min/spy_5m.csv
2026-02-17 16:35:00+00:00,681.739990234375,682.8400268554688,681.52001953125,682.4199829101562,837736,SPY,equities,5min,data/5min/spy_5m.csv
2026-02-17 16:40:00+00:00,682.4199829101562,682.5700073242188,681.75,681.7999877929688,694182,SPY,equities,5min,data/5min/spy_5m.csv
2026-02-17 16:45:00+00:00,681.7899780273438,682.1900024414062,681.52001953125,681.6599731445312,670096,SPY,equities,5min,data/5min/spy_5m.csv
2026-02-17 16:50:00+00:00,681.6900024414062,682.4500122070312,681.6699829101562,682.4199829101562,543940,SPY,equities,5min,data/5min/spy_5m.csv
2026-02-17 16:55:00+00:00,682.4400024414062,683.030029296875,681.9500122070312,682.4600219726562,810400,SPY,equities,5min,data/5min/spy_5m.csv
2026-02-17 17:00:00+00:00,682.4199829101562,682.5399780273438,681.530029296875,681.97998046875,513159,SPY,equities,5min,data/5min/spy_5m.csv
2026-02-17 17:05:00+00:00,681.969970703125,682.3900146484375,681.6699829101562,681.7000122070312,451718,SPY,equities,5min,data/5min/spy_5m.csv
2026-02-17 17:10:00+00:00,681.6900024414062,681.9099731445312,680.8599853515625,681.25,646576,SPY,equities,5min,data/5min/spy_5m.csv
2026-02-17 17:15:00+00:00,681.25,681.6099853515625,680.989990234375,681.3200073242188,509238,SPY,equities,5min,data/5min/spy_5m.csv
2026-02-17 17:20:00+00:00,681.3599853515625,681.52001953125,680.4312744140625,681.1199951171875,796604,SPY,equities,5min,data/5min/spy_5m.csv
2026-02-17 17:25:00+00:00,681.1300048828125,682.2050170898438,680.97998046875,682.2000122070312,556746,SPY,equities,5min,data/5min/spy_5m.csv
2026-02-17 17:30:00+00:00,682.2100219726562,682.3200073242188,680.989990234375,681.77001953125,661233,SPY,equities,5min,data/5min/spy_5m.csv
2026-02-17 17:35:00+00:00,681.75,682.0900268554688,681.3800048828125,681.6300048828125,255932,SPY,equities,5min,data/5min/spy_5m.csv
2026-02-17 17:40:00+00:00,681.6300048828125,681.6400146484375,680.0125122070312,680.0399780273438,563831,SPY,equities,5min,data/5min/spy_5m.csv
2026-02-17 17:45:00+00:00,680.030029296875,680.6500244140625,679.5499877929688,680.260009765625,938412,SPY,equities,5min,data/5min/spy_5m.csv
2026-02-17 17:50:00+00:00,680.260009765625,680.6699829101562,679.1500244140625,679.4650268554688,806053,SPY,equities,5min,data/5min/spy_5m.csv
2026-02-17 17:55:00+00:00,679.4600219726562,681.1699829101562,679.2999877929688,681.0103149414062,728029,SPY,equities,5min,data/5min/spy_5m.csv
2026-02-17 18:00:00+00:00,681.02001953125,681.1799926757812,680.3300170898438,680.780029296875,468785,SPY,equities,5min,data/5min/spy_5m.csv
2026-02-17 18:05:00+00:00,680.780029296875,680.8900146484375,680.0999755859375,680.3400268554688,356675,SPY,equities,5min,data/5min/spy_5m.csv
2026-02-17 18:10:00+00:00,680.3499755859375,680.8400268554688,679.8300170898438,680.3250122070312,415738,SPY,equities,5min,data/5min/spy_5m.csv
2026-02-17 18:15:00+00:00,680.3300170898438,680.6500244140625,679.9000244140625,680.2999877929688,327137,SPY,equities,5min,data/5min/spy_5m.csv
2026-02-17 18:20:00+00:00,680.2899780273438,682.5399780273438,680.1519165039062,682.030029296875,902783,SPY,equities,5min,data/5min/spy_5m.csv
2026-02-17 18:25:00+00:00,682.0399780273438,682.530029296875,681.4600219726562,682.3900146484375,627913,SPY,equities,5min,data/5min/spy_5m.csv
2026-02-17 18:30:00+00:00,682.4000244140625,682.97802734375,682.030029296875,682.7100219726562,625790,SPY,equities,5min,data/5min/spy_5m.csv
2026-02-17 18:35:00+00:00,682.7000122070312,683.3800048828125,682.2899780273438,683.3699951171875,691105,SPY,equities,5min,data/5min/spy_5m.csv
2026-02-17 18:40:00+00:00,683.3499755859375,684.0750122070312,683.2899780273438,683.5700073242188,886921,SPY,equities,5min,data/5min/spy_5m.csv
2026-02-17 18:45:00+00:00,683.5800170898438,683.9299926757812,683.4349975585938,683.8400268554688,540407,SPY,equities,5min,data/5min/spy_5m.csv
2026-02-17 18:50:00+00:00,683.8300170898438,684.39501953125,683.6199951171875,684.3264770507812,706462,SPY,equities,5min,data/5min/spy_5m.csv
2026-02-17 18:55:00+00:00,684.3300170898438,684.7150268554688,683.8599853515625,684.0750122070312,735056,SPY,equities,5min,data/5min/spy_5m.csv
2026-02-17 19:00:00+00:00,684.0800170898438,684.4299926757812,683.8200073242188,684.3300170898438,721867,SPY,equities,5min,data/5min/spy_5m.csv
2026-02-17 19:05:00+00:00,684.3300170898438,684.510009765625,683.7999877929688,683.9799194335938,510995,SPY,equities,5min,data/5min/spy_5m.csv
2026-02-17 19:10:00+00:00,683.969970703125,684.219970703125,683.5800170898438,684.1749877929688,467377,SPY,equities,5min,data/5min/spy_5m.csv
2026-02-17 19:15:00+00:00,684.1699829101562,684.239990234375,683.7899780273438,683.9401245117188,403784,SPY,equities,5min,data/5min/spy_5m.csv
2026-02-17 19:20:00+00:00,683.9500122070312,684.6199951171875,683.8300170898438,684.510009765625,500183,SPY,equities,5min,data/5min/spy_5m.csv
2026-02-17 19:25:00+00:00,684.510009765625,684.5399780273438,683.8499755859375,683.989990234375,644457,SPY,equities,5min,data/5min/spy_5m.csv
2026-02-17 19:30:00+00:00,683.969970703125,684.6199951171875,683.7999877929688,684.6199951171875,426867,SPY,equities,5min,data/5min/spy_5m.csv
2026-02-17 19:35:00+00:00,684.6199951171875,684.8699951171875,684.25,684.5599975585938,383090,SPY,equities,5min,data/5min/spy_5m.csv
2026-02-17 19:40:00+00:00,684.5700073242188,684.9400024414062,684.4025268554688,684.719970703125,590605,SPY,equities,5min,data/5min/spy_5m.csv
2026-02-17 19:45:00+00:00,684.719970703125,684.75,684.2999877929688,684.3900146484375,312716,SPY,equities,5min,data/5min/spy_5m.csv
2026-02-17 19:50:00+00:00,684.4000244140625,684.4199829101562,683.5750122070312,683.9600219726562,662221,SPY,equities,5min,data/5min/spy_5m.csv
2026-02-17 19:55:00+00:00,683.9400024414062,684.0499877929688,683.4099731445312,683.5700073242188,529548,SPY,equities,5min,data/5min/spy_5m.csv
2026-02-17 20:00:00+00:00,683.5700073242188,684.0999755859375,683.4400024414062,683.7650146484375,597836,SPY,equities,5min,data/5min/spy_5m.csv
2026-02-17 20:05:00+00:00,683.780029296875,683.8599853515625,683.3099975585938,683.3800048828125,471027,SPY,equities,5min,data/5min/spy_5m.csv
2026-02-17 20:10:00+00:00,683.3900146484375,683.5599975585938,683.1599731445312,683.489990234375,810519,SPY,equities,5min,data/5min/spy_5m.csv
2026-02-17 20:15:00+00:00,683.5,683.739990234375,683.0750122070312,683.0999755859375,572703,SPY,equities,5min,data/5min/spy_5m.csv
2026-02-17 20:20:00+00:00,683.0999755859375,683.3699951171875,682.7050170898438,682.8400268554688,812493,SPY,equities,5min,data/5min/spy_5m.csv
2026-02-17 20:25:00+00:00,682.8300170898438,683.1400146484375,682.6699829101562,682.8699951171875,804222,SPY,equities,5min,data/5min/spy_5m.csv
2026-02-17 20:30:00+00:00,682.8800048828125,682.9299926757812,682.0800170898438,682.3399047851562,1186510,SPY,equities,5min,data/5min/spy_5m.csv
2026-02-17 20:35:00+00:00,682.3300170898438,682.5499877929688,682.0050048828125,682.1699829101562,835321,SPY,equities,5min,data/5min/spy_5m.csv
2026-02-17 20:40:00+00:00,682.1599731445312,683.2899780273438,682.0999755859375,682.97998046875,1216888,SPY,equities,5min,data/5min/spy_5m.csv
2026-02-17 20:45:00+00:00,682.97998046875,683.0700073242188,682.5499877929688,682.75,1090617,SPY,equities,5min,data/5min/spy_5m.csv
2026-02-17 20:50:00+00:00,682.77001953125,683.2000122070312,682.1099853515625,682.4000244140625,1458379,SPY,equities,5min,data/5min/spy_5m.csv
2026-02-17 20:55:00+00:00,682.4199829101562,682.9299926757812,681.9299926757812,682.75,4107646,SPY,equities,5min,data/5min/spy_5m.csv
2026-02-18 14:30:00+00:00,684.02001953125,684.3800048828125,682.8300170898438,683.5,3736452,SPY,equities,5min,data/5min/spy_5m.csv
2026-02-18 14:35:00+00:00,683.530029296875,684.6500244140625,683.22998046875,684.239990234375,1399735,SPY,equities,5min,data/5min/spy_5m.csv
2026-02-18 14:40:00+00:00,684.25,685.4600219726562,683.9400024414062,685.0,1724308,SPY,equities,5min,data/5min/spy_5m.csv
2026-02-18 14:45:00+00:00,685.0,685.280029296875,683.5599975585938,683.72998046875,1214394,SPY,equities,5min,data/5min/spy_5m.csv
2026-02-18 14:50:00+00:00,683.760009765625,685.5,683.5900268554688,685.260009765625,991727,SPY,equities,5min,data/5min/spy_5m.csv
2026-02-18 14:55:00+00:00,685.2650146484375,686.3800048828125,685.1599731445312,686.1599731445312,1310845,SPY,equities,5min,data/5min/spy_5m.csv
2026-02-18 15:00:00+00:00,686.1699829101562,687.6099853515625,686.0850219726562,687.5800170898438,1796046,SPY,equities,5min,data/5min/spy_5m.csv
2026-02-18 15:05:00+00:00,687.5900268554688,688.1300048828125,687.1900024414062,687.3800048828125,2237095,SPY,equities,5min,data/5min/spy_5m.csv
2026-02-18 15:10:00+00:00,687.3699951171875,687.8900146484375,686.989990234375,687.7849731445312,1184170,SPY,equities,5min,data/5min/spy_5m.csv
2026-02-18 15:15:00+00:00,687.7899780273438,688.4650268554688,687.5,687.9099731445312,1324286,SPY,equities,5min,data/5min/spy_5m.csv
2026-02-18 15:20:00+00:00,687.9000244140625,688.1599731445312,687.6099853515625,687.6599731445312,826625,SPY,equities,5min,data/5min/spy_5m.csv
2026-02-18 15:25:00+00:00,687.6599731445312,688.0700073242188,687.47998046875,687.8400268554688,707622,SPY,equities,5min,data/5min/spy_5m.csv
2026-02-18 15:30:00+00:00,687.8400268554688,687.9400024414062,687.32080078125,687.3599243164062,647574,SPY,equities,5min,data/5min/spy_5m.csv
2026-02-18 15:35:00+00:00,687.3699951171875,688.1400146484375,687.2899780273438,688.0900268554688,721440,SPY,equities,5min,data/5min/spy_5m.csv
2026-02-18 15:40:00+00:00,688.0900268554688,688.52001953125,687.9600219726562,688.2999877929688,775957,SPY,equities,5min,data/5min/spy_5m.csv
2026-02-18 15:45:00+00:00,688.2999877929688,688.6400146484375,688.0399780273438,688.3300170898438,476919,SPY,equities,5min,data/5min/spy_5m.csv
2026-02-18 15:50:00+00:00,688.3800048828125,688.530029296875,688.0,688.4600219726562,401740,SPY,equities,5min,data/5min/spy_5m.csv
2026-02-18 15:55:00+00:00,688.4500122070312,688.7249755859375,688.3800048828125,688.5150146484375,476213,SPY,equities,5min,data/5min/spy_5m.csv
2026-02-18 16:00:00+00:00,688.52001953125,688.5850219726562,688.239990234375,688.5449829101562,451816,SPY,equities,5min,data/5min/spy_5m.csv
2026-02-18 16:05:00+00:00,688.5549926757812,688.9600219726562,688.2999877929688,688.3599853515625,580021,SPY,equities,5min,data/5min/spy_5m.csv
2026-02-18 16:10:00+00:00,688.3679809570312,688.6199951171875,688.2899780273438,688.4349975585938,523251,SPY,equities,5min,data/5min/spy_5m.csv
2026-02-18 16:15:00+00:00,688.4349975585938,688.6699829101562,688.1400146484375,688.2000122070312,547936,SPY,equities,5min,data/5min/spy_5m.csv
2026-02-18 16:20:00+00:00,688.1699829101562,688.3900146484375,688.02001953125,688.3300170898438,614554,SPY,equities,5min,data/5min/spy_5m.csv
2026-02-18 16:25:00+00:00,688.3200073242188,688.4299926757812,688.0399780273438,688.219970703125,474462,SPY,equities,5min,data/5min/spy_5m.csv
2026-02-18 16:30:00+00:00,688.219970703125,688.760009765625,688.1400146484375,688.469970703125,418223,SPY,equities,5min,data/5min/spy_5m.csv
2026-02-18 16:35:00+00:00,688.5,688.5850219726562,688.27001953125,688.5150146484375,252835,SPY,equities,5min,data/5min/spy_5m.csv
2026-02-18 16:40:00+00:00,688.5250244140625,688.6500244140625,688.2849731445312,688.3300170898438,324932,SPY,equities,5min,data/5min/spy_5m.csv
2026-02-18 16:45:00+00:00,688.3099975585938,688.5,688.0599975585938,688.0700073242188,344477,SPY,equities,5min,data/5min/spy_5m.csv
2026-02-18 16:50:00+00:00,688.0900268554688,688.22998046875,687.5999755859375,687.739990234375,599533,SPY,equities,5min,data/5min/spy_5m.csv
2026-02-18 16:55:00+00:00,687.7349853515625,687.9450073242188,687.4998779296875,687.530029296875,492679,SPY,equities,5min,data/5min/spy_5m.csv
2026-02-18 17:00:00+00:00,687.530029296875,688.1699829101562,687.3800048828125,688.1500244140625,561758,SPY,equities,5min,data/5min/spy_5m.csv
2026-02-18 17:05:00+00:00,688.1599731445312,688.8900146484375,688.110107421875,688.489990234375,665464,SPY,equities,5min,data/5min/spy_5m.csv
2026-02-18 17:10:00+00:00,688.489990234375,688.6199951171875,687.97998046875,688.2180786132812,764476,SPY,equities,5min,data/5min/spy_5m.csv
2026-02-18 17:15:00+00:00,688.2050170898438,688.6500244140625,688.0900268554688,688.5999755859375,469181,SPY,equities,5min,data/5min/spy_5m.csv
2026-02-18 17:20:00+00:00,688.5900268554688,688.6599731445312,688.4500122070312,688.4600219726562,242775,SPY,equities,5min,data/5min/spy_5m.csv
2026-02-18 17:25:00+00:00,688.4600219726562,688.4650268554688,688.1400146484375,688.2000122070312,263942,SPY,equities,5min,data/5min/spy_5m.csv
2026-02-18 17:30:00+00:00,688.1900024414062,688.4199829101562,687.8900146484375,687.9600219726562,374859,SPY,equities,5min,data/5min/spy_5m.csv
2026-02-18 17:35:00+00:00,687.9600219726562,688.2999877929688,687.9400024414062,688.2150268554688,246134,SPY,equities,5min,data/5min/spy_5m.csv
2026-02-18 17:40:00+00:00,688.2150268554688,688.2150268554688,687.8900146484375,688.030029296875,271516,SPY,equities,5min,data/5min/spy_5m.csv
2026-02-18 17:45:00+00:00,688.030029296875,688.3699951171875,687.9500122070312,688.1699829101562,320703,SPY,equities,5min,data/5min/spy_5m.csv
2026-02-18 17:50:00+00:00,688.1699829101562,688.7000122070312,688.1699829101562,688.6599731445312,349371,SPY,equities,5min,data/5min/spy_5m.csv
2026-02-18 17:55:00+00:00,688.6500244140625,688.7999877929688,688.35498046875,688.5009765625,423316,SPY,equities,5min,data/5min/spy_5m.csv
2026-02-18 18:00:00+00:00,688.5,689.1500244140625,688.469970703125,688.7498779296875,395595,SPY,equities,5min,data/5min/spy_5m.csv
2026-02-18 18:05:00+00:00,688.72998046875,688.8099975585938,688.4400024414062,688.5399780273438,268648,SPY,equities,5min,data/5min/spy_5m.csv
2026-02-18 18:10:00+00:00,688.5399780273438,688.6500244140625,688.375,688.4824829101562,255131,SPY,equities,5min,data/5min/spy_5m.csv
2026-02-18 18:15:00+00:00,688.469970703125,688.77001953125,688.4650268554688,688.47998046875,256765,SPY,equities,5min,data/5min/spy_5m.csv
2026-02-18 18:20:00+00:00,688.489990234375,688.5399780273438,688.0700073242188,688.1199951171875,387148,SPY,equities,5min,data/5min/spy_5m.csv
2026-02-18 18:25:00+00:00,688.1300048828125,688.22998046875,687.4749755859375,687.8049926757812,842313,SPY,equities,5min,data/5min/spy_5m.csv
2026-02-18 18:30:00+00:00,687.8099975585938,687.9500122070312,687.4400024414062,687.739990234375,566333,SPY,equities,5min,data/5min/spy_5m.csv
2026-02-18 18:35:00+00:00,687.7349853515625,688.02001953125,687.6300048828125,687.6400146484375,418408,SPY,equities,5min,data/5min/spy_5m.csv
2026-02-18 18:40:00+00:00,687.6300048828125,687.7000122070312,686.6300048828125,687.0800170898438,991491,SPY,equities,5min,data/5min/spy_5m.csv
2026-02-18 18:45:00+00:00,687.0650024414062,687.5549926757812,686.9500122070312,687.1849975585938,582134,SPY,equities,5min,data/5min/spy_5m.csv
2026-02-18 18:50:00+00:00,687.1799926757812,687.1950073242188,686.0399780273438,686.9000244140625,883293,SPY,equities,5min,data/5min/spy_5m.csv
2026-02-18 18:55:00+00:00,686.8900146484375,687.1199951171875,686.6799926757812,686.97998046875,682023,SPY,equities,5min,data/5min/spy_5m.csv
2026-02-18 19:00:00+00:00,686.989990234375,687.3800048828125,686.5499877929688,687.3300170898438,775829,SPY,equities,5min,data/5min/spy_5m.csv
2026-02-18 19:05:00+00:00,687.3399047851562,687.3900146484375,686.6599731445312,686.6834716796875,384341,SPY,equities,5min,data/5min/spy_5m.csv
2026-02-18 19:10:00+00:00,686.6900024414062,687.0792236328125,686.3900146484375,686.4299926757812,815435,SPY,equities,5min,data/5min/spy_5m.csv
2026-02-18 19:15:00+00:00,686.4500122070312,686.530029296875,686.0700073242188,686.2000122070312,818081,SPY,equities,5min,data/5min/spy_5m.csv
2026-02-18 19:20:00+00:00,686.2000122070312,686.8900146484375,686.1799926757812,686.6799926757812,709578,SPY,equities,5min,data/5min/spy_5m.csv
2026-02-18 19:25:00+00:00,686.6799926757812,686.889892578125,686.22998046875,686.4199829101562,761875,SPY,equities,5min,data/5min/spy_5m.csv
2026-02-18 19:30:00+00:00,686.4299926757812,686.6300048828125,685.7100219726562,685.885009765625,1015556,SPY,equities,5min,data/5min/spy_5m.csv
2026-02-18 19:35:00+00:00,685.8800048828125,685.9299926757812,684.8499755859375,685.22998046875,1289002,SPY,equities,5min,data/5min/spy_5m.csv
2026-02-18 19:40:00+00:00,685.2100219726562,685.6900024414062,685.030029296875,685.1699829101562,691429,SPY,equities,5min,data/5min/spy_5m.csv
2026-02-18 19:45:00+00:00,685.1799926757812,685.8150024414062,685.0800170898438,685.3200073242188,826470,SPY,equities,5min,data/5min/spy_5m.csv
2026-02-18 19:50:00+00:00,685.3200073242188,685.3800048828125,684.760009765625,684.8599853515625,568700,SPY,equities,5min,data/5min/spy_5m.csv
2026-02-18 19:55:00+00:00,684.8599243164062,684.9600219726562,684.0499877929688,684.5999755859375,1130294,SPY,equities,5min,data/5min/spy_5m.csv
2026-02-18 20:00:00+00:00,684.5800170898438,685.3599853515625,684.510009765625,684.989990234375,923752,SPY,equities,5min,data/5min/spy_5m.csv
2026-02-18 20:05:00+00:00,684.989990234375,685.0599975585938,684.4400024414062,684.5499877929688,603500,SPY,equities,5min,data/5min/spy_5m.csv
2026-02-18 20:10:00+00:00,684.5700073242188,684.6937255859375,684.1099853515625,684.4099731445312,1041995,SPY,equities,5min,data/5min/spy_5m.csv
2026-02-18 20:15:00+00:00,684.3900146484375,684.6649780273438,683.9199829101562,684.3300170898438,843916,SPY,equities,5min,data/5min/spy_5m.csv
2026-02-18 20:20:00+00:00,684.3400268554688,684.3900146484375,683.9400024414062,684.35498046875,628531,SPY,equities,5min,data/5min/spy_5m.csv
2026-02-18 20:25:00+00:00,684.3400268554688,684.4299926757812,684.0399780273438,684.2100219726562,573120,SPY,equities,5min,data/5min/spy_5m.csv
2026-02-18 20:30:00+00:00,684.2100219726562,685.19873046875,684.1199951171875,685.0977172851562,902707,SPY,equities,5min,data/5min/spy_5m.csv
2026-02-18 20:35:00+00:00,685.0900268554688,685.6199951171875,684.969970703125,685.530029296875,884599,SPY,equities,5min,data/5min/spy_5m.csv
2026-02-18 20:40:00+00:00,685.5399780273438,685.885009765625,685.3300170898438,685.6600952148438,1209764,SPY,equities,5min,data/5min/spy_5m.csv
2026-02-18 20:45:00+00:00,685.6699829101562,686.5,685.469970703125,686.3800048828125,2038282,SPY,equities,5min,data/5min/spy_5m.csv
2026-02-18 20:50:00+00:00,686.4099731445312,687.1799926757812,686.25,687.0,2108639,SPY,equities,5min,data/5min/spy_5m.csv
2026-02-18 20:55:00+00:00,687.0,687.1300048828125,685.9400024414062,686.1900024414062,6073603,SPY,equities,5min,data/5min/spy_5m.csv
2026-02-19 14:30:00+00:00,683.8400268554688,684.52001953125,683.5599975585938,683.9500122070312,2975274,SPY,equities,5min,data/5min/spy_5m.csv
2026-02-19 14:35:00+00:00,683.9500122070312,684.02001953125,682.469970703125,683.6199951171875,1566088,SPY,equities,5min,data/5min/spy_5m.csv
2026-02-19 14:40:00+00:00,683.6400146484375,684.75,682.9600219726562,684.6099853515625,1535366,SPY,equities,5min,data/5min/spy_5m.csv
2026-02-19 14:45:00+00:00,684.6199951171875,684.719970703125,683.25,684.0900268554688,1252700,SPY,equities,5min,data/5min/spy_5m.csv
2026-02-19 14:50:00+00:00,684.0599975585938,685.2899780273438,684.0399780273438,684.8800048828125,1105015,SPY,equities,5min,data/5min/spy_5m.csv
2026-02-19 14:55:00+00:00,684.8599853515625,685.8200073242188,684.7501220703125,685.010009765625,1375513,SPY,equities,5min,data/5min/spy_5m.csv
2026-02-19 15:00:00+00:00,685.0,686.1799926757812,684.3599853515625,685.510009765625,1286639,SPY,equities,5min,data/5min/spy_5m.csv
2026-02-19 15:05:00+00:00,685.510009765625,685.6179809570312,684.280029296875,684.39501953125,1045326,SPY,equities,5min,data/5min/spy_5m.csv
2026-02-19 15:10:00+00:00,684.4400024414062,684.8699951171875,683.97998046875,684.1500244140625,631468,SPY,equities,5min,data/5min/spy_5m.csv
2026-02-19 15:15:00+00:00,684.1699829101562,685.2999877929688,684.1199951171875,684.7999877929688,895733,SPY,equities,5min,data/5min/spy_5m.csv
2026-02-19 15:20:00+00:00,684.7999877929688,685.3200073242188,684.1799926757812,685.27001953125,783478,SPY,equities,5min,data/5min/spy_5m.csv
2026-02-19 15:25:00+00:00,685.2750244140625,685.2750244140625,683.8099975585938,683.9000244140625,841743,SPY,equities,5min,data/5min/spy_5m.csv
2026-02-19 15:30:00+00:00,683.8900146484375,685.72998046875,683.7100219726562,685.70068359375,750377,SPY,equities,5min,data/5min/spy_5m.csv
2026-02-19 15:35:00+00:00,685.7100219726562,685.8599853515625,685.219970703125,685.47998046875,557121,SPY,equities,5min,data/5min/spy_5m.csv
2026-02-19 15:40:00+00:00,685.4600219726562,685.8599853515625,685.2949829101562,685.52001953125,371162,SPY,equities,5min,data/5min/spy_5m.csv
2026-02-19 15:45:00+00:00,685.530029296875,685.8098754882812,685.1599731445312,685.4949951171875,426586,SPY,equities,5min,data/5min/spy_5m.csv
2026-02-19 15:50:00+00:00,685.510009765625,685.510009765625,684.22998046875,684.3499755859375,686453,SPY,equities,5min,data/5min/spy_5m.csv
2026-02-19 15:55:00+00:00,684.3400268554688,685.47998046875,684.3300170898438,685.3200073242188,467769,SPY,equities,5min,data/5min/spy_5m.csv
2026-02-19 16:00:00+00:00,685.3200073242188,685.5999755859375,684.5501098632812,684.6400146484375,332192,SPY,equities,5min,data/5min/spy_5m.csv
2026-02-19 16:05:00+00:00,684.6599731445312,684.780029296875,683.9000244140625,684.6599731445312,580601,SPY,equities,5min,data/5min/spy_5m.csv
2026-02-19 16:10:00+00:00,684.719970703125,684.97998046875,684.2899780273438,684.905029296875,308767,SPY,equities,5min,data/5min/spy_5m.csv
2026-02-19 16:15:00+00:00,684.9099731445312,685.760009765625,684.8400268554688,685.6099853515625,385278,SPY,equities,5min,data/5min/spy_5m.csv
2026-02-19 16:20:00+00:00,685.6099853515625,685.8300170898438,685.3300170898438,685.530029296875,443423,SPY,equities,5min,data/5min/spy_5m.csv
2026-02-19 16:25:00+00:00,685.5399780273438,685.6500244140625,684.1099853515625,684.14501953125,604880,SPY,equities,5min,data/5min/spy_5m.csv
2026-02-19 16:30:00+00:00,684.1500244140625,685.27001953125,684.1500244140625,685.2000122070312,552817,SPY,equities,5min,data/5min/spy_5m.csv
2026-02-19 16:35:00+00:00,685.2000122070312,685.219970703125,684.4199829101562,684.6300048828125,382748,SPY,equities,5min,data/5min/spy_5m.csv
2026-02-19 16:40:00+00:00,684.6400146484375,684.739990234375,683.5599975585938,683.6300048828125,457752,SPY,equities,5min,data/5min/spy_5m.csv
2026-02-19 16:45:00+00:00,683.6300048828125,684.030029296875,683.010009765625,683.239990234375,910835,SPY,equities,5min,data/5min/spy_5m.csv
2026-02-19 16:50:00+00:00,683.25,684.1199951171875,682.719970703125,684.0399780273438,780002,SPY,equities,5min,data/5min/spy_5m.csv
2026-02-19 16:55:00+00:00,684.0599975585938,684.0900268554688,683.4199829101562,683.52001953125,556175,SPY,equities,5min,data/5min/spy_5m.csv
2026-02-19 17:00:00+00:00,683.5250244140625,683.7050170898438,682.8300170898438,683.010009765625,533260,SPY,equities,5min,data/5min/spy_5m.csv
2026-02-19 17:05:00+00:00,683.010009765625,683.5499877929688,682.7000122070312,683.0399780273438,626896,SPY,equities,5min,data/5min/spy_5m.csv
2026-02-19 17:10:00+00:00,683.030029296875,683.6500244140625,682.9400024414062,683.5499877929688,329572,SPY,equities,5min,data/5min/spy_5m.csv
2026-02-19 17:15:00+00:00,683.5499877929688,684.22998046875,683.25,684.135009765625,481123,SPY,equities,5min,data/5min/spy_5m.csv
2026-02-19 17:20:00+00:00,684.1199951171875,684.780029296875,683.9199829101562,684.5,486299,SPY,equities,5min,data/5min/spy_5m.csv
2026-02-19 17:25:00+00:00,684.4749755859375,684.5399780273438,683.7100219726562,683.9299926757812,503767,SPY,equities,5min,data/5min/spy_5m.csv
2026-02-19 17:30:00+00:00,683.9149780273438,684.1400146484375,683.730712890625,683.8665771484375,236982,SPY,equities,5min,data/5min/spy_5m.csv
2026-02-19 17:35:00+00:00,683.8599853515625,684.1300048828125,683.4500122070312,683.7899780273438,329360,SPY,equities,5min,data/5min/spy_5m.csv
2026-02-19 17:40:00+00:00,683.780029296875,684.260009765625,683.6901245117188,683.77001953125,242644,SPY,equities,5min,data/5min/spy_5m.csv
2026-02-19 17:45:00+00:00,683.77001953125,683.8250122070312,682.385009765625,682.7000122070312,641426,SPY,equities,5min,data/5min/spy_5m.csv
2026-02-19 17:50:00+00:00,682.7100219726562,683.2899780273438,682.25,682.6900024414062,808178,SPY,equities,5min,data/5min/spy_5m.csv
2026-02-19 17:55:00+00:00,682.6799926757812,683.1099853515625,682.1300048828125,682.4400024414062,571664,SPY,equities,5min,data/5min/spy_5m.csv
2026-02-19 18:00:00+00:00,682.4199829101562,682.5700073242188,682.0599975585938,682.0700073242188,443257,SPY,equities,5min,data/5min/spy_5m.csv
2026-02-19 18:05:00+00:00,682.0601196289062,682.6900024414062,682.0599975585938,682.6199951171875,558838,SPY,equities,5min,data/5min/spy_5m.csv
2026-02-19 18:10:00+00:00,682.594970703125,683.4199829101562,682.3699951171875,683.27001953125,462494,SPY,equities,5min,data/5min/spy_5m.csv
2026-02-19 18:15:00+00:00,683.260009765625,683.2899780273438,682.010009765625,682.0697021484375,489609,SPY,equities,5min,data/5min/spy_5m.csv
2026-02-19 18:20:00+00:00,682.0399780273438,682.4600219726562,681.5474853515625,682.375,821660,SPY,equities,5min,data/5min/spy_5m.csv
2026-02-19 18:25:00+00:00,682.3599853515625,682.7550048828125,682.010009765625,682.4000244140625,528542,SPY,equities,5min,data/5min/spy_5m.csv
2026-02-19 18:30:00+00:00,682.3400268554688,682.780029296875,682.030029296875,682.1749877929688,424075,SPY,equities,5min,data/5min/spy_5m.csv
2026-02-19 18:35:00+00:00,682.1699829101562,682.5599975585938,682.010009765625,682.5,329489,SPY,equities,5min,data/5min/spy_5m.csv
2026-02-19 18:40:00+00:00,682.47998046875,682.8099975585938,682.219970703125,682.7000122070312,359347,SPY,equities,5min,data/5min/spy_5m.csv
2026-02-19 18:45:00+00:00,682.6799926757812,683.4500122070312,682.6699829101562,683.3400268554688,576233,SPY,equities,5min,data/5min/spy_5m.csv
2026-02-19 18:50:00+00:00,683.3300170898438,683.5499877929688,682.9500122070312,683.280029296875,453305,SPY,equities,5min,data/5min/spy_5m.csv
2026-02-19 18:55:00+00:00,683.280029296875,683.8800048828125,683.0999755859375,683.739990234375,526183,SPY,equities,5min,data/5min/spy_5m.csv
2026-02-19 19:00:00+00:00,683.739990234375,683.8400268554688,683.3900146484375,683.5900268554688,462641,SPY,equities,5min,data/5min/spy_5m.csv
2026-02-19 19:05:00+00:00,683.5599975585938,684.0399780273438,683.4849853515625,683.989990234375,328687,SPY,equities,5min,data/5min/spy_5m.csv
2026-02-19 19:10:00+00:00,683.989990234375,684.02001953125,683.4600219726562,683.6950073242188,462759,SPY,equities,5min,data/5min/spy_5m.csv
2026-02-19 19:15:00+00:00,683.6900024414062,683.9949951171875,683.5900268554688,683.9500122070312,311930,SPY,equities,5min,data/5min/spy_5m.csv
2026-02-19 19:20:00+00:00,683.9400024414062,684.0598754882812,683.64501953125,683.9550170898438,417806,SPY,equities,5min,data/5min/spy_5m.csv
2026-02-19 19:25:00+00:00,683.9550170898438,684.0093994140625,683.0,683.2750244140625,547178,SPY,equities,5min,data/5min/spy_5m.csv
2026-02-19 19:30:00+00:00,683.25,683.5650024414062,683.1500244140625,683.3499755859375,426854,SPY,equities,5min,data/5min/spy_5m.csv
2026-02-19 19:35:00+00:00,683.3460083007812,683.39501953125,682.02001953125,682.0499877929688,664939,SPY,equities,5min,data/5min/spy_5m.csv
2026-02-19 19:40:00+00:00,682.0399780273438,682.5800170898438,681.8800048828125,682.4700927734375,866280,SPY,equities,5min,data/5min/spy_5m.csv
2026-02-19 19:45:00+00:00,682.47998046875,682.6849975585938,682.0900268554688,682.4600219726562,458515,SPY,equities,5min,data/5min/spy_5m.csv
2026-02-19 19:50:00+00:00,682.469970703125,682.9000244140625,682.260009765625,682.4600219726562,537485,SPY,equities,5min,data/5min/spy_5m.csv
2026-02-19 19:55:00+00:00,682.4600219726562,682.8099975585938,682.4201049804688,682.5599975585938,471256,SPY,equities,5min,data/5min/spy_5m.csv
2026-02-19 20:00:00+00:00,682.530029296875,683.489990234375,682.52001953125,683.2899780273438,634110,SPY,equities,5min,data/5min/spy_5m.csv
2026-02-19 20:05:00+00:00,683.260009765625,683.3099975585938,682.9500122070312,683.0399780273438,963794,SPY,equities,5min,data/5min/spy_5m.csv
2026-02-19 20:10:00+00:00,683.0700073242188,683.2999877929688,682.8599853515625,683.1500244140625,519396,SPY,equities,5min,data/5min/spy_5m.csv
2026-02-19 20:15:00+00:00,683.1799926757812,683.25,682.6500244140625,683.239990234375,1013916,SPY,equities,5min,data/5min/spy_5m.csv
2026-02-19 20:20:00+00:00,683.25,683.3599853515625,682.8499755859375,682.9500122070312,863443,SPY,equities,5min,data/5min/spy_5m.csv
2026-02-19 20:25:00+00:00,682.9498901367188,683.0349731445312,682.7899780273438,682.9000244140625,474259,SPY,equities,5min,data/5min/spy_5m.csv
2026-02-19 20:30:00+00:00,682.8900146484375,683.6099853515625,682.8001098632812,683.2949829101562,1047607,SPY,equities,5min,data/5min/spy_5m.csv
2026-02-19 20:35:00+00:00,683.3200073242188,683.489990234375,683.0750122070312,683.2050170898438,582261,SPY,equities,5min,data/5min/spy_5m.csv
2026-02-19 20:40:00+00:00,683.2100219726562,683.4099731445312,682.9099731445312,683.3250122070312,684211,SPY,equities,5min,data/5min/spy_5m.csv
2026-02-19 20:45:00+00:00,683.3300170898438,684.0,683.239990234375,683.8599853515625,1381698,SPY,equities,5min,data/5min/spy_5m.csv
2026-02-19 20:50:00+00:00,683.8499755859375,684.0599975585938,683.5349731445312,683.9500122070312,1262028,SPY,equities,5min,data/5min/spy_5m.csv
2026-02-19 20:55:00+00:00,683.9400024414062,684.5900268554688,683.719970703125,684.510009765625,2690499,SPY,equities,5min,data/5min/spy_5m.csv
2026-02-20 14:30:00+00:00,682.3200073242188,683.469970703125,681.739990234375,683.3200073242188,3783108,SPY,equities,5min,data/5min/spy_5m.csv
2026-02-20 14:35:00+00:00,683.3300170898438,684.530029296875,682.97998046875,683.8599853515625,1579704,SPY,equities,5min,data/5min/spy_5m.csv
2026-02-20 14:40:00+00:00,683.885009765625,685.3499755859375,683.5499877929688,684.739990234375,964977,SPY,equities,5min,data/5min/spy_5m.csv
2026-02-20 14:45:00+00:00,684.77001953125,685.1599731445312,684.010009765625,684.1099853515625,721053,SPY,equities,5min,data/5min/spy_5m.csv
2026-02-20 14:50:00+00:00,684.0999755859375,684.4199829101562,683.4500122070312,684.10498046875,1171201,SPY,equities,5min,data/5min/spy_5m.csv
2026-02-20 14:55:00+00:00,684.1500244140625,685.0399780273438,683.8200073242188,684.8499755859375,931733,SPY,equities,5min,data/5min/spy_5m.csv
2026-02-20 15:00:00+00:00,684.8900146484375,689.4000244140625,684.75,686.9260864257812,3793602,SPY,equities,5min,data/5min/spy_5m.csv
2026-02-20 15:05:00+00:00,686.9400024414062,687.1799926757812,684.5499877929688,687.0900268554688,2321285,SPY,equities,5min,data/5min/spy_5m.csv
2026-02-20 15:10:00+00:00,687.1199951171875,688.0,685.3400268554688,685.4199829101562,1499928,SPY,equities,5min,data/5min/spy_5m.csv
2026-02-20 15:15:00+00:00,685.4400024414062,687.27001953125,684.1900024414062,686.5900268554688,1567062,SPY,equities,5min,data/5min/spy_5m.csv
2026-02-20 15:20:00+00:00,686.5999755859375,687.97998046875,686.4299926757812,687.385009765625,1199997,SPY,equities,5min,data/5min/spy_5m.csv
2026-02-20 15:25:00+00:00,687.3900146484375,688.0800170898438,686.3099975585938,686.7999877929688,946444,SPY,equities,5min,data/5min/spy_5m.csv
2026-02-20 15:30:00+00:00,686.7999877929688,687.3699951171875,685.510009765625,686.0499877929688,1005000,SPY,equities,5min,data/5min/spy_5m.csv
2026-02-20 15:35:00+00:00,686.0700073242188,687.469970703125,685.6400146484375,687.22998046875,830813,SPY,equities,5min,data/5min/spy_5m.csv
2026-02-20 15:40:00+00:00,687.260009765625,688.1799926757812,686.0,688.0499877929688,883168,SPY,equities,5min,data/5min/spy_5m.csv
2026-02-20 15:45:00+00:00,688.0700073242188,688.719970703125,687.3499755859375,688.1599731445312,952959,SPY,equities,5min,data/5min/spy_5m.csv
2026-02-20 15:50:00+00:00,688.1699829101562,689.0599975585938,687.5900268554688,688.8499755859375,1025124,SPY,equities,5min,data/5min/spy_5m.csv
2026-02-20 15:55:00+00:00,688.8400268554688,689.1699829101562,688.5,688.8300170898438,1162963,SPY,equities,5min,data/5min/spy_5m.csv
2026-02-20 16:00:00+00:00,688.8200073242188,689.239990234375,688.3400268554688,688.9099731445312,903901,SPY,equities,5min,data/5min/spy_5m.csv
2026-02-20 16:05:00+00:00,688.9099731445312,688.9099731445312,688.2700805664062,688.3699951171875,570028,SPY,equities,5min,data/5min/spy_5m.csv
2026-02-20 16:10:00+00:00,688.3599853515625,688.8300170898438,687.9500122070312,688.0499877929688,699120,SPY,equities,5min,data/5min/spy_5m.csv
2026-02-20 16:15:00+00:00,688.1199951171875,688.27001953125,687.0,687.6799926757812,2293636,SPY,equities,5min,data/5min/spy_5m.csv
2026-02-20 16:20:00+00:00,687.6599731445312,687.6900024414062,686.6799926757812,686.9600219726562,5225499,SPY,equities,5min,data/5min/spy_5m.csv
2026-02-20 16:25:00+00:00,686.9600219726562,687.030029296875,686.0900268554688,686.1495971679688,1395542,SPY,equities,5min,data/5min/spy_5m.csv
2026-02-20 16:30:00+00:00,686.1300048828125,687.489990234375,685.8900146484375,687.2999877929688,1722209,SPY,equities,5min,data/5min/spy_5m.csv
2026-02-20 16:35:00+00:00,687.2999877929688,688.130126953125,686.739990234375,688.1099853515625,590177,SPY,equities,5min,data/5min/spy_5m.csv
2026-02-20 16:40:00+00:00,688.1199951171875,688.8800048828125,687.8300170898438,688.4600219726562,1684181,SPY,equities,5min,data/5min/spy_5m.csv
2026-02-20 16:45:00+00:00,688.4600219726562,689.0999755859375,688.39501953125,688.989990234375,807351,SPY,equities,5min,data/5min/spy_5m.csv
2026-02-20 16:50:00+00:00,688.989990234375,689.1500244140625,688.4600219726562,688.9199829101562,861926,SPY,equities,5min,data/5min/spy_5m.csv
2026-02-20 16:55:00+00:00,688.9099731445312,689.0599975585938,688.3800048828125,688.5700073242188,696534,SPY,equities,5min,data/5min/spy_5m.csv
2026-02-20 17:00:00+00:00,688.5700073242188,688.8699951171875,687.85498046875,687.8699951171875,673547,SPY,equities,5min,data/5min/spy_5m.csv
2026-02-20 17:05:00+00:00,687.8900146484375,687.9600219726562,687.0399780273438,687.0999755859375,443488,SPY,equities,5min,data/5min/spy_5m.csv
2026-02-20 17:10:00+00:00,687.1099853515625,687.1400146484375,686.0850219726562,686.1099853515625,1356001,SPY,equities,5min,data/5min/spy_5m.csv
2026-02-20 17:15:00+00:00,686.1099853515625,686.1099853515625,684.8699951171875,685.0599975585938,1447347,SPY,equities,5min,data/5min/spy_5m.csv
2026-02-20 17:20:00+00:00,685.0599975585938,685.2999877929688,684.2000122070312,684.22998046875,838001,SPY,equities,5min,data/5min/spy_5m.csv
2026-02-20 17:25:00+00:00,684.239990234375,685.25,684.0800170898438,685.2291870117188,1123568,SPY,equities,5min,data/5min/spy_5m.csv
2026-02-20 17:30:00+00:00,685.2349853515625,686.1149291992188,685.0599975585938,685.760009765625,751787,SPY,equities,5min,data/5min/spy_5m.csv
2026-02-20 17:35:00+00:00,685.77001953125,686.0900268554688,684.9700927734375,685.9199829101562,755130,SPY,equities,5min,data/5min/spy_5m.csv
2026-02-20 17:40:00+00:00,685.9299926757812,686.1799926757812,685.280029296875,686.011474609375,621771,SPY,equities,5min,data/5min/spy_5m.csv
2026-02-20 17:45:00+00:00,686.030029296875,686.9299926757812,685.75,686.8300170898438,772139,SPY,equities,5min,data/5min/spy_5m.csv
2026-02-20 17:50:00+00:00,686.8200073242188,687.6799926757812,686.3900146484375,687.3800048828125,1003813,SPY,equities,5min,data/5min/spy_5m.csv
2026-02-20 17:55:00+00:00,687.3699951171875,687.7100219726562,686.1300048828125,687.47998046875,1023283,SPY,equities,5min,data/5min/spy_5m.csv
2026-02-20 18:00:00+00:00,687.4299926757812,687.7899780273438,686.989990234375,687.0399780273438,797372,SPY,equities,5min,data/5min/spy_5m.csv
2026-02-20 18:05:00+00:00,687.0599975585938,687.7999877929688,686.9199829101562,687.25,438834,SPY,equities,5min,data/5min/spy_5m.csv
2026-02-20 18:10:00+00:00,687.27001953125,687.27001953125,686.6900024414062,687.0999755859375,460657,SPY,equities,5min,data/5min/spy_5m.csv
2026-02-20 18:15:00+00:00,687.0900268554688,687.0999755859375,686.3599853515625,686.7100219726562,340091,SPY,equities,5min,data/5min/spy_5m.csv
2026-02-20 18:20:00+00:00,686.719970703125,687.1699829101562,685.717529296875,686.9229736328125,1200522,SPY,equities,5min,data/5min/spy_5m.csv
2026-02-20 18:25:00+00:00,686.9600219726562,687.0999755859375,686.0499877929688,686.5599975585938,980491,SPY,equities,5min,data/5min/spy_5m.csv
2026-02-20 18:30:00+00:00,686.5399780273438,688.8099975585938,685.760009765625,687.8300170898438,2092301,SPY,equities,5min,data/5min/spy_5m.csv
2026-02-20 18:35:00+00:00,687.8499755859375,688.4600219726562,686.3599853515625,687.760009765625,2666718,SPY,equities,5min,data/5min/spy_5m.csv
2026-02-20 18:40:00+00:00,687.77001953125,689.02001953125,687.72998046875,688.7000122070312,1056693,SPY,equities,5min,data/5min/spy_5m.csv
2026-02-20 18:45:00+00:00,688.7000122070312,690.0599975585938,688.6599731445312,689.0900268554688,1978262,SPY,equities,5min,data/5min/spy_5m.csv
2026-02-20 18:50:00+00:00,689.0999755859375,689.5399780273438,688.27001953125,689.3800048828125,912734,SPY,equities,5min,data/5min/spy_5m.csv
2026-02-20 18:55:00+00:00,689.4099731445312,689.5800170898438,689.0,689.2999877929688,554110,SPY,equities,5min,data/5min/spy_5m.csv
2026-02-20 19:00:00+00:00,689.2999877929688,689.7899780273438,689.22998046875,689.469970703125,786216,SPY,equities,5min,data/5min/spy_5m.csv
2026-02-20 19:05:00+00:00,689.489990234375,689.5,688.8099975585938,689.1099853515625,650437,SPY,equities,5min,data/5min/spy_5m.csv
2026-02-20 19:10:00+00:00,689.1199951171875,689.1699829101562,688.4199829101562,688.52001953125,850160,SPY,equities,5min,data/5min/spy_5m.csv
2026-02-20 19:15:00+00:00,688.52001953125,688.618896484375,688.239990234375,688.4099731445312,411753,SPY,equities,5min,data/5min/spy_5m.csv
2026-02-20 19:20:00+00:00,688.4199829101562,689.0,688.2899780273438,688.7100219726562,618521,SPY,equities,5min,data/5min/spy_5m.csv
2026-02-20 19:25:00+00:00,688.7100219726562,688.8099975585938,688.25,688.5800170898438,618991,SPY,equities,5min,data/5min/spy_5m.csv
2026-02-20 19:30:00+00:00,688.5800170898438,689.1199951171875,688.5599975585938,688.77001953125,496135,SPY,equities,5min,data/5min/spy_5m.csv
2026-02-20 19:35:00+00:00,688.77001953125,688.8800048828125,688.3900146484375,688.4500122070312,383676,SPY,equities,5min,data/5min/spy_5m.csv
2026-02-20 19:40:00+00:00,688.4500122070312,688.6900024414062,687.9600219726562,688.0399780273438,651356,SPY,equities,5min,data/5min/spy_5m.csv
2026-02-20 19:45:00+00:00,688.0499877929688,688.22998046875,687.8099975585938,688.0599975585938,675407,SPY,equities,5min,data/5min/spy_5m.csv
2026-02-20 19:50:00+00:00,688.0499877929688,688.6500244140625,687.969970703125,688.1199951171875,1004037,SPY,equities,5min,data/5min/spy_5m.csv
2026-02-20 19:55:00+00:00,688.1199951171875,688.4099731445312,687.8800048828125,688.0499877929688,366472,SPY,equities,5min,data/5min/spy_5m.csv
2026-02-20 20:00:00+00:00,688.0599975585938,688.8300170898438,688.0050048828125,688.6102905273438,597912,SPY,equities,5min,data/5min/spy_5m.csv
2026-02-20 20:05:00+00:00,688.6099853515625,689.3200073242188,688.5999755859375,689.0399780273438,1230173,SPY,equities,5min,data/5min/spy_5m.csv
2026-02-20 20:10:00+00:00,689.0399780273438,689.1849975585938,688.760009765625,689.1199951171875,686491,SPY,equities,5min,data/5min/spy_5m.csv
2026-02-20 20:15:00+00:00,689.1199951171875,689.1799926757812,688.5399780273438,688.5800170898438,553120,SPY,equities,5min,data/5min/spy_5m.csv
2026-02-20 20:20:00+00:00,688.5999755859375,688.6799926757812,688.280029296875,688.47998046875,628624,SPY,equities,5min,data/5min/spy_5m.csv
2026-02-20 20:25:00+00:00,688.4849853515625,688.5700073242188,688.0999755859375,688.3599853515625,753615,SPY,equities,5min,data/5min/spy_5m.csv
2026-02-20 20:30:00+00:00,688.3599853515625,688.719970703125,688.2999877929688,688.4500122070312,700089,SPY,equities,5min,data/5min/spy_5m.csv
2026-02-20 20:35:00+00:00,688.4600219726562,688.7449951171875,688.27001953125,688.7000122070312,595695,SPY,equities,5min,data/5min/spy_5m.csv
2026-02-20 20:40:00+00:00,688.6900024414062,689.0800170898438,688.5650024414062,689.0798950195312,862818,SPY,equities,5min,data/5min/spy_5m.csv
2026-02-20 20:45:00+00:00,689.0700073242188,689.1199951171875,688.719970703125,688.7349853515625,2327172,SPY,equities,5min,data/5min/spy_5m.csv
2026-02-20 20:50:00+00:00,688.739990234375,688.9949951171875,688.3499755859375,688.8300170898438,1965587,SPY,equities,5min,data/5min/spy_5m.csv
2026-02-20 20:55:00+00:00,688.8400268554688,689.5,688.6300048828125,689.3499755859375,4240243,SPY,equities,5min,data/5min/spy_5m.csv
2026-02-23 14:30:00+00:00,687.8300170898438,689.7598876953125,687.6799926757812,689.3900146484375,3345228,SPY,equities,5min,data/5min/spy_5m.csv
2026-02-23 14:35:00+00:00,689.3699951171875,690.0,688.8900756835938,689.5700073242188,1873508,SPY,equities,5min,data/5min/spy_5m.csv
2026-02-23 14:40:00+00:00,689.5599975585938,689.5700073242188,687.4400024414062,687.5399780273438,2075365,SPY,equities,5min,data/5min/spy_5m.csv
2026-02-23 14:45:00+00:00,687.5499877929688,687.8900146484375,686.760009765625,686.9000244140625,1907581,SPY,equities,5min,data/5min/spy_5m.csv
2026-02-23 14:50:00+00:00,686.9000244140625,688.1400146484375,686.8599853515625,687.1500244140625,1483015,SPY,equities,5min,data/5min/spy_5m.csv
2026-02-23 14:55:00+00:00,687.0800170898438,687.25,686.2999877929688,686.530029296875,1322263,SPY,equities,5min,data/5min/spy_5m.csv
2026-02-23 15:00:00+00:00,686.5,687.22998046875,685.219970703125,685.280029296875,1447051,SPY,equities,5min,data/5min/spy_5m.csv
2026-02-23 15:05:00+00:00,685.280029296875,685.7100219726562,684.6599731445312,684.9299926757812,1621624,SPY,equities,5min,data/5min/spy_5m.csv
2026-02-23 15:10:00+00:00,684.9400024414062,685.6699829101562,684.530029296875,684.77001953125,1490408,SPY,equities,5min,data/5min/spy_5m.csv
2026-02-23 15:15:00+00:00,684.760009765625,685.0399780273438,684.510009765625,684.9550170898438,1333776,SPY,equities,5min,data/5min/spy_5m.csv
2026-02-23 15:20:00+00:00,684.9550170898438,685.5599975585938,684.4212036132812,684.7999877929688,1258621,SPY,equities,5min,data/5min/spy_5m.csv
2026-02-23 15:25:00+00:00,684.8300170898438,684.8599853515625,684.2799072265625,684.510009765625,893982,SPY,equities,5min,data/5min/spy_5m.csv
2026-02-23 15:30:00+00:00,684.5,685.0050048828125,683.969970703125,684.02001953125,1242847,SPY,equities,5min,data/5min/spy_5m.csv
2026-02-23 15:35:00+00:00,684.0250244140625,684.5,683.639892578125,684.0999755859375,1176891,SPY,equities,5min,data/5min/spy_5m.csv
2026-02-23 15:40:00+00:00,684.0900268554688,684.25,683.4099731445312,683.6799926757812,947519,SPY,equities,5min,data/5min/spy_5m.csv
2026-02-23 15:45:00+00:00,683.6699829101562,683.9450073242188,683.3699951171875,683.5549926757812,1027741,SPY,equities,5min,data/5min/spy_5m.csv
2026-02-23 15:50:00+00:00,683.5599975585938,683.8699951171875,682.6699829101562,682.7999877929688,1319706,SPY,equities,5min,data/5min/spy_5m.csv
2026-02-23 15:55:00+00:00,682.7999877929688,682.9149780273438,682.1799926757812,682.260009765625,1378983,SPY,equities,5min,data/5min/spy_5m.csv
2026-02-23 16:00:00+00:00,682.27001953125,682.510009765625,680.85498046875,681.3099975585938,1731113,SPY,equities,5min,data/5min/spy_5m.csv
2026-02-23 16:05:00+00:00,681.3200073242188,681.3980102539062,680.75,680.9199829101562,1354738,SPY,equities,5min,data/5min/spy_5m.csv
2026-02-23 16:10:00+00:00,680.9400024414062,681.4099731445312,680.5800170898438,680.7000122070312,1206548,SPY,equities,5min,data/5min/spy_5m.csv
2026-02-23 16:15:00+00:00,680.6900024414062,681.6199951171875,680.3709716796875,681.5700073242188,1391522,SPY,equities,5min,data/5min/spy_5m.csv
2026-02-23 16:20:00+00:00,681.5599975585938,682.1400146484375,681.4600219726562,681.7899780273438,1415657,SPY,equities,5min,data/5min/spy_5m.csv
2026-02-23 16:25:00+00:00,681.780029296875,682.9099731445312,681.7449951171875,682.8699951171875,1210245,SPY,equities,5min,data/5min/spy_5m.csv
2026-02-23 16:30:00+00:00,682.8800048828125,683.0850219726562,682.510009765625,682.6599731445312,1041052,SPY,equities,5min,data/5min/spy_5m.csv
2026-02-23 16:35:00+00:00,682.6500244140625,682.97998046875,682.4000244140625,682.4849853515625,792069,SPY,equities,5min,data/5min/spy_5m.csv
2026-02-23 16:40:00+00:00,682.469970703125,682.7449951171875,682.2100219726562,682.4000244140625,720949,SPY,equities,5min,data/5min/spy_5m.csv
2026-02-23 16:45:00+00:00,682.39501953125,682.5700073242188,681.780029296875,682.1203002929688,651698,SPY,equities,5min,data/5min/spy_5m.csv
2026-02-23 16:50:00+00:00,682.0999755859375,682.625,681.969970703125,682.1900024414062,693126,SPY,equities,5min,data/5min/spy_5m.csv
2026-02-23 16:55:00+00:00,682.2000122070312,682.3200073242188,681.7899780273438,681.9600219726562,524159,SPY,equities,5min,data/5min/spy_5m.csv
2026-02-23 17:00:00+00:00,681.969970703125,682.4600219726562,681.7899780273438,682.0800170898438,648628,SPY,equities,5min,data/5min/spy_5m.csv
2026-02-23 17:05:00+00:00,682.0499877929688,682.469970703125,681.9299926757812,682.0599975585938,493360,SPY,equities,5min,data/5min/spy_5m.csv
2026-02-23 17:10:00+00:00,682.0399780273438,682.260009765625,681.5900268554688,681.77001953125,370903,SPY,equities,5min,data/5min/spy_5m.csv
2026-02-23 17:15:00+00:00,681.77001953125,682.2650146484375,681.72998046875,681.8201293945312,454714,SPY,equities,5min,data/5min/spy_5m.csv
2026-02-23 17:20:00+00:00,681.8300170898438,682.239990234375,681.739990234375,681.8499755859375,314164,SPY,equities,5min,data/5min/spy_5m.csv
2026-02-23 17:25:00+00:00,681.8499755859375,682.0800170898438,681.6699829101562,681.6900024414062,377878,SPY,equities,5min,data/5min/spy_5m.csv
2026-02-23 17:30:00+00:00,681.7000122070312,681.739990234375,681.27001953125,681.3499755859375,406975,SPY,equities,5min,data/5min/spy_5m.csv
2026-02-23 17:35:00+00:00,681.3499755859375,681.3599853515625,680.6099853515625,680.6199951171875,822318,SPY,equities,5min,data/5min/spy_5m.csv
2026-02-23 17:40:00+00:00,680.6300048828125,681.7000122070312,680.5900268554688,681.1599731445312,1036823,SPY,equities,5min,data/5min/spy_5m.csv
2026-02-23 17:45:00+00:00,681.1599731445312,681.5349731445312,680.97998046875,681.1099853515625,598001,SPY,equities,5min,data/5min/spy_5m.csv
2026-02-23 17:50:00+00:00,681.0999755859375,682.1699829101562,681.0700073242188,681.9550170898438,579348,SPY,equities,5min,data/5min/spy_5m.csv
2026-02-23 17:55:00+00:00,681.9550170898438,682.3499755859375,681.7899780273438,682.0449829101562,705685,SPY,equities,5min,data/5min/spy_5m.csv
2026-02-23 18:00:00+00:00,682.0399780273438,682.5089721679688,681.9400024414062,682.4199829101562,478052,SPY,equities,5min,data/5min/spy_5m.csv
2026-02-23 18:05:00+00:00,682.4099731445312,682.9000244140625,682.3599853515625,682.8800048828125,613515,SPY,equities,5min,data/5min/spy_5m.csv
2026-02-23 18:10:00+00:00,682.8699951171875,683.1900024414062,682.6400146484375,683.0800170898438,600757,SPY,equities,5min,data/5min/spy_5m.csv
2026-02-23 18:15:00+00:00,683.0900268554688,683.4099731445312,682.97998046875,683.1400146484375,604174,SPY,equities,5min,data/5min/spy_5m.csv
2026-02-23 18:20:00+00:00,683.1500244140625,683.7899780273438,683.0700073242188,683.739990234375,614536,SPY,equities,5min,data/5min/spy_5m.csv
2026-02-23 18:25:00+00:00,683.719970703125,683.9500122070312,683.5700073242188,683.8098754882812,613984,SPY,equities,5min,data/5min/spy_5m.csv
2026-02-23 18:30:00+00:00,683.8099975585938,683.8200073242188,683.4199829101562,683.7000122070312,491024,SPY,equities,5min,data/5min/spy_5m.csv
2026-02-23 18:35:00+00:00,683.7100219726562,683.9099731445312,683.3699951171875,683.385009765625,612092,SPY,equities,5min,data/5min/spy_5m.csv
2026-02-23 18:40:00+00:00,683.4000244140625,683.5399780273438,682.85498046875,683.0250244140625,464116,SPY,equities,5min,data/5min/spy_5m.csv
2026-02-23 18:45:00+00:00,683.030029296875,683.4000244140625,682.8200073242188,683.2150268554688,542588,SPY,equities,5min,data/5min/spy_5m.csv
2026-02-23 18:50:00+00:00,683.219970703125,683.280029296875,682.489990234375,682.52001953125,452630,SPY,equities,5min,data/5min/spy_5m.csv
2026-02-23 18:55:00+00:00,682.510009765625,682.5999755859375,681.8699951171875,682.010009765625,717720,SPY,equities,5min,data/5min/spy_5m.csv
2026-02-23 19:00:00+00:00,682.02001953125,682.280029296875,681.7520141601562,681.8099975585938,760028,SPY,equities,5min,data/5min/spy_5m.csv
2026-02-23 19:05:00+00:00,681.8099975585938,682.135009765625,681.72998046875,681.9000854492188,601216,SPY,equities,5min,data/5min/spy_5m.csv
2026-02-23 19:10:00+00:00,681.9099731445312,682.1500244140625,681.6950073242188,681.8599853515625,705011,SPY,equities,5min,data/5min/spy_5m.csv
2026-02-23 19:15:00+00:00,681.8599853515625,682.0850219726562,681.6099853515625,681.760009765625,466009,SPY,equities,5min,data/5min/spy_5m.csv
2026-02-23 19:20:00+00:00,681.75,681.905029296875,681.5499877929688,681.7449951171875,640791,SPY,equities,5min,data/5min/spy_5m.csv
2026-02-23 19:25:00+00:00,681.7449951171875,681.8800048828125,681.1699829101562,681.27001953125,1034955,SPY,equities,5min,data/5min/spy_5m.csv
2026-02-23 19:30:00+00:00,681.2550048828125,681.6599731445312,681.219970703125,681.3099975585938,553337,SPY,equities,5min,data/5min/spy_5m.csv
2026-02-23 19:35:00+00:00,681.2999877929688,681.3200073242188,680.9500122070312,681.1300048828125,548773,SPY,equities,5min,data/5min/spy_5m.csv
2026-02-23 19:40:00+00:00,681.1400146484375,681.1599731445312,680.5399780273438,680.8599853515625,631225,SPY,equities,5min,data/5min/spy_5m.csv
2026-02-23 19:45:00+00:00,680.8599853515625,681.5,680.77001953125,681.3699951171875,859241,SPY,equities,5min,data/5min/spy_5m.csv
2026-02-23 19:50:00+00:00,681.3599853515625,681.4600219726562,681.0899047851562,681.1599731445312,576541,SPY,equities,5min,data/5min/spy_5m.csv
2026-02-23 19:55:00+00:00,681.1500244140625,681.530029296875,680.9500122070312,681.0599975585938,710426,SPY,equities,5min,data/5min/spy_5m.csv
2026-02-23 20:00:00+00:00,681.0599975585938,681.4299926757812,680.97998046875,681.2000122070312,611179,SPY,equities,5min,data/5min/spy_5m.csv
2026-02-23 20:05:00+00:00,681.2000122070312,681.3400268554688,680.8099975585938,680.9000244140625,1116611,SPY,equities,5min,data/5min/spy_5m.csv
2026-02-23 20:10:00+00:00,680.905029296875,681.02001953125,680.6500244140625,680.719970703125,771871,SPY,equities,5min,data/5min/spy_5m.csv
2026-02-23 20:15:00+00:00,680.719970703125,681.1900024414062,680.7150268554688,680.9749755859375,638030,SPY,equities,5min,data/5min/spy_5m.csv
2026-02-23 20:20:00+00:00,680.969970703125,681.0999755859375,680.760009765625,681.0999755859375,480499,SPY,equities,5min,data/5min/spy_5m.csv
2026-02-23 20:25:00+00:00,681.0900268554688,681.52001953125,681.030029296875,681.3499755859375,856541,SPY,equities,5min,data/5min/spy_5m.csv
2026-02-23 20:30:00+00:00,681.3400268554688,682.25,681.2999877929688,682.08349609375,2097732,SPY,equities,5min,data/5min/spy_5m.csv
2026-02-23 20:35:00+00:00,682.0800170898438,682.0800170898438,681.489990234375,681.625,952665,SPY,equities,5min,data/5min/spy_5m.csv
2026-02-23 20:40:00+00:00,681.6199951171875,681.780029296875,681.1400146484375,681.655029296875,833495,SPY,equities,5min,data/5min/spy_5m.csv
2026-02-23 20:45:00+00:00,681.655029296875,681.989990234375,681.35498046875,681.9329833984375,1725089,SPY,equities,5min,data/5min/spy_5m.csv
2026-02-23 20:50:00+00:00,681.9400024414062,682.25,680.9600219726562,681.0599975585938,4555936,SPY,equities,5min,data/5min/spy_5m.csv
2026-02-23 20:55:00+00:00,681.0549926757812,682.469970703125,680.9000244140625,682.4099731445312,5574714,SPY,equities,5min,data/5min/spy_5m.csv
2026-02-24 14:30:00+00:00,681.9000244140625,682.217529296875,680.5499877929688,680.7899780273438,3614177,SPY,equities,5min,data/5min/spy_5m.csv
2026-02-24 14:35:00+00:00,680.780029296875,682.530029296875,680.0,682.2789916992188,2206600,SPY,equities,5min,data/5min/spy_5m.csv
2026-02-24 14:40:00+00:00,682.27001953125,684.3800048828125,682.1900024414062,684.3200073242188,1753819,SPY,equities,5min,data/5min/spy_5m.csv
2026-02-24 14:45:00+00:00,684.3400268554688,685.4600219726562,684.02001953125,684.8699951171875,1929663,SPY,equities,5min,data/5min/spy_5m.csv
2026-02-24 14:50:00+00:00,684.8800048828125,684.969970703125,683.9299926757812,684.1199951171875,1320953,SPY,equities,5min,data/5min/spy_5m.csv
2026-02-24 14:55:00+00:00,684.1199951171875,684.1300048828125,682.7999877929688,683.1500244140625,1490247,SPY,equities,5min,data/5min/spy_5m.csv
2026-02-24 15:00:00+00:00,683.1799926757812,683.3099975585938,682.030029296875,682.6900024414062,1141100,SPY,equities,5min,data/5min/spy_5m.csv
2026-02-24 15:05:00+00:00,682.6599731445312,684.02001953125,682.6099853515625,683.9000244140625,1189015,SPY,equities,5min,data/5min/spy_5m.csv
2026-02-24 15:10:00+00:00,683.8699951171875,684.22998046875,682.969970703125,683.239990234375,1056459,SPY,equities,5min,data/5min/spy_5m.csv
2026-02-24 15:15:00+00:00,683.2100219726562,684.3599853515625,683.0,684.1500244140625,808245,SPY,equities,5min,data/5min/spy_5m.csv
2026-02-24 15:20:00+00:00,684.1500244140625,685.2100219726562,684.0399780273438,685.1699829101562,1195647,SPY,equities,5min,data/5min/spy_5m.csv
2026-02-24 15:25:00+00:00,685.1799926757812,686.3900146484375,684.9401245117188,686.3350219726562,1510007,SPY,equities,5min,data/5min/spy_5m.csv
2026-02-24 15:30:00+00:00,686.3200073242188,686.5120239257812,685.9349975585938,686.1400146484375,1343418,SPY,equities,5min,data/5min/spy_5m.csv
2026-02-24 15:35:00+00:00,686.1400146484375,686.1749877929688,685.6400146484375,685.905029296875,961386,SPY,equities,5min,data/5min/spy_5m.csv
2026-02-24 15:40:00+00:00,685.9000244140625,686.5449829101562,685.77001953125,686.2700805664062,588842,SPY,equities,5min,data/5min/spy_5m.csv
2026-02-24 15:45:00+00:00,686.280029296875,686.3099975585938,685.7999877929688,686.0449829101562,791918,SPY,equities,5min,data/5min/spy_5m.csv
2026-02-24 15:50:00+00:00,686.02001953125,686.0399780273438,685.4500122070312,685.614990234375,625508,SPY,equities,5min,data/5min/spy_5m.csv
2026-02-24 15:55:00+00:00,685.60498046875,685.8099975585938,685.1799926757812,685.3699951171875,866822,SPY,equities,5min,data/5min/spy_5m.csv
2026-02-24 16:00:00+00:00,685.3699951171875,686.1500244140625,685.2921142578125,686.0507202148438,706937,SPY,equities,5min,data/5min/spy_5m.csv
2026-02-24 16:05:00+00:00,686.0599975585938,686.3200073242188,685.8499755859375,686.1500244140625,616515,SPY,equities,5min,data/5min/spy_5m.csv
2026-02-24 16:10:00+00:00,686.1300048828125,686.8699951171875,685.9299926757812,686.5999755859375,886993,SPY,equities,5min,data/5min/spy_5m.csv
2026-02-24 16:15:00+00:00,686.5900268554688,686.7449951171875,686.02001953125,686.2100219726562,599871,SPY,equities,5min,data/5min/spy_5m.csv
2026-02-24 16:20:00+00:00,686.2100219726562,686.219970703125,685.7849731445312,685.989990234375,634671,SPY,equities,5min,data/5min/spy_5m.csv
2026-02-24 16:25:00+00:00,686.010009765625,686.2349853515625,685.89501953125,686.0900268554688,292551,SPY,equities,5min,data/5min/spy_5m.csv
2026-02-24 16:30:00+00:00,686.0999755859375,686.1300048828125,685.1500244140625,685.27001953125,605037,SPY,equities,5min,data/5min/spy_5m.csv
2026-02-24 16:35:00+00:00,685.27001953125,685.8400268554688,685.219970703125,685.739990234375,623664,SPY,equities,5min,data/5min/spy_5m.csv
2026-02-24 16:40:00+00:00,685.72998046875,686.1500244140625,685.4600219726562,685.5806274414062,566225,SPY,equities,5min,data/5min/spy_5m.csv
2026-02-24 16:45:00+00:00,685.5700073242188,686.0700073242188,685.52001953125,685.875,345192,SPY,equities,5min,data/5min/spy_5m.csv
2026-02-24 16:50:00+00:00,685.8699951171875,686.530029296875,685.7050170898438,686.4199829101562,528940,SPY,equities,5min,data/5min/spy_5m.csv
2026-02-24 16:55:00+00:00,686.4249877929688,686.7000122070312,686.280029296875,686.469970703125,542491,SPY,equities,5min,data/5min/spy_5m.csv
2026-02-24 17:00:00+00:00,686.4600219726562,686.8200073242188,686.4000244140625,686.5700073242188,508007,SPY,equities,5min,data/5min/spy_5m.csv
2026-02-24 17:05:00+00:00,686.5800170898438,687.0499877929688,686.5800170898438,687.02001953125,414156,SPY,equities,5min,data/5min/spy_5m.csv
2026-02-24 17:10:00+00:00,687.030029296875,687.5499877929688,687.030029296875,687.25,1049472,SPY,equities,5min,data/5min/spy_5m.csv
2026-02-24 17:15:00+00:00,687.239990234375,687.5999755859375,687.1599731445312,687.3200073242188,640704,SPY,equities,5min,data/5min/spy_5m.csv
2026-02-24 17:20:00+00:00,687.3200073242188,687.5599975585938,687.3200073242188,687.4500122070312,483290,SPY,equities,5min,data/5min/spy_5m.csv
2026-02-24 17:25:00+00:00,687.4600219726562,687.7999877929688,687.4249877929688,687.5300903320312,462735,SPY,equities,5min,data/5min/spy_5m.csv
2026-02-24 17:30:00+00:00,687.530029296875,687.6400146484375,687.3300170898438,687.4401245117188,403020,SPY,equities,5min,data/5min/spy_5m.csv
2026-02-24 17:35:00+00:00,687.4500122070312,687.5050048828125,687.2835083007812,687.405029296875,441120,SPY,equities,5min,data/5min/spy_5m.csv
2026-02-24 17:40:00+00:00,687.405029296875,687.47998046875,687.1199951171875,687.1599731445312,432365,SPY,equities,5min,data/5min/spy_5m.csv
2026-02-24 17:45:00+00:00,687.1599731445312,687.5999755859375,686.9619750976562,687.510009765625,475855,SPY,equities,5min,data/5min/spy_5m.csv
2026-02-24 17:50:00+00:00,687.510009765625,687.6599731445312,687.3314208984375,687.386474609375,310963,SPY,equities,5min,data/5min/spy_5m.csv
2026-02-24 17:55:00+00:00,687.3800048828125,687.4940185546875,687.239990234375,687.3699951171875,248139,SPY,equities,5min,data/5min/spy_5m.csv
2026-02-24 18:00:00+00:00,687.3599853515625,688.0999755859375,687.3099975585938,687.9600219726562,389036,SPY,equities,5min,data/5min/spy_5m.csv
2026-02-24 18:05:00+00:00,687.9600219726562,687.9600219726562,687.5399780273438,687.5650024414062,406168,SPY,equities,5min,data/5min/spy_5m.csv
2026-02-24 18:10:00+00:00,687.5650024414062,687.6599731445312,687.3900146484375,687.4899291992188,357714,SPY,equities,5min,data/5min/spy_5m.csv
2026-02-24 18:15:00+00:00,687.4749755859375,687.510009765625,687.25,687.2899780273438,227674,SPY,equities,5min,data/5min/spy_5m.csv
2026-02-24 18:20:00+00:00,687.2899780273438,687.3800048828125,687.0700073242188,687.094970703125,384304,SPY,equities,5min,data/5min/spy_5m.csv
2026-02-24 18:25:00+00:00,687.0999755859375,687.2249755859375,686.9400024414062,687.030029296875,343785,SPY,equities,5min,data/5min/spy_5m.csv
2026-02-24 18:30:00+00:00,687.0399780273438,687.3400268554688,686.905029296875,687.22998046875,486832,SPY,equities,5min,data/5min/spy_5m.csv
2026-02-24 18:35:00+00:00,687.2100219726562,687.75,687.0800170898438,687.6900024414062,572347,SPY,equities,5min,data/5min/spy_5m.csv
2026-02-24 18:40:00+00:00,687.6799926757812,687.8300170898438,687.5399780273438,687.72998046875,437428,SPY,equities,5min,data/5min/spy_5m.csv
2026-02-24 18:45:00+00:00,687.739990234375,687.875,687.4600219726562,687.64501953125,347405,SPY,equities,5min,data/5min/spy_5m.csv
2026-02-24 18:50:00+00:00,687.6400146484375,687.8400268554688,687.6400146484375,687.719970703125,270084,SPY,equities,5min,data/5min/spy_5m.csv
2026-02-24 18:55:00+00:00,687.739990234375,687.8099975585938,687.4500122070312,687.4598999023438,334911,SPY,equities,5min,data/5min/spy_5m.csv
2026-02-24 19:00:00+00:00,687.4500122070312,687.5999755859375,687.3599853515625,687.4000244140625,737915,SPY,equities,5min,data/5min/spy_5m.csv
2026-02-24 19:05:00+00:00,687.4000244140625,687.469970703125,687.1500244140625,687.239990234375,528071,SPY,equities,5min,data/5min/spy_5m.csv
2026-02-24 19:10:00+00:00,687.239990234375,687.3400268554688,686.7000122070312,687.1799926757812,570154,SPY,equities,5min,data/5min/spy_5m.csv
2026-02-24 19:15:00+00:00,687.1699829101562,687.1900024414062,686.6500244140625,686.8900146484375,689648,SPY,equities,5min,data/5min/spy_5m.csv
2026-02-24 19:20:00+00:00,686.8800048828125,686.9799194335938,686.6500244140625,686.7899780273438,414257,SPY,equities,5min,data/5min/spy_5m.csv
2026-02-24 19:25:00+00:00,686.780029296875,687.0900268554688,686.6950073242188,686.8900146484375,858367,SPY,equities,5min,data/5min/spy_5m.csv
2026-02-24 19:30:00+00:00,686.8900146484375,687.1199951171875,686.8300170898438,686.8712158203125,374914,SPY,equities,5min,data/5min/spy_5m.csv
2026-02-24 19:35:00+00:00,686.8800048828125,687.030029296875,686.780029296875,687.0050048828125,347162,SPY,equities,5min,data/5min/spy_5m.csv
2026-02-24 19:40:00+00:00,687.0,687.3400268554688,686.9400024414062,687.1799926757812,388229,SPY,equities,5min,data/5min/spy_5m.csv
2026-02-24 19:45:00+00:00,687.2000122070312,687.344970703125,687.0050048828125,687.1849975585938,370264,SPY,equities,5min,data/5min/spy_5m.csv
2026-02-24 19:50:00+00:00,687.1900024414062,687.6900024414062,687.1699829101562,687.2100219726562,668731,SPY,equities,5min,data/5min/spy_5m.csv
2026-02-24 19:55:00+00:00,687.2100219726562,687.3300170898438,687.0850219726562,687.135009765625,540333,SPY,equities,5min,data/5min/spy_5m.csv
2026-02-24 20:00:00+00:00,687.135009765625,687.3400268554688,686.9600219726562,687.0499877929688,432132,SPY,equities,5min,data/5min/spy_5m.csv
2026-02-24 20:05:00+00:00,687.0599975585938,687.1400146484375,686.760009765625,686.8510131835938,472781,SPY,equities,5min,data/5min/spy_5m.csv
2026-02-24 20:10:00+00:00,686.8400268554688,686.9000244140625,686.5700073242188,686.6900024414062,465328,SPY,equities,5min,data/5min/spy_5m.csv
2026-02-24 20:15:00+00:00,686.6849975585938,686.9000244140625,686.4600219726562,686.8800048828125,758561,SPY,equities,5min,data/5min/spy_5m.csv
2026-02-24 20:20:00+00:00,686.8599853515625,687.0999755859375,686.75,686.8200073242188,677847,SPY,equities,5min,data/5min/spy_5m.csv
2026-02-24 20:25:00+00:00,686.7999877929688,686.989990234375,686.5,686.5399780273438,646483,SPY,equities,5min,data/5min/spy_5m.csv
2026-02-24 20:30:00+00:00,686.530029296875,687.1199951171875,686.5100708007812,687.0,674392,SPY,equities,5min,data/5min/spy_5m.csv
2026-02-24 20:35:00+00:00,686.989990234375,687.0800170898438,686.75,686.7899780273438,837007,SPY,equities,5min,data/5min/spy_5m.csv
2026-02-24 20:40:00+00:00,686.7899780273438,687.25,686.739990234375,687.2100219726562,700192,SPY,equities,5min,data/5min/spy_5m.csv
2026-02-24 20:45:00+00:00,687.2000122070312,687.64501953125,687.1699829101562,687.5098876953125,1631737,SPY,equities,5min,data/5min/spy_5m.csv
2026-02-24 20:50:00+00:00,687.510009765625,688.3499755859375,687.4099731445312,687.8800048828125,4128202,SPY,equities,5min,data/5min/spy_5m.csv
2026-02-24 20:55:00+00:00,687.8699951171875,687.8699951171875,687.239990234375,687.375,4607812,SPY,equities,5min,data/5min/spy_5m.csv
2026-02-25 14:30:00+00:00,690.1799926757812,691.239990234375,690.0999755859375,690.8400268554688,2775530,SPY,equities,5min,data/5min/spy_5m.csv
2026-02-25 14:35:00+00:00,690.8300170898438,691.4099731445312,690.72998046875,691.1500244140625,1102707,SPY,equities,5min,data/5min/spy_5m.csv
2026-02-25 14:40:00+00:00,691.1400146484375,691.3250122070312,690.6199951171875,690.9199829101562,986511,SPY,equities,5min,data/5min/spy_5m.csv
2026-02-25 14:45:00+00:00,690.9099731445312,691.8699951171875,690.9099731445312,691.6699829101562,999436,SPY,equities,5min,data/5min/spy_5m.csv
2026-02-25 14:50:00+00:00,691.6799926757812,691.989990234375,691.280029296875,691.39501953125,973263,SPY,equities,5min,data/5min/spy_5m.csv
2026-02-25 14:55:00+00:00,691.4000244140625,691.4949951171875,690.8400268554688,691.3200073242188,1007664,SPY,equities,5min,data/5min/spy_5m.csv
2026-02-25 15:00:00+00:00,691.3200073242188,691.5800170898438,690.9199829101562,690.9400024414062,667253,SPY,equities,5min,data/5min/spy_5m.csv
2026-02-25 15:05:00+00:00,690.9600219726562,691.04248046875,690.3699951171875,690.5999755859375,1057968,SPY,equities,5min,data/5min/spy_5m.csv
2026-02-25 15:10:00+00:00,690.5900268554688,690.8499755859375,690.3250122070312,690.4998779296875,654213,SPY,equities,5min,data/5min/spy_5m.csv
2026-02-25 15:15:00+00:00,690.489990234375,690.7880249023438,690.25,690.613525390625,472980,SPY,equities,5min,data/5min/spy_5m.csv
2026-02-25 15:20:00+00:00,690.614990234375,690.9199829101562,690.260009765625,690.7114868164062,610545,SPY,equities,5min,data/5min/spy_5m.csv
2026-02-25 15:25:00+00:00,690.7100219726562,691.219970703125,690.60498046875,691.1500244140625,539681,SPY,equities,5min,data/5min/spy_5m.csv
2026-02-25 15:30:00+00:00,691.14501953125,691.3499755859375,690.3599853515625,690.4099731445312,572696,SPY,equities,5min,data/5min/spy_5m.csv
2026-02-25 15:35:00+00:00,690.4199829101562,690.5399780273438,690.2100219726562,690.3699951171875,469540,SPY,equities,5min,data/5min/spy_5m.csv
2026-02-25 15:40:00+00:00,690.3699951171875,690.760009765625,690.3400268554688,690.5399780273438,427779,SPY,equities,5min,data/5min/spy_5m.csv
2026-02-25 15:45:00+00:00,690.5499877929688,690.8499755859375,690.4299926757812,690.489990234375,374719,SPY,equities,5min,data/5min/spy_5m.csv
2026-02-25 15:50:00+00:00,690.510009765625,690.780029296875,690.3599853515625,690.4849853515625,354145,SPY,equities,5min,data/5min/spy_5m.csv
2026-02-25 15:55:00+00:00,690.47998046875,690.8800048828125,690.1701049804688,690.8400268554688,349084,SPY,equities,5min,data/5min/spy_5m.csv
2026-02-25 16:00:00+00:00,690.8300170898438,691.1900024414062,690.780029296875,690.9400024414062,425769,SPY,equities,5min,data/5min/spy_5m.csv
2026-02-25 16:05:00+00:00,690.9199829101562,691.280029296875,690.7899780273438,691.27001953125,419216,SPY,equities,5min,data/5min/spy_5m.csv
2026-02-25 16:10:00+00:00,691.280029296875,691.4099731445312,691.0700073242188,691.1458740234375,456168,SPY,equities,5min,data/5min/spy_5m.csv
2026-02-25 16:15:00+00:00,691.1300048828125,691.1500244140625,690.6900024414062,690.8200073242188,382475,SPY,equities,5min,data/5min/spy_5m.csv
2026-02-25 16:20:00+00:00,690.8262939453125,691.1500244140625,690.6900024414062,691.0999755859375,370868,SPY,equities,5min,data/5min/spy_5m.csv
2026-02-25 16:25:00+00:00,691.0900268554688,691.5800170898438,691.0800170898438,691.469970703125,590815,SPY,equities,5min,data/5min/spy_5m.csv
2026-02-25 16:30:00+00:00,691.47998046875,691.8400268554688,691.4400024414062,691.5,624873,SPY,equities,5min,data/5min/spy_5m.csv
2026-02-25 16:35:00+00:00,691.47998046875,691.7000122070312,691.4000244140625,691.6599731445312,561185,SPY,equities,5min,data/5min/spy_5m.csv
2026-02-25 16:40:00+00:00,691.6599731445312,691.97998046875,691.6300048828125,691.89501953125,510032,SPY,equities,5min,data/5min/spy_5m.csv
2026-02-25 16:45:00+00:00,691.9099731445312,692.3900146484375,691.8900146484375,692.2100219726562,588276,SPY,equities,5min,data/5min/spy_5m.csv
2026-02-25 16:50:00+00:00,692.2100219726562,692.35498046875,692.0599975585938,692.0900268554688,558865,SPY,equities,5min,data/5min/spy_5m.csv
2026-02-25 16:55:00+00:00,692.094970703125,692.1599731445312,691.969970703125,692.0399780273438,420450,SPY,equities,5min,data/5min/spy_5m.csv
2026-02-25 17:00:00+00:00,692.0399780273438,692.3099975585938,691.969970703125,692.1900024414062,361202,SPY,equities,5min,data/5min/spy_5m.csv
2026-02-25 17:05:00+00:00,692.1900024414062,692.2999877929688,691.7999877929688,692.0900268554688,425714,SPY,equities,5min,data/5min/spy_5m.csv
2026-02-25 17:10:00+00:00,692.0897827148438,692.3300170898438,692.0599975585938,692.2999877929688,287764,SPY,equities,5min,data/5min/spy_5m.csv
2026-02-25 17:15:00+00:00,692.2999877929688,692.3499755859375,692.2100219726562,692.2901000976562,320599,SPY,equities,5min,data/5min/spy_5m.csv
2026-02-25 17:20:00+00:00,692.2899780273438,692.3200073242188,692.1799926757812,692.2650146484375,350170,SPY,equities,5min,data/5min/spy_5m.csv
2026-02-25 17:25:00+00:00,692.260009765625,692.2999877929688,691.9400024414062,691.969970703125,468995,SPY,equities,5min,data/5min/spy_5m.csv
2026-02-25 17:30:00+00:00,691.969970703125,692.1599731445312,691.8400268554688,692.0482788085938,382181,SPY,equities,5min,data/5min/spy_5m.csv
2026-02-25 17:35:00+00:00,692.0449829101562,692.3049926757812,692.0200805664062,692.219970703125,277678,SPY,equities,5min,data/5min/spy_5m.csv
2026-02-25 17:40:00+00:00,692.22998046875,692.4600219726562,692.2100219726562,692.3200073242188,461333,SPY,equities,5min,data/5min/spy_5m.csv
2026-02-25 17:45:00+00:00,692.3400268554688,692.52001953125,692.239990234375,692.3099975585938,504710,SPY,equities,5min,data/5min/spy_5m.csv
2026-02-25 17:50:00+00:00,692.2999877929688,692.5700073242188,692.25,692.4801025390625,357186,SPY,equities,5min,data/5min/spy_5m.csv
2026-02-25 17:55:00+00:00,692.489990234375,692.5499877929688,692.4299926757812,692.5499877929688,235639,SPY,equities,5min,data/5min/spy_5m.csv
2026-02-25 18:00:00+00:00,692.5499877929688,692.6900024414062,692.4600219726562,692.5,465401,SPY,equities,5min,data/5min/spy_5m.csv
2026-02-25 18:05:00+00:00,692.5,692.5399780273438,692.4199829101562,692.47998046875,367484,SPY,equities,5min,data/5min/spy_5m.csv
2026-02-25 18:10:00+00:00,692.5,692.6400146484375,692.4500122070312,692.489990234375,512953,SPY,equities,5min,data/5min/spy_5m.csv
2026-02-25 18:15:00+00:00,692.489990234375,692.489990234375,692.3099975585938,692.3800048828125,623495,SPY,equities,5min,data/5min/spy_5m.csv
2026-02-25 18:20:00+00:00,692.3800048828125,692.4099731445312,692.27001953125,692.2750244140625,425102,SPY,equities,5min,data/5min/spy_5m.csv
2026-02-25 18:25:00+00:00,692.280029296875,692.3599853515625,692.2050170898438,692.3099975585938,300485,SPY,equities,5min,data/5min/spy_5m.csv
2026-02-25 18:30:00+00:00,692.3099975585938,692.4799194335938,692.2899780273438,692.3099975585938,383880,SPY,equities,5min,data/5min/spy_5m.csv
2026-02-25 18:35:00+00:00,692.3150024414062,692.3499755859375,692.2100219726562,692.3099975585938,304886,SPY,equities,5min,data/5min/spy_5m.csv
2026-02-25 18:40:00+00:00,692.3099975585938,692.6199951171875,692.2899780273438,692.5499877929688,393005,SPY,equities,5min,data/5min/spy_5m.csv
2026-02-25 18:45:00+00:00,692.5499877929688,692.5900268554688,692.469970703125,692.5399780273438,250014,SPY,equities,5min,data/5min/spy_5m.csv
2026-02-25 18:50:00+00:00,692.5499877929688,692.6900024414062,692.530029296875,692.5900268554688,280588,SPY,equities,5min,data/5min/spy_5m.csv
2026-02-25 18:55:00+00:00,692.5900268554688,692.6099853515625,692.4400024414062,692.489990234375,395559,SPY,equities,5min,data/5min/spy_5m.csv
2026-02-25 19:00:00+00:00,692.489990234375,692.8699951171875,692.47998046875,692.760009765625,573648,SPY,equities,5min,data/5min/spy_5m.csv
2026-02-25 19:05:00+00:00,692.77001953125,692.97998046875,692.6699829101562,692.9299926757812,849324,SPY,equities,5min,data/5min/spy_5m.csv
2026-02-25 19:10:00+00:00,692.9299926757812,693.0050048828125,692.8499755859375,692.8499755859375,468451,SPY,equities,5min,data/5min/spy_5m.csv
2026-02-25 19:15:00+00:00,692.8599853515625,693.0700073242188,692.7650146484375,693.02001953125,459670,SPY,equities,5min,data/5min/spy_5m.csv
2026-02-25 19:20:00+00:00,693.02001953125,693.0800170898438,692.864990234375,692.9000244140625,471894,SPY,equities,5min,data/5min/spy_5m.csv
2026-02-25 19:25:00+00:00,692.9099731445312,692.9500122070312,692.8400268554688,692.8699951171875,383309,SPY,equities,5min,data/5min/spy_5m.csv
2026-02-25 19:30:00+00:00,692.8599853515625,693.2199096679688,692.8499755859375,693.2000122070312,419097,SPY,equities,5min,data/5min/spy_5m.csv
2026-02-25 19:35:00+00:00,693.2000122070312,693.3200073242188,693.1599731445312,693.239990234375,562717,SPY,equities,5min,data/5min/spy_5m.csv
2026-02-25 19:40:00+00:00,693.22998046875,693.3049926757812,693.0700073242188,693.0800170898438,389775,SPY,equities,5min,data/5min/spy_5m.csv
2026-02-25 19:45:00+00:00,693.0850219726562,693.280029296875,693.0499877929688,693.2000122070312,373564,SPY,equities,5min,data/5min/spy_5m.csv
2026-02-25 19:50:00+00:00,693.2050170898438,693.239990234375,693.1099853515625,693.14501953125,441498,SPY,equities,5min,data/5min/spy_5m.csv
2026-02-25 19:55:00+00:00,693.1500244140625,693.22998046875,693.0599975585938,693.0850219726562,426307,SPY,equities,5min,data/5min/spy_5m.csv
2026-02-25 20:00:00+00:00,693.0850219726562,693.3300170898438,693.0700073242188,693.10498046875,667421,SPY,equities,5min,data/5min/spy_5m.csv
2026-02-25 20:05:00+00:00,693.10498046875,693.2100219726562,693.0900268554688,693.125,525492,SPY,equities,5min,data/5min/spy_5m.csv
2026-02-25 20:10:00+00:00,693.1300048828125,693.1500244140625,692.9700927734375,693.0750122070312,443202,SPY,equities,5min,data/5min/spy_5m.csv
2026-02-25 20:15:00+00:00,693.0800170898438,693.1900024414062,693.02001953125,693.1099853515625,1099758,SPY,equities,5min,data/5min/spy_5m.csv
2026-02-25 20:20:00+00:00,693.10498046875,693.1199951171875,692.8099975585938,692.9500122070312,653426,SPY,equities,5min,data/5min/spy_5m.csv
2026-02-25 20:25:00+00:00,692.9600219726562,693.0798950195312,692.9099731445312,692.9199829101562,558514,SPY,equities,5min,data/5min/spy_5m.csv
2026-02-25 20:30:00+00:00,692.9199829101562,692.97998046875,692.739990234375,692.8599853515625,840035,SPY,equities,5min,data/5min/spy_5m.csv
2026-02-25 20:35:00+00:00,692.8599853515625,693.1900024414062,692.7999877929688,693.1500244140625,737748,SPY,equities,5min,data/5min/spy_5m.csv
2026-02-25 20:40:00+00:00,693.1486206054688,693.27001953125,693.0399780273438,693.0900268554688,840827,SPY,equities,5min,data/5min/spy_5m.csv
2026-02-25 20:45:00+00:00,693.0800170898438,693.39501953125,693.0549926757812,693.239990234375,1211364,SPY,equities,5min,data/5min/spy_5m.csv
2026-02-25 20:50:00+00:00,693.239990234375,693.6799926757812,693.0499877929688,693.4400024414062,3591455,SPY,equities,5min,data/5min/spy_5m.csv
2026-02-25 20:55:00+00:00,693.4500122070312,693.4500122070312,692.9400024414062,693.0999755859375,3274441,SPY,equities,5min,data/5min/spy_5m.csv
2026-02-26 14:30:00+00:00,693.280029296875,693.2999877929688,692.02001953125,692.260009765625,2477230,SPY,equities,5min,data/5min/spy_5m.csv
2026-02-26 14:35:00+00:00,692.27001953125,692.5700073242188,691.6699829101562,692.176513671875,1653604,SPY,equities,5min,data/5min/spy_5m.csv
2026-02-26 14:40:00+00:00,692.1900024414062,692.239990234375,690.9000244140625,691.4500122070312,1361006,SPY,equities,5min,data/5min/spy_5m.csv
2026-02-26 14:45:00+00:00,691.4299926757812,691.469970703125,690.6699829101562,691.0449829101562,1294969,SPY,equities,5min,data/5min/spy_5m.csv
2026-02-26 14:50:00+00:00,691.0449829101562,691.5800170898438,690.5800170898438,690.969970703125,887073,SPY,equities,5min,data/5min/spy_5m.csv
2026-02-26 14:55:00+00:00,690.97998046875,691.4199829101562,690.4199829101562,690.6699829101562,1140876,SPY,equities,5min,data/5min/spy_5m.csv
2026-02-26 15:00:00+00:00,690.6799926757812,691.030029296875,689.5750122070312,690.3302001953125,1618051,SPY,equities,5min,data/5min/spy_5m.csv
2026-02-26 15:05:00+00:00,690.3400268554688,690.6389770507812,689.8602294921875,689.97998046875,762168,SPY,equities,5min,data/5min/spy_5m.csv
2026-02-26 15:10:00+00:00,689.97998046875,690.530029296875,688.5510864257812,688.5850219726562,1394719,SPY,equities,5min,data/5min/spy_5m.csv
2026-02-26 15:15:00+00:00,688.5800170898438,688.5900268554688,686.3300170898438,686.4281005859375,2076226,SPY,equities,5min,data/5min/spy_5m.csv
2026-02-26 15:20:00+00:00,686.5,686.97998046875,684.9310302734375,685.3200073242188,2801695,SPY,equities,5min,data/5min/spy_5m.csv
2026-02-26 15:25:00+00:00,685.3200073242188,686.3599853515625,684.739990234375,685.6900024414062,2391697,SPY,equities,5min,data/5min/spy_5m.csv
2026-02-26 15:30:00+00:00,685.6699829101562,685.780029296875,684.3499755859375,684.5800170898438,1721194,SPY,equities,5min,data/5min/spy_5m.csv
2026-02-26 15:35:00+00:00,684.6199951171875,686.6300048828125,684.5900268554688,686.5800170898438,1435859,SPY,equities,5min,data/5min/spy_5m.csv
2026-02-26 15:40:00+00:00,686.5800170898438,687.0900268554688,686.2899780273438,686.9299926757812,1336463,SPY,equities,5min,data/5min/spy_5m.csv
2026-02-26 15:45:00+00:00,686.9400024414062,687.7999877929688,686.6500244140625,687.5800170898438,986578,SPY,equities,5min,data/5min/spy_5m.csv
2026-02-26 15:50:00+00:00,687.5800170898438,687.9498901367188,686.9600219726562,687.6799926757812,1073653,SPY,equities,5min,data/5min/spy_5m.csv
2026-02-26 15:55:00+00:00,687.6799926757812,688.1799926757812,687.27001953125,687.7100219726562,928051,SPY,equities,5min,data/5min/spy_5m.csv
2026-02-26 16:00:00+00:00,687.719970703125,688.219970703125,687.5700073242188,688.030029296875,721111,SPY,equities,5min,data/5min/spy_5m.csv
2026-02-26 16:05:00+00:00,688.010009765625,688.280029296875,687.4600219726562,688.0999755859375,657684,SPY,equities,5min,data/5min/spy_5m.csv
2026-02-26 16:10:00+00:00,688.100830078125,688.5800170898438,687.8200073242188,688.5800170898438,549233,SPY,equities,5min,data/5min/spy_5m.csv
2026-02-26 16:15:00+00:00,688.5850219726562,688.989990234375,688.22998046875,688.280029296875,752207,SPY,equities,5min,data/5min/spy_5m.csv
2026-02-26 16:20:00+00:00,688.27001953125,688.739990234375,688.135986328125,688.4500122070312,526939,SPY,equities,5min,data/5min/spy_5m.csv
2026-02-26 16:25:00+00:00,688.47998046875,689.0999755859375,688.4400024414062,688.739990234375,486626,SPY,equities,5min,data/5min/spy_5m.csv
2026-02-26 16:30:00+00:00,688.739990234375,688.9199829101562,688.4000244140625,688.52001953125,480335,SPY,equities,5min,data/5min/spy_5m.csv
2026-02-26 16:35:00+00:00,688.530029296875,688.5900268554688,687.3740234375,687.5050048828125,703079,SPY,equities,5min,data/5min/spy_5m.csv
2026-02-26 16:40:00+00:00,687.489990234375,687.6799926757812,686.8400268554688,686.8400268554688,558301,SPY,equities,5min,data/5min/spy_5m.csv
2026-02-26 16:45:00+00:00,686.8400268554688,687.3800048828125,686.2999877929688,687.3198852539062,1088913,SPY,equities,5min,data/5min/spy_5m.csv
2026-02-26 16:50:00+00:00,687.3200073242188,687.510009765625,686.3800048828125,686.4097900390625,461670,SPY,equities,5min,data/5min/spy_5m.csv
2026-02-26 16:55:00+00:00,686.4199829101562,686.5700073242188,686.0349731445312,686.25,625266,SPY,equities,5min,data/5min/spy_5m.csv
2026-02-26 17:00:00+00:00,686.239990234375,686.5999755859375,686.0599975585938,686.5399780273438,604391,SPY,equities,5min,data/5min/spy_5m.csv
2026-02-26 17:05:00+00:00,686.530029296875,686.885009765625,686.4600219726562,686.5700073242188,570028,SPY,equities,5min,data/5min/spy_5m.csv
2026-02-26 17:10:00+00:00,686.5700073242188,687.0599975585938,686.25,686.260009765625,448542,SPY,equities,5min,data/5min/spy_5m.csv
2026-02-26 17:15:00+00:00,686.260009765625,686.52001953125,686.030029296875,686.3099975585938,420194,SPY,equities,5min,data/5min/spy_5m.csv
2026-02-26 17:20:00+00:00,686.2949829101562,686.4400024414062,686.0800170898438,686.3699951171875,270831,SPY,equities,5min,data/5min/spy_5m.csv
2026-02-26 17:25:00+00:00,686.3599853515625,686.5399780273438,686.1500244140625,686.2849731445312,287157,SPY,equities,5min,data/5min/spy_5m.csv
2026-02-26 17:30:00+00:00,686.25,687.0900268554688,686.1699829101562,686.8200073242188,425057,SPY,equities,5min,data/5min/spy_5m.csv
2026-02-26 17:35:00+00:00,686.8200073242188,686.8200073242188,685.739990234375,685.9299926757812,575273,SPY,equities,5min,data/5min/spy_5m.csv
2026-02-26 17:40:00+00:00,685.9349975585938,686.097412109375,685.5999755859375,685.6500244140625,364092,SPY,equities,5min,data/5min/spy_5m.csv
2026-02-26 17:45:00+00:00,685.6400146484375,685.8200073242188,685.1599731445312,685.22998046875,403028,SPY,equities,5min,data/5min/spy_5m.csv
2026-02-26 17:50:00+00:00,685.22998046875,685.9199829101562,685.010009765625,685.8200073242188,621008,SPY,equities,5min,data/5min/spy_5m.csv
2026-02-26 17:55:00+00:00,685.8099975585938,685.81591796875,685.280029296875,685.4600219726562,242573,SPY,equities,5min,data/5min/spy_5m.csv
2026-02-26 18:00:00+00:00,685.469970703125,685.5599975585938,684.9500122070312,685.1099853515625,342525,SPY,equities,5min,data/5min/spy_5m.csv
2026-02-26 18:05:00+00:00,685.1199951171875,685.4000244140625,684.739990234375,685.0800170898438,713459,SPY,equities,5min,data/5min/spy_5m.csv
2026-02-26 18:10:00+00:00,685.0599975585938,685.5399780273438,685.0399780273438,685.3300170898438,522926,SPY,equities,5min,data/5min/spy_5m.csv
2026-02-26 18:15:00+00:00,685.3099975585938,685.7999877929688,684.9299926757812,685.72998046875,386911,SPY,equities,5min,data/5min/spy_5m.csv
2026-02-26 18:20:00+00:00,685.739990234375,685.85498046875,685.2899780273438,685.77001953125,549308,SPY,equities,5min,data/5min/spy_5m.csv
2026-02-26 18:25:00+00:00,685.760009765625,685.9550170898438,685.5900268554688,685.6699829101562,370346,SPY,equities,5min,data/5min/spy_5m.csv
2026-02-26 18:30:00+00:00,685.6599731445312,686.989990234375,685.4099731445312,686.9600219726562,1217378,SPY,equities,5min,data/5min/spy_5m.csv
2026-02-26 18:35:00+00:00,686.969970703125,687.6799926757812,686.5599975585938,687.469970703125,1127129,SPY,equities,5min,data/5min/spy_5m.csv
2026-02-26 18:40:00+00:00,687.469970703125,687.780029296875,687.25,687.5200805664062,500505,SPY,equities,5min,data/5min/spy_5m.csv
2026-02-26 18:45:00+00:00,687.530029296875,688.1900024414062,687.1420288085938,687.5,704266,SPY,equities,5min,data/5min/spy_5m.csv
2026-02-26 18:50:00+00:00,687.4801025390625,687.510009765625,687.0800170898438,687.3099975585938,586710,SPY,equities,5min,data/5min/spy_5m.csv
2026-02-26 18:55:00+00:00,687.3099975585938,687.6599731445312,687.135009765625,687.3900146484375,352200,SPY,equities,5min,data/5min/spy_5m.csv
2026-02-26 19:00:00+00:00,687.4099731445312,687.97998046875,687.1599731445312,687.8800048828125,516135,SPY,equities,5min,data/5min/spy_5m.csv
2026-02-26 19:05:00+00:00,687.8800048828125,688.489990234375,687.8200073242188,688.4299926757812,555119,SPY,equities,5min,data/5min/spy_5m.csv
2026-02-26 19:10:00+00:00,688.4299926757812,688.7899780273438,688.2999877929688,688.52001953125,692414,SPY,equities,5min,data/5min/spy_5m.csv
2026-02-26 19:15:00+00:00,688.52001953125,689.1900024414062,688.510009765625,688.969970703125,791413,SPY,equities,5min,data/5min/spy_5m.csv
2026-02-26 19:20:00+00:00,688.97998046875,689.3200073242188,688.8800048828125,689.2050170898438,719958,SPY,equities,5min,data/5min/spy_5m.csv
2026-02-26 19:25:00+00:00,689.2050170898438,689.219970703125,688.4500122070312,688.6099853515625,652740,SPY,equities,5min,data/5min/spy_5m.csv
2026-02-26 19:30:00+00:00,688.6199951171875,689.2899780273438,688.469970703125,689.22998046875,566361,SPY,equities,5min,data/5min/spy_5m.csv
2026-02-26 19:35:00+00:00,689.22998046875,689.3099975585938,688.969970703125,689.0900268554688,611321,SPY,equities,5min,data/5min/spy_5m.csv
2026-02-26 19:40:00+00:00,689.0999755859375,689.260009765625,688.9600219726562,689.1500244140625,447133,SPY,equities,5min,data/5min/spy_5m.csv
2026-02-26 19:45:00+00:00,689.14501953125,689.6599731445312,689.1400146484375,689.5750122070312,618643,SPY,equities,5min,data/5min/spy_5m.csv
2026-02-26 19:50:00+00:00,689.5800170898438,689.5900268554688,689.280029296875,689.4949951171875,564285,SPY,equities,5min,data/5min/spy_5m.csv
2026-02-26 19:55:00+00:00,689.489990234375,689.6599731445312,689.0050048828125,689.02001953125,525669,SPY,equities,5min,data/5min/spy_5m.csv
2026-02-26 20:00:00+00:00,689.010009765625,689.6099853515625,688.8400268554688,689.5700073242188,856233,SPY,equities,5min,data/5min/spy_5m.csv
2026-02-26 20:05:00+00:00,689.5700073242188,689.8099975585938,689.1099853515625,689.1400146484375,718859,SPY,equities,5min,data/5min/spy_5m.csv
2026-02-26 20:10:00+00:00,689.1400146484375,689.25,688.8900146484375,688.9099731445312,607024,SPY,equities,5min,data/5min/spy_5m.csv
2026-02-26 20:15:00+00:00,688.9000244140625,689.239990234375,688.6799926757812,689.114990234375,553019,SPY,equities,5min,data/5min/spy_5m.csv
2026-02-26 20:20:00+00:00,689.1199951171875,689.1699829101562,688.6871948242188,688.8400268554688,467508,SPY,equities,5min,data/5min/spy_5m.csv
2026-02-26 20:25:00+00:00,688.844970703125,689.0399780273438,688.614990234375,688.6649780273438,514883,SPY,equities,5min,data/5min/spy_5m.csv
2026-02-26 20:30:00+00:00,688.6649780273438,689.4299926757812,688.6199951171875,689.4099731445312,821122,SPY,equities,5min,data/5min/spy_5m.csv
2026-02-26 20:35:00+00:00,689.4099731445312,689.5167236328125,689.1199951171875,689.3900146484375,1080571,SPY,equities,5min,data/5min/spy_5m.csv
2026-02-26 20:40:00+00:00,689.3801879882812,689.4299926757812,689.010009765625,689.3200073242188,1097257,SPY,equities,5min,data/5min/spy_5m.csv
2026-02-26 20:45:00+00:00,689.3200073242188,689.3599853515625,688.905029296875,689.1199951171875,1552835,SPY,equities,5min,data/5min/spy_5m.csv
2026-02-26 20:50:00+00:00,689.1199951171875,689.3200073242188,688.6500244140625,688.989990234375,1593670,SPY,equities,5min,data/5min/spy_5m.csv
2026-02-26 20:55:00+00:00,688.97998046875,689.3699951171875,688.8400268554688,689.3200073242188,2426689,SPY,equities,5min,data/5min/spy_5m.csv
2026-02-27 14:30:00+00:00,683.0900268554688,684.1599731445312,682.7999877929688,683.794189453125,4555911,SPY,equities,5min,data/5min/spy_5m.csv
2026-02-27 14:35:00+00:00,683.8099975585938,684.25,682.8699951171875,684.0650024414062,1347041,SPY,equities,5min,data/5min/spy_5m.csv
2026-02-27 14:40:00+00:00,684.0650024414062,684.1199951171875,681.6400146484375,682.6199951171875,1683430,SPY,equities,5min,data/5min/spy_5m.csv
2026-02-27 14:45:00+00:00,682.614990234375,683.8499755859375,682.2100219726562,683.5499877929688,1632037,SPY,equities,5min,data/5min/spy_5m.csv
2026-02-27 14:50:00+00:00,683.530029296875,683.6900024414062,682.7100219726562,683.0800170898438,1060745,SPY,equities,5min,data/5min/spy_5m.csv
2026-02-27 14:55:00+00:00,683.0599975585938,683.3800048828125,682.5999755859375,682.8663940429688,1113549,SPY,equities,5min,data/5min/spy_5m.csv
2026-02-27 15:00:00+00:00,682.8599853515625,684.4299926757812,682.6599731445312,683.9193725585938,1618907,SPY,equities,5min,data/5min/spy_5m.csv
2026-02-27 15:05:00+00:00,683.9299926757812,685.4199829101562,683.8200073242188,684.7100219726562,1480807,SPY,equities,5min,data/5min/spy_5m.csv
2026-02-27 15:10:00+00:00,684.719970703125,685.489990234375,684.510009765625,684.5800170898438,1057207,SPY,equities,5min,data/5min/spy_5m.csv
2026-02-27 15:15:00+00:00,684.5850219726562,684.8499755859375,683.5999755859375,684.155029296875,802722,SPY,equities,5min,data/5min/spy_5m.csv
2026-02-27 15:20:00+00:00,684.1199951171875,684.989990234375,684.0,684.7003173828125,753626,SPY,equities,5min,data/5min/spy_5m.csv
2026-02-27 15:25:00+00:00,684.7000122070312,684.8150024414062,684.0900268554688,684.5294189453125,666451,SPY,equities,5min,data/5min/spy_5m.csv
2026-02-27 15:30:00+00:00,684.510009765625,684.6699829101562,683.739990234375,684.4401245117188,641592,SPY,equities,5min,data/5min/spy_5m.csv
2026-02-27 15:35:00+00:00,684.4500122070312,685.469970703125,684.4299926757812,685.0700073242188,600282,SPY,equities,5min,data/5min/spy_5m.csv
2026-02-27 15:40:00+00:00,685.0700073242188,685.75,684.75,685.6599731445312,510090,SPY,equities,5min,data/5min/spy_5m.csv
2026-02-27 15:45:00+00:00,685.6799926757812,686.0499877929688,685.0,685.0999755859375,707113,SPY,equities,5min,data/5min/spy_5m.csv
2026-02-27 15:50:00+00:00,685.0999755859375,685.1599731445312,684.2951049804688,684.5399780273438,578113,SPY,equities,5min,data/5min/spy_5m.csv
2026-02-27 15:55:00+00:00,684.530029296875,685.364990234375,684.22998046875,685.219970703125,519526,SPY,equities,5min,data/5min/spy_5m.csv
2026-02-27 16:00:00+00:00,685.239990234375,685.9249877929688,685.0800170898438,685.6950073242188,603350,SPY,equities,5min,data/5min/spy_5m.csv
2026-02-27 16:05:00+00:00,685.7000122070312,685.77001953125,684.6599731445312,684.8099975585938,657325,SPY,equities,5min,data/5min/spy_5m.csv
2026-02-27 16:10:00+00:00,684.8099975585938,685.6300048828125,684.7999877929688,685.4993286132812,584742,SPY,equities,5min,data/5min/spy_5m.csv
2026-02-27 16:15:00+00:00,685.5,686.0499877929688,685.25,685.6300048828125,698694,SPY,equities,5min,data/5min/spy_5m.csv
2026-02-27 16:20:00+00:00,685.6099853515625,685.8699951171875,685.1500244140625,685.8099975585938,436906,SPY,equities,5min,data/5min/spy_5m.csv
2026-02-27 16:25:00+00:00,685.8099975585938,686.010009765625,685.3200073242188,685.385009765625,503166,SPY,equities,5min,data/5min/spy_5m.csv
2026-02-27 16:30:00+00:00,685.3900146484375,686.260009765625,685.3400268554688,686.1900024414062,651761,SPY,equities,5min,data/5min/spy_5m.csv
2026-02-27 16:35:00+00:00,686.2000122070312,686.2899169921875,685.4400024414062,685.510009765625,517825,SPY,equities,5min,data/5min/spy_5m.csv
2026-02-27 16:40:00+00:00,685.489990234375,685.52001953125,684.6699829101562,684.72998046875,592810,SPY,equities,5min,data/5min/spy_5m.csv
2026-02-27 16:45:00+00:00,684.739990234375,685.0700073242188,684.5650024414062,684.614990234375,448509,SPY,equities,5min,data/5min/spy_5m.csv
2026-02-27 16:50:00+00:00,684.6300048828125,685.6649780273438,684.6199951171875,685.5850219726562,599177,SPY,equities,5min,data/5min/spy_5m.csv
2026-02-27 16:55:00+00:00,685.5800170898438,685.9199829101562,684.7800903320312,684.8699951171875,480439,SPY,equities,5min,data/5min/spy_5m.csv
2026-02-27 17:00:00+00:00,684.8599853515625,685.7899780273438,684.8400268554688,685.5999755859375,454086,SPY,equities,5min,data/5min/spy_5m.csv
2026-02-27 17:05:00+00:00,685.5999755859375,686.280029296875,685.47998046875,686.125,518507,SPY,equities,5min,data/5min/spy_5m.csv
2026-02-27 17:10:00+00:00,686.1300048828125,686.1500244140625,684.7899780273438,684.8646850585938,636350,SPY,equities,5min,data/5min/spy_5m.csv
2026-02-27 17:15:00+00:00,684.8800048828125,684.905029296875,684.1599731445312,684.239990234375,651079,SPY,equities,5min,data/5min/spy_5m.csv
2026-02-27 17:20:00+00:00,684.239990234375,684.3099975585938,683.2899780273438,684.0499877929688,898822,SPY,equities,5min,data/5min/spy_5m.csv
2026-02-27 17:25:00+00:00,684.0399780273438,684.5050048828125,683.9099731445312,684.1400146484375,1051283,SPY,equities,5min,data/5min/spy_5m.csv
2026-02-27 17:30:00+00:00,684.1300048828125,684.989990234375,683.739990234375,684.8699951171875,1245912,SPY,equities,5min,data/5min/spy_5m.csv
2026-02-27 17:35:00+00:00,684.8775024414062,685.1199951171875,684.260009765625,684.27001953125,667212,SPY,equities,5min,data/5min/spy_5m.csv
2026-02-27 17:40:00+00:00,684.2899780273438,684.4199829101562,683.6500244140625,683.9349975585938,613668,SPY,equities,5min,data/5min/spy_5m.csv
2026-02-27 17:45:00+00:00,683.9400024414062,683.97998046875,683.4755249023438,683.8300170898438,616062,SPY,equities,5min,data/5min/spy_5m.csv
2026-02-27 17:50:00+00:00,683.8599853515625,684.27001953125,683.5900268554688,684.010009765625,732868,SPY,equities,5min,data/5min/spy_5m.csv
2026-02-27 17:55:00+00:00,684.010009765625,684.469970703125,684.010009765625,684.375,616002,SPY,equities,5min,data/5min/spy_5m.csv
2026-02-27 18:00:00+00:00,684.3699951171875,684.6799926757812,684.030029296875,684.1614990234375,504674,SPY,equities,5min,data/5min/spy_5m.csv
2026-02-27 18:05:00+00:00,684.1599731445312,684.4650268554688,683.9600219726562,683.989990234375,413895,SPY,equities,5min,data/5min/spy_5m.csv
2026-02-27 18:10:00+00:00,683.97998046875,684.280029296875,683.8200073242188,683.864990234375,434391,SPY,equities,5min,data/5min/spy_5m.csv
2026-02-27 18:15:00+00:00,683.875,684.0126953125,683.5,683.5999755859375,399915,SPY,equities,5min,data/5min/spy_5m.csv
2026-02-27 18:20:00+00:00,683.5900268554688,683.7349853515625,683.1699829101562,683.489990234375,599814,SPY,equities,5min,data/5min/spy_5m.csv
2026-02-27 18:25:00+00:00,683.510009765625,683.9099731445312,683.0599975585938,683.7999877929688,570069,SPY,equities,5min,data/5min/spy_5m.csv
2026-02-27 18:30:00+00:00,683.7999877929688,683.9600219726562,683.4849853515625,683.6300048828125,470208,SPY,equities,5min,data/5min/spy_5m.csv
2026-02-27 18:35:00+00:00,683.6500244140625,683.81982421875,683.2999877929688,683.7000122070312,373946,SPY,equities,5min,data/5min/spy_5m.csv
2026-02-27 18:40:00+00:00,683.6900024414062,684.239990234375,683.6600952148438,683.8499755859375,433317,SPY,equities,5min,data/5min/spy_5m.csv
2026-02-27 18:45:00+00:00,683.8300170898438,684.0399780273438,683.5349731445312,683.719970703125,381079,SPY,equities,5min,data/5min/spy_5m.csv
2026-02-27 18:50:00+00:00,683.7000122070312,684.0499877929688,683.469970703125,683.844970703125,422537,SPY,equities,5min,data/5min/spy_5m.csv
2026-02-27 18:55:00+00:00,683.8599853515625,684.0700073242188,683.5399780273438,683.9500122070312,398644,SPY,equities,5min,data/5min/spy_5m.csv
2026-02-27 19:00:00+00:00,683.9500122070312,684.7249755859375,683.8800048828125,684.6599731445312,556590,SPY,equities,5min,data/5min/spy_5m.csv
2026-02-27 19:05:00+00:00,684.6649780273438,684.97998046875,683.7150268554688,683.9000244140625,885101,SPY,equities,5min,data/5min/spy_5m.csv
2026-02-27 19:10:00+00:00,683.8900146484375,684.219970703125,683.5900268554688,683.8900146484375,470141,SPY,equities,5min,data/5min/spy_5m.csv
2026-02-27 19:15:00+00:00,683.8939819335938,684.1199951171875,683.75,683.9199829101562,373232,SPY,equities,5min,data/5min/spy_5m.csv
2026-02-27 19:20:00+00:00,683.9400024414062,684.0599975585938,683.6300048828125,683.6849975585938,451385,SPY,equities,5min,data/5min/spy_5m.csv
2026-02-27 19:25:00+00:00,683.6799926757812,684.030029296875,683.47998046875,683.5999755859375,457807,SPY,equities,5min,data/5min/spy_5m.csv
2026-02-27 19:30:00+00:00,683.5999755859375,683.6099853515625,683.1801147460938,683.4199829101562,654044,SPY,equities,5min,data/5min/spy_5m.csv
2026-02-27 19:35:00+00:00,683.4299926757812,684.030029296875,683.4199829101562,683.8300170898438,368712,SPY,equities,5min,data/5min/spy_5m.csv
2026-02-27 19:40:00+00:00,683.8400268554688,683.9199829101562,682.989990234375,683.3800048828125,742688,SPY,equities,5min,data/5min/spy_5m.csv
2026-02-27 19:45:00+00:00,683.3699951171875,683.6500244140625,683.1699829101562,683.25,703145,SPY,equities,5min,data/5min/spy_5m.csv
2026-02-27 19:50:00+00:00,683.219970703125,683.47998046875,683.114990234375,683.25,363961,SPY,equities,5min,data/5min/spy_5m.csv
2026-02-27 19:55:00+00:00,683.25,683.6300048828125,683.22998046875,683.3499755859375,571567,SPY,equities,5min,data/5min/spy_5m.csv
2026-02-27 20:00:00+00:00,683.3400268554688,683.947998046875,683.3200073242188,683.6500244140625,558468,SPY,equities,5min,data/5min/spy_5m.csv
2026-02-27 20:05:00+00:00,683.6500854492188,684.1300048828125,683.60498046875,683.9600219726562,644896,SPY,equities,5min,data/5min/spy_5m.csv
2026-02-27 20:10:00+00:00,683.9600219726562,685.219970703125,683.9450073242188,685.219970703125,1521312,SPY,equities,5min,data/5min/spy_5m.csv
2026-02-27 20:15:00+00:00,685.219970703125,685.7050170898438,685.1199951171875,685.5900268554688,1296401,SPY,equities,5min,data/5min/spy_5m.csv
2026-02-27 20:20:00+00:00,685.5800170898438,686.0999755859375,685.1799926757812,685.8499145507812,1235746,SPY,equities,5min,data/5min/spy_5m.csv
2026-02-27 20:25:00+00:00,685.8400268554688,685.969970703125,685.5399780273438,685.590087890625,1429659,SPY,equities,5min,data/5min/spy_5m.csv
2026-02-27 20:30:00+00:00,685.5800170898438,685.8150024414062,685.2949829101562,685.3900146484375,1569447,SPY,equities,5min,data/5min/spy_5m.csv
2026-02-27 20:35:00+00:00,685.3900146484375,685.4099731445312,684.489990234375,684.625,1755916,SPY,equities,5min,data/5min/spy_5m.csv
2026-02-27 20:40:00+00:00,684.6300048828125,685.489990234375,684.5800170898438,685.030029296875,2174736,SPY,equities,5min,data/5min/spy_5m.csv
2026-02-27 20:45:00+00:00,685.030029296875,685.5700073242188,684.9299926757812,685.4500122070312,1663805,SPY,equities,5min,data/5min/spy_5m.csv
2026-02-27 20:50:00+00:00,685.4600219726562,686.1500244140625,685.0800170898438,685.5800170898438,2685078,SPY,equities,5min,data/5min/spy_5m.csv
2026-02-27 20:55:00+00:00,685.5900268554688,686.8499755859375,685.2849731445312,686.280029296875,6129650,SPY,equities,5min,data/5min/spy_5m.csv
2026-03-02 14:30:00+00:00,678.7000122070312,681.47998046875,678.02001953125,681.2000122070312,5603254,SPY,equities,5min,data/5min/spy_5m.csv
2026-03-02 14:35:00+00:00,681.2100219726562,682.4600219726562,680.8300170898438,681.0087890625,2295119,SPY,equities,5min,data/5min/spy_5m.csv
2026-03-02 14:40:00+00:00,680.9949951171875,682.338623046875,680.97998046875,682.0800170898438,1257232,SPY,equities,5min,data/5min/spy_5m.csv
2026-03-02 14:45:00+00:00,682.0700073242188,683.3699951171875,681.760009765625,683.219970703125,1706311,SPY,equities,5min,data/5min/spy_5m.csv
2026-03-02 14:50:00+00:00,683.239990234375,683.3099975585938,681.8800048828125,682.510009765625,1633616,SPY,equities,5min,data/5min/spy_5m.csv
2026-03-02 14:55:00+00:00,682.510009765625,683.1099853515625,681.969970703125,683.0,1022098,SPY,equities,5min,data/5min/spy_5m.csv
2026-03-02 15:00:00+00:00,682.9500122070312,684.4600219726562,682.4000244140625,684.239990234375,1615815,SPY,equities,5min,data/5min/spy_5m.csv
2026-03-02 15:05:00+00:00,684.260009765625,684.9400024414062,683.8900146484375,684.2100219726562,1628068,SPY,equities,5min,data/5min/spy_5m.csv
2026-03-02 15:10:00+00:00,684.219970703125,685.3250122070312,684.2100219726562,684.919677734375,1612335,SPY,equities,5min,data/5min/spy_5m.csv
2026-03-02 15:15:00+00:00,684.9349975585938,685.3599853515625,684.3200073242188,684.6500244140625,1424299,SPY,equities,5min,data/5min/spy_5m.csv
2026-03-02 15:20:00+00:00,684.614990234375,684.8300170898438,683.489990234375,684.1400146484375,1297275,SPY,equities,5min,data/5min/spy_5m.csv
2026-03-02 15:25:00+00:00,684.1400146484375,684.4199829101562,683.0700073242188,683.4299926757812,1021851,SPY,equities,5min,data/5min/spy_5m.csv
2026-03-02 15:30:00+00:00,683.4199829101562,683.8699951171875,682.5499877929688,682.969970703125,983499,SPY,equities,5min,data/5min/spy_5m.csv
2026-03-02 15:35:00+00:00,682.989990234375,683.97900390625,682.4199829101562,683.9299926757812,1012883,SPY,equities,5min,data/5min/spy_5m.csv
2026-03-02 15:40:00+00:00,683.9199829101562,684.3300170898438,683.4500122070312,684.2999877929688,742483,SPY,equities,5min,data/5min/spy_5m.csv
2026-03-02 15:45:00+00:00,684.3300170898438,684.8400268554688,683.760009765625,684.1199951171875,1043451,SPY,equities,5min,data/5min/spy_5m.csv
2026-03-02 15:50:00+00:00,684.1300048828125,684.52001953125,683.27001953125,683.3599853515625,729119,SPY,equities,5min,data/5min/spy_5m.csv
2026-03-02 15:55:00+00:00,683.3599853515625,684.2999877929688,683.1599731445312,684.2100219726562,775591,SPY,equities,5min,data/5min/spy_5m.csv
2026-03-02 16:00:00+00:00,684.1900024414062,684.7000122070312,683.6300048828125,684.6799926757812,846469,SPY,equities,5min,data/5min/spy_5m.csv
2026-03-02 16:05:00+00:00,684.6699829101562,685.5800170898438,684.4199829101562,685.5,848836,SPY,equities,5min,data/5min/spy_5m.csv
2026-03-02 16:10:00+00:00,685.510009765625,685.6699829101562,685.1599731445312,685.2999877929688,1182011,SPY,equities,5min,data/5min/spy_5m.csv
2026-03-02 16:15:00+00:00,685.2999877929688,685.3400268554688,684.6624755859375,684.72998046875,549157,SPY,equities,5min,data/5min/spy_5m.csv
2026-03-02 16:20:00+00:00,684.7000122070312,684.9299926757812,684.4000244140625,684.6500244140625,568970,SPY,equities,5min,data/5min/spy_5m.csv
2026-03-02 16:25:00+00:00,684.64501953125,684.739990234375,682.9500122070312,683.219970703125,1541474,SPY,equities,5min,data/5min/spy_5m.csv
2026-03-02 16:30:00+00:00,683.219970703125,683.9600219726562,682.9199829101562,683.8300170898438,903638,SPY,equities,5min,data/5min/spy_5m.csv
2026-03-02 16:35:00+00:00,683.8599853515625,685.1799926757812,683.52001953125,685.1400146484375,764874,SPY,equities,5min,data/5min/spy_5m.csv
2026-03-02 16:40:00+00:00,685.1500244140625,686.5250244140625,685.1199951171875,686.4400024414062,1356908,SPY,equities,5min,data/5min/spy_5m.csv
2026-03-02 16:45:00+00:00,686.4500122070312,686.969970703125,686.3099975585938,686.4749755859375,1058586,SPY,equities,5min,data/5min/spy_5m.csv
2026-03-02 16:50:00+00:00,686.4749755859375,686.5565185546875,685.989990234375,686.1199951171875,924508,SPY,equities,5min,data/5min/spy_5m.csv
2026-03-02 16:55:00+00:00,686.1199951171875,686.52001953125,685.9099731445312,686.2349853515625,551820,SPY,equities,5min,data/5min/spy_5m.csv
2026-03-02 17:00:00+00:00,686.2349853515625,686.4000244140625,685.8499755859375,686.3200073242188,522097,SPY,equities,5min,data/5min/spy_5m.csv
2026-03-02 17:05:00+00:00,686.2999877929688,686.6199951171875,685.8800048828125,686.1099853515625,504042,SPY,equities,5min,data/5min/spy_5m.csv
2026-03-02 17:10:00+00:00,686.1099853515625,686.4099731445312,685.7100219726562,686.364990234375,587567,SPY,equities,5min,data/5min/spy_5m.csv
2026-03-02 17:15:00+00:00,686.3699951171875,687.0900268554688,686.3250122070312,687.0399780273438,555931,SPY,equities,5min,data/5min/spy_5m.csv
2026-03-02 17:20:00+00:00,687.0399780273438,687.1900024414062,686.6900024414062,687.030029296875,611733,SPY,equities,5min,data/5min/spy_5m.csv
2026-03-02 17:25:00+00:00,687.0399780273438,687.0499877929688,686.47998046875,686.4837036132812,492183,SPY,equities,5min,data/5min/spy_5m.csv
2026-03-02 17:30:00+00:00,686.47998046875,686.72998046875,686.0900268554688,686.1099853515625,432094,SPY,equities,5min,data/5min/spy_5m.csv
2026-03-02 17:35:00+00:00,686.1099853515625,686.6900024414062,686.0800170898438,686.2650146484375,314790,SPY,equities,5min,data/5min/spy_5m.csv
2026-03-02 17:40:00+00:00,686.27001953125,686.8800048828125,686.1500244140625,686.6900024414062,433396,SPY,equities,5min,data/5min/spy_5m.csv
2026-03-02 17:45:00+00:00,686.7000122070312,687.0,686.5549926757812,686.8200073242188,430311,SPY,equities,5min,data/5min/spy_5m.csv
2026-03-02 17:50:00+00:00,686.8200073242188,687.3099975585938,686.6500244140625,687.14501953125,490240,SPY,equities,5min,data/5min/spy_5m.csv
2026-03-02 17:55:00+00:00,687.1309814453125,687.3099975585938,686.7100219726562,687.2199096679688,418267,SPY,equities,5min,data/5min/spy_5m.csv
2026-03-02 18:00:00+00:00,687.219970703125,687.4199829101562,687.0900268554688,687.219970703125,363748,SPY,equities,5min,data/5min/spy_5m.csv
2026-03-02 18:05:00+00:00,687.25,687.4099731445312,686.9299926757812,686.9299926757812,297394,SPY,equities,5min,data/5min/spy_5m.csv
2026-03-02 18:10:00+00:00,686.9249877929688,687.096923828125,686.8300170898438,687.010009765625,322598,SPY,equities,5min,data/5min/spy_5m.csv
2026-03-02 18:15:00+00:00,686.989990234375,687.02001953125,686.5399780273438,686.5599975585938,296596,SPY,equities,5min,data/5min/spy_5m.csv
2026-03-02 18:20:00+00:00,686.5700073242188,686.5999755859375,686.1002197265625,686.4299926757812,418416,SPY,equities,5min,data/5min/spy_5m.csv
2026-03-02 18:25:00+00:00,686.4199829101562,686.8699951171875,686.239990234375,686.719970703125,331240,SPY,equities,5min,data/5min/spy_5m.csv
2026-03-02 18:30:00+00:00,686.75,686.8400268554688,686.4349975585938,686.5599975585938,361430,SPY,equities,5min,data/5min/spy_5m.csv
2026-03-02 18:35:00+00:00,686.5599975585938,686.5650024414062,686.0700073242188,686.2000122070312,403187,SPY,equities,5min,data/5min/spy_5m.csv
2026-03-02 18:40:00+00:00,686.2000122070312,686.3350219726562,685.7849731445312,686.25,497575,SPY,equities,5min,data/5min/spy_5m.csv
2026-03-02 18:45:00+00:00,686.219970703125,686.2349853515625,685.3098754882812,685.8300170898438,536314,SPY,equities,5min,data/5min/spy_5m.csv
2026-03-02 18:50:00+00:00,685.8200073242188,686.010009765625,685.5299072265625,685.719970703125,343684,SPY,equities,5min,data/5min/spy_5m.csv
2026-03-02 18:55:00+00:00,685.72998046875,685.75,685.2249755859375,685.280029296875,658907,SPY,equities,5min,data/5min/spy_5m.csv
2026-03-02 19:00:00+00:00,685.27001953125,685.739990234375,685.1900024414062,685.6599731445312,620773,SPY,equities,5min,data/5min/spy_5m.csv
2026-03-02 19:05:00+00:00,685.6599731445312,686.47998046875,685.52001953125,686.4400024414062,512597,SPY,equities,5min,data/5min/spy_5m.csv
2026-03-02 19:10:00+00:00,686.4500122070312,686.989990234375,686.3900146484375,686.9299926757812,666017,SPY,equities,5min,data/5min/spy_5m.csv
2026-03-02 19:15:00+00:00,686.9299926757812,687.7899780273438,686.9299926757812,687.6799926757812,1021924,SPY,equities,5min,data/5min/spy_5m.csv
2026-03-02 19:20:00+00:00,687.6749877929688,688.2100219726562,687.625,687.7000122070312,844104,SPY,equities,5min,data/5min/spy_5m.csv
2026-03-02 19:25:00+00:00,687.6923217773438,688.280029296875,687.5499877929688,688.2000122070312,563990,SPY,equities,5min,data/5min/spy_5m.csv
2026-03-02 19:30:00+00:00,688.2100219726562,688.5499267578125,688.1300048828125,688.3699951171875,846342,SPY,equities,5min,data/5min/spy_5m.csv
2026-03-02 19:35:00+00:00,688.3599853515625,688.6199951171875,688.239990234375,688.2550048828125,648854,SPY,equities,5min,data/5min/spy_5m.csv
2026-03-02 19:40:00+00:00,688.25,688.4500122070312,687.969970703125,688.0599975585938,499571,SPY,equities,5min,data/5min/spy_5m.csv
2026-03-02 19:45:00+00:00,688.0599975585938,688.4099731445312,688.0399780273438,688.260009765625,358363,SPY,equities,5min,data/5min/spy_5m.csv
2026-03-02 19:50:00+00:00,688.260009765625,688.530029296875,688.0999755859375,688.4600830078125,342919,SPY,equities,5min,data/5min/spy_5m.csv
2026-03-02 19:55:00+00:00,688.4600219726562,688.52001953125,688.1400146484375,688.1950073242188,448551,SPY,equities,5min,data/5min/spy_5m.csv
2026-03-02 20:00:00+00:00,688.1900024414062,688.3300170898438,687.875,688.0250244140625,571489,SPY,equities,5min,data/5min/spy_5m.csv
2026-03-02 20:05:00+00:00,688.0399780273438,688.1599731445312,685.9600219726562,686.18798828125,2559327,SPY,equities,5min,data/5min/spy_5m.csv
2026-03-02 20:10:00+00:00,686.1900024414062,686.219970703125,685.1199951171875,685.260009765625,2572803,SPY,equities,5min,data/5min/spy_5m.csv
2026-03-02 20:15:00+00:00,685.260009765625,686.5800170898438,684.8900146484375,686.0399780273438,2116246,SPY,equities,5min,data/5min/spy_5m.csv
2026-03-02 20:20:00+00:00,686.0700073242188,686.2999877929688,685.4500122070312,685.6300048828125,1128474,SPY,equities,5min,data/5min/spy_5m.csv
2026-03-02 20:25:00+00:00,685.6300048828125,686.0499877929688,685.239990234375,685.3499755859375,1070422,SPY,equities,5min,data/5min/spy_5m.csv
2026-03-02 20:30:00+00:00,685.3499755859375,686.0900268554688,685.2000122070312,686.02001953125,754002,SPY,equities,5min,data/5min/spy_5m.csv
2026-03-02 20:35:00+00:00,686.02001953125,686.4099731445312,685.6199951171875,686.0900268554688,866897,SPY,equities,5min,data/5min/spy_5m.csv
2026-03-02 20:40:00+00:00,686.0900268554688,686.2949829101562,685.5599975585938,686.22998046875,760143,SPY,equities,5min,data/5min/spy_5m.csv
2026-03-02 20:45:00+00:00,686.219970703125,686.6799926757812,685.9650268554688,686.3300170898438,1324694,SPY,equities,5min,data/5min/spy_5m.csv
2026-03-02 20:50:00+00:00,686.3300170898438,686.760009765625,685.97998046875,686.739990234375,1952495,SPY,equities,5min,data/5min/spy_5m.csv
2026-03-02 20:55:00+00:00,686.760009765625,687.3099975585938,686.3300170898438,686.3699951171875,7033040,SPY,equities,5min,data/5min/spy_5m.csv
2026-03-03 14:30:00+00:00,675.0599975585938,676.4400024414062,674.4400024414062,674.5399780273438,8913931,SPY,equities,5min,data/5min/spy_5m.csv
2026-03-03 14:35:00+00:00,674.5499877929688,677.0999755859375,674.125,675.760009765625,2703830,SPY,equities,5min,data/5min/spy_5m.csv
2026-03-03 14:40:00+00:00,675.780029296875,675.9949951171875,673.219970703125,673.4400024414062,1851883,SPY,equities,5min,data/5min/spy_5m.csv
2026-03-03 14:45:00+00:00,673.4400024414062,674.7999877929688,672.4600219726562,672.469970703125,2672198,SPY,equities,5min,data/5min/spy_5m.csv
2026-03-03 14:50:00+00:00,672.489990234375,673.9290771484375,672.25,673.280029296875,2450628,SPY,equities,5min,data/5min/spy_5m.csv
2026-03-03 14:55:00+00:00,673.260009765625,673.47998046875,671.9500122070312,672.3800048828125,1508690,SPY,equities,5min,data/5min/spy_5m.csv
2026-03-03 15:00:00+00:00,672.3599853515625,673.9299926757812,671.780029296875,672.1799926757812,2403287,SPY,equities,5min,data/5min/spy_5m.csv
2026-03-03 15:05:00+00:00,672.1599731445312,673.239990234375,671.6300048828125,672.3499755859375,1958881,SPY,equities,5min,data/5min/spy_5m.csv
2026-03-03 15:10:00+00:00,672.3499755859375,673.5599975585938,671.6900024414062,672.6400146484375,1921847,SPY,equities,5min,data/5min/spy_5m.csv
2026-03-03 15:15:00+00:00,672.6199951171875,672.9500122070312,670.8800048828125,671.0599975585938,2741090,SPY,equities,5min,data/5min/spy_5m.csv
2026-03-03 15:20:00+00:00,671.0599975585938,671.1099853515625,669.8699951171875,670.4500122070312,2081185,SPY,equities,5min,data/5min/spy_5m.csv
2026-03-03 15:25:00+00:00,670.4500122070312,670.6199951171875,669.6599731445312,669.8499755859375,1915481,SPY,equities,5min,data/5min/spy_5m.csv
2026-03-03 15:30:00+00:00,669.8499755859375,671.8743896484375,669.780029296875,671.030029296875,2043670,SPY,equities,5min,data/5min/spy_5m.csv
2026-03-03 15:35:00+00:00,671.02001953125,672.22998046875,670.8200073242188,671.7000122070312,1244869,SPY,equities,5min,data/5min/spy_5m.csv
2026-03-03 15:40:00+00:00,671.6799926757812,672.5,670.9600219726562,671.22998046875,2181477,SPY,equities,5min,data/5min/spy_5m.csv
2026-03-03 15:45:00+00:00,671.22998046875,672.1699829101562,670.72998046875,671.3200073242188,1223848,SPY,equities,5min,data/5min/spy_5m.csv
2026-03-03 15:50:00+00:00,671.3098754882812,671.5999755859375,670.3400268554688,670.6099853515625,1100057,SPY,equities,5min,data/5min/spy_5m.csv
2026-03-03 15:55:00+00:00,670.5999755859375,672.1099853515625,670.530029296875,671.97998046875,1413670,SPY,equities,5min,data/5min/spy_5m.csv
2026-03-03 16:00:00+00:00,671.9600219726562,673.5499877929688,671.75,673.4600219726562,1562827,SPY,equities,5min,data/5min/spy_5m.csv
2026-03-03 16:05:00+00:00,673.469970703125,674.9199829101562,673.4199829101562,674.5399780273438,1680164,SPY,equities,5min,data/5min/spy_5m.csv
2026-03-03 16:10:00+00:00,674.5700073242188,675.280029296875,674.239990234375,675.030029296875,1064533,SPY,equities,5min,data/5min/spy_5m.csv
2026-03-03 16:15:00+00:00,675.030029296875,676.1699829101562,675.0,675.280029296875,1235342,SPY,equities,5min,data/5min/spy_5m.csv
2026-03-03 16:20:00+00:00,675.2899780273438,676.39501953125,674.97998046875,676.3499755859375,1360293,SPY,equities,5min,data/5min/spy_5m.csv
2026-03-03 16:25:00+00:00,676.3300170898438,676.5800170898438,675.7999877929688,676.02001953125,1113700,SPY,equities,5min,data/5min/spy_5m.csv
2026-03-03 16:30:00+00:00,676.0,676.0800170898438,674.6599731445312,675.7899780273438,1066209,SPY,equities,5min,data/5min/spy_5m.csv
2026-03-03 16:35:00+00:00,675.780029296875,676.5700073242188,675.5499877929688,676.0800170898438,1142530,SPY,equities,5min,data/5min/spy_5m.csv
2026-03-03 16:40:00+00:00,676.0552978515625,676.8499755859375,675.260009765625,676.6900024414062,1102146,SPY,equities,5min,data/5min/spy_5m.csv
2026-03-03 16:45:00+00:00,676.6799926757812,678.4500122070312,676.630615234375,677.5999755859375,1836798,SPY,equities,5min,data/5min/spy_5m.csv
2026-03-03 16:50:00+00:00,677.5999755859375,677.969970703125,677.22998046875,677.9199829101562,847973,SPY,equities,5min,data/5min/spy_5m.csv
2026-03-03 16:55:00+00:00,677.9500122070312,678.2899780273438,677.3599853515625,677.5599975585938,797965,SPY,equities,5min,data/5min/spy_5m.csv
2026-03-03 17:00:00+00:00,677.5700073242188,677.9199829101562,676.7899780273438,677.4400024414062,837096,SPY,equities,5min,data/5min/spy_5m.csv
2026-03-03 17:05:00+00:00,677.4400024414062,677.8300170898438,676.6500244140625,676.7698974609375,701266,SPY,equities,5min,data/5min/spy_5m.csv
2026-03-03 17:10:00+00:00,676.7999877929688,677.1699829101562,676.3699951171875,677.1099853515625,562561,SPY,equities,5min,data/5min/spy_5m.csv
2026-03-03 17:15:00+00:00,677.1300048828125,677.7000122070312,676.6500244140625,677.5800170898438,449450,SPY,equities,5min,data/5min/spy_5m.csv
2026-03-03 17:20:00+00:00,677.5800170898438,678.280029296875,676.9099731445312,678.27001953125,625951,SPY,equities,5min,data/5min/spy_5m.csv
2026-03-03 17:25:00+00:00,678.280029296875,678.489990234375,677.739990234375,678.3200073242188,611311,SPY,equities,5min,data/5min/spy_5m.csv
2026-03-03 17:30:00+00:00,678.3200073242188,678.3599853515625,676.3150024414062,676.5,813044,SPY,equities,5min,data/5min/spy_5m.csv
2026-03-03 17:35:00+00:00,676.510009765625,677.1199951171875,676.0800170898438,676.780029296875,622302,SPY,equities,5min,data/5min/spy_5m.csv
2026-03-03 17:40:00+00:00,676.780029296875,678.4099731445312,676.739990234375,678.2899780273438,613835,SPY,equities,5min,data/5min/spy_5m.csv
2026-03-03 17:45:00+00:00,678.260009765625,678.4739990234375,677.6799926757812,678.260009765625,616711,SPY,equities,5min,data/5min/spy_5m.csv
2026-03-03 17:50:00+00:00,678.27001953125,678.3099975585938,676.905029296875,677.0700073242188,673993,SPY,equities,5min,data/5min/spy_5m.csv
2026-03-03 17:55:00+00:00,677.0499877929688,677.75,676.8800048828125,677.4199829101562,412434,SPY,equities,5min,data/5min/spy_5m.csv
2026-03-03 18:00:00+00:00,677.3900146484375,678.780029296875,677.3800048828125,678.4199829101562,597169,SPY,equities,5min,data/5min/spy_5m.csv
2026-03-03 18:05:00+00:00,678.4500122070312,678.9099731445312,678.1699829101562,678.8099975585938,398137,SPY,equities,5min,data/5min/spy_5m.csv
2026-03-03 18:10:00+00:00,678.8099975585938,678.8900146484375,677.6199951171875,678.0700073242188,520173,SPY,equities,5min,data/5min/spy_5m.csv
2026-03-03 18:15:00+00:00,678.090087890625,678.8200073242188,678.0399780273438,678.6599731445312,377671,SPY,equities,5min,data/5min/spy_5m.csv
2026-03-03 18:20:00+00:00,678.6500244140625,680.0800170898438,678.6199951171875,680.0399780273438,986904,SPY,equities,5min,data/5min/spy_5m.csv
2026-03-03 18:25:00+00:00,680.0399780273438,680.4299926757812,679.6699829101562,679.8200073242188,973412,SPY,equities,5min,data/5min/spy_5m.csv
2026-03-03 18:30:00+00:00,679.8200073242188,680.780029296875,679.6699829101562,680.5599975585938,692049,SPY,equities,5min,data/5min/spy_5m.csv
2026-03-03 18:35:00+00:00,680.5499877929688,681.3499755859375,680.25,681.3300170898438,965914,SPY,equities,5min,data/5min/spy_5m.csv
2026-03-03 18:40:00+00:00,681.3499755859375,681.8699951171875,680.8599853515625,681.0850219726562,1372225,SPY,equities,5min,data/5min/spy_5m.csv
2026-03-03 18:45:00+00:00,681.0999755859375,681.47998046875,680.4500122070312,681.4099731445312,1033586,SPY,equities,5min,data/5min/spy_5m.csv
2026-03-03 18:50:00+00:00,681.4099731445312,681.9099731445312,681.2100219726562,681.4299926757812,940055,SPY,equities,5min,data/5min/spy_5m.csv
2026-03-03 18:55:00+00:00,681.4000244140625,681.5800170898438,680.9299926757812,681.260009765625,495423,SPY,equities,5min,data/5min/spy_5m.csv
2026-03-03 19:00:00+00:00,681.239990234375,681.469970703125,680.77001953125,681.219970703125,743113,SPY,equities,5min,data/5min/spy_5m.csv
2026-03-03 19:05:00+00:00,681.219970703125,681.3400268554688,679.97998046875,680.0800170898438,812247,SPY,equities,5min,data/5min/spy_5m.csv
2026-03-03 19:10:00+00:00,680.0900268554688,680.6699829101562,679.6649780273438,680.5800170898438,912754,SPY,equities,5min,data/5min/spy_5m.csv
2026-03-03 19:15:00+00:00,680.5900268554688,681.160888671875,680.469970703125,680.97998046875,475007,SPY,equities,5min,data/5min/spy_5m.csv
2026-03-03 19:20:00+00:00,681.0,681.52001953125,680.9500122070312,680.97998046875,492601,SPY,equities,5min,data/5min/spy_5m.csv
2026-03-03 19:25:00+00:00,680.9400024414062,681.0900268554688,680.4000244140625,680.5,423667,SPY,equities,5min,data/5min/spy_5m.csv
2026-03-03 19:30:00+00:00,680.5,680.719970703125,679.4500122070312,679.6599731445312,701162,SPY,equities,5min,data/5min/spy_5m.csv
2026-03-03 19:35:00+00:00,679.6500244140625,681.8200073242188,679.2750244140625,681.0,1808142,SPY,equities,5min,data/5min/spy_5m.csv
2026-03-03 19:40:00+00:00,681.010009765625,682.0,680.780029296875,681.9400024414062,1009201,SPY,equities,5min,data/5min/spy_5m.csv
2026-03-03 19:45:00+00:00,681.9550170898438,682.6099853515625,681.8400268554688,682.030029296875,1473045,SPY,equities,5min,data/5min/spy_5m.csv
2026-03-03 19:50:00+00:00,682.030029296875,682.4000244140625,680.8499755859375,681.4199829101562,1039893,SPY,equities,5min,data/5min/spy_5m.csv
2026-03-03 19:55:00+00:00,681.4299926757812,681.530029296875,680.6699829101562,681.2329711914062,643567,SPY,equities,5min,data/5min/spy_5m.csv
2026-03-03 20:00:00+00:00,681.25,681.9500122070312,680.8699951171875,681.1900024414062,770732,SPY,equities,5min,data/5min/spy_5m.csv
2026-03-03 20:05:00+00:00,681.1599731445312,681.5900268554688,680.75,681.47998046875,630778,SPY,equities,5min,data/5min/spy_5m.csv
2026-03-03 20:10:00+00:00,681.4600219726562,681.7899780273438,680.72998046875,680.7449951171875,697454,SPY,equities,5min,data/5min/spy_5m.csv
2026-03-03 20:15:00+00:00,680.719970703125,681.0800170898438,680.1799926757812,680.489990234375,1102295,SPY,equities,5min,data/5min/spy_5m.csv
2026-03-03 20:20:00+00:00,680.5,681.010009765625,680.3099975585938,680.7050170898438,804414,SPY,equities,5min,data/5min/spy_5m.csv
2026-03-03 20:25:00+00:00,680.7150268554688,681.3049926757812,680.1599731445312,681.0499877929688,810633,SPY,equities,5min,data/5min/spy_5m.csv
2026-03-03 20:30:00+00:00,681.0399780273438,681.3200073242188,680.77001953125,680.7999877929688,795630,SPY,equities,5min,data/5min/spy_5m.csv
2026-03-03 20:35:00+00:00,680.8099975585938,681.510009765625,680.2899780273438,680.5700073242188,977322,SPY,equities,5min,data/5min/spy_5m.csv
2026-03-03 20:40:00+00:00,680.5900268554688,680.8400268554688,680.2000122070312,680.4500122070312,926747,SPY,equities,5min,data/5min/spy_5m.csv
2026-03-03 20:45:00+00:00,680.4400024414062,680.77001953125,680.0,680.47998046875,1363669,SPY,equities,5min,data/5min/spy_5m.csv
2026-03-03 20:50:00+00:00,680.469970703125,680.6400146484375,679.2100219726562,680.0900268554688,1834964,SPY,equities,5min,data/5min/spy_5m.csv
2026-03-03 20:55:00+00:00,680.0800170898438,680.3200073242188,679.8150024414062,680.0399780273438,421367,SPY,equities,5min,data/5min/spy_5m.csv
2026-03-04 14:30:00+00:00,681.6300048828125,683.5180053710938,681.4000244140625,682.7999877929688,4797405,SPY,equities,5min,data/5min/spy_5m.csv
2026-03-04 14:35:00+00:00,682.7999877929688,682.9099731445312,680.739990234375,680.989990234375,1568352,SPY,equities,5min,data/5min/spy_5m.csv
2026-03-04 14:40:00+00:00,681.02001953125,681.0399780273438,680.02001953125,680.2100219726562,1155852,SPY,equities,5min,data/5min/spy_5m.csv
2026-03-04 14:45:00+00:00,680.2000122070312,681.72998046875,679.6199951171875,680.8599853515625,1053990,SPY,equities,5min,data/5min/spy_5m.csv
2026-03-04 14:50:00+00:00,680.8599853515625,681.7474975585938,680.25,681.469970703125,707816,SPY,equities,5min,data/5min/spy_5m.csv
2026-03-04 14:55:00+00:00,681.5,681.5800170898438,680.739990234375,681.302978515625,566474,SPY,equities,5min,data/5min/spy_5m.csv
2026-03-04 15:00:00+00:00,681.4099731445312,682.6699829101562,680.8699951171875,681.5800170898438,1308343,SPY,equities,5min,data/5min/spy_5m.csv
2026-03-04 15:05:00+00:00,681.5599975585938,683.2999877929688,681.3699951171875,683.1099853515625,853352,SPY,equities,5min,data/5min/spy_5m.csv
2026-03-04 15:10:00+00:00,683.1500244140625,683.760009765625,682.5,683.239990234375,878157,SPY,equities,5min,data/5min/spy_5m.csv
2026-03-04 15:15:00+00:00,683.2100219726562,684.52001953125,683.1500244140625,684.4500122070312,1126611,SPY,equities,5min,data/5min/spy_5m.csv
2026-03-04 15:20:00+00:00,684.4600219726562,685.5700073242188,684.27001953125,685.5349731445312,1520804,SPY,equities,5min,data/5min/spy_5m.csv
2026-03-04 15:25:00+00:00,685.5250244140625,686.27001953125,685.114990234375,686.1400146484375,1554959,SPY,equities,5min,data/5min/spy_5m.csv
2026-03-04 15:30:00+00:00,686.1500244140625,686.3099975585938,685.3499755859375,685.3699951171875,1400366,SPY,equities,5min,data/5min/spy_5m.csv
2026-03-04 15:35:00+00:00,685.3699951171875,685.52001953125,684.52001953125,684.6199951171875,1066922,SPY,equities,5min,data/5min/spy_5m.csv
2026-03-04 15:40:00+00:00,684.6300048828125,684.9099731445312,684.3499755859375,684.469970703125,1112508,SPY,equities,5min,data/5min/spy_5m.csv
2026-03-04 15:45:00+00:00,684.47998046875,684.6900024414062,683.8800048828125,684.5700073242188,995438,SPY,equities,5min,data/5min/spy_5m.csv
2026-03-04 15:50:00+00:00,684.5700073242188,685.0900268554688,684.0800170898438,684.9849853515625,948349,SPY,equities,5min,data/5min/spy_5m.csv
2026-03-04 15:55:00+00:00,684.9650268554688,685.9000244140625,684.9099731445312,685.8300170898438,744993,SPY,equities,5min,data/5min/spy_5m.csv
2026-03-04 16:00:00+00:00,685.8400268554688,686.6400146484375,685.8400268554688,686.239990234375,1338424,SPY,equities,5min,data/5min/spy_5m.csv
2026-03-04 16:05:00+00:00,686.25,686.3192749023438,685.510009765625,685.6599731445312,1067317,SPY,equities,5min,data/5min/spy_5m.csv
2026-03-04 16:10:00+00:00,685.6799926757812,685.719970703125,684.3300170898438,684.5399780273438,1487558,SPY,equities,5min,data/5min/spy_5m.csv
2026-03-04 16:15:00+00:00,684.5599975585938,685.1500244140625,684.2899780273438,684.530029296875,1057069,SPY,equities,5min,data/5min/spy_5m.csv
2026-03-04 16:20:00+00:00,684.52001953125,684.9600219726562,684.1799926757812,684.4542846679688,699700,SPY,equities,5min,data/5min/spy_5m.csv
2026-03-04 16:25:00+00:00,684.4400024414062,685.4500122070312,684.3200073242188,685.1900024414062,822866,SPY,equities,5min,data/5min/spy_5m.csv
2026-03-04 16:30:00+00:00,685.1799926757812,685.8400268554688,685.0599975585938,685.530029296875,504033,SPY,equities,5min,data/5min/spy_5m.csv
2026-03-04 16:35:00+00:00,685.530029296875,685.8400268554688,684.8499755859375,685.0900268554688,944728,SPY,equities,5min,data/5min/spy_5m.csv
2026-03-04 16:40:00+00:00,685.0800170898438,686.2999877929688,685.0399780273438,686.1300048828125,820287,SPY,equities,5min,data/5min/spy_5m.csv
2026-03-04 16:45:00+00:00,686.1400146484375,686.4000244140625,685.8599853515625,686.1099853515625,855290,SPY,equities,5min,data/5min/spy_5m.csv
2026-03-04 16:50:00+00:00,686.1099853515625,686.2899780273438,685.5800170898438,686.0750122070312,728571,SPY,equities,5min,data/5min/spy_5m.csv
2026-03-04 16:55:00+00:00,686.0800170898438,686.280029296875,685.6799926757812,685.780029296875,484326,SPY,equities,5min,data/5min/spy_5m.csv
2026-03-04 17:00:00+00:00,685.7949829101562,686.3101196289062,685.530029296875,686.27001953125,506690,SPY,equities,5min,data/5min/spy_5m.csv
2026-03-04 17:05:00+00:00,686.27001953125,686.3599853515625,685.8599853515625,686.0850219726562,563792,SPY,equities,5min,data/5min/spy_5m.csv
2026-03-04 17:10:00+00:00,686.0999755859375,686.3150024414062,685.989990234375,686.0399780273438,362950,SPY,equities,5min,data/5min/spy_5m.csv
2026-03-04 17:15:00+00:00,686.0399780273438,686.1400146484375,685.8099975585938,685.9400024414062,465723,SPY,equities,5min,data/5min/spy_5m.csv
2026-03-04 17:20:00+00:00,685.9199829101562,686.1400146484375,685.3800048828125,685.7999877929688,972526,SPY,equities,5min,data/5min/spy_5m.csv
2026-03-04 17:25:00+00:00,685.7899780273438,686.0999755859375,685.3099975585938,685.3250122070312,497853,SPY,equities,5min,data/5min/spy_5m.csv
2026-03-04 17:30:00+00:00,685.3499755859375,685.52001953125,684.5800170898438,685.4500122070312,906025,SPY,equities,5min,data/5min/spy_5m.csv
2026-03-04 17:35:00+00:00,685.469970703125,686.0999755859375,685.3099975585938,686.0399780273438,530617,SPY,equities,5min,data/5min/spy_5m.csv
2026-03-04 17:40:00+00:00,686.0499877929688,686.219970703125,685.5601196289062,685.8099975585938,834499,SPY,equities,5min,data/5min/spy_5m.csv
2026-03-04 17:45:00+00:00,685.7899780273438,686.1300048828125,685.760009765625,685.9299926757812,700748,SPY,equities,5min,data/5min/spy_5m.csv
2026-03-04 17:50:00+00:00,685.9400024414062,686.4199829101562,685.7899780273438,686.3200073242188,427361,SPY,equities,5min,data/5min/spy_5m.csv
2026-03-04 17:55:00+00:00,686.3300170898438,686.4199829101562,685.9000244140625,686.1900024414062,464259,SPY,equities,5min,data/5min/spy_5m.csv
2026-03-04 18:00:00+00:00,686.2000122070312,686.489990234375,685.9500122070312,686.0,618425,SPY,equities,5min,data/5min/spy_5m.csv
2026-03-04 18:05:00+00:00,686.0,686.4199829101562,685.7750244140625,686.239990234375,491711,SPY,equities,5min,data/5min/spy_5m.csv
2026-03-04 18:10:00+00:00,686.2550048828125,686.3499755859375,685.8399047851562,685.9349975585938,483080,SPY,equities,5min,data/5min/spy_5m.csv
2026-03-04 18:15:00+00:00,685.9299926757812,685.97998046875,685.6099853515625,685.6099853515625,493841,SPY,equities,5min,data/5min/spy_5m.csv
2026-03-04 18:20:00+00:00,685.5999755859375,685.9299926757812,685.3800048828125,685.6099853515625,585981,SPY,equities,5min,data/5min/spy_5m.csv
2026-03-04 18:25:00+00:00,685.6199951171875,686.1599731445312,685.510009765625,686.10498046875,378516,SPY,equities,5min,data/5min/spy_5m.csv
2026-03-04 18:30:00+00:00,686.1099853515625,686.7100219726562,686.0999755859375,686.3499755859375,645555,SPY,equities,5min,data/5min/spy_5m.csv
2026-03-04 18:35:00+00:00,686.3485107421875,686.6801147460938,686.3200073242188,686.385009765625,382834,SPY,equities,5min,data/5min/spy_5m.csv
2026-03-04 18:40:00+00:00,686.375,686.7899780273438,686.364990234375,686.5399780273438,430110,SPY,equities,5min,data/5min/spy_5m.csv
2026-03-04 18:45:00+00:00,686.5499877929688,686.77001953125,686.260009765625,686.739990234375,471322,SPY,equities,5min,data/5min/spy_5m.csv
2026-03-04 18:50:00+00:00,686.739990234375,686.8699951171875,686.5900268554688,686.6199951171875,359771,SPY,equities,5min,data/5min/spy_5m.csv
2026-03-04 18:55:00+00:00,686.6199951171875,686.6300048828125,686.2000122070312,686.5449829101562,641691,SPY,equities,5min,data/5min/spy_5m.csv
2026-03-04 19:00:00+00:00,686.5499877929688,686.9099731445312,686.3900146484375,686.8201293945312,473101,SPY,equities,5min,data/5min/spy_5m.csv
2026-03-04 19:05:00+00:00,686.8300170898438,686.8800048828125,686.6099853515625,686.72998046875,340819,SPY,equities,5min,data/5min/spy_5m.csv
2026-03-04 19:10:00+00:00,686.7294921875,686.9500122070312,686.6599731445312,686.8350219726562,337578,SPY,equities,5min,data/5min/spy_5m.csv
2026-03-04 19:15:00+00:00,686.8400268554688,686.9600219726562,686.72998046875,686.7949829101562,365332,SPY,equities,5min,data/5min/spy_5m.csv
2026-03-04 19:20:00+00:00,686.7899780273438,686.9099731445312,686.6099853515625,686.840087890625,308767,SPY,equities,5min,data/5min/spy_5m.csv
2026-03-04 19:25:00+00:00,686.844970703125,686.8599853515625,686.4700927734375,686.5999755859375,395722,SPY,equities,5min,data/5min/spy_5m.csv
2026-03-04 19:30:00+00:00,686.6099853515625,686.8099975585938,686.4450073242188,686.52001953125,417903,SPY,equities,5min,data/5min/spy_5m.csv
2026-03-04 19:35:00+00:00,686.510009765625,686.8800048828125,686.4949951171875,686.864990234375,503555,SPY,equities,5min,data/5min/spy_5m.csv
2026-03-04 19:40:00+00:00,686.8800048828125,686.9400024414062,686.510009765625,686.6799926757812,461150,SPY,equities,5min,data/5min/spy_5m.csv
2026-03-04 19:45:00+00:00,686.6900024414062,686.8499755859375,686.5,686.836181640625,450877,SPY,equities,5min,data/5min/spy_5m.csv
2026-03-04 19:50:00+00:00,686.8400268554688,687.0900268554688,686.7901000976562,687.0,479219,SPY,equities,5min,data/5min/spy_5m.csv
2026-03-04 19:55:00+00:00,686.9949951171875,687.0,686.739990234375,686.8099975585938,372089,SPY,equities,5min,data/5min/spy_5m.csv
2026-03-04 20:00:00+00:00,686.8150024414062,687.0050048828125,686.6599731445312,686.9099731445312,495751,SPY,equities,5min,data/5min/spy_5m.csv
2026-03-04 20:05:00+00:00,686.9199829101562,686.989990234375,686.35498046875,686.489990234375,546123,SPY,equities,5min,data/5min/spy_5m.csv
2026-03-04 20:10:00+00:00,686.489990234375,686.489990234375,686.0750122070312,686.2000122070312,613835,SPY,equities,5min,data/5min/spy_5m.csv
2026-03-04 20:15:00+00:00,686.2000122070312,686.2999877929688,685.9249877929688,685.9550170898438,918333,SPY,equities,5min,data/5min/spy_5m.csv
2026-03-04 20:20:00+00:00,685.947998046875,686.0700073242188,685.4749755859375,685.75,831935,SPY,equities,5min,data/5min/spy_5m.csv
2026-03-04 20:25:00+00:00,685.739990234375,686.280029296875,685.739990234375,686.22998046875,822731,SPY,equities,5min,data/5min/spy_5m.csv
2026-03-04 20:30:00+00:00,686.239990234375,686.3798217773438,685.9299926757812,685.9899291992188,704093,SPY,equities,5min,data/5min/spy_5m.csv
2026-03-04 20:35:00+00:00,685.9849853515625,686.3599853515625,685.9400024414062,686.1599731445312,633149,SPY,equities,5min,data/5min/spy_5m.csv
2026-03-04 20:40:00+00:00,686.1500244140625,686.6300048828125,686.0599975585938,686.5050048828125,842791,SPY,equities,5min,data/5min/spy_5m.csv
2026-03-04 20:45:00+00:00,686.5,686.6199951171875,686.25,686.3200073242188,1141693,SPY,equities,5min,data/5min/spy_5m.csv
2026-03-04 20:50:00+00:00,686.3200073242188,686.3250122070312,685.3599853515625,685.97998046875,2642473,SPY,equities,5min,data/5min/spy_5m.csv
2026-03-04 20:55:00+00:00,685.97998046875,686.1849975585938,685.1599731445312,685.1649780273438,5220417,SPY,equities,5min,data/5min/spy_5m.csv
2026-03-05 14:30:00+00:00,682.0800170898438,684.1500244140625,681.8699951171875,684.1300048828125,4130069,SPY,equities,5min,data/5min/spy_5m.csv
2026-03-05 14:35:00+00:00,684.1300048828125,684.4500122070312,683.0900268554688,683.6799926757812,1482017,SPY,equities,5min,data/5min/spy_5m.csv
2026-03-05 14:40:00+00:00,683.6599731445312,683.72998046875,682.4299926757812,682.6900024414062,1388037,SPY,equities,5min,data/5min/spy_5m.csv
2026-03-05 14:45:00+00:00,682.7100219726562,683.77001953125,682.1699829101562,682.8109741210938,1337441,SPY,equities,5min,data/5min/spy_5m.csv
2026-03-05 14:50:00+00:00,682.8099975585938,683.9299926757812,682.5900268554688,683.8599853515625,944676,SPY,equities,5min,data/5min/spy_5m.csv
2026-03-05 14:55:00+00:00,683.8400268554688,685.1011962890625,683.5900268554688,685.0999755859375,1387779,SPY,equities,5min,data/5min/spy_5m.csv
2026-03-05 15:00:00+00:00,685.0900268554688,685.530029296875,684.1900024414062,684.25,1590781,SPY,equities,5min,data/5min/spy_5m.csv
2026-03-05 15:05:00+00:00,684.25,684.3400268554688,682.89501953125,683.52001953125,1253201,SPY,equities,5min,data/5min/spy_5m.csv
2026-03-05 15:10:00+00:00,683.530029296875,684.39990234375,683.0499877929688,684.2888793945312,1740040,SPY,equities,5min,data/5min/spy_5m.csv
2026-03-05 15:15:00+00:00,684.2999877929688,684.3499755859375,682.739990234375,682.840087890625,944219,SPY,equities,5min,data/5min/spy_5m.csv
2026-03-05 15:20:00+00:00,682.8400268554688,682.8499755859375,681.0399780273438,681.0399780273438,1398903,SPY,equities,5min,data/5min/spy_5m.csv
2026-03-05 15:25:00+00:00,681.0449829101562,681.469970703125,680.3300170898438,680.8200073242188,2118184,SPY,equities,5min,data/5min/spy_5m.csv
2026-03-05 15:30:00+00:00,680.8300170898438,680.8699951171875,679.3200073242188,680.1799926757812,2430653,SPY,equities,5min,data/5min/spy_5m.csv
2026-03-05 15:35:00+00:00,680.1799926757812,681.1600952148438,679.8300170898438,681.0700073242188,1439936,SPY,equities,5min,data/5min/spy_5m.csv
2026-03-05 15:40:00+00:00,681.1199951171875,681.8099975585938,680.8900146484375,681.22998046875,1016781,SPY,equities,5min,data/5min/spy_5m.csv
2026-03-05 15:45:00+00:00,681.2100219726562,682.0499877929688,681.1199951171875,681.27001953125,717351,SPY,equities,5min,data/5min/spy_5m.csv
2026-03-05 15:50:00+00:00,681.2899780273438,682.5800170898438,681.1799926757812,682.1099853515625,966537,SPY,equities,5min,data/5min/spy_5m.csv
2026-03-05 15:55:00+00:00,682.1099853515625,682.260009765625,681.2899780273438,682.1099853515625,868417,SPY,equities,5min,data/5min/spy_5m.csv
2026-03-05 16:00:00+00:00,682.0999755859375,682.3599853515625,680.8099975585938,680.8499755859375,967740,SPY,equities,5min,data/5min/spy_5m.csv
2026-03-05 16:05:00+00:00,680.8099975585938,681.14501953125,680.0650024414062,680.1099853515625,1114074,SPY,equities,5min,data/5min/spy_5m.csv
2026-03-05 16:10:00+00:00,680.0900268554688,680.3499755859375,679.1500244140625,679.8099975585938,1630279,SPY,equities,5min,data/5min/spy_5m.csv
2026-03-05 16:15:00+00:00,679.7999877929688,680.1799926757812,679.010009765625,679.14501953125,2745487,SPY,equities,5min,data/5min/spy_5m.csv
2026-03-05 16:20:00+00:00,679.1500244140625,680.3099975585938,679.1099853515625,679.72998046875,1237078,SPY,equities,5min,data/5min/spy_5m.csv
2026-03-05 16:25:00+00:00,679.6849975585938,680.1699829101562,679.4099731445312,679.5349731445312,879069,SPY,equities,5min,data/5min/spy_5m.csv
2026-03-05 16:30:00+00:00,679.530029296875,680.7899169921875,679.4600219726562,680.0999755859375,1276409,SPY,equities,5min,data/5min/spy_5m.csv
2026-03-05 16:35:00+00:00,680.1199951171875,680.9550170898438,679.9299926757812,680.5800170898438,1034677,SPY,equities,5min,data/5min/spy_5m.csv
2026-03-05 16:40:00+00:00,680.5700073242188,681.0399780273438,679.8599853515625,680.219970703125,965900,SPY,equities,5min,data/5min/spy_5m.csv
2026-03-05 16:45:00+00:00,680.239990234375,681.1900024414062,680.2150268554688,680.6699829101562,763280,SPY,equities,5min,data/5min/spy_5m.csv
2026-03-05 16:50:00+00:00,680.6599731445312,681.02001953125,680.2449951171875,680.9000244140625,710262,SPY,equities,5min,data/5min/spy_5m.csv
2026-03-05 16:55:00+00:00,680.8800048828125,681.3499755859375,680.8200073242188,681.0599975585938,825718,SPY,equities,5min,data/5min/spy_5m.csv
2026-03-05 17:00:00+00:00,681.0549926757812,682.4000244140625,680.8300170898438,682.3300170898438,907078,SPY,equities,5min,data/5min/spy_5m.csv
2026-03-05 17:05:00+00:00,682.3300170898438,682.4199829101562,680.969970703125,681.010009765625,1039498,SPY,equities,5min,data/5min/spy_5m.csv
2026-03-05 17:10:00+00:00,680.969970703125,681.1400146484375,680.1699829101562,680.5499877929688,813286,SPY,equities,5min,data/5min/spy_5m.csv
2026-03-05 17:15:00+00:00,680.5399780273438,680.5800170898438,679.1697998046875,679.2999877929688,738462,SPY,equities,5min,data/5min/spy_5m.csv
2026-03-05 17:20:00+00:00,679.2999877929688,679.6699829101562,678.9400024414062,679.4000244140625,811506,SPY,equities,5min,data/5min/spy_5m.csv
2026-03-05 17:25:00+00:00,679.4099731445312,679.6599731445312,678.489990234375,678.510009765625,1077123,SPY,equities,5min,data/5min/spy_5m.csv
2026-03-05 17:30:00+00:00,678.510009765625,678.8049926757812,677.239990234375,677.3400268554688,1672485,SPY,equities,5min,data/5min/spy_5m.csv
2026-03-05 17:35:00+00:00,677.3200073242188,678.6199951171875,677.0800170898438,678.010009765625,1771077,SPY,equities,5min,data/5min/spy_5m.csv
2026-03-05 17:40:00+00:00,678.010009765625,678.4199829101562,676.9500122070312,677.27001953125,1041837,SPY,equities,5min,data/5min/spy_5m.csv
2026-03-05 17:45:00+00:00,677.260009765625,677.2999877929688,676.2999877929688,676.4650268554688,1020180,SPY,equities,5min,data/5min/spy_5m.csv
2026-03-05 17:50:00+00:00,676.4600219726562,677.3699951171875,676.10498046875,676.469970703125,1357263,SPY,equities,5min,data/5min/spy_5m.csv
2026-03-05 17:55:00+00:00,676.4600219726562,676.780029296875,676.030029296875,676.4600219726562,1084520,SPY,equities,5min,data/5min/spy_5m.csv
2026-03-05 18:00:00+00:00,676.4500122070312,677.1801147460938,676.3099975585938,677.0900268554688,1048447,SPY,equities,5min,data/5min/spy_5m.csv
2026-03-05 18:05:00+00:00,677.0599975585938,677.9099731445312,676.7999877929688,677.7899780273438,941158,SPY,equities,5min,data/5min/spy_5m.csv
2026-03-05 18:10:00+00:00,677.7999877929688,678.260009765625,677.2899780273438,678.02001953125,682505,SPY,equities,5min,data/5min/spy_5m.csv
2026-03-05 18:15:00+00:00,678.010009765625,678.2249755859375,676.2901000976562,676.3800048828125,732474,SPY,equities,5min,data/5min/spy_5m.csv
2026-03-05 18:20:00+00:00,676.3900146484375,677.3726196289062,676.3599853515625,676.9299926757812,668771,SPY,equities,5min,data/5min/spy_5m.csv
2026-03-05 18:25:00+00:00,676.9299926757812,677.0,675.9000244140625,676.2999877929688,788661,SPY,equities,5min,data/5min/spy_5m.csv
2026-03-05 18:30:00+00:00,676.280029296875,677.02880859375,675.8200073242188,676.369873046875,654510,SPY,equities,5min,data/5min/spy_5m.csv
2026-03-05 18:35:00+00:00,676.3499755859375,677.030029296875,676.2301025390625,676.7000122070312,681380,SPY,equities,5min,data/5min/spy_5m.csv
2026-03-05 18:40:00+00:00,676.75,677.9600219726562,676.7000122070312,677.7899780273438,741053,SPY,equities,5min,data/5min/spy_5m.csv
2026-03-05 18:45:00+00:00,677.7899780273438,677.8499755859375,676.6900024414062,676.905029296875,684285,SPY,equities,5min,data/5min/spy_5m.csv
2026-03-05 18:50:00+00:00,676.8900146484375,676.9199829101562,675.9400024414062,676.0700073242188,621507,SPY,equities,5min,data/5min/spy_5m.csv
2026-03-05 18:55:00+00:00,676.0599975585938,677.0150146484375,676.0599975585938,676.6199951171875,623271,SPY,equities,5min,data/5min/spy_5m.csv
2026-03-05 19:00:00+00:00,676.5999755859375,677.1199951171875,676.3800048828125,676.75,965706,SPY,equities,5min,data/5min/spy_5m.csv
2026-03-05 19:05:00+00:00,676.7598876953125,677.3250122070312,676.719970703125,676.9600219726562,598278,SPY,equities,5min,data/5min/spy_5m.csv
2026-03-05 19:10:00+00:00,676.9600219726562,677.4500122070312,676.5800170898438,677.3400268554688,442896,SPY,equities,5min,data/5min/spy_5m.csv
2026-03-05 19:15:00+00:00,677.3200073242188,677.3900146484375,676.6593017578125,677.3200073242188,593116,SPY,equities,5min,data/5min/spy_5m.csv
2026-03-05 19:20:00+00:00,677.3300170898438,677.7899780273438,676.8300170898438,677.2100219726562,563069,SPY,equities,5min,data/5min/spy_5m.csv
2026-03-05 19:25:00+00:00,677.2100219726562,677.4149780273438,676.2899780273438,676.6699829101562,960352,SPY,equities,5min,data/5min/spy_5m.csv
2026-03-05 19:30:00+00:00,676.6699829101562,676.6699829101562,675.6099853515625,675.989990234375,1018221,SPY,equities,5min,data/5min/spy_5m.csv
2026-03-05 19:35:00+00:00,675.989990234375,676.3699951171875,675.6699829101562,676.3150024414062,698375,SPY,equities,5min,data/5min/spy_5m.csv
2026-03-05 19:40:00+00:00,676.3200073242188,677.0499877929688,676.2899780273438,677.0385131835938,657136,SPY,equities,5min,data/5min/spy_5m.csv
2026-03-05 19:45:00+00:00,677.010009765625,677.4949951171875,676.5599975585938,677.280029296875,558092,SPY,equities,5min,data/5min/spy_5m.csv
2026-03-05 19:50:00+00:00,677.3099975585938,677.72998046875,676.7158813476562,676.72998046875,632168,SPY,equities,5min,data/5min/spy_5m.csv
2026-03-05 19:55:00+00:00,676.7000122070312,677.27001953125,676.4500122070312,677.0900268554688,698295,SPY,equities,5min,data/5min/spy_5m.csv
2026-03-05 20:00:00+00:00,677.0700073242188,678.1500244140625,676.3900146484375,677.9600830078125,1293838,SPY,equities,5min,data/5min/spy_5m.csv
2026-03-05 20:05:00+00:00,677.9450073242188,678.469970703125,676.780029296875,678.25,1422275,SPY,equities,5min,data/5min/spy_5m.csv
2026-03-05 20:10:00+00:00,678.2550048828125,679.0900268554688,678.1699829101562,678.8150024414062,1368496,SPY,equities,5min,data/5min/spy_5m.csv
2026-03-05 20:15:00+00:00,678.8300170898438,679.4600219726562,678.3900146484375,679.1199951171875,1539501,SPY,equities,5min,data/5min/spy_5m.csv
2026-03-05 20:20:00+00:00,679.1199951171875,679.8369140625,678.8699951171875,679.8200073242188,1264757,SPY,equities,5min,data/5min/spy_5m.csv
2026-03-05 20:25:00+00:00,679.8200073242188,680.4600219726562,679.3920288085938,679.4600219726562,1552343,SPY,equities,5min,data/5min/spy_5m.csv
2026-03-05 20:30:00+00:00,679.469970703125,680.1799926757812,679.1699829101562,680.0499877929688,1111466,SPY,equities,5min,data/5min/spy_5m.csv
2026-03-05 20:35:00+00:00,680.0399780273438,680.47998046875,679.8800048828125,680.0399780273438,874002,SPY,equities,5min,data/5min/spy_5m.csv
2026-03-05 20:40:00+00:00,680.0499877929688,680.1599731445312,679.5900268554688,679.97998046875,1115152,SPY,equities,5min,data/5min/spy_5m.csv
2026-03-05 20:45:00+00:00,679.97998046875,680.52001953125,679.4099731445312,680.5108032226562,1346636,SPY,equities,5min,data/5min/spy_5m.csv
2026-03-05 20:50:00+00:00,680.52001953125,681.4400024414062,680.3250122070312,681.3599853515625,4112840,SPY,equities,5min,data/5min/spy_5m.csv
2026-03-05 20:55:00+00:00,681.3599853515625,681.75,680.9600219726562,681.4400024414062,8715669,SPY,equities,5min,data/5min/spy_5m.csv
2026-03-06 14:30:00+00:00,673.4099731445312,674.0599975585938,672.02001953125,672.4099731445312,7914657,SPY,equities,5min,data/5min/spy_5m.csv
2026-03-06 14:35:00+00:00,672.3900146484375,672.5800170898438,670.4099731445312,671.1099853515625,2336813,SPY,equities,5min,data/5min/spy_5m.csv
2026-03-06 14:40:00+00:00,671.1199951171875,672.1900024414062,670.760009765625,670.97998046875,2170521,SPY,equities,5min,data/5min/spy_5m.csv
2026-03-06 14:45:00+00:00,671.0,671.8300170898438,670.0,670.7000122070312,2056042,SPY,equities,5min,data/5min/spy_5m.csv
2026-03-06 14:50:00+00:00,670.72998046875,672.1300048828125,670.4520263671875,670.72998046875,1686687,SPY,equities,5min,data/5min/spy_5m.csv
2026-03-06 14:55:00+00:00,670.72998046875,671.1799926757812,669.760009765625,670.8699951171875,2004899,SPY,equities,5min,data/5min/spy_5m.csv
2026-03-06 15:00:00+00:00,670.9099731445312,673.1300048828125,670.8400268554688,672.8300170898438,1963339,SPY,equities,5min,data/5min/spy_5m.csv
2026-03-06 15:05:00+00:00,672.8300170898438,673.0499267578125,670.8400268554688,670.97998046875,1456443,SPY,equities,5min,data/5min/spy_5m.csv
2026-03-06 15:10:00+00:00,670.969970703125,673.2999877929688,670.791015625,673.22998046875,1182078,SPY,equities,5min,data/5min/spy_5m.csv
2026-03-06 15:15:00+00:00,673.1900024414062,673.518798828125,672.6199951171875,673.4099731445312,1238723,SPY,equities,5min,data/5min/spy_5m.csv
2026-03-06 15:20:00+00:00,673.419921875,674.3599853515625,673.1400146484375,674.02001953125,1139493,SPY,equities,5min,data/5min/spy_5m.csv
2026-03-06 15:25:00+00:00,674.02001953125,674.260009765625,673.530029296875,674.1699829101562,896654,SPY,equities,5min,data/5min/spy_5m.csv
2026-03-06 15:30:00+00:00,674.1300048828125,675.0,674.1199951171875,674.9000244140625,1230005,SPY,equities,5min,data/5min/spy_5m.csv
2026-03-06 15:35:00+00:00,674.9000244140625,675.9149780273438,674.8300170898438,675.5999755859375,1273633,SPY,equities,5min,data/5min/spy_5m.csv
2026-03-06 15:40:00+00:00,675.5900268554688,675.5900268554688,674.1649780273438,674.719970703125,1297299,SPY,equities,5min,data/5min/spy_5m.csv
2026-03-06 15:45:00+00:00,674.7000122070312,674.9000244140625,673.510009765625,673.77001953125,849438,SPY,equities,5min,data/5min/spy_5m.csv
2026-03-06 15:50:00+00:00,673.7999877929688,673.8400268554688,672.4600219726562,673.4099731445312,1196137,SPY,equities,5min,data/5min/spy_5m.csv
2026-03-06 15:55:00+00:00,673.4099731445312,675.4000244140625,673.4099731445312,674.9199829101562,1249454,SPY,equities,5min,data/5min/spy_5m.csv
2026-03-06 16:00:00+00:00,674.9600219726562,676.010009765625,674.6900024414062,675.9000244140625,897045,SPY,equities,5min,data/5min/spy_5m.csv
2026-03-06 16:05:00+00:00,675.9000244140625,675.989990234375,674.780029296875,674.8900146484375,858921,SPY,equities,5min,data/5min/spy_5m.csv
2026-03-06 16:10:00+00:00,674.9000244140625,675.010009765625,674.0650024414062,674.1900024414062,796223,SPY,equities,5min,data/5min/spy_5m.csv
2026-03-06 16:15:00+00:00,674.1799926757812,675.0800170898438,673.969970703125,674.9099731445312,793246,SPY,equities,5min,data/5min/spy_5m.csv
2026-03-06 16:20:00+00:00,674.8800048828125,675.0399169921875,673.4349975585938,674.4249877929688,937340,SPY,equities,5min,data/5min/spy_5m.csv
2026-03-06 16:25:00+00:00,674.4199829101562,674.6599731445312,673.7999877929688,674.4199829101562,676147,SPY,equities,5min,data/5min/spy_5m.csv
2026-03-06 16:30:00+00:00,674.4299926757812,674.5999755859375,673.4000244140625,673.7000122070312,709892,SPY,equities,5min,data/5min/spy_5m.csv
2026-03-06 16:35:00+00:00,673.6799926757812,675.1799926757812,673.5700073242188,674.9400024414062,662558,SPY,equities,5min,data/5min/spy_5m.csv
2026-03-06 16:40:00+00:00,674.9500122070312,675.22998046875,674.3800048828125,674.510009765625,514138,SPY,equities,5min,data/5min/spy_5m.csv
2026-03-06 16:45:00+00:00,674.5,675.6799926757812,674.4500122070312,675.3499755859375,643625,SPY,equities,5min,data/5min/spy_5m.csv
2026-03-06 16:50:00+00:00,675.3400268554688,676.0,674.5050048828125,674.6199951171875,674842,SPY,equities,5min,data/5min/spy_5m.csv
2026-03-06 16:55:00+00:00,674.6400146484375,675.510009765625,674.1500244140625,674.969970703125,752951,SPY,equities,5min,data/5min/spy_5m.csv
2026-03-06 17:00:00+00:00,674.97998046875,675.8400268554688,674.5700073242188,675.260009765625,567030,SPY,equities,5min,data/5min/spy_5m.csv
2026-03-06 17:05:00+00:00,675.25,675.3300170898438,673.6400146484375,673.97998046875,923687,SPY,equities,5min,data/5min/spy_5m.csv
2026-03-06 17:10:00+00:00,673.97998046875,674.3599853515625,673.6599731445312,673.969970703125,483647,SPY,equities,5min,data/5min/spy_5m.csv
2026-03-06 17:15:00+00:00,673.9500122070312,674.469970703125,673.4400024414062,674.4199829101562,591741,SPY,equities,5min,data/5min/spy_5m.csv
2026-03-06 17:20:00+00:00,674.4000244140625,675.1699829101562,674.0599975585938,674.510009765625,481614,SPY,equities,5min,data/5min/spy_5m.csv
2026-03-06 17:25:00+00:00,674.52001953125,674.5599975585938,673.3499755859375,673.8099975585938,859210,SPY,equities,5min,data/5min/spy_5m.csv
2026-03-06 17:30:00+00:00,673.7999877929688,674.1599731445312,673.5999755859375,674.0900268554688,443118,SPY,equities,5min,data/5min/spy_5m.csv
2026-03-06 17:35:00+00:00,674.0900268554688,674.0999755859375,672.59130859375,672.8900146484375,1013511,SPY,equities,5min,data/5min/spy_5m.csv
2026-03-06 17:40:00+00:00,672.9299926757812,673.1199951171875,672.030029296875,672.6298828125,898838,SPY,equities,5min,data/5min/spy_5m.csv
2026-03-06 17:45:00+00:00,672.6199951171875,673.52001953125,672.5999755859375,673.3499755859375,671968,SPY,equities,5min,data/5min/spy_5m.csv
2026-03-06 17:50:00+00:00,673.3200073242188,673.969970703125,673.030029296875,673.219970703125,626408,SPY,equities,5min,data/5min/spy_5m.csv
2026-03-06 17:55:00+00:00,673.2100219726562,673.8300170898438,672.9500122070312,673.0800170898438,645884,SPY,equities,5min,data/5min/spy_5m.csv
2026-03-06 18:00:00+00:00,673.0900268554688,674.2899780273438,672.969970703125,673.5599975585938,703174,SPY,equities,5min,data/5min/spy_5m.csv
2026-03-06 18:05:00+00:00,673.5599975585938,674.489990234375,673.4000244140625,674.1801147460938,545310,SPY,equities,5min,data/5min/spy_5m.csv
2026-03-06 18:10:00+00:00,674.2100219726562,676.1099853515625,673.9199829101562,675.8300170898438,1314709,SPY,equities,5min,data/5min/spy_5m.csv
2026-03-06 18:15:00+00:00,675.8300170898438,676.0999755859375,675.2100219726562,675.875,1251863,SPY,equities,5min,data/5min/spy_5m.csv
2026-03-06 18:20:00+00:00,675.8599853515625,676.0250244140625,674.97998046875,675.3200073242188,649652,SPY,equities,5min,data/5min/spy_5m.csv
2026-03-06 18:25:00+00:00,675.3200073242188,675.3900146484375,674.2449951171875,674.6400146484375,623105,SPY,equities,5min,data/5min/spy_5m.csv
2026-03-06 18:30:00+00:00,674.6699829101562,675.2999877929688,674.3300170898438,674.9199829101562,654155,SPY,equities,5min,data/5min/spy_5m.csv
2026-03-06 18:35:00+00:00,674.9199829101562,674.969970703125,673.969970703125,674.3900146484375,1131815,SPY,equities,5min,data/5min/spy_5m.csv
2026-03-06 18:40:00+00:00,674.3699951171875,674.8699951171875,674.2100219726562,674.6199951171875,644629,SPY,equities,5min,data/5min/spy_5m.csv
2026-03-06 18:45:00+00:00,674.6500244140625,674.77001953125,674.2000122070312,674.739990234375,528560,SPY,equities,5min,data/5min/spy_5m.csv
2026-03-06 18:50:00+00:00,674.75,674.7899780273438,673.6900024414062,673.9000244140625,780331,SPY,equities,5min,data/5min/spy_5m.csv
2026-03-06 18:55:00+00:00,673.9000244140625,674.4199829101562,673.7100219726562,674.0399780273438,511009,SPY,equities,5min,data/5min/spy_5m.csv
2026-03-06 19:00:00+00:00,674.0700073242188,674.4000244140625,673.8699951171875,673.9000244140625,471087,SPY,equities,5min,data/5min/spy_5m.csv
2026-03-06 19:05:00+00:00,673.8900146484375,674.72998046875,673.780029296875,674.530029296875,462445,SPY,equities,5min,data/5min/spy_5m.csv
2026-03-06 19:10:00+00:00,674.530029296875,675.4299926757812,674.469970703125,675.1699829101562,615663,SPY,equities,5min,data/5min/spy_5m.csv
2026-03-06 19:15:00+00:00,675.1599731445312,675.2899780273438,674.4199829101562,675.0399780273438,664575,SPY,equities,5min,data/5min/spy_5m.csv
2026-03-06 19:20:00+00:00,675.030029296875,675.1849975585938,674.1500244140625,674.280029296875,621349,SPY,equities,5min,data/5min/spy_5m.csv
2026-03-06 19:25:00+00:00,674.2899780273438,675.0800170898438,673.9500122070312,674.9199829101562,535306,SPY,equities,5min,data/5min/spy_5m.csv
2026-03-06 19:30:00+00:00,674.9099731445312,675.3900146484375,674.75,675.0499877929688,707269,SPY,equities,5min,data/5min/spy_5m.csv
2026-03-06 19:35:00+00:00,675.0700073242188,675.260009765625,674.239990234375,674.72998046875,555257,SPY,equities,5min,data/5min/spy_5m.csv
2026-03-06 19:40:00+00:00,674.77001953125,675.6400146484375,674.6300048828125,674.655029296875,834428,SPY,equities,5min,data/5min/spy_5m.csv
2026-03-06 19:45:00+00:00,674.6500244140625,674.8099975585938,674.1799926757812,674.5700073242188,860236,SPY,equities,5min,data/5min/spy_5m.csv
2026-03-06 19:50:00+00:00,674.5499877929688,675.0399780273438,674.219970703125,674.8800048828125,748411,SPY,equities,5min,data/5min/spy_5m.csv
2026-03-06 19:55:00+00:00,674.8800048828125,675.1400146484375,674.72998046875,675.010009765625,1031192,SPY,equities,5min,data/5min/spy_5m.csv
2026-03-06 20:00:00+00:00,675.0,675.969970703125,674.969970703125,675.72998046875,994739,SPY,equities,5min,data/5min/spy_5m.csv
2026-03-06 20:05:00+00:00,675.719970703125,675.7899780273438,674.9099731445312,674.9400024414062,725861,SPY,equities,5min,data/5min/spy_5m.csv
2026-03-06 20:10:00+00:00,674.9500122070312,675.0999755859375,673.4600219726562,673.9400024414062,1582033,SPY,equities,5min,data/5min/spy_5m.csv
2026-03-06 20:15:00+00:00,673.9500122070312,674.4400024414062,673.489990234375,673.8800048828125,1001598,SPY,equities,5min,data/5min/spy_5m.csv
2026-03-06 20:20:00+00:00,673.8900146484375,673.9500122070312,672.8599853515625,672.9299926757812,1240172,SPY,equities,5min,data/5min/spy_5m.csv
2026-03-06 20:25:00+00:00,672.9400024414062,672.989990234375,671.97998046875,672.22998046875,1841756,SPY,equities,5min,data/5min/spy_5m.csv
2026-03-06 20:30:00+00:00,672.22998046875,672.5750122070312,671.6900024414062,671.9199829101562,1567366,SPY,equities,5min,data/5min/spy_5m.csv
2026-03-06 20:35:00+00:00,671.9099731445312,672.3350219726562,671.1400146484375,672.219970703125,1735536,SPY,equities,5min,data/5min/spy_5m.csv
2026-03-06 20:40:00+00:00,672.25,673.4000244140625,671.8099975585938,672.510009765625,1884283,SPY,equities,5min,data/5min/spy_5m.csv
2026-03-06 20:45:00+00:00,672.5,673.0399780273438,672.4099731445312,672.840087890625,1622012,SPY,equities,5min,data/5min/spy_5m.csv
2026-03-06 20:50:00+00:00,672.8400268554688,673.0499877929688,671.760009765625,672.5999755859375,3360192,SPY,equities,5min,data/5min/spy_5m.csv
2026-03-06 20:55:00+00:00,672.5900268554688,673.22998046875,672.0900268554688,672.489990234375,6380149,SPY,equities,5min,data/5min/spy_5m.csv
2026-03-09 13:30:00+00:00,666.3900146484375,667.6300048828125,665.739990234375,666.3499755859375,5316697,SPY,equities,5min,data/5min/spy_5m.csv
2026-03-09 13:35:00+00:00,666.35498046875,666.5700073242188,664.6400146484375,664.75,1978341,SPY,equities,5min,data/5min/spy_5m.csv
2026-03-09 13:40:00+00:00,664.739990234375,664.9000244140625,663.6400146484375,664.3699951171875,1657151,SPY,equities,5min,data/5min/spy_5m.csv
2026-03-09 13:45:00+00:00,664.3800048828125,664.9099731445312,663.3599853515625,663.6799926757812,1659455,SPY,equities,5min,data/5min/spy_5m.csv
2026-03-09 13:50:00+00:00,663.6699829101562,664.2000122070312,662.72998046875,663.1599731445312,1482073,SPY,equities,5min,data/5min/spy_5m.csv
2026-03-09 13:55:00+00:00,663.1500244140625,664.9099731445312,662.7000122070312,664.0800170898438,1449154,SPY,equities,5min,data/5min/spy_5m.csv
2026-03-09 14:00:00+00:00,664.0499877929688,665.8699951171875,663.75,665.8400268554688,1278007,SPY,equities,5min,data/5min/spy_5m.csv
2026-03-09 14:05:00+00:00,665.7999877929688,665.9500122070312,662.8699951171875,663.5150146484375,2015416,SPY,equities,5min,data/5min/spy_5m.csv
2026-03-09 14:10:00+00:00,663.5,663.5700073242188,662.3900146484375,663.1400146484375,1358599,SPY,equities,5min,data/5min/spy_5m.csv
2026-03-09 14:15:00+00:00,663.1300048828125,664.1799926757812,662.8400268554688,663.9299926757812,1098692,SPY,equities,5min,data/5min/spy_5m.csv
2026-03-09 14:20:00+00:00,663.885498046875,665.6599731445312,663.02001953125,665.2899780273438,1215134,SPY,equities,5min,data/5min/spy_5m.csv
2026-03-09 14:25:00+00:00,665.2999877929688,665.5549926757812,663.6300048828125,664.0599975585938,996574,SPY,equities,5min,data/5min/spy_5m.csv
2026-03-09 14:30:00+00:00,664.030029296875,665.2000122070312,663.97998046875,664.97998046875,1091991,SPY,equities,5min,data/5min/spy_5m.csv
2026-03-09 14:35:00+00:00,664.9600219726562,666.52001953125,664.760009765625,666.0399780273438,914778,SPY,equities,5min,data/5min/spy_5m.csv
2026-03-09 14:40:00+00:00,666.02001953125,666.9199829101562,665.6199951171875,666.9000244140625,920675,SPY,equities,5min,data/5min/spy_5m.csv
2026-03-09 14:45:00+00:00,666.9099731445312,667.75,666.7000122070312,667.6199951171875,1092368,SPY,equities,5min,data/5min/spy_5m.csv
2026-03-09 14:50:00+00:00,667.6099853515625,668.1699829101562,667.0599975585938,668.1199951171875,985880,SPY,equities,5min,data/5min/spy_5m.csv
2026-03-09 14:55:00+00:00,668.1199951171875,668.3099975585938,667.1199951171875,667.5800170898438,1050915,SPY,equities,5min,data/5min/spy_5m.csv
2026-03-09 15:00:00+00:00,667.5800170898438,668.6799926757812,667.5800170898438,668.510009765625,850840,SPY,equities,5min,data/5min/spy_5m.csv
2026-03-09 15:05:00+00:00,668.510009765625,668.7100219726562,667.8200073242188,668.0499877929688,795289,SPY,equities,5min,data/5min/spy_5m.csv
2026-03-09 15:10:00+00:00,668.0399780273438,668.8399047851562,667.969970703125,668.77001953125,746238,SPY,equities,5min,data/5min/spy_5m.csv
2026-03-09 15:15:00+00:00,668.780029296875,669.3300170898438,668.3499755859375,668.8699951171875,945642,SPY,equities,5min,data/5min/spy_5m.csv
2026-03-09 15:20:00+00:00,668.8699951171875,669.47998046875,668.5800170898438,669.3400268554688,1092386,SPY,equities,5min,data/5min/spy_5m.csv
2026-03-09 15:25:00+00:00,669.3300170898438,669.9199829101562,669.0,669.77001953125,1059089,SPY,equities,5min,data/5min/spy_5m.csv
2026-03-09 15:30:00+00:00,669.77001953125,669.8099975585938,668.6699829101562,668.8499755859375,938862,SPY,equities,5min,data/5min/spy_5m.csv
2026-03-09 15:35:00+00:00,668.8499755859375,669.0,668.47998046875,668.5999755859375,680999,SPY,equities,5min,data/5min/spy_5m.csv
2026-03-09 15:40:00+00:00,668.5999755859375,668.8599853515625,668.3699951171875,668.510009765625,722391,SPY,equities,5min,data/5min/spy_5m.csv
2026-03-09 15:45:00+00:00,668.5,669.4600219726562,668.3800048828125,669.1199951171875,790861,SPY,equities,5min,data/5min/spy_5m.csv
2026-03-09 15:50:00+00:00,669.1300048828125,669.7899780273438,668.9299926757812,669.610107421875,754892,SPY,equities,5min,data/5min/spy_5m.csv
2026-03-09 15:55:00+00:00,669.5999755859375,669.8900146484375,669.3203125,669.4450073242188,545997,SPY,equities,5min,data/5min/spy_5m.csv
2026-03-09 16:00:00+00:00,669.4400024414062,670.260009765625,669.169921875,669.6691284179688,705391,SPY,equities,5min,data/5min/spy_5m.csv
2026-03-09 16:05:00+00:00,669.6699829101562,670.0999755859375,669.5599975585938,669.8499755859375,555954,SPY,equities,5min,data/5min/spy_5m.csv
2026-03-09 16:10:00+00:00,669.8599853515625,670.1900024414062,669.52001953125,669.8900146484375,530815,SPY,equities,5min,data/5min/spy_5m.csv
2026-03-09 16:15:00+00:00,669.8900146484375,670.02001953125,669.52001953125,669.9299926757812,484554,SPY,equities,5min,data/5min/spy_5m.csv
2026-03-09 16:20:00+00:00,669.9299926757812,670.6300048828125,669.25,670.489990234375,966655,SPY,equities,5min,data/5min/spy_5m.csv
2026-03-09 16:25:00+00:00,670.489990234375,671.5999755859375,670.280029296875,670.8699951171875,1190931,SPY,equities,5min,data/5min/spy_5m.csv
2026-03-09 16:30:00+00:00,670.8699951171875,671.010009765625,669.8900146484375,670.8400268554688,1163937,SPY,equities,5min,data/5min/spy_5m.csv
2026-03-09 16:35:00+00:00,670.8099975585938,671.3699951171875,670.75,671.0900268554688,779726,SPY,equities,5min,data/5min/spy_5m.csv
2026-03-09 16:40:00+00:00,671.0900268554688,671.9400024414062,671.0800170898438,671.8499755859375,628519,SPY,equities,5min,data/5min/spy_5m.csv
2026-03-09 16:45:00+00:00,671.8414916992188,672.25,671.6900024414062,671.97998046875,744298,SPY,equities,5min,data/5min/spy_5m.csv
2026-03-09 16:50:00+00:00,671.969970703125,672.0499877929688,671.4290161132812,671.5399780273438,720438,SPY,equities,5min,data/5min/spy_5m.csv
2026-03-09 16:55:00+00:00,671.530029296875,671.9500122070312,671.1900024414062,671.2698974609375,601405,SPY,equities,5min,data/5min/spy_5m.csv
2026-03-09 17:00:00+00:00,671.2750244140625,671.3599853515625,670.3800048828125,670.7899780273438,968683,SPY,equities,5min,data/5min/spy_5m.csv
2026-03-09 17:05:00+00:00,670.7899780273438,670.9199829101562,670.3150024414062,670.739990234375,532816,SPY,equities,5min,data/5min/spy_5m.csv
2026-03-09 17:10:00+00:00,670.760009765625,671.02001953125,670.4099731445312,670.6500244140625,451520,SPY,equities,5min,data/5min/spy_5m.csv
2026-03-09 17:15:00+00:00,670.64501953125,670.7899780273438,669.6900024414062,669.75,620607,SPY,equities,5min,data/5min/spy_5m.csv
2026-03-09 17:20:00+00:00,669.75,669.8800048828125,668.9849853515625,669.02001953125,931733,SPY,equities,5min,data/5min/spy_5m.csv
2026-03-09 17:25:00+00:00,669.0399780273438,669.1099853515625,668.7100219726562,668.844970703125,763865,SPY,equities,5min,data/5min/spy_5m.csv
2026-03-09 17:30:00+00:00,668.8400268554688,669.1199951171875,668.6300048828125,668.8099975585938,738706,SPY,equities,5min,data/5min/spy_5m.csv
2026-03-09 17:35:00+00:00,668.8300170898438,669.0,668.4299926757812,668.4600219726562,670533,SPY,equities,5min,data/5min/spy_5m.csv
2026-03-09 17:40:00+00:00,668.4600219726562,668.760009765625,668.0900268554688,668.219970703125,751751,SPY,equities,5min,data/5min/spy_5m.csv
2026-03-09 17:45:00+00:00,668.239990234375,669.0800170898438,668.1900024414062,668.6099853515625,738186,SPY,equities,5min,data/5min/spy_5m.csv
2026-03-09 17:50:00+00:00,668.6099853515625,669.25,668.47998046875,669.1632080078125,524479,SPY,equities,5min,data/5min/spy_5m.csv
2026-03-09 17:55:00+00:00,669.1500244140625,669.3400268554688,668.6699829101562,668.8150024414062,492123,SPY,equities,5min,data/5min/spy_5m.csv
2026-03-09 18:00:00+00:00,668.8400268554688,669.3300170898438,668.77001953125,669.0599975585938,722073,SPY,equities,5min,data/5min/spy_5m.csv
2026-03-09 18:05:00+00:00,669.0599975585938,669.7899780273438,668.9600219726562,669.1199951171875,794658,SPY,equities,5min,data/5min/spy_5m.csv
2026-03-09 18:10:00+00:00,669.114990234375,669.7899780273438,669.0,669.5499877929688,600808,SPY,equities,5min,data/5min/spy_5m.csv
2026-03-09 18:15:00+00:00,669.5499877929688,670.27001953125,669.3499755859375,670.2100219726562,557020,SPY,equities,5min,data/5min/spy_5m.csv
2026-03-09 18:20:00+00:00,670.2100219726562,670.8699951171875,669.5900268554688,670.0999755859375,969887,SPY,equities,5min,data/5min/spy_5m.csv
2026-03-09 18:25:00+00:00,670.0900268554688,670.22998046875,669.8900146484375,670.0599975585938,632400,SPY,equities,5min,data/5min/spy_5m.csv
2026-03-09 18:30:00+00:00,670.0599975585938,671.1799926757812,670.0,671.0599975585938,798346,SPY,equities,5min,data/5min/spy_5m.csv
2026-03-09 18:35:00+00:00,671.0800170898438,671.2999877929688,670.760009765625,670.9500122070312,763468,SPY,equities,5min,data/5min/spy_5m.csv
2026-03-09 18:40:00+00:00,670.9400024414062,671.030029296875,670.6300048828125,670.8599243164062,678991,SPY,equities,5min,data/5min/spy_5m.csv
2026-03-09 18:45:00+00:00,670.8499755859375,671.239990234375,670.780029296875,670.9400024414062,387848,SPY,equities,5min,data/5min/spy_5m.csv
2026-03-09 18:50:00+00:00,670.9349975585938,671.22998046875,670.7000122070312,670.9000244140625,632466,SPY,equities,5min,data/5min/spy_5m.csv
2026-03-09 18:55:00+00:00,670.8900756835938,670.8900756835938,669.9378051757812,670.0800170898438,869304,SPY,equities,5min,data/5min/spy_5m.csv
2026-03-09 19:00:00+00:00,670.0999755859375,670.5800170898438,669.9099731445312,670.280029296875,524534,SPY,equities,5min,data/5min/spy_5m.csv
2026-03-09 19:05:00+00:00,670.27001953125,670.4000244140625,669.9000244140625,670.33642578125,556354,SPY,equities,5min,data/5min/spy_5m.csv
2026-03-09 19:10:00+00:00,670.3402709960938,670.75,670.3200073242188,670.4400024414062,641602,SPY,equities,5min,data/5min/spy_5m.csv
2026-03-09 19:15:00+00:00,670.4500122070312,673.530029296875,670.3200073242188,673.4099731445312,2627754,SPY,equities,5min,data/5min/spy_5m.csv
2026-03-09 19:20:00+00:00,673.4099731445312,675.7000122070312,672.97998046875,675.1300048828125,5260784,SPY,equities,5min,data/5min/spy_5m.csv
2026-03-09 19:25:00+00:00,675.1599731445312,677.5150146484375,674.719970703125,677.3900146484375,3161730,SPY,equities,5min,data/5min/spy_5m.csv
2026-03-09 19:30:00+00:00,677.3699951171875,678.5150146484375,675.8800048828125,678.4199829101562,2369501,SPY,equities,5min,data/5min/spy_5m.csv
2026-03-09 19:35:00+00:00,678.4199829101562,679.9199829101562,677.260009765625,679.6599731445312,2759389,SPY,equities,5min,data/5min/spy_5m.csv
2026-03-09 19:40:00+00:00,679.6599731445312,679.6699829101562,676.969970703125,677.875,2357870,SPY,equities,5min,data/5min/spy_5m.csv
2026-03-09 19:45:00+00:00,677.8900146484375,678.510009765625,677.3599853515625,678.02001953125,1472921,SPY,equities,5min,data/5min/spy_5m.csv
2026-03-09 19:50:00+00:00,678.02001953125,678.030029296875,676.77001953125,677.1199951171875,2480011,SPY,equities,5min,data/5min/spy_5m.csv
2026-03-09 19:55:00+00:00,677.1300048828125,678.760009765625,676.9099731445312,678.2999877929688,4660021,SPY,equities,5min,data/5min/spy_5m.csv
2026-03-10 13:30:00+00:00,677.719970703125,678.7849731445312,677.1400146484375,677.5900268554688,4091915,SPY,equities,5min,data/5min/spy_5m.csv
2026-03-10 13:35:00+00:00,677.5900268554688,677.7899780273438,676.77001953125,677.2575073242188,1408064,SPY,equities,5min,data/5min/spy_5m.csv
2026-03-10 13:40:00+00:00,677.239990234375,677.77001953125,675.8300170898438,677.1799926757812,1331200,SPY,equities,5min,data/5min/spy_5m.csv
2026-03-10 13:45:00+00:00,677.1699829101562,677.530029296875,676.2999877929688,677.2899780273438,887547,SPY,equities,5min,data/5min/spy_5m.csv
2026-03-10 13:50:00+00:00,677.3400268554688,677.3699951171875,676.2999877929688,676.3049926757812,820571,SPY,equities,5min,data/5min/spy_5m.csv
2026-03-10 13:55:00+00:00,676.3099975585938,676.5800170898438,675.489990234375,675.8499755859375,863792,SPY,equities,5min,data/5min/spy_5m.csv
2026-03-10 14:00:00+00:00,675.8300170898438,676.25,674.9442749023438,676.1699829101562,1011078,SPY,equities,5min,data/5min/spy_5m.csv
2026-03-10 14:05:00+00:00,676.1900024414062,677.030029296875,674.760009765625,674.9099731445312,772341,SPY,equities,5min,data/5min/spy_5m.csv
2026-03-10 14:10:00+00:00,674.9199829101562,675.6900024414062,674.8300170898438,675.530029296875,674045,SPY,equities,5min,data/5min/spy_5m.csv
2026-03-10 14:15:00+00:00,675.530029296875,676.4500122070312,674.8200073242188,676.27001953125,753804,SPY,equities,5min,data/5min/spy_5m.csv
2026-03-10 14:20:00+00:00,676.2542724609375,677.489990234375,676.1649780273438,677.1900024414062,799052,SPY,equities,5min,data/5min/spy_5m.csv
2026-03-10 14:25:00+00:00,677.2100219726562,678.0499877929688,677.1699829101562,677.6199951171875,670961,SPY,equities,5min,data/5min/spy_5m.csv
2026-03-10 14:30:00+00:00,677.6400146484375,679.1400146484375,677.6300048828125,678.969970703125,671015,SPY,equities,5min,data/5min/spy_5m.csv
2026-03-10 14:35:00+00:00,678.9400024414062,679.5700073242188,678.6099853515625,679.5700073242188,709972,SPY,equities,5min,data/5min/spy_5m.csv
2026-03-10 14:40:00+00:00,679.5700073242188,680.25,679.3099975585938,680.030029296875,1037381,SPY,equities,5min,data/5min/spy_5m.csv
2026-03-10 14:45:00+00:00,680.0399780273438,680.375,679.5599975585938,680.3699951171875,982920,SPY,equities,5min,data/5min/spy_5m.csv
2026-03-10 14:50:00+00:00,680.3499755859375,680.7999877929688,680.260009765625,680.77001953125,665966,SPY,equities,5min,data/5min/spy_5m.csv
2026-03-10 14:55:00+00:00,680.77001953125,681.1599731445312,680.6799926757812,681.1400146484375,975215,SPY,equities,5min,data/5min/spy_5m.csv
2026-03-10 15:00:00+00:00,681.1300048828125,681.6849975585938,681.02001953125,681.3699951171875,1226514,SPY,equities,5min,data/5min/spy_5m.csv
2026-03-10 15:05:00+00:00,681.3900146484375,681.4099731445312,680.4650268554688,680.5900268554688,953624,SPY,equities,5min,data/5min/spy_5m.csv
2026-03-10 15:10:00+00:00,680.5999755859375,680.7999877929688,680.22998046875,680.4000244140625,595847,SPY,equities,5min,data/5min/spy_5m.csv
2026-03-10 15:15:00+00:00,680.4000244140625,681.530029296875,680.3699951171875,681.4299926757812,600420,SPY,equities,5min,data/5min/spy_5m.csv
2026-03-10 15:20:00+00:00,681.4199829101562,681.5800170898438,681.010009765625,681.1599731445312,569722,SPY,equities,5min,data/5min/spy_5m.csv
2026-03-10 15:25:00+00:00,681.1900024414062,681.27001953125,680.9000244140625,681.1099853515625,414941,SPY,equities,5min,data/5min/spy_5m.csv
2026-03-10 15:30:00+00:00,681.0999755859375,681.1708984375,680.4400024414062,680.5599975585938,572956,SPY,equities,5min,data/5min/spy_5m.csv
2026-03-10 15:35:00+00:00,680.5499877929688,681.0599975585938,680.530029296875,681.02001953125,472386,SPY,equities,5min,data/5min/spy_5m.csv
2026-03-10 15:40:00+00:00,681.0499877929688,681.9498901367188,680.780029296875,681.489990234375,691461,SPY,equities,5min,data/5min/spy_5m.csv
2026-03-10 15:45:00+00:00,681.489990234375,681.6099853515625,680.8300170898438,681.2000122070312,561062,SPY,equities,5min,data/5min/spy_5m.csv
2026-03-10 15:50:00+00:00,681.2100219726562,681.719970703125,680.8699951171875,680.9299926757812,595982,SPY,equities,5min,data/5min/spy_5m.csv
2026-03-10 15:55:00+00:00,680.9290161132812,681.4600219726562,680.8499755859375,681.3699951171875,495724,SPY,equities,5min,data/5min/spy_5m.csv
2026-03-10 16:00:00+00:00,681.3599853515625,681.4000244140625,680.3699951171875,680.530029296875,677280,SPY,equities,5min,data/5min/spy_5m.csv
2026-03-10 16:05:00+00:00,680.5399780273438,680.5700073242188,679.6799926757812,680.0499877929688,693511,SPY,equities,5min,data/5min/spy_5m.csv
2026-03-10 16:10:00+00:00,680.0449829101562,680.8499755859375,679.9400024414062,680.5,592340,SPY,equities,5min,data/5min/spy_5m.csv
2026-03-10 16:15:00+00:00,680.4949951171875,681.25,680.260009765625,680.97998046875,568696,SPY,equities,5min,data/5min/spy_5m.csv
2026-03-10 16:20:00+00:00,680.989990234375,681.010009765625,680.2999877929688,680.6920166015625,598696,SPY,equities,5min,data/5min/spy_5m.csv
2026-03-10 16:25:00+00:00,680.6799926757812,681.3300170898438,680.4199829101562,680.5999755859375,742874,SPY,equities,5min,data/5min/spy_5m.csv
2026-03-10 16:30:00+00:00,680.6099853515625,681.4000244140625,680.6099853515625,681.3800048828125,1147063,SPY,equities,5min,data/5min/spy_5m.csv
2026-03-10 16:35:00+00:00,681.3800048828125,681.6599731445312,681.239990234375,681.5999755859375,616198,SPY,equities,5min,data/5min/spy_5m.csv
2026-03-10 16:40:00+00:00,681.5800170898438,681.6500244140625,681.25,681.5399780273438,499140,SPY,equities,5min,data/5min/spy_5m.csv
2026-03-10 16:45:00+00:00,681.5499877929688,681.5800170898438,680.6199951171875,680.8800048828125,645684,SPY,equities,5min,data/5min/spy_5m.csv
2026-03-10 16:50:00+00:00,680.8900146484375,681.8200073242188,680.7313232421875,681.6400146484375,821159,SPY,equities,5min,data/5min/spy_5m.csv
2026-03-10 16:55:00+00:00,681.6400146484375,681.739990234375,681.3499755859375,681.4500122070312,417417,SPY,equities,5min,data/5min/spy_5m.csv
2026-03-10 17:00:00+00:00,681.4500122070312,682.0800170898438,681.27001953125,681.864990234375,873354,SPY,equities,5min,data/5min/spy_5m.csv
2026-03-10 17:05:00+00:00,681.8720092773438,682.3499755859375,681.8099975585938,682.0501098632812,771156,SPY,equities,5min,data/5min/spy_5m.csv
2026-03-10 17:10:00+00:00,682.030029296875,682.3400268554688,681.5800170898438,681.8101196289062,685236,SPY,equities,5min,data/5min/spy_5m.csv
2026-03-10 17:15:00+00:00,681.8300170898438,682.72998046875,681.760009765625,682.6699829101562,971121,SPY,equities,5min,data/5min/spy_5m.csv
2026-03-10 17:20:00+00:00,682.6699829101562,682.7999877929688,682.3200073242188,682.6799926757812,736975,SPY,equities,5min,data/5min/spy_5m.csv
2026-03-10 17:25:00+00:00,682.6799926757812,683.3599853515625,682.5700073242188,683.2650146484375,906427,SPY,equities,5min,data/5min/spy_5m.csv
2026-03-10 17:30:00+00:00,683.25,683.25,681.97998046875,682.0499877929688,1011645,SPY,equities,5min,data/5min/spy_5m.csv
2026-03-10 17:35:00+00:00,682.0700073242188,682.2000122070312,680.6300048828125,681.3400268554688,1429594,SPY,equities,5min,data/5min/spy_5m.csv
2026-03-10 17:40:00+00:00,681.3099975585938,681.7899780273438,681.0,681.2899780273438,838041,SPY,equities,5min,data/5min/spy_5m.csv
2026-03-10 17:45:00+00:00,681.2822265625,682.47998046875,681.1799926757812,682.0880126953125,649469,SPY,equities,5min,data/5min/spy_5m.csv
2026-03-10 17:50:00+00:00,682.0399780273438,682.5900268554688,682.0,682.3800048828125,532220,SPY,equities,5min,data/5min/spy_5m.csv
2026-03-10 17:55:00+00:00,682.3599853515625,682.4000244140625,681.8250122070312,682.0469970703125,486829,SPY,equities,5min,data/5min/spy_5m.csv
2026-03-10 18:00:00+00:00,682.0499877929688,682.1900024414062,681.72998046875,682.0499877929688,874211,SPY,equities,5min,data/5min/spy_5m.csv
2026-03-10 18:05:00+00:00,682.0599975585938,682.0999755859375,681.3099975585938,681.4600219726562,586337,SPY,equities,5min,data/5min/spy_5m.csv
2026-03-10 18:10:00+00:00,681.4500122070312,682.02001953125,678.5999755859375,678.6099853515625,1974030,SPY,equities,5min,data/5min/spy_5m.csv
2026-03-10 18:15:00+00:00,678.6500244140625,679.7999877929688,677.6749877929688,678.0900268554688,3206640,SPY,equities,5min,data/5min/spy_5m.csv
2026-03-10 18:20:00+00:00,678.0499877929688,679.0599975585938,677.3800048828125,678.4249877929688,2158158,SPY,equities,5min,data/5min/spy_5m.csv
2026-03-10 18:25:00+00:00,678.4299926757812,680.1500244140625,678.3800048828125,679.3499755859375,1462627,SPY,equities,5min,data/5min/spy_5m.csv
2026-03-10 18:30:00+00:00,679.3150024414062,680.3699951171875,678.9199829101562,679.739990234375,1089047,SPY,equities,5min,data/5min/spy_5m.csv
2026-03-10 18:35:00+00:00,679.719970703125,680.1099853515625,678.3800048828125,678.9400024414062,1251092,SPY,equities,5min,data/5min/spy_5m.csv
2026-03-10 18:40:00+00:00,678.9299926757812,679.4500122070312,678.4400024414062,678.72998046875,733896,SPY,equities,5min,data/5min/spy_5m.csv
2026-03-10 18:45:00+00:00,678.719970703125,679.4199829101562,678.530029296875,678.9500122070312,482790,SPY,equities,5min,data/5min/spy_5m.csv
2026-03-10 18:50:00+00:00,678.97998046875,679.7999877929688,678.4299926757812,678.8767700195312,675687,SPY,equities,5min,data/5min/spy_5m.csv
2026-03-10 18:55:00+00:00,678.8900146484375,679.1599731445312,678.4000244140625,678.5,457254,SPY,equities,5min,data/5min/spy_5m.csv
2026-03-10 19:00:00+00:00,678.52001953125,679.0,678.2899169921875,678.510009765625,614245,SPY,equities,5min,data/5min/spy_5m.csv
2026-03-10 19:05:00+00:00,678.5,678.9349975585938,678.0599975585938,678.739990234375,818876,SPY,equities,5min,data/5min/spy_5m.csv
2026-03-10 19:10:00+00:00,678.6900024414062,679.0474853515625,678.1400146484375,678.9400024414062,659162,SPY,equities,5min,data/5min/spy_5m.csv
2026-03-10 19:15:00+00:00,678.9450073242188,679.530029296875,678.72998046875,679.3300170898438,583215,SPY,equities,5min,data/5min/spy_5m.csv
2026-03-10 19:20:00+00:00,679.3099975585938,679.4099731445312,677.8599853515625,678.6199951171875,1366337,SPY,equities,5min,data/5min/spy_5m.csv
2026-03-10 19:25:00+00:00,678.6300048828125,678.6400146484375,677.4099731445312,677.4099731445312,776296,SPY,equities,5min,data/5min/spy_5m.csv
2026-03-10 19:30:00+00:00,677.4199829101562,677.619384765625,676.75,677.030029296875,1068303,SPY,equities,5min,data/5min/spy_5m.csv
2026-03-10 19:35:00+00:00,677.0399780273438,677.6500244140625,676.6099853515625,677.5,1305529,SPY,equities,5min,data/5min/spy_5m.csv
2026-03-10 19:40:00+00:00,677.5,678.3200073242188,676.8099975585938,677.4550170898438,1959393,SPY,equities,5min,data/5min/spy_5m.csv
2026-03-10 19:45:00+00:00,677.4500122070312,677.77001953125,676.469970703125,676.760009765625,1139288,SPY,equities,5min,data/5min/spy_5m.csv
2026-03-10 19:50:00+00:00,676.77001953125,677.0197143554688,676.25,676.75,1650620,SPY,equities,5min,data/5min/spy_5m.csv
2026-03-10 19:55:00+00:00,676.75,677.1900024414062,676.22998046875,677.0499877929688,3286859,SPY,equities,5min,data/5min/spy_5m.csv
2026-03-11 13:30:00+00:00,677.5800170898438,678.3800048828125,677.52001953125,677.780029296875,3562491,SPY,equities,5min,data/5min/spy_5m.csv
2026-03-11 13:35:00+00:00,677.780029296875,678.4400024414062,677.6099853515625,678.3900146484375,852127,SPY,equities,5min,data/5min/spy_5m.csv
2026-03-11 13:40:00+00:00,678.3800048828125,678.5,677.1699829101562,677.3499755859375,837445,SPY,equities,5min,data/5min/spy_5m.csv
2026-03-11 13:45:00+00:00,677.3599853515625,677.9199829101562,676.4199829101562,676.6900024414062,1085181,SPY,equities,5min,data/5min/spy_5m.csv
2026-03-11 13:50:00+00:00,676.7100219726562,677.6494750976562,676.1300048828125,677.02001953125,910581,SPY,equities,5min,data/5min/spy_5m.csv
2026-03-11 13:55:00+00:00,677.0399780273438,678.1699829101562,676.530029296875,677.8900146484375,912257,SPY,equities,5min,data/5min/spy_5m.csv
2026-03-11 14:00:00+00:00,677.9000244140625,680.0800170898438,677.6900024414062,678.34912109375,2443610,SPY,equities,5min,data/5min/spy_5m.csv
2026-03-11 14:05:00+00:00,678.3499755859375,679.0499877929688,677.4299926757812,677.9998779296875,1024922,SPY,equities,5min,data/5min/spy_5m.csv
2026-03-11 14:10:00+00:00,678.0,678.280029296875,677.02001953125,678.0401000976562,789399,SPY,equities,5min,data/5min/spy_5m.csv
2026-03-11 14:15:00+00:00,678.030029296875,678.260009765625,676.9400024414062,677.8009033203125,569081,SPY,equities,5min,data/5min/spy_5m.csv
2026-03-11 14:20:00+00:00,677.75,677.8699951171875,676.1199951171875,676.1300048828125,689667,SPY,equities,5min,data/5min/spy_5m.csv
2026-03-11 14:25:00+00:00,676.1199951171875,676.3099975585938,675.1950073242188,676.1500244140625,1052960,SPY,equities,5min,data/5min/spy_5m.csv
2026-03-11 14:30:00+00:00,676.1400146484375,676.8099975585938,675.2000122070312,675.5,859056,SPY,equities,5min,data/5min/spy_5m.csv
2026-03-11 14:35:00+00:00,675.498291015625,677.1500244140625,675.4600219726562,676.75,662552,SPY,equities,5min,data/5min/spy_5m.csv
2026-03-11 14:40:00+00:00,676.72998046875,677.6500244140625,676.52001953125,677.3499755859375,562790,SPY,equities,5min,data/5min/spy_5m.csv
2026-03-11 14:45:00+00:00,677.344970703125,677.7899780273438,676.989990234375,677.7100219726562,548112,SPY,equities,5min,data/5min/spy_5m.csv
2026-03-11 14:50:00+00:00,677.6900024414062,677.9299926757812,677.4400024414062,677.7999877929688,361527,SPY,equities,5min,data/5min/spy_5m.csv
2026-03-11 14:55:00+00:00,677.8200073242188,678.3800048828125,677.52001953125,678.0700073242188,435323,SPY,equities,5min,data/5min/spy_5m.csv
2026-03-11 15:00:00+00:00,678.0800170898438,678.6400146484375,676.9199829101562,677.8499755859375,996201,SPY,equities,5min,data/5min/spy_5m.csv
2026-03-11 15:05:00+00:00,677.8599853515625,677.9099731445312,676.9400024414062,677.1099853515625,432031,SPY,equities,5min,data/5min/spy_5m.csv
2026-03-11 15:10:00+00:00,677.0999755859375,677.52001953125,675.280029296875,675.7999877929688,957591,SPY,equities,5min,data/5min/spy_5m.csv
2026-03-11 15:15:00+00:00,675.7849731445312,675.8399047851562,674.8800048828125,675.4000244140625,983377,SPY,equities,5min,data/5min/spy_5m.csv
2026-03-11 15:20:00+00:00,675.4099731445312,676.3400268554688,675.1799926757812,676.239990234375,828528,SPY,equities,5min,data/5min/spy_5m.csv
2026-03-11 15:25:00+00:00,676.239990234375,676.530029296875,674.5900268554688,674.6699829101562,853098,SPY,equities,5min,data/5min/spy_5m.csv
2026-03-11 15:30:00+00:00,674.6799926757812,675.1699829101562,674.0999755859375,674.8900146484375,1011044,SPY,equities,5min,data/5min/spy_5m.csv
2026-03-11 15:35:00+00:00,674.8881225585938,675.2899780273438,674.6799926757812,674.8699951171875,457241,SPY,equities,5min,data/5min/spy_5m.csv
2026-03-11 15:40:00+00:00,674.8599853515625,675.1400146484375,674.2100219726562,674.2449951171875,455411,SPY,equities,5min,data/5min/spy_5m.csv
2026-03-11 15:45:00+00:00,674.260009765625,674.3499755859375,673.6400146484375,673.989990234375,716848,SPY,equities,5min,data/5min/spy_5m.csv
2026-03-11 15:50:00+00:00,674.0499877929688,674.989990234375,673.9849853515625,674.989990234375,657879,SPY,equities,5min,data/5min/spy_5m.csv
2026-03-11 15:55:00+00:00,674.9199829101562,675.0399780273438,674.1599731445312,674.2017822265625,453397,SPY,equities,5min,data/5min/spy_5m.csv
2026-03-11 16:00:00+00:00,674.1900024414062,674.2899780273438,673.5599975585938,673.6740112304688,674655,SPY,equities,5min,data/5min/spy_5m.csv
2026-03-11 16:05:00+00:00,673.6699829101562,674.0449829101562,673.510009765625,673.719970703125,458100,SPY,equities,5min,data/5min/spy_5m.csv
2026-03-11 16:10:00+00:00,673.7000122070312,674.4000244140625,673.5800170898438,674.3699951171875,1350174,SPY,equities,5min,data/5min/spy_5m.csv
2026-03-11 16:15:00+00:00,674.3400268554688,674.510009765625,673.8099975585938,673.8599853515625,389241,SPY,equities,5min,data/5min/spy_5m.csv
2026-03-11 16:20:00+00:00,673.8699951171875,674.7299194335938,673.72998046875,674.3900146484375,498400,SPY,equities,5min,data/5min/spy_5m.csv
2026-03-11 16:25:00+00:00,674.3826293945312,674.739990234375,674.0800170898438,674.7050170898438,457445,SPY,equities,5min,data/5min/spy_5m.csv
2026-03-11 16:30:00+00:00,674.7000122070312,675.905029296875,674.6500244140625,675.7899780273438,749645,SPY,equities,5min,data/5min/spy_5m.csv
2026-03-11 16:35:00+00:00,675.7999877929688,675.9299926757812,675.0900268554688,675.3499755859375,457171,SPY,equities,5min,data/5min/spy_5m.csv
2026-03-11 16:40:00+00:00,675.3499755859375,676.0175170898438,675.280029296875,675.47998046875,435524,SPY,equities,5min,data/5min/spy_5m.csv
2026-03-11 16:45:00+00:00,675.47998046875,675.780029296875,675.1500244140625,675.3300170898438,410641,SPY,equities,5min,data/5min/spy_5m.csv
2026-03-11 16:50:00+00:00,675.3300170898438,676.0565795898438,675.3099975585938,675.9550170898438,310379,SPY,equities,5min,data/5min/spy_5m.csv
2026-03-11 16:55:00+00:00,675.9600219726562,676.3200073242188,675.72998046875,676.2899780273438,361304,SPY,equities,5min,data/5min/spy_5m.csv
2026-03-11 17:00:00+00:00,676.239990234375,676.5499877929688,676.0800170898438,676.1300048828125,379381,SPY,equities,5min,data/5min/spy_5m.csv
2026-03-11 17:05:00+00:00,676.1300048828125,676.5599975585938,676.0650024414062,676.1599731445312,340888,SPY,equities,5min,data/5min/spy_5m.csv
2026-03-11 17:10:00+00:00,676.1699829101562,676.22998046875,675.5399780273438,675.767822265625,1003231,SPY,equities,5min,data/5min/spy_5m.csv
2026-03-11 17:15:00+00:00,675.760009765625,676.0599975585938,675.3300170898438,675.52001953125,479523,SPY,equities,5min,data/5min/spy_5m.csv
2026-03-11 17:20:00+00:00,675.5599975585938,676.239990234375,675.530029296875,676.239990234375,251419,SPY,equities,5min,data/5min/spy_5m.csv
2026-03-11 17:25:00+00:00,676.22998046875,676.77001953125,676.1099853515625,676.4600219726562,418733,SPY,equities,5min,data/5min/spy_5m.csv
2026-03-11 17:30:00+00:00,676.469970703125,676.639892578125,675.97998046875,676.1400146484375,372346,SPY,equities,5min,data/5min/spy_5m.csv
2026-03-11 17:35:00+00:00,676.1300048828125,676.2999877929688,673.3400268554688,674.3300170898438,1802566,SPY,equities,5min,data/5min/spy_5m.csv
2026-03-11 17:40:00+00:00,674.3800048828125,674.989990234375,673.75,674.530029296875,1159003,SPY,equities,5min,data/5min/spy_5m.csv
2026-03-11 17:45:00+00:00,674.5399780273438,675.0,674.22998046875,674.8599853515625,594231,SPY,equities,5min,data/5min/spy_5m.csv
2026-03-11 17:50:00+00:00,674.8300170898438,675.780029296875,674.8300170898438,675.030029296875,562235,SPY,equities,5min,data/5min/spy_5m.csv
2026-03-11 17:55:00+00:00,675.010009765625,675.25,674.47998046875,674.989990234375,498146,SPY,equities,5min,data/5min/spy_5m.csv
2026-03-11 18:00:00+00:00,674.989990234375,675.22998046875,674.739990234375,675.0499877929688,665801,SPY,equities,5min,data/5min/spy_5m.csv
2026-03-11 18:05:00+00:00,675.0599975585938,675.125,674.2899780273438,674.3699951171875,453023,SPY,equities,5min,data/5min/spy_5m.csv
2026-03-11 18:10:00+00:00,674.3499755859375,674.4500122070312,673.7000122070312,674.3400268554688,872604,SPY,equities,5min,data/5min/spy_5m.csv
2026-03-11 18:15:00+00:00,674.3599853515625,675.030029296875,674.2000122070312,674.8200073242188,516977,SPY,equities,5min,data/5min/spy_5m.csv
2026-03-11 18:20:00+00:00,674.8300170898438,675.219970703125,674.3300170898438,674.7999877929688,554113,SPY,equities,5min,data/5min/spy_5m.csv
2026-03-11 18:25:00+00:00,674.760009765625,675.510009765625,674.5900268554688,675.27001953125,530188,SPY,equities,5min,data/5min/spy_5m.csv
2026-03-11 18:30:00+00:00,675.27001953125,675.5599975585938,675.1400146484375,675.530029296875,1236775,SPY,equities,5min,data/5min/spy_5m.csv
2026-03-11 18:35:00+00:00,675.5399780273438,675.5700073242188,674.989990234375,675.02001953125,897479,SPY,equities,5min,data/5min/spy_5m.csv
2026-03-11 18:40:00+00:00,675.02001953125,675.2000122070312,674.7899780273438,675.0587768554688,542932,SPY,equities,5min,data/5min/spy_5m.csv
2026-03-11 18:45:00+00:00,675.0700073242188,675.2899780273438,674.760009765625,674.8078002929688,436204,SPY,equities,5min,data/5min/spy_5m.csv
2026-03-11 18:50:00+00:00,674.8150024414062,675.7100219726562,674.8150024414062,675.4901123046875,466655,SPY,equities,5min,data/5min/spy_5m.csv
2026-03-11 18:55:00+00:00,675.489990234375,675.7899780273438,675.02001953125,675.25,505065,SPY,equities,5min,data/5min/spy_5m.csv
2026-03-11 19:00:00+00:00,675.260009765625,675.469970703125,674.469970703125,674.8800048828125,982091,SPY,equities,5min,data/5min/spy_5m.csv
2026-03-11 19:05:00+00:00,674.8699951171875,675.0,674.5650024414062,674.8150024414062,501920,SPY,equities,5min,data/5min/spy_5m.csv
2026-03-11 19:10:00+00:00,674.8300170898438,674.9500122070312,674.3400268554688,674.489990234375,493702,SPY,equities,5min,data/5min/spy_5m.csv
2026-03-11 19:15:00+00:00,674.4849853515625,675.030029296875,674.3200073242188,674.9199829101562,697045,SPY,equities,5min,data/5min/spy_5m.csv
2026-03-11 19:20:00+00:00,674.9249877929688,675.0700073242188,674.5,674.8800048828125,676472,SPY,equities,5min,data/5min/spy_5m.csv
2026-03-11 19:25:00+00:00,674.864990234375,675.260009765625,674.7899780273438,674.9749755859375,605784,SPY,equities,5min,data/5min/spy_5m.csv
2026-03-11 19:30:00+00:00,674.989990234375,675.8900146484375,674.75,675.7449951171875,761883,SPY,equities,5min,data/5min/spy_5m.csv
2026-03-11 19:35:00+00:00,675.780029296875,676.0,675.469970703125,675.844970703125,890341,SPY,equities,5min,data/5min/spy_5m.csv
2026-03-11 19:40:00+00:00,675.8599853515625,676.25,675.6900024414062,676.0761108398438,570974,SPY,equities,5min,data/5min/spy_5m.csv
2026-03-11 19:45:00+00:00,676.0700073242188,676.22998046875,675.5,675.6300048828125,909719,SPY,equities,5min,data/5min/spy_5m.csv
2026-03-11 19:50:00+00:00,675.6300048828125,676.3900146484375,675.4099731445312,676.3499755859375,1723027,SPY,equities,5min,data/5min/spy_5m.csv
2026-03-11 19:55:00+00:00,676.3499755859375,676.5999755859375,676.1400146484375,676.3300170898438,2815703,SPY,equities,5min,data/5min/spy_5m.csv
2026-03-12 13:30:00+00:00,671.1599731445312,671.3699951171875,669.8800048828125,670.8499755859375,4664746,SPY,equities,5min,data/5min/spy_5m.csv
2026-03-12 13:35:00+00:00,670.8400268554688,671.6500244140625,670.4099731445312,671.4000244140625,1687981,SPY,equities,5min,data/5min/spy_5m.csv
2026-03-12 13:40:00+00:00,671.3599853515625,671.5499877929688,670.22998046875,670.2899780273438,1343733,SPY,equities,5min,data/5min/spy_5m.csv
2026-03-12 13:45:00+00:00,670.280029296875,670.280029296875,668.7449951171875,670.1799926757812,2327709,SPY,equities,5min,data/5min/spy_5m.csv
2026-03-12 13:50:00+00:00,670.1799926757812,670.9099731445312,669.0399780273438,669.0399780273438,1542906,SPY,equities,5min,data/5min/spy_5m.csv
2026-03-12 13:55:00+00:00,669.0499877929688,669.2498779296875,668.1829833984375,668.8699951171875,1556046,SPY,equities,5min,data/5min/spy_5m.csv
2026-03-12 14:00:00+00:00,668.8699951171875,670.9199829101562,668.8099975585938,670.2899780273438,1889815,SPY,equities,5min,data/5min/spy_5m.csv
2026-03-12 14:05:00+00:00,670.2999877929688,670.6400146484375,669.7000122070312,670.3200073242188,1262266,SPY,equities,5min,data/5min/spy_5m.csv
2026-03-12 14:10:00+00:00,670.3400268554688,671.1400146484375,670.1300048828125,670.969970703125,949418,SPY,equities,5min,data/5min/spy_5m.csv
2026-03-12 14:15:00+00:00,670.989990234375,671.2000122070312,669.5399780273438,669.5999755859375,1162028,SPY,equities,5min,data/5min/spy_5m.csv
2026-03-12 14:20:00+00:00,669.5999755859375,669.6599731445312,669.0399780273438,669.3400268554688,1001760,SPY,equities,5min,data/5min/spy_5m.csv
2026-03-12 14:25:00+00:00,669.3300170898438,669.9400024414062,668.0499877929688,668.0599975585938,1072089,SPY,equities,5min,data/5min/spy_5m.csv
2026-03-12 14:30:00+00:00,668.0599975585938,668.25,667.6400146484375,668.0,1397091,SPY,equities,5min,data/5min/spy_5m.csv
2026-03-12 14:35:00+00:00,668.0,668.7000122070312,667.2999877929688,667.9600219726562,1357333,SPY,equities,5min,data/5min/spy_5m.csv
2026-03-12 14:40:00+00:00,667.9600219726562,669.1199951171875,667.60009765625,668.9550170898438,1018871,SPY,equities,5min,data/5min/spy_5m.csv
2026-03-12 14:45:00+00:00,668.9299926757812,670.5499877929688,668.1400146484375,668.4000244140625,1998649,SPY,equities,5min,data/5min/spy_5m.csv
2026-03-12 14:50:00+00:00,668.3800048828125,668.6840209960938,668.0800170898438,668.47998046875,1154830,SPY,equities,5min,data/5min/spy_5m.csv
2026-03-12 14:55:00+00:00,668.469970703125,668.9299926757812,668.3200073242188,668.5,923358,SPY,equities,5min,data/5min/spy_5m.csv
2026-03-12 15:00:00+00:00,668.510009765625,668.7999877929688,667.6699829101562,668.1500244140625,1056094,SPY,equities,5min,data/5min/spy_5m.csv
2026-03-12 15:05:00+00:00,668.1099853515625,668.4299926757812,667.8499755859375,667.9199829101562,656836,SPY,equities,5min,data/5min/spy_5m.csv
2026-03-12 15:10:00+00:00,667.9000244140625,667.905029296875,666.9199829101562,667.3800048828125,1218499,SPY,equities,5min,data/5min/spy_5m.csv
2026-03-12 15:15:00+00:00,667.3800048828125,667.739990234375,667.1199951171875,667.3250122070312,847863,SPY,equities,5min,data/5min/spy_5m.csv
2026-03-12 15:20:00+00:00,667.3300170898438,667.9099731445312,667.0599975585938,667.8499755859375,923932,SPY,equities,5min,data/5min/spy_5m.csv
2026-03-12 15:25:00+00:00,667.8400268554688,668.75,667.780029296875,668.1699829101562,1069094,SPY,equities,5min,data/5min/spy_5m.csv
2026-03-12 15:30:00+00:00,668.1699829101562,668.5800170898438,667.6699829101562,667.8699951171875,778194,SPY,equities,5min,data/5min/spy_5m.csv
2026-03-12 15:35:00+00:00,667.8720092773438,670.030029296875,667.239990234375,669.9500122070312,1709908,SPY,equities,5min,data/5min/spy_5m.csv
2026-03-12 15:40:00+00:00,669.9400024414062,670.3099975585938,668.6500244140625,669.7999877929688,2308090,SPY,equities,5min,data/5min/spy_5m.csv
2026-03-12 15:45:00+00:00,669.8200073242188,670.02001953125,668.469970703125,669.1599731445312,1619828,SPY,equities,5min,data/5min/spy_5m.csv
2026-03-12 15:50:00+00:00,669.1799926757812,669.6799926757812,668.6900024414062,669.5449829101562,788666,SPY,equities,5min,data/5min/spy_5m.csv
2026-03-12 15:55:00+00:00,669.544189453125,669.5700073242188,668.8499755859375,669.2999267578125,812112,SPY,equities,5min,data/5min/spy_5m.csv
2026-03-12 16:00:00+00:00,669.3099975585938,670.0499877929688,669.0499877929688,670.02001953125,735864,SPY,equities,5min,data/5min/spy_5m.csv
2026-03-12 16:05:00+00:00,670.010009765625,670.3099975585938,667.6699829101562,667.8400268554688,1289032,SPY,equities,5min,data/5min/spy_5m.csv
2026-03-12 16:10:00+00:00,667.8499755859375,668.9600219726562,667.72998046875,668.9199829101562,884023,SPY,equities,5min,data/5min/spy_5m.csv
2026-03-12 16:15:00+00:00,668.8900146484375,670.030029296875,668.8400268554688,669.6599731445312,896357,SPY,equities,5min,data/5min/spy_5m.csv
2026-03-12 16:20:00+00:00,669.6500244140625,671.3099975585938,669.5999755859375,669.760009765625,1941957,SPY,equities,5min,data/5min/spy_5m.csv
2026-03-12 16:25:00+00:00,669.77001953125,669.8400268554688,668.6599731445312,668.8400268554688,1089708,SPY,equities,5min,data/5min/spy_5m.csv
2026-03-12 16:30:00+00:00,668.77001953125,669.7100219726562,668.3400268554688,669.260009765625,924218,SPY,equities,5min,data/5min/spy_5m.csv
2026-03-12 16:35:00+00:00,669.239990234375,670.2899780273438,669.1199951171875,670.0601196289062,956782,SPY,equities,5min,data/5min/spy_5m.csv
2026-03-12 16:40:00+00:00,670.0900268554688,670.1400146484375,669.4000244140625,669.6909790039062,800086,SPY,equities,5min,data/5min/spy_5m.csv
2026-03-12 16:45:00+00:00,669.6699829101562,669.7899780273438,668.0399780273438,668.8358764648438,659959,SPY,equities,5min,data/5min/spy_5m.csv
2026-03-12 16:50:00+00:00,668.8099975585938,669.260009765625,668.0800170898438,668.451904296875,677052,SPY,equities,5min,data/5min/spy_5m.csv
2026-03-12 16:55:00+00:00,668.4299926757812,668.989990234375,668.1900024414062,668.8400268554688,526334,SPY,equities,5min,data/5min/spy_5m.csv
2026-03-12 17:00:00+00:00,668.8300170898438,669.75,668.6849975585938,669.7100219726562,594937,SPY,equities,5min,data/5min/spy_5m.csv
2026-03-12 17:05:00+00:00,669.7100219726562,670.3098754882812,668.77001953125,668.9500122070312,740348,SPY,equities,5min,data/5min/spy_5m.csv
2026-03-12 17:10:00+00:00,668.9000244140625,669.489990234375,668.619873046875,668.6986083984375,462968,SPY,equities,5min,data/5min/spy_5m.csv
2026-03-12 17:15:00+00:00,668.6900024414062,668.9299926757812,668.1099853515625,668.1300048828125,752499,SPY,equities,5min,data/5min/spy_5m.csv
2026-03-12 17:20:00+00:00,668.1199951171875,669.3800048828125,667.989990234375,669.0399780273438,1002254,SPY,equities,5min,data/5min/spy_5m.csv
2026-03-12 17:25:00+00:00,669.0399780273438,669.3099975585938,668.3800048828125,668.5599975585938,524900,SPY,equities,5min,data/5min/spy_5m.csv
2026-03-12 17:30:00+00:00,668.5599975585938,669.2000122070312,668.530029296875,668.8599853515625,589265,SPY,equities,5min,data/5min/spy_5m.csv
2026-03-12 17:35:00+00:00,668.8599853515625,669.530029296875,668.8400268554688,669.47998046875,872449,SPY,equities,5min,data/5min/spy_5m.csv
2026-03-12 17:40:00+00:00,669.5,669.75,668.4503784179688,668.5399780273438,899978,SPY,equities,5min,data/5min/spy_5m.csv
2026-03-12 17:45:00+00:00,668.5399780273438,668.7899780273438,667.9500122070312,668.22998046875,876598,SPY,equities,5min,data/5min/spy_5m.csv
2026-03-12 17:50:00+00:00,668.2100219726562,668.8099975585938,668.0700073242188,668.0800170898438,525913,SPY,equities,5min,data/5min/spy_5m.csv
2026-03-12 17:55:00+00:00,668.0900268554688,668.260009765625,667.2700805664062,668.1600952148438,1479028,SPY,equities,5min,data/5min/spy_5m.csv
2026-03-12 18:00:00+00:00,668.1699829101562,668.989990234375,668.1699829101562,668.530029296875,1181757,SPY,equities,5min,data/5min/spy_5m.csv
2026-03-12 18:05:00+00:00,668.5399780273438,669.1599731445312,668.219970703125,668.6699829101562,584315,SPY,equities,5min,data/5min/spy_5m.csv
2026-03-12 18:10:00+00:00,668.6900024414062,668.97998046875,668.52001953125,668.9197998046875,444925,SPY,equities,5min,data/5min/spy_5m.csv
2026-03-12 18:15:00+00:00,668.9199829101562,669.219970703125,668.1900024414062,668.25,623203,SPY,equities,5min,data/5min/spy_5m.csv
2026-03-12 18:20:00+00:00,668.280029296875,668.3787231445312,667.780029296875,668.1148071289062,1040182,SPY,equities,5min,data/5min/spy_5m.csv
2026-03-12 18:25:00+00:00,668.0999755859375,668.2899780273438,667.6901245117188,668.1900024414062,698583,SPY,equities,5min,data/5min/spy_5m.csv
2026-03-12 18:30:00+00:00,668.1799926757812,668.47998046875,667.780029296875,667.844970703125,685480,SPY,equities,5min,data/5min/spy_5m.csv
2026-03-12 18:35:00+00:00,667.8499755859375,668.0499877929688,667.47998046875,667.875,1980669,SPY,equities,5min,data/5min/spy_5m.csv
2026-03-12 18:40:00+00:00,667.8800048828125,667.9550170898438,667.510009765625,667.6984252929688,744209,SPY,equities,5min,data/5min/spy_5m.csv
2026-03-12 18:45:00+00:00,667.6799926757812,667.919921875,667.4000244140625,667.4600219726562,660391,SPY,equities,5min,data/5min/spy_5m.csv
2026-03-12 18:50:00+00:00,667.4550170898438,668.1799926757812,667.4400024414062,667.7999877929688,674281,SPY,equities,5min,data/5min/spy_5m.csv
2026-03-12 18:55:00+00:00,667.7899780273438,667.7899780273438,667.2000122070312,667.3289794921875,976248,SPY,equities,5min,data/5min/spy_5m.csv
2026-03-12 19:00:00+00:00,667.3200073242188,668.0399780273438,666.8699951171875,667.3250122070312,1556211,SPY,equities,5min,data/5min/spy_5m.csv
2026-03-12 19:05:00+00:00,667.3200073242188,667.9400024414062,667.176025390625,667.6099853515625,1160431,SPY,equities,5min,data/5min/spy_5m.csv
2026-03-12 19:10:00+00:00,667.6099853515625,667.8900146484375,666.989990234375,667.5250244140625,1000689,SPY,equities,5min,data/5min/spy_5m.csv
2026-03-12 19:15:00+00:00,667.5399780273438,667.9400024414062,667.2999877929688,667.7319946289062,1430614,SPY,equities,5min,data/5min/spy_5m.csv
2026-03-12 19:20:00+00:00,667.72998046875,668.3900146484375,667.5599975585938,667.8599853515625,1244811,SPY,equities,5min,data/5min/spy_5m.csv
2026-03-12 19:25:00+00:00,667.8499755859375,668.1599731445312,667.6614990234375,667.97998046875,912004,SPY,equities,5min,data/5min/spy_5m.csv
2026-03-12 19:30:00+00:00,667.989990234375,668.6500244140625,667.9166259765625,668.2999877929688,1146329,SPY,equities,5min,data/5min/spy_5m.csv
2026-03-12 19:35:00+00:00,668.2999877929688,668.4000244140625,667.659912109375,667.9299926757812,1095500,SPY,equities,5min,data/5min/spy_5m.csv
2026-03-12 19:40:00+00:00,667.9199829101562,667.9400024414062,667.0399780273438,667.1900024414062,1425256,SPY,equities,5min,data/5min/spy_5m.csv
2026-03-12 19:45:00+00:00,667.1799926757812,667.219970703125,666.489990234375,666.719970703125,2153372,SPY,equities,5min,data/5min/spy_5m.csv
2026-03-12 19:50:00+00:00,666.719970703125,666.9400024414062,666.1300048828125,666.77001953125,2280500,SPY,equities,5min,data/5min/spy_5m.csv
2026-03-12 19:55:00+00:00,666.780029296875,667.0700073242188,665.905029296875,666.0399780273438,4671020,SPY,equities,5min,data/5min/spy_5m.csv
2026-03-13 13:30:00+00:00,669.27001953125,670.3099975585938,669.1500244140625,669.7849731445312,4663838,SPY,equities,5min,data/5min/spy_5m.csv
2026-03-13 13:35:00+00:00,669.780029296875,670.6900024414062,668.9600219726562,670.3800048828125,1457370,SPY,equities,5min,data/5min/spy_5m.csv
2026-03-13 13:40:00+00:00,670.4000244140625,671.969970703125,670.1160278320312,671.9400024414062,1480051,SPY,equities,5min,data/5min/spy_5m.csv
2026-03-13 13:45:00+00:00,671.9199829101562,672.3350219726562,671.0800170898438,671.1199951171875,1951312,SPY,equities,5min,data/5min/spy_5m.csv
2026-03-13 13:50:00+00:00,671.1300048828125,671.8599853515625,670.6400146484375,671.6912841796875,1110199,SPY,equities,5min,data/5min/spy_5m.csv
2026-03-13 13:55:00+00:00,671.7100219726562,671.719970703125,670.3699951171875,670.530029296875,1348555,SPY,equities,5min,data/5min/spy_5m.csv
2026-03-13 14:00:00+00:00,670.5399780273438,671.25,669.72998046875,670.0800170898438,1131231,SPY,equities,5min,data/5min/spy_5m.csv
2026-03-13 14:05:00+00:00,670.0900268554688,670.530029296875,669.1199951171875,669.3300170898438,924287,SPY,equities,5min,data/5min/spy_5m.csv
2026-03-13 14:10:00+00:00,669.2999877929688,669.5,668.780029296875,668.8602905273438,1064409,SPY,equities,5min,data/5min/spy_5m.csv
2026-03-13 14:15:00+00:00,668.8599853515625,669.0900268554688,667.72998046875,668.1799926757812,1277319,SPY,equities,5min,data/5min/spy_5m.csv
2026-03-13 14:20:00+00:00,668.1799926757812,669.0800170898438,668.1099853515625,668.6500244140625,929622,SPY,equities,5min,data/5min/spy_5m.csv
2026-03-13 14:25:00+00:00,668.6599731445312,669.27001953125,668.22998046875,668.840087890625,879766,SPY,equities,5min,data/5min/spy_5m.csv
2026-03-13 14:30:00+00:00,668.8699951171875,670.22998046875,668.6900024414062,669.5,885717,SPY,equities,5min,data/5min/spy_5m.csv
2026-03-13 14:35:00+00:00,669.510009765625,669.5399780273438,668.4299926757812,668.8800048828125,671519,SPY,equities,5min,data/5min/spy_5m.csv
2026-03-13 14:40:00+00:00,668.8800048828125,668.8800048828125,667.219970703125,667.2899780273438,911316,SPY,equities,5min,data/5min/spy_5m.csv
2026-03-13 14:45:00+00:00,667.2899780273438,667.3800048828125,666.2899780273438,667.0499877929688,1544390,SPY,equities,5min,data/5min/spy_5m.csv
2026-03-13 14:50:00+00:00,667.0499877929688,667.5999755859375,666.4500122070312,666.530029296875,1136398,SPY,equities,5min,data/5min/spy_5m.csv
2026-03-13 14:55:00+00:00,666.510009765625,666.8499755859375,664.989990234375,665.3300170898438,1854148,SPY,equities,5min,data/5min/spy_5m.csv
2026-03-13 15:00:00+00:00,665.3400268554688,665.7100219726562,664.530029296875,665.0999755859375,1439580,SPY,equities,5min,data/5min/spy_5m.csv
2026-03-13 15:05:00+00:00,665.1199951171875,666.1799926757812,664.9000244140625,666.1699829101562,1197607,SPY,equities,5min,data/5min/spy_5m.csv
2026-03-13 15:10:00+00:00,666.1699829101562,666.9400024414062,665.739990234375,666.8499755859375,1114128,SPY,equities,5min,data/5min/spy_5m.csv
2026-03-13 15:15:00+00:00,666.8499755859375,666.9000244140625,665.7999877929688,665.8350219726562,893978,SPY,equities,5min,data/5min/spy_5m.csv
2026-03-13 15:20:00+00:00,665.8300170898438,666.3699951171875,664.7750244140625,664.7899780273438,967628,SPY,equities,5min,data/5min/spy_5m.csv
2026-03-13 15:25:00+00:00,664.7899780273438,664.9099731445312,664.4299926757812,664.5900268554688,1200792,SPY,equities,5min,data/5min/spy_5m.csv
2026-03-13 15:30:00+00:00,664.5700073242188,665.3300170898438,664.3200073242188,665.1400146484375,1003494,SPY,equities,5min,data/5min/spy_5m.csv
2026-03-13 15:35:00+00:00,665.1400146484375,665.2999877929688,663.969970703125,664.6300048828125,1033314,SPY,equities,5min,data/5min/spy_5m.csv
2026-03-13 15:40:00+00:00,664.5999755859375,664.8599853515625,663.3499755859375,663.6900024414062,978893,SPY,equities,5min,data/5min/spy_5m.csv
2026-03-13 15:45:00+00:00,663.64501953125,665.1599731445312,663.27001953125,664.3198852539062,1698097,SPY,equities,5min,data/5min/spy_5m.csv
2026-03-13 15:50:00+00:00,664.3400268554688,664.4500122070312,663.3099975585938,663.8920288085938,901814,SPY,equities,5min,data/5min/spy_5m.csv
2026-03-13 15:55:00+00:00,663.8800048828125,663.9600219726562,663.0999755859375,663.3800048828125,808679,SPY,equities,5min,data/5min/spy_5m.csv
2026-03-13 16:00:00+00:00,663.3599853515625,664.2899780273438,663.3400268554688,663.9099731445312,834305,SPY,equities,5min,data/5min/spy_5m.csv
2026-03-13 16:05:00+00:00,663.9299926757812,664.6900024414062,663.6300048828125,664.4500122070312,683865,SPY,equities,5min,data/5min/spy_5m.csv
2026-03-13 16:10:00+00:00,664.469970703125,664.9650268554688,663.418701171875,663.969970703125,800159,SPY,equities,5min,data/5min/spy_5m.csv
2026-03-13 16:15:00+00:00,663.97998046875,664.27001953125,663.4600219726562,663.7899780273438,643970,SPY,equities,5min,data/5min/spy_5m.csv
2026-03-13 16:20:00+00:00,663.780029296875,664.5999755859375,663.6199951171875,664.1300048828125,788834,SPY,equities,5min,data/5min/spy_5m.csv
2026-03-13 16:25:00+00:00,664.1300048828125,664.52001953125,663.5599975585938,664.3300170898438,737705,SPY,equities,5min,data/5min/spy_5m.csv
2026-03-13 16:30:00+00:00,664.3200073242188,664.8699951171875,664.0,664.1099853515625,805757,SPY,equities,5min,data/5min/spy_5m.csv
2026-03-13 16:35:00+00:00,664.1099853515625,665.22998046875,664.0999755859375,664.4000244140625,954389,SPY,equities,5min,data/5min/spy_5m.csv
2026-03-13 16:40:00+00:00,664.3599853515625,664.7999877929688,663.719970703125,663.75,667312,SPY,equities,5min,data/5min/spy_5m.csv
2026-03-13 16:45:00+00:00,663.739990234375,664.0700073242188,663.239990234375,664.030029296875,808534,SPY,equities,5min,data/5min/spy_5m.csv
2026-03-13 16:50:00+00:00,664.030029296875,664.969970703125,663.9099731445312,664.8400268554688,672980,SPY,equities,5min,data/5min/spy_5m.csv
2026-03-13 16:55:00+00:00,664.8300170898438,664.969970703125,663.135009765625,663.3350219726562,1076154,SPY,equities,5min,data/5min/spy_5m.csv
2026-03-13 17:00:00+00:00,663.3200073242188,663.6900024414062,663.2899780273438,663.469970703125,730877,SPY,equities,5min,data/5min/spy_5m.csv
2026-03-13 17:05:00+00:00,663.469970703125,664.1099853515625,663.1300048828125,663.9199829101562,592339,SPY,equities,5min,data/5min/spy_5m.csv
2026-03-13 17:10:00+00:00,663.9299926757812,664.719970703125,663.3300170898438,664.719970703125,838427,SPY,equities,5min,data/5min/spy_5m.csv
2026-03-13 17:15:00+00:00,664.75,665.0800170898438,664.1799926757812,664.77001953125,558368,SPY,equities,5min,data/5min/spy_5m.csv
2026-03-13 17:20:00+00:00,664.780029296875,664.8099975585938,663.7899780273438,664.469970703125,458785,SPY,equities,5min,data/5min/spy_5m.csv
2026-03-13 17:25:00+00:00,664.4500122070312,664.6500244140625,663.8499755859375,664.3699951171875,593614,SPY,equities,5min,data/5min/spy_5m.csv
2026-03-13 17:30:00+00:00,664.3499755859375,664.52001953125,663.739990234375,664.0198974609375,600557,SPY,equities,5min,data/5min/spy_5m.csv
2026-03-13 17:35:00+00:00,664.02001953125,664.2899780273438,663.719970703125,664.1300048828125,825044,SPY,equities,5min,data/5min/spy_5m.csv
2026-03-13 17:40:00+00:00,664.1400146484375,664.25,663.4400024414062,663.9400024414062,680111,SPY,equities,5min,data/5min/spy_5m.csv
2026-03-13 17:45:00+00:00,663.9400024414062,664.1699829101562,662.4000244140625,662.469970703125,1151734,SPY,equities,5min,data/5min/spy_5m.csv
2026-03-13 17:50:00+00:00,662.4600219726562,662.8699951171875,662.0800170898438,662.64501953125,1306408,SPY,equities,5min,data/5min/spy_5m.csv
2026-03-13 17:55:00+00:00,662.6599731445312,663.0399780273438,662.3400268554688,662.6300048828125,893058,SPY,equities,5min,data/5min/spy_5m.csv
2026-03-13 18:00:00+00:00,662.6400146484375,663.2999877929688,662.5700073242188,663.1519165039062,802454,SPY,equities,5min,data/5min/spy_5m.csv
2026-03-13 18:05:00+00:00,663.1500244140625,663.3099975585938,662.75,663.1300048828125,612661,SPY,equities,5min,data/5min/spy_5m.csv
2026-03-13 18:10:00+00:00,663.1300048828125,663.52001953125,663.0438842773438,663.3800048828125,739316,SPY,equities,5min,data/5min/spy_5m.csv
2026-03-13 18:15:00+00:00,663.3699951171875,663.72998046875,662.8201293945312,662.9400024414062,807682,SPY,equities,5min,data/5min/spy_5m.csv
2026-03-13 18:20:00+00:00,662.9450073242188,663.0999755859375,662.4500122070312,662.6849975585938,479515,SPY,equities,5min,data/5min/spy_5m.csv
2026-03-13 18:25:00+00:00,662.7000122070312,663.4099731445312,662.6400146484375,663.3400268554688,541400,SPY,equities,5min,data/5min/spy_5m.csv
2026-03-13 18:30:00+00:00,663.3300170898438,664.22998046875,663.0999755859375,663.969970703125,641025,SPY,equities,5min,data/5min/spy_5m.csv
2026-03-13 18:35:00+00:00,663.969970703125,664.4600219726562,663.885009765625,664.1500244140625,564288,SPY,equities,5min,data/5min/spy_5m.csv
2026-03-13 18:40:00+00:00,664.1599731445312,664.5599975585938,663.9818115234375,664.4299926757812,473310,SPY,equities,5min,data/5min/spy_5m.csv
2026-03-13 18:45:00+00:00,664.4099731445312,664.6699829101562,664.22998046875,664.5599975585938,670167,SPY,equities,5min,data/5min/spy_5m.csv
2026-03-13 18:50:00+00:00,664.5599975585938,664.8099975585938,664.1799926757812,664.5399780273438,536679,SPY,equities,5min,data/5min/spy_5m.csv
2026-03-13 18:55:00+00:00,664.5499877929688,664.5499877929688,663.9400024414062,664.1799926757812,603832,SPY,equities,5min,data/5min/spy_5m.csv
2026-03-13 19:00:00+00:00,664.1799926757812,664.2000122070312,663.5800170898438,663.5999755859375,799597,SPY,equities,5min,data/5min/spy_5m.csv
2026-03-13 19:05:00+00:00,663.5900268554688,663.8499755859375,663.2550048828125,663.6799926757812,867973,SPY,equities,5min,data/5min/spy_5m.csv
2026-03-13 19:10:00+00:00,663.6699829101562,663.989990234375,663.4000244140625,663.5349731445312,1153779,SPY,equities,5min,data/5min/spy_5m.csv
2026-03-13 19:15:00+00:00,663.5399780273438,663.9099731445312,663.4000244140625,663.5900268554688,1281956,SPY,equities,5min,data/5min/spy_5m.csv
2026-03-13 19:20:00+00:00,663.5800170898438,663.5800170898438,662.510009765625,662.739990234375,892677,SPY,equities,5min,data/5min/spy_5m.csv
2026-03-13 19:25:00+00:00,662.719970703125,662.77001953125,662.1599731445312,662.3699951171875,1017872,SPY,equities,5min,data/5min/spy_5m.csv
2026-03-13 19:30:00+00:00,662.3699951171875,663.0,662.3400268554688,662.4799194335938,989227,SPY,equities,5min,data/5min/spy_5m.csv
2026-03-13 19:35:00+00:00,662.469970703125,662.5750122070312,661.77001953125,661.8049926757812,1154372,SPY,equities,5min,data/5min/spy_5m.csv
2026-03-13 19:40:00+00:00,661.7999877929688,661.9650268554688,661.3599853515625,661.6900024414062,1255522,SPY,equities,5min,data/5min/spy_5m.csv
2026-03-13 19:45:00+00:00,661.6900024414062,661.9879760742188,661.4000244140625,661.8900146484375,1633736,SPY,equities,5min,data/5min/spy_5m.csv
2026-03-13 19:50:00+00:00,661.8900146484375,662.2650146484375,661.5349731445312,662.0499877929688,2497000,SPY,equities,5min,data/5min/spy_5m.csv
2026-03-13 19:55:00+00:00,662.0499877929688,662.489990234375,661.885009765625,662.2999877929688,3846028,SPY,equities,5min,data/5min/spy_5m.csv
2026-03-16 13:30:00+00:00,668.3800048828125,668.8800048828125,667.7000122070312,668.5700073242188,4904373,SPY,equities,5min,data/5min/spy_5m.csv
2026-03-16 13:35:00+00:00,668.5800170898438,669.0800170898438,668.5,669.010009765625,1325954,SPY,equities,5min,data/5min/spy_5m.csv
2026-03-16 13:40:00+00:00,669.02001953125,669.760009765625,668.7000122070312,669.6400146484375,1358427,SPY,equities,5min,data/5min/spy_5m.csv
2026-03-16 13:45:00+00:00,669.6300048828125,670.6099853515625,669.469970703125,669.989990234375,1726551,SPY,equities,5min,data/5min/spy_5m.csv
2026-03-16 13:50:00+00:00,669.97998046875,670.030029296875,669.5499877929688,669.7999877929688,1360710,SPY,equities,5min,data/5min/spy_5m.csv
2026-03-16 13:55:00+00:00,669.8099975585938,670.9000244140625,669.489990234375,670.7999877929688,1244172,SPY,equities,5min,data/5min/spy_5m.csv
2026-03-16 14:00:00+00:00,670.7999877929688,670.8900146484375,669.989990234375,670.3200073242188,898484,SPY,equities,5min,data/5min/spy_5m.csv
2026-03-16 14:05:00+00:00,670.3300170898438,671.0599975585938,670.0499877929688,670.7999877929688,809167,SPY,equities,5min,data/5min/spy_5m.csv
2026-03-16 14:10:00+00:00,670.7999877929688,671.4000244140625,670.4298706054688,670.6400146484375,1143663,SPY,equities,5min,data/5min/spy_5m.csv
2026-03-16 14:15:00+00:00,670.6500244140625,671.2100219726562,670.4000244140625,670.5700073242188,1173763,SPY,equities,5min,data/5min/spy_5m.csv
2026-03-16 14:20:00+00:00,670.5800170898438,671.3499755859375,670.510009765625,670.9949951171875,887370,SPY,equities,5min,data/5min/spy_5m.csv
2026-03-16 14:25:00+00:00,670.989990234375,671.1400146484375,670.25,670.27001953125,901751,SPY,equities,5min,data/5min/spy_5m.csv
2026-03-16 14:30:00+00:00,670.27001953125,670.3499755859375,668.969970703125,669.0750122070312,1132678,SPY,equities,5min,data/5min/spy_5m.csv
2026-03-16 14:35:00+00:00,669.0700073242188,669.6513061523438,668.3300170898438,668.4000244140625,1535612,SPY,equities,5min,data/5min/spy_5m.csv
2026-03-16 14:40:00+00:00,668.4000244140625,668.760009765625,668.0499877929688,668.219970703125,1120183,SPY,equities,5min,data/5min/spy_5m.csv
2026-03-16 14:45:00+00:00,668.2100219726562,668.6599731445312,667.7999877929688,668.0239868164062,1062913,SPY,equities,5min,data/5min/spy_5m.csv
2026-03-16 14:50:00+00:00,668.02001953125,669.2650146484375,667.5750122070312,669.1875,1081539,SPY,equities,5min,data/5min/spy_5m.csv
2026-03-16 14:55:00+00:00,669.1699829101562,669.8300170898438,668.8800048828125,669.8300170898438,698503,SPY,equities,5min,data/5min/spy_5m.csv
2026-03-16 15:00:00+00:00,669.8400268554688,669.8699951171875,668.9199829101562,669.0599975585938,663138,SPY,equities,5min,data/5min/spy_5m.csv
2026-03-16 15:05:00+00:00,669.0599975585938,669.2999877929688,668.6199951171875,669.2899780273438,514451,SPY,equities,5min,data/5min/spy_5m.csv
2026-03-16 15:10:00+00:00,669.2899780273438,669.5599975585938,668.6599731445312,669.3900756835938,540781,SPY,equities,5min,data/5min/spy_5m.csv
2026-03-16 15:15:00+00:00,669.3800048828125,669.6699829101562,668.8200073242188,669.6607055664062,486709,SPY,equities,5min,data/5min/spy_5m.csv
2026-03-16 15:20:00+00:00,669.6900024414062,670.2999877929688,669.4600219726562,670.1599731445312,1130500,SPY,equities,5min,data/5min/spy_5m.csv
2026-03-16 15:25:00+00:00,670.1699829101562,670.3200073242188,669.6900024414062,670.0599975585938,499724,SPY,equities,5min,data/5min/spy_5m.csv
2026-03-16 15:30:00+00:00,670.0399780273438,670.5800170898438,670.030029296875,670.4199829101562,705690,SPY,equities,5min,data/5min/spy_5m.csv
2026-03-16 15:35:00+00:00,670.4400024414062,670.6400146484375,670.1599731445312,670.1799926757812,443409,SPY,equities,5min,data/5min/spy_5m.csv
2026-03-16 15:40:00+00:00,670.1599731445312,670.239990234375,669.739990234375,669.8699951171875,526080,SPY,equities,5min,data/5min/spy_5m.csv
2026-03-16 15:45:00+00:00,669.8599853515625,670.2899780273438,669.7999877929688,670.114990234375,287920,SPY,equities,5min,data/5min/spy_5m.csv
2026-03-16 15:50:00+00:00,670.1300048828125,670.1300048828125,669.0800170898438,669.4099731445312,1105145,SPY,equities,5min,data/5min/spy_5m.csv
2026-03-16 15:55:00+00:00,669.4099731445312,669.6099853515625,668.4400024414062,668.469970703125,812997,SPY,equities,5min,data/5min/spy_5m.csv
2026-03-16 16:00:00+00:00,668.469970703125,668.8900146484375,668.2100219726562,668.22998046875,699349,SPY,equities,5min,data/5min/spy_5m.csv
2026-03-16 16:05:00+00:00,668.22998046875,669.1500244140625,668.1799926757812,668.7399291992188,506171,SPY,equities,5min,data/5min/spy_5m.csv
2026-03-16 16:10:00+00:00,668.739990234375,669.1900024414062,668.530029296875,668.8707275390625,661306,SPY,equities,5min,data/5min/spy_5m.csv
2026-03-16 16:15:00+00:00,668.8599853515625,669.0999755859375,668.39501953125,668.6300048828125,598565,SPY,equities,5min,data/5min/spy_5m.csv
2026-03-16 16:20:00+00:00,668.6199951171875,668.7000122070312,667.3599853515625,667.4000244140625,3582340,SPY,equities,5min,data/5min/spy_5m.csv
2026-03-16 16:25:00+00:00,667.3900146484375,667.8200073242188,667.1500244140625,667.4500122070312,1592985,SPY,equities,5min,data/5min/spy_5m.csv
2026-03-16 16:30:00+00:00,667.4199829101562,667.9299926757812,667.1199951171875,667.5,672641,SPY,equities,5min,data/5min/spy_5m.csv
2026-03-16 16:35:00+00:00,667.530029296875,668.2100219726562,667.5050048828125,668.2000122070312,561377,SPY,equities,5min,data/5min/spy_5m.csv
2026-03-16 16:40:00+00:00,668.1900024414062,668.8900146484375,667.9000244140625,668.6400146484375,383658,SPY,equities,5min,data/5min/spy_5m.csv
2026-03-16 16:45:00+00:00,668.6500244140625,668.8099975585938,668.25,668.530029296875,427203,SPY,equities,5min,data/5min/spy_5m.csv
2026-03-16 16:50:00+00:00,668.52001953125,669.073974609375,668.3900146484375,668.5700073242188,403587,SPY,equities,5min,data/5min/spy_5m.csv
2026-03-16 16:55:00+00:00,668.5700073242188,668.8099975585938,668.27001953125,668.4249877929688,448186,SPY,equities,5min,data/5min/spy_5m.csv
2026-03-16 17:00:00+00:00,668.4299926757812,669.530029296875,668.406005859375,668.6900024414062,889201,SPY,equities,5min,data/5min/spy_5m.csv
2026-03-16 17:05:00+00:00,668.719970703125,669.1900024414062,668.5900268554688,668.9299926757812,357442,SPY,equities,5min,data/5min/spy_5m.csv
2026-03-16 17:10:00+00:00,668.9299926757812,669.6400146484375,668.9299926757812,669.3499755859375,480624,SPY,equities,5min,data/5min/spy_5m.csv
2026-03-16 17:15:00+00:00,669.3599853515625,669.4400024414062,668.8800048828125,669.2750244140625,317900,SPY,equities,5min,data/5min/spy_5m.csv
2026-03-16 17:20:00+00:00,669.280029296875,669.75,669.22998046875,669.5,534538,SPY,equities,5min,data/5min/spy_5m.csv
2026-03-16 17:25:00+00:00,669.5181274414062,669.739990234375,669.1400146484375,669.2000122070312,557190,SPY,equities,5min,data/5min/spy_5m.csv
2026-03-16 17:30:00+00:00,669.2000122070312,669.5599975585938,668.8699951171875,669.0800170898438,367178,SPY,equities,5min,data/5min/spy_5m.csv
2026-03-16 17:35:00+00:00,669.0499877929688,669.3200073242188,668.8499755859375,668.9000244140625,281139,SPY,equities,5min,data/5min/spy_5m.csv
2026-03-16 17:40:00+00:00,668.9000854492188,669.0999755859375,668.6099853515625,668.6599731445312,367891,SPY,equities,5min,data/5min/spy_5m.csv
2026-03-16 17:45:00+00:00,668.6599731445312,669.2000122070312,668.2000122070312,668.3599853515625,752820,SPY,equities,5min,data/5min/spy_5m.csv
2026-03-16 17:50:00+00:00,668.3499755859375,668.8699951171875,667.97998046875,668.6099853515625,724936,SPY,equities,5min,data/5min/spy_5m.csv
2026-03-16 17:55:00+00:00,668.5900268554688,668.989990234375,668.469970703125,668.7550048828125,292799,SPY,equities,5min,data/5min/spy_5m.csv
2026-03-16 18:00:00+00:00,668.760009765625,669.1649780273438,668.6599731445312,669.1649780273438,2539026,SPY,equities,5min,data/5min/spy_5m.csv
2026-03-16 18:05:00+00:00,669.1599731445312,669.77001953125,669.0,669.52001953125,998591,SPY,equities,5min,data/5min/spy_5m.csv
2026-03-16 18:10:00+00:00,669.52001953125,669.719970703125,669.25,669.5499877929688,457094,SPY,equities,5min,data/5min/spy_5m.csv
2026-03-16 18:15:00+00:00,669.5399780273438,670.0599975585938,669.469970703125,669.8200073242188,725304,SPY,equities,5min,data/5min/spy_5m.csv
2026-03-16 18:20:00+00:00,669.8099975585938,670.0800170898438,669.6373901367188,669.9500122070312,397418,SPY,equities,5min,data/5min/spy_5m.csv
2026-03-16 18:25:00+00:00,669.9600219726562,670.0349731445312,669.5499877929688,669.7999877929688,555601,SPY,equities,5min,data/5min/spy_5m.csv
2026-03-16 18:30:00+00:00,669.7999877929688,669.989990234375,669.590087890625,669.9199829101562,436848,SPY,equities,5min,data/5min/spy_5m.csv
2026-03-16 18:35:00+00:00,669.9199829101562,670.159912109375,669.6900024414062,670.0700073242188,625590,SPY,equities,5min,data/5min/spy_5m.csv
2026-03-16 18:40:00+00:00,670.0599975585938,670.239990234375,669.8875122070312,670.1799926757812,651925,SPY,equities,5min,data/5min/spy_5m.csv
2026-03-16 18:45:00+00:00,670.2000122070312,670.3099975585938,670.0399780273438,670.0750122070312,753820,SPY,equities,5min,data/5min/spy_5m.csv
2026-03-16 18:50:00+00:00,670.0800170898438,670.0800170898438,669.7100219726562,669.739990234375,598302,SPY,equities,5min,data/5min/spy_5m.csv
2026-03-16 18:55:00+00:00,669.739990234375,669.8200073242188,669.489990234375,669.60498046875,741521,SPY,equities,5min,data/5min/spy_5m.csv
2026-03-16 19:00:00+00:00,669.60498046875,670.0,669.3900146484375,669.5800170898438,634957,SPY,equities,5min,data/5min/spy_5m.csv
2026-03-16 19:05:00+00:00,669.5800170898438,671.3699951171875,669.239990234375,671.3400268554688,1079312,SPY,equities,5min,data/5min/spy_5m.csv
2026-03-16 19:10:00+00:00,671.3400268554688,672.0700073242188,669.6500244140625,669.8499755859375,2027605,SPY,equities,5min,data/5min/spy_5m.csv
2026-03-16 19:15:00+00:00,669.8350219726562,670.2999877929688,669.3900146484375,669.4099731445312,1057203,SPY,equities,5min,data/5min/spy_5m.csv
2026-03-16 19:20:00+00:00,669.4099731445312,669.739990234375,668.9600219726562,669.1500244140625,1179748,SPY,equities,5min,data/5min/spy_5m.csv
2026-03-16 19:25:00+00:00,669.1400146484375,669.510009765625,668.6900024414062,669.27001953125,1816235,SPY,equities,5min,data/5min/spy_5m.csv
2026-03-16 19:30:00+00:00,669.27001953125,669.3975219726562,668.9199829101562,668.969970703125,1179685,SPY,equities,5min,data/5min/spy_5m.csv
2026-03-16 19:35:00+00:00,668.969970703125,669.4299926757812,668.7999877929688,668.9699096679688,1021643,SPY,equities,5min,data/5min/spy_5m.csv
2026-03-16 19:40:00+00:00,668.9600219726562,669.1199951171875,668.4199829101562,668.6002807617188,975583,SPY,equities,5min,data/5min/spy_5m.csv
2026-03-16 19:45:00+00:00,668.5900268554688,668.8599853515625,668.4199829101562,668.760009765625,1608019,SPY,equities,5min,data/5min/spy_5m.csv
2026-03-16 19:50:00+00:00,668.760009765625,669.0499877929688,668.469970703125,668.64501953125,1993354,SPY,equities,5min,data/5min/spy_5m.csv
2026-03-16 19:55:00+00:00,668.6500244140625,669.22998046875,668.6400146484375,668.9600219726562,3719085,SPY,equities,5min,data/5min/spy_5m.csv
2026-03-17 13:30:00+00:00,672.3900146484375,673.8300170898438,671.9099731445312,673.4400024414062,3741349,SPY,equities,5min,data/5min/spy_5m.csv
2026-03-17 13:35:00+00:00,673.4600219726562,673.9299926757812,673.1900024414062,673.905029296875,1427715,SPY,equities,5min,data/5min/spy_5m.csv
2026-03-17 13:40:00+00:00,673.9000244140625,673.969970703125,673.4500122070312,673.510009765625,951133,SPY,equities,5min,data/5min/spy_5m.csv
2026-03-17 13:45:00+00:00,673.5,674.4299926757812,673.3699951171875,674.2498168945312,1341748,SPY,equities,5min,data/5min/spy_5m.csv
2026-03-17 13:50:00+00:00,674.2449951171875,674.260009765625,673.6699829101562,674.05810546875,1150827,SPY,equities,5min,data/5min/spy_5m.csv
2026-03-17 13:55:00+00:00,674.0499877929688,674.1699829101562,673.6599731445312,673.8900146484375,663529,SPY,equities,5min,data/5min/spy_5m.csv
2026-03-17 14:00:00+00:00,673.8800048828125,673.9099731445312,672.97998046875,673.1900024414062,1709475,SPY,equities,5min,data/5min/spy_5m.csv
2026-03-17 14:05:00+00:00,673.2000122070312,673.5549926757812,673.125,673.27001953125,583251,SPY,equities,5min,data/5min/spy_5m.csv
2026-03-17 14:10:00+00:00,673.280029296875,673.3499755859375,672.2849731445312,672.2999877929688,1037868,SPY,equities,5min,data/5min/spy_5m.csv
2026-03-17 14:15:00+00:00,672.2999877929688,672.5999755859375,671.5599975585938,672.5999755859375,1376971,SPY,equities,5min,data/5min/spy_5m.csv
2026-03-17 14:20:00+00:00,672.5900268554688,672.9199829101562,672.3099975585938,672.480224609375,628899,SPY,equities,5min,data/5min/spy_5m.csv
2026-03-17 14:25:00+00:00,672.5,672.77001953125,672.0499877929688,672.5599975585938,677598,SPY,equities,5min,data/5min/spy_5m.csv
2026-03-17 14:30:00+00:00,672.5700073242188,673.1199951171875,672.1400146484375,673.030029296875,561522,SPY,equities,5min,data/5min/spy_5m.csv
2026-03-17 14:35:00+00:00,673.0399780273438,673.27001953125,672.3300170898438,672.510009765625,745135,SPY,equities,5min,data/5min/spy_5m.csv
2026-03-17 14:40:00+00:00,672.510009765625,673.3800048828125,672.25,673.280029296875,585165,SPY,equities,5min,data/5min/spy_5m.csv
2026-03-17 14:45:00+00:00,673.280029296875,673.469970703125,673.0599975585938,673.2999877929688,479878,SPY,equities,5min,data/5min/spy_5m.csv
2026-03-17 14:50:00+00:00,673.3049926757812,673.3699951171875,672.969970703125,673.125,597238,SPY,equities,5min,data/5min/spy_5m.csv
2026-03-17 14:55:00+00:00,673.1300048828125,673.3300170898438,672.9000244140625,673.030029296875,387978,SPY,equities,5min,data/5min/spy_5m.csv
2026-03-17 15:00:00+00:00,673.02001953125,673.27001953125,672.4400024414062,672.5,483631,SPY,equities,5min,data/5min/spy_5m.csv
2026-03-17 15:05:00+00:00,672.489990234375,672.6199951171875,671.8099975585938,671.8300170898438,1079305,SPY,equities,5min,data/5min/spy_5m.csv
2026-03-17 15:10:00+00:00,671.8200073242188,672.239990234375,671.6599731445312,671.9299926757812,929001,SPY,equities,5min,data/5min/spy_5m.csv
2026-03-17 15:15:00+00:00,671.9199829101562,672.6900024414062,671.9099731445312,672.4400024414062,629953,SPY,equities,5min,data/5min/spy_5m.csv
2026-03-17 15:20:00+00:00,672.4102783203125,672.6300048828125,671.5999755859375,672.1099853515625,731120,SPY,equities,5min,data/5min/spy_5m.csv
2026-03-17 15:25:00+00:00,672.1099853515625,672.5399780273438,671.6300048828125,671.635009765625,645363,SPY,equities,5min,data/5min/spy_5m.csv
2026-03-17 15:30:00+00:00,671.6300048828125,672.1900024414062,671.1599731445312,671.25,1020335,SPY,equities,5min,data/5min/spy_5m.csv
2026-03-17 15:35:00+00:00,671.260009765625,671.52001953125,670.2999877929688,670.8099975585938,1509177,SPY,equities,5min,data/5min/spy_5m.csv
2026-03-17 15:40:00+00:00,670.8200073242188,671.280029296875,670.5900268554688,671.2100219726562,1104104,SPY,equities,5min,data/5min/spy_5m.csv
2026-03-17 15:45:00+00:00,671.2000122070312,671.6500244140625,670.9400024414062,670.9400024414062,424582,SPY,equities,5min,data/5min/spy_5m.csv
2026-03-17 15:50:00+00:00,670.969970703125,671.6300048828125,670.969970703125,671.3579711914062,589577,SPY,equities,5min,data/5min/spy_5m.csv
2026-03-17 15:55:00+00:00,671.3599243164062,671.510009765625,670.8300170898438,671.010009765625,670082,SPY,equities,5min,data/5min/spy_5m.csv
2026-03-17 16:00:00+00:00,671.02001953125,671.0999755859375,670.3099975585938,670.5900268554688,723519,SPY,equities,5min,data/5min/spy_5m.csv
2026-03-17 16:05:00+00:00,670.5999755859375,671.0,669.7000122070312,670.7100219726562,1041661,SPY,equities,5min,data/5min/spy_5m.csv
2026-03-17 16:10:00+00:00,670.6799926757812,671.4000244140625,670.5999755859375,670.7100219726562,1561111,SPY,equities,5min,data/5min/spy_5m.csv
2026-03-17 16:15:00+00:00,670.7249755859375,671.5665283203125,670.5599975585938,671.5665283203125,419941,SPY,equities,5min,data/5min/spy_5m.csv
2026-03-17 16:20:00+00:00,671.5499877929688,671.5900268554688,671.02001953125,671.47998046875,401922,SPY,equities,5min,data/5min/spy_5m.csv
2026-03-17 16:25:00+00:00,671.489990234375,671.489990234375,670.9600219726562,671.2100219726562,398994,SPY,equities,5min,data/5min/spy_5m.csv
2026-03-17 16:30:00+00:00,671.2000122070312,671.4299926757812,670.7449951171875,671.1699829101562,521607,SPY,equities,5min,data/5min/spy_5m.csv
2026-03-17 16:35:00+00:00,671.1699829101562,671.5150146484375,670.719970703125,670.8900146484375,364454,SPY,equities,5min,data/5min/spy_5m.csv
2026-03-17 16:40:00+00:00,670.8900146484375,671.5499877929688,670.7899780273438,671.5449829101562,402426,SPY,equities,5min,data/5min/spy_5m.csv
2026-03-17 16:45:00+00:00,671.5399780273438,671.6400146484375,671.1400146484375,671.3099975585938,452743,SPY,equities,5min,data/5min/spy_5m.csv
2026-03-17 16:50:00+00:00,671.3099975585938,671.489990234375,671.0900268554688,671.25,430466,SPY,equities,5min,data/5min/spy_5m.csv
2026-03-17 16:55:00+00:00,671.2449951171875,671.4299926757812,670.9099731445312,670.9500122070312,409952,SPY,equities,5min,data/5min/spy_5m.csv
2026-03-17 17:00:00+00:00,670.9400024414062,671.9400024414062,670.9299926757812,671.8300170898438,496907,SPY,equities,5min,data/5min/spy_5m.csv
2026-03-17 17:05:00+00:00,671.8400268554688,671.8900146484375,671.6099853515625,671.8099975585938,445057,SPY,equities,5min,data/5min/spy_5m.csv
2026-03-17 17:10:00+00:00,671.8200073242188,671.8800048828125,671.22998046875,671.5900268554688,513763,SPY,equities,5min,data/5min/spy_5m.csv
2026-03-17 17:15:00+00:00,671.5800170898438,671.5850219726562,671.2650146484375,671.4099731445312,313490,SPY,equities,5min,data/5min/spy_5m.csv
2026-03-17 17:20:00+00:00,671.4199829101562,671.619873046875,671.1199951171875,671.4616088867188,548426,SPY,equities,5min,data/5min/spy_5m.csv
2026-03-17 17:25:00+00:00,671.4600219726562,671.7050170898438,671.2650146484375,671.530029296875,235791,SPY,equities,5min,data/5min/spy_5m.csv
2026-03-17 17:30:00+00:00,671.530029296875,671.7100219726562,671.3300170898438,671.4550170898438,295813,SPY,equities,5min,data/5min/spy_5m.csv
2026-03-17 17:35:00+00:00,671.4500122070312,671.9749755859375,671.4149780273438,671.9099731445312,368721,SPY,equities,5min,data/5min/spy_5m.csv
2026-03-17 17:40:00+00:00,671.9000244140625,671.9400024414062,671.1900024414062,671.2899780273438,357957,SPY,equities,5min,data/5min/spy_5m.csv
2026-03-17 17:45:00+00:00,671.3300170898438,671.5,671.030029296875,671.330078125,605138,SPY,equities,5min,data/5min/spy_5m.csv
2026-03-17 17:50:00+00:00,671.3300170898438,671.951171875,671.1749877929688,671.840087890625,590880,SPY,equities,5min,data/5min/spy_5m.csv
2026-03-17 17:55:00+00:00,671.8400268554688,671.8699951171875,671.6300048828125,671.7000122070312,446533,SPY,equities,5min,data/5min/spy_5m.csv
2026-03-17 18:00:00+00:00,671.7000122070312,672.0,671.4099731445312,671.9000244140625,2240688,SPY,equities,5min,data/5min/spy_5m.csv
2026-03-17 18:05:00+00:00,671.9000244140625,672.22998046875,671.6749877929688,672.2100219726562,1096010,SPY,equities,5min,data/5min/spy_5m.csv
2026-03-17 18:10:00+00:00,672.2050170898438,672.2999877929688,671.8599853515625,671.8599853515625,472085,SPY,equities,5min,data/5min/spy_5m.csv
2026-03-17 18:15:00+00:00,671.8699951171875,671.986328125,671.719970703125,671.7899780273438,346268,SPY,equities,5min,data/5min/spy_5m.csv
2026-03-17 18:20:00+00:00,671.7999877929688,671.8200073242188,670.9299926757812,670.9600219726562,812149,SPY,equities,5min,data/5min/spy_5m.csv
2026-03-17 18:25:00+00:00,670.9500122070312,671.239990234375,670.8599853515625,670.9000244140625,613485,SPY,equities,5min,data/5min/spy_5m.csv
2026-03-17 18:30:00+00:00,670.9000244140625,671.1900024414062,670.739990234375,671.0900268554688,612124,SPY,equities,5min,data/5min/spy_5m.csv
2026-03-17 18:35:00+00:00,671.092529296875,671.2000122070312,670.9199829101562,671.0399780273438,852624,SPY,equities,5min,data/5min/spy_5m.csv
2026-03-17 18:40:00+00:00,671.0399780273438,671.2000122070312,670.7899780273438,670.8599853515625,473627,SPY,equities,5min,data/5min/spy_5m.csv
2026-03-17 18:45:00+00:00,670.8599853515625,671.1799926757812,670.8300170898438,671.1199951171875,459953,SPY,equities,5min,data/5min/spy_5m.csv
2026-03-17 18:50:00+00:00,671.1099853515625,671.4400024414062,670.9099731445312,671.4000244140625,516945,SPY,equities,5min,data/5min/spy_5m.csv
2026-03-17 18:55:00+00:00,671.4000244140625,671.4000244140625,670.8499755859375,671.0899047851562,523996,SPY,equities,5min,data/5min/spy_5m.csv
2026-03-17 19:00:00+00:00,671.0900268554688,671.3400268554688,670.969970703125,671.010009765625,572950,SPY,equities,5min,data/5min/spy_5m.csv
2026-03-17 19:05:00+00:00,671.0,671.030029296875,670.5900268554688,670.989990234375,795859,SPY,equities,5min,data/5min/spy_5m.csv
2026-03-17 19:10:00+00:00,670.989990234375,671.22998046875,670.9692993164062,671.1900024414062,1148094,SPY,equities,5min,data/5min/spy_5m.csv
2026-03-17 19:15:00+00:00,671.1950073242188,671.60498046875,671.1400146484375,671.4199829101562,810157,SPY,equities,5min,data/5min/spy_5m.csv
2026-03-17 19:20:00+00:00,671.4099731445312,671.4500122070312,671.0999755859375,671.1699829101562,777886,SPY,equities,5min,data/5min/spy_5m.csv
2026-03-17 19:25:00+00:00,671.1799926757812,671.219970703125,670.969970703125,671.0399780273438,787379,SPY,equities,5min,data/5min/spy_5m.csv
2026-03-17 19:30:00+00:00,671.0399780273438,671.280029296875,670.9450073242188,670.989990234375,793313,SPY,equities,5min,data/5min/spy_5m.csv
2026-03-17 19:35:00+00:00,671.0,671.1400146484375,670.9400024414062,670.989990234375,514813,SPY,equities,5min,data/5min/spy_5m.csv
2026-03-17 19:40:00+00:00,670.989990234375,671.1500244140625,670.75,670.8599853515625,1054182,SPY,equities,5min,data/5min/spy_5m.csv
2026-03-17 19:45:00+00:00,670.8699951171875,671.2100219726562,670.8499755859375,671.1749877929688,1120394,SPY,equities,5min,data/5min/spy_5m.csv
2026-03-17 19:50:00+00:00,671.1799926757812,671.280029296875,670.5800170898438,671.2050170898438,2681505,SPY,equities,5min,data/5min/spy_5m.csv
2026-03-17 19:55:00+00:00,671.2000122070312,671.2000122070312,670.469970703125,670.72998046875,3979935,SPY,equities,5min,data/5min/spy_5m.csv
2026-03-18 13:30:00+00:00,668.3599853515625,669.0700073242188,667.8800048828125,668.77001953125,5716101,SPY,equities,5min,data/5min/spy_5m.csv
2026-03-18 13:35:00+00:00,668.780029296875,669.2999877929688,668.5,669.0900268554688,1454016,SPY,equities,5min,data/5min/spy_5m.csv
2026-03-18 13:40:00+00:00,669.0800170898438,669.5599975585938,668.2650146484375,668.7301025390625,1378290,SPY,equities,5min,data/5min/spy_5m.csv
2026-03-18 13:45:00+00:00,668.719970703125,669.719970703125,668.510009765625,669.0850219726562,1032226,SPY,equities,5min,data/5min/spy_5m.csv
2026-03-18 13:50:00+00:00,669.0850219726562,669.3200073242188,668.5399780273438,668.75,844314,SPY,equities,5min,data/5min/spy_5m.csv
2026-03-18 13:55:00+00:00,668.77001953125,669.2899780273438,668.3499755859375,669.280029296875,894899,SPY,equities,5min,data/5min/spy_5m.csv
2026-03-18 14:00:00+00:00,669.280029296875,669.4099731445312,667.9299926757812,668.4600219726562,802025,SPY,equities,5min,data/5min/spy_5m.csv
2026-03-18 14:05:00+00:00,668.469970703125,669.3699951171875,668.2100219726562,668.8800048828125,675161,SPY,equities,5min,data/5min/spy_5m.csv
2026-03-18 14:10:00+00:00,668.8499755859375,668.9000244140625,667.1599731445312,667.1599731445312,1098735,SPY,equities,5min,data/5min/spy_5m.csv
2026-03-18 14:15:00+00:00,667.1599731445312,667.8400268554688,667.1300048828125,667.5399780273438,714141,SPY,equities,5min,data/5min/spy_5m.csv
2026-03-18 14:20:00+00:00,667.5399780273438,667.7000122070312,667.2100219726562,667.280029296875,571488,SPY,equities,5min,data/5min/spy_5m.csv
2026-03-18 14:25:00+00:00,667.2999877929688,667.3699951171875,665.719970703125,665.9600219726562,1235589,SPY,equities,5min,data/5min/spy_5m.csv
2026-03-18 14:30:00+00:00,665.969970703125,666.9400024414062,665.9000244140625,666.2199096679688,1023860,SPY,equities,5min,data/5min/spy_5m.csv
2026-03-18 14:35:00+00:00,666.239990234375,666.5700073242188,665.9534912109375,666.1099243164062,622022,SPY,equities,5min,data/5min/spy_5m.csv
2026-03-18 14:40:00+00:00,666.0999755859375,666.280029296875,665.72998046875,665.9400024414062,581291,SPY,equities,5min,data/5min/spy_5m.csv
2026-03-18 14:45:00+00:00,665.9099731445312,666.4600219726562,665.6599731445312,665.9199829101562,581608,SPY,equities,5min,data/5min/spy_5m.csv
2026-03-18 14:50:00+00:00,665.927001953125,666.4199829101562,665.8800048828125,666.219970703125,498793,SPY,equities,5min,data/5min/spy_5m.csv
2026-03-18 14:55:00+00:00,666.219970703125,667.155029296875,666.1624755859375,667.1400146484375,810451,SPY,equities,5min,data/5min/spy_5m.csv
2026-03-18 15:00:00+00:00,667.1300048828125,667.7150268554688,666.739990234375,667.2000122070312,952972,SPY,equities,5min,data/5min/spy_5m.csv
2026-03-18 15:05:00+00:00,667.1699829101562,668.0,667.1300048828125,667.9400024414062,553061,SPY,equities,5min,data/5min/spy_5m.csv
2026-03-18 15:10:00+00:00,667.9600219726562,667.9739990234375,667.3499755859375,667.510009765625,585138,SPY,equities,5min,data/5min/spy_5m.csv
2026-03-18 15:15:00+00:00,667.510009765625,667.7249755859375,666.7899780273438,666.8579711914062,526609,SPY,equities,5min,data/5min/spy_5m.csv
2026-03-18 15:20:00+00:00,666.8699951171875,667.1699829101562,666.4000244140625,667.1300048828125,591279,SPY,equities,5min,data/5min/spy_5m.csv
2026-03-18 15:25:00+00:00,667.1099853515625,667.280029296875,666.8900146484375,666.9342041015625,347284,SPY,equities,5min,data/5min/spy_5m.csv
2026-03-18 15:30:00+00:00,666.9099731445312,667.6199951171875,666.7999877929688,667.330078125,513968,SPY,equities,5min,data/5min/spy_5m.csv
2026-03-18 15:35:00+00:00,667.3400268554688,667.5700073242188,667.0800170898438,667.3499755859375,403661,SPY,equities,5min,data/5min/spy_5m.csv
2026-03-18 15:40:00+00:00,667.3400268554688,667.4099731445312,666.719970703125,667.1300048828125,421161,SPY,equities,5min,data/5min/spy_5m.csv
2026-03-18 15:45:00+00:00,667.1300048828125,667.3800048828125,666.7000122070312,666.8699951171875,412920,SPY,equities,5min,data/5min/spy_5m.csv
2026-03-18 15:50:00+00:00,666.8699951171875,667.3300170898438,666.6699829101562,667.3300170898438,397142,SPY,equities,5min,data/5min/spy_5m.csv
2026-03-18 15:55:00+00:00,667.3200073242188,667.4650268554688,666.9349975585938,667.0399780273438,488631,SPY,equities,5min,data/5min/spy_5m.csv
2026-03-18 16:00:00+00:00,667.030029296875,667.0599975585938,666.510009765625,666.8800048828125,388346,SPY,equities,5min,data/5min/spy_5m.csv
2026-03-18 16:05:00+00:00,666.8900146484375,667.0800170898438,666.5999755859375,666.7100219726562,336035,SPY,equities,5min,data/5min/spy_5m.csv
2026-03-18 16:10:00+00:00,666.7000122070312,667.4100952148438,666.4918212890625,667.2999877929688,432788,SPY,equities,5min,data/5min/spy_5m.csv
2026-03-18 16:15:00+00:00,667.3099975585938,667.3599853515625,666.8079833984375,667.3499755859375,288323,SPY,equities,5min,data/5min/spy_5m.csv
2026-03-18 16:20:00+00:00,667.3599853515625,667.5800170898438,667.1799926757812,667.4099731445312,261644,SPY,equities,5min,data/5min/spy_5m.csv
2026-03-18 16:25:00+00:00,667.405029296875,667.4400024414062,667.0,667.0700073242188,368351,SPY,equities,5min,data/5min/spy_5m.csv
2026-03-18 16:30:00+00:00,667.0700073242188,667.2960205078125,666.27001953125,666.3499755859375,535732,SPY,equities,5min,data/5min/spy_5m.csv
2026-03-18 16:35:00+00:00,666.3400268554688,666.8200073242188,665.8300170898438,666.6849975585938,585130,SPY,equities,5min,data/5min/spy_5m.csv
2026-03-18 16:40:00+00:00,666.6849975585938,666.8300170898438,666.3599853515625,666.5,294346,SPY,equities,5min,data/5min/spy_5m.csv
2026-03-18 16:45:00+00:00,666.489990234375,666.719970703125,666.239990234375,666.5999755859375,242020,SPY,equities,5min,data/5min/spy_5m.csv
2026-03-18 16:50:00+00:00,666.5850219726562,667.1199951171875,666.39501953125,667.02001953125,325617,SPY,equities,5min,data/5min/spy_5m.csv
2026-03-18 16:55:00+00:00,667.02001953125,667.2000122070312,666.4500122070312,666.5499877929688,386801,SPY,equities,5min,data/5min/spy_5m.csv
2026-03-18 17:00:00+00:00,666.5399780273438,666.6300048828125,665.760009765625,666.2999877929688,729539,SPY,equities,5min,data/5min/spy_5m.csv
2026-03-18 17:05:00+00:00,666.2899780273438,666.4400024414062,665.8720703125,665.9299926757812,467791,SPY,equities,5min,data/5min/spy_5m.csv
2026-03-18 17:10:00+00:00,665.9299926757812,666.1099853515625,665.4299926757812,665.6500244140625,503962,SPY,equities,5min,data/5min/spy_5m.csv
2026-03-18 17:15:00+00:00,665.6400146484375,666.02001953125,665.4600219726562,665.9500122070312,549221,SPY,equities,5min,data/5min/spy_5m.csv
2026-03-18 17:20:00+00:00,665.9500122070312,666.1300048828125,665.8150024414062,666.0599975585938,353643,SPY,equities,5min,data/5min/spy_5m.csv
2026-03-18 17:25:00+00:00,666.0650024414062,666.0800170898438,665.6900024414062,665.8400268554688,508445,SPY,equities,5min,data/5min/spy_5m.csv
2026-03-18 17:30:00+00:00,665.8400268554688,666.02001953125,665.2899780273438,666.010009765625,571861,SPY,equities,5min,data/5min/spy_5m.csv
2026-03-18 17:35:00+00:00,666.030029296875,666.530029296875,666.02001953125,666.375,592951,SPY,equities,5min,data/5min/spy_5m.csv
2026-03-18 17:40:00+00:00,666.375,666.4000244140625,665.8200073242188,665.9199829101562,549241,SPY,equities,5min,data/5min/spy_5m.csv
2026-03-18 17:45:00+00:00,665.9199829101562,666.6500244140625,665.8400268554688,666.1599731445312,627733,SPY,equities,5min,data/5min/spy_5m.csv
2026-03-18 17:50:00+00:00,666.1599731445312,666.5300903320312,665.9212036132812,666.530029296875,256030,SPY,equities,5min,data/5min/spy_5m.csv
2026-03-18 17:55:00+00:00,666.5499877929688,666.8699951171875,666.2999877929688,666.719970703125,493753,SPY,equities,5min,data/5min/spy_5m.csv
2026-03-18 18:00:00+00:00,666.7100219726562,667.4400024414062,666.469970703125,667.0800170898438,1191152,SPY,equities,5min,data/5min/spy_5m.csv
2026-03-18 18:05:00+00:00,667.0599975585938,667.0999755859375,666.4400024414062,666.489990234375,443519,SPY,equities,5min,data/5min/spy_5m.csv
2026-03-18 18:10:00+00:00,666.5,666.760009765625,666.1950073242188,666.5599975585938,490430,SPY,equities,5min,data/5min/spy_5m.csv
2026-03-18 18:15:00+00:00,666.5499877929688,666.5700073242188,665.3900146484375,665.6500244140625,928012,SPY,equities,5min,data/5min/spy_5m.csv
2026-03-18 18:20:00+00:00,665.6300048828125,666.0,665.3800048828125,665.780029296875,494768,SPY,equities,5min,data/5min/spy_5m.csv
2026-03-18 18:25:00+00:00,665.780029296875,666.1699829101562,665.5999755859375,666.1199951171875,563189,SPY,equities,5min,data/5min/spy_5m.csv
2026-03-18 18:30:00+00:00,666.1099853515625,666.2999877929688,664.6199951171875,664.6599731445312,947657,SPY,equities,5min,data/5min/spy_5m.csv
2026-03-18 18:35:00+00:00,664.6699829101562,666.1699829101562,664.510009765625,664.760009765625,1349994,SPY,equities,5min,data/5min/spy_5m.csv
2026-03-18 18:40:00+00:00,664.739990234375,665.5399780273438,664.4099731445312,664.989990234375,1250280,SPY,equities,5min,data/5min/spy_5m.csv
2026-03-18 18:45:00+00:00,664.9600219726562,665.0800170898438,664.5900268554688,664.6699829101562,764281,SPY,equities,5min,data/5min/spy_5m.csv
2026-03-18 18:50:00+00:00,664.6599731445312,664.7000122070312,663.4299926757812,663.6199951171875,1361690,SPY,equities,5min,data/5min/spy_5m.csv
2026-03-18 18:55:00+00:00,663.6400146484375,664.0399780273438,663.3200073242188,663.4099731445312,1127847,SPY,equities,5min,data/5min/spy_5m.csv
2026-03-18 19:00:00+00:00,663.4000244140625,664.4400024414062,663.260009765625,664.4299926757812,1798882,SPY,equities,5min,data/5min/spy_5m.csv
2026-03-18 19:05:00+00:00,664.4299926757812,664.719970703125,664.1099853515625,664.4600219726562,1220056,SPY,equities,5min,data/5min/spy_5m.csv
2026-03-18 19:10:00+00:00,664.4299926757812,664.4299926757812,663.6300048828125,663.9500122070312,1386686,SPY,equities,5min,data/5min/spy_5m.csv
2026-03-18 19:15:00+00:00,663.9400024414062,664.030029296875,663.3300170898438,663.3350219726562,842818,SPY,equities,5min,data/5min/spy_5m.csv
2026-03-18 19:20:00+00:00,663.3300170898438,663.47998046875,662.6849975585938,662.7449951171875,1370613,SPY,equities,5min,data/5min/spy_5m.csv
2026-03-18 19:25:00+00:00,662.739990234375,663.2100219726562,662.6799926757812,662.9099731445312,1302646,SPY,equities,5min,data/5min/spy_5m.csv
2026-03-18 19:30:00+00:00,662.9000244140625,663.2191772460938,662.6099853515625,663.0599975585938,1674900,SPY,equities,5min,data/5min/spy_5m.csv
2026-03-18 19:35:00+00:00,663.0700073242188,663.1099853515625,662.4000244140625,662.510009765625,1404890,SPY,equities,5min,data/5min/spy_5m.csv
2026-03-18 19:40:00+00:00,662.510009765625,662.6500244140625,661.77001953125,662.0150146484375,1654279,SPY,equities,5min,data/5min/spy_5m.csv
2026-03-18 19:45:00+00:00,662.010009765625,662.1799926757812,661.6199951171875,661.885009765625,1796625,SPY,equities,5min,data/5min/spy_5m.csv
2026-03-18 19:50:00+00:00,661.8900146484375,662.3699951171875,661.780029296875,661.9949951171875,2515858,SPY,equities,5min,data/5min/spy_5m.csv
2026-03-18 19:55:00+00:00,661.989990234375,662.125,661.1900024414062,661.5700073242188,5192049,SPY,equities,5min,data/5min/spy_5m.csv
2026-03-19 13:30:00+00:00,656.969970703125,657.0,655.1699829101562,656.1749877929688,7692931,SPY,equities,5min,data/5min/spy_5m.csv
2026-03-19 13:35:00+00:00,656.1749877929688,657.0,655.3200073242188,656.239990234375,2577031,SPY,equities,5min,data/5min/spy_5m.csv
2026-03-19 13:40:00+00:00,656.239990234375,657.6500244140625,656.010009765625,657.3400268554688,2042248,SPY,equities,5min,data/5min/spy_5m.csv
2026-03-19 13:45:00+00:00,657.3300170898438,657.9600219726562,656.5599975585938,657.9324951171875,2100177,SPY,equities,5min,data/5min/spy_5m.csv
2026-03-19 13:50:00+00:00,657.9299926757812,658.9600219726562,657.6900024414062,658.7999877929688,1747727,SPY,equities,5min,data/5min/spy_5m.csv
2026-03-19 13:55:00+00:00,658.7999877929688,658.8300170898438,657.8400268554688,658.6799926757812,1026249,SPY,equities,5min,data/5min/spy_5m.csv
2026-03-19 14:00:00+00:00,658.6599731445312,659.1699829101562,658.1900024414062,658.3300170898438,986053,SPY,equities,5min,data/5min/spy_5m.csv
2026-03-19 14:05:00+00:00,658.3300170898438,658.9299926757812,658.0599975585938,658.260009765625,801065,SPY,equities,5min,data/5min/spy_5m.csv
2026-03-19 14:10:00+00:00,658.27001953125,659.469970703125,657.969970703125,658.114990234375,1312624,SPY,equities,5min,data/5min/spy_5m.csv
2026-03-19 14:15:00+00:00,658.1099853515625,658.3635864257812,657.239990234375,657.635009765625,1114269,SPY,equities,5min,data/5min/spy_5m.csv
2026-03-19 14:20:00+00:00,657.6500244140625,658.1699829101562,656.7000122070312,656.9000244140625,1188188,SPY,equities,5min,data/5min/spy_5m.csv
2026-03-19 14:25:00+00:00,656.9299926757812,657.22998046875,656.0399780273438,656.3300170898438,1021803,SPY,equities,5min,data/5min/spy_5m.csv
2026-03-19 14:30:00+00:00,656.3400268554688,658.5399780273438,656.260009765625,658.4500122070312,1166004,SPY,equities,5min,data/5min/spy_5m.csv
2026-03-19 14:35:00+00:00,658.4400024414062,659.0640258789062,657.0700073242188,657.3499755859375,1236138,SPY,equities,5min,data/5min/spy_5m.csv
2026-03-19 14:40:00+00:00,657.3499755859375,658.339111328125,657.239990234375,657.4349975585938,642082,SPY,equities,5min,data/5min/spy_5m.csv
2026-03-19 14:45:00+00:00,657.47998046875,658.030029296875,657.0800170898438,658.02001953125,589383,SPY,equities,5min,data/5min/spy_5m.csv
2026-03-19 14:50:00+00:00,658.010009765625,658.4299926757812,657.530029296875,657.8599853515625,889684,SPY,equities,5min,data/5min/spy_5m.csv
2026-03-19 14:55:00+00:00,657.8599853515625,658.4000244140625,657.3300170898438,657.7985229492188,860624,SPY,equities,5min,data/5min/spy_5m.csv
2026-03-19 15:00:00+00:00,657.7899780273438,658.5700073242188,657.510009765625,658.5599975585938,1449279,SPY,equities,5min,data/5min/spy_5m.csv
2026-03-19 15:05:00+00:00,658.5599975585938,659.7100219726562,658.3099975585938,658.7999877929688,1541551,SPY,equities,5min,data/5min/spy_5m.csv
2026-03-19 15:10:00+00:00,658.77001953125,659.3900146484375,658.6500244140625,659.3593139648438,731449,SPY,equities,5min,data/5min/spy_5m.csv
2026-03-19 15:15:00+00:00,659.3599853515625,659.64990234375,658.0449829101562,658.1099853515625,1047846,SPY,equities,5min,data/5min/spy_5m.csv
2026-03-19 15:20:00+00:00,658.1599731445312,658.3499755859375,657.4500122070312,657.530029296875,1102715,SPY,equities,5min,data/5min/spy_5m.csv
2026-03-19 15:25:00+00:00,657.530029296875,658.010009765625,657.2100219726562,657.719970703125,919162,SPY,equities,5min,data/5min/spy_5m.csv
2026-03-19 15:30:00+00:00,657.719970703125,657.8300170898438,656.780029296875,656.8099975585938,1031089,SPY,equities,5min,data/5min/spy_5m.csv
2026-03-19 15:35:00+00:00,656.7899780273438,657.1699829101562,656.3599853515625,656.8200073242188,1225951,SPY,equities,5min,data/5min/spy_5m.csv
2026-03-19 15:40:00+00:00,656.8839721679688,657.280029296875,656.489990234375,656.510009765625,952179,SPY,equities,5min,data/5min/spy_5m.csv
2026-03-19 15:45:00+00:00,656.510009765625,657.260009765625,656.1799926757812,656.969970703125,877158,SPY,equities,5min,data/5min/spy_5m.csv
2026-03-19 15:50:00+00:00,656.9699096679688,657.219970703125,656.64501953125,656.6900024414062,675422,SPY,equities,5min,data/5min/spy_5m.csv
2026-03-19 15:55:00+00:00,656.7000122070312,657.9500122070312,656.7000122070312,657.9249877929688,1668378,SPY,equities,5min,data/5min/spy_5m.csv
2026-03-19 16:00:00+00:00,657.9099731445312,658.9299926757812,657.4299926757812,658.3699951171875,1236017,SPY,equities,5min,data/5min/spy_5m.csv
2026-03-19 16:05:00+00:00,658.3699951171875,659.0399780273438,658.1500244140625,658.5,893425,SPY,equities,5min,data/5min/spy_5m.csv
2026-03-19 16:10:00+00:00,658.530029296875,658.5599975585938,657.614990234375,657.8150024414062,952862,SPY,equities,5min,data/5min/spy_5m.csv
2026-03-19 16:15:00+00:00,657.8300170898438,658.0800170898438,657.3400268554688,657.5599975585938,551550,SPY,equities,5min,data/5min/spy_5m.csv
2026-03-19 16:20:00+00:00,657.5700073242188,657.8800048828125,657.1199951171875,657.5399780273438,952253,SPY,equities,5min,data/5min/spy_5m.csv
2026-03-19 16:25:00+00:00,657.530029296875,658.1400146484375,657.4199829101562,657.9500122070312,863940,SPY,equities,5min,data/5min/spy_5m.csv
2026-03-19 16:30:00+00:00,657.97998046875,658.1699829101562,657.47998046875,657.8400268554688,653040,SPY,equities,5min,data/5min/spy_5m.csv
2026-03-19 16:35:00+00:00,657.8400268554688,658.0900268554688,657.27001953125,658.010009765625,1195723,SPY,equities,5min,data/5min/spy_5m.csv
2026-03-19 16:40:00+00:00,658.02001953125,658.7100219726562,657.8599853515625,658.1900024414062,969522,SPY,equities,5min,data/5min/spy_5m.csv
2026-03-19 16:45:00+00:00,658.2000122070312,658.3200073242188,657.489990234375,657.6199951171875,711735,SPY,equities,5min,data/5min/spy_5m.csv
2026-03-19 16:50:00+00:00,657.6199951171875,657.6900024414062,656.6099853515625,657.0399780273438,651812,SPY,equities,5min,data/5min/spy_5m.csv
2026-03-19 16:55:00+00:00,657.0399780273438,657.3099975585938,656.77001953125,657.1680297851562,617597,SPY,equities,5min,data/5min/spy_5m.csv
2026-03-19 17:00:00+00:00,657.1599731445312,657.35498046875,656.530029296875,656.5499877929688,849005,SPY,equities,5min,data/5min/spy_5m.csv
2026-03-19 17:05:00+00:00,656.5451049804688,656.719970703125,655.7050170898438,655.85498046875,779256,SPY,equities,5min,data/5min/spy_5m.csv
2026-03-19 17:10:00+00:00,655.8400268554688,656.25,655.6099853515625,655.8200073242188,747241,SPY,equities,5min,data/5min/spy_5m.csv
2026-03-19 17:15:00+00:00,655.8150024414062,656.9000854492188,655.6799926757812,656.8900146484375,810432,SPY,equities,5min,data/5min/spy_5m.csv
2026-03-19 17:20:00+00:00,656.8800048828125,657.5499877929688,656.5700073242188,657.22998046875,795425,SPY,equities,5min,data/5min/spy_5m.csv
2026-03-19 17:25:00+00:00,657.239990234375,657.510009765625,656.9500122070312,657.1199951171875,613145,SPY,equities,5min,data/5min/spy_5m.csv
2026-03-19 17:30:00+00:00,657.0999755859375,657.489990234375,656.6699829101562,656.77001953125,977859,SPY,equities,5min,data/5min/spy_5m.csv
2026-03-19 17:35:00+00:00,656.75,656.8699951171875,656.2899780273438,656.2999877929688,602618,SPY,equities,5min,data/5min/spy_5m.csv
2026-03-19 17:40:00+00:00,656.2899780273438,656.719970703125,656.1599731445312,656.5399780273438,446870,SPY,equities,5min,data/5min/spy_5m.csv
2026-03-19 17:45:00+00:00,656.5549926757812,656.8499755859375,656.3400268554688,656.7249755859375,300309,SPY,equities,5min,data/5min/spy_5m.csv
2026-03-19 17:50:00+00:00,656.719970703125,657.8800048828125,656.6699829101562,657.72998046875,733380,SPY,equities,5min,data/5min/spy_5m.csv
2026-03-19 17:55:00+00:00,657.7249755859375,657.7349853515625,657.159912109375,657.239990234375,716284,SPY,equities,5min,data/5min/spy_5m.csv
2026-03-19 18:00:00+00:00,657.22998046875,657.2899780273438,656.6300048828125,656.719970703125,913591,SPY,equities,5min,data/5min/spy_5m.csv
2026-03-19 18:05:00+00:00,656.7249755859375,657.469970703125,656.6500244140625,657.239990234375,1315492,SPY,equities,5min,data/5min/spy_5m.csv
2026-03-19 18:10:00+00:00,657.27001953125,658.6199951171875,657.2650146484375,658.3499755859375,1027849,SPY,equities,5min,data/5min/spy_5m.csv
2026-03-19 18:15:00+00:00,658.3599853515625,658.530029296875,657.72998046875,658.1799926757812,701921,SPY,equities,5min,data/5min/spy_5m.csv
2026-03-19 18:20:00+00:00,658.1900024414062,658.2999877929688,657.6900024414062,657.8250122070312,853178,SPY,equities,5min,data/5min/spy_5m.csv
2026-03-19 18:25:00+00:00,657.8200073242188,657.9450073242188,657.169921875,657.1749877929688,551886,SPY,equities,5min,data/5min/spy_5m.csv
2026-03-19 18:30:00+00:00,657.1799926757812,657.3200073242188,656.8200073242188,657.1900024414062,908280,SPY,equities,5min,data/5min/spy_5m.csv
2026-03-19 18:35:00+00:00,657.1900024414062,657.3800048828125,656.5800170898438,656.7999877929688,618824,SPY,equities,5min,data/5min/spy_5m.csv
2026-03-19 18:40:00+00:00,656.8099975585938,656.8900146484375,656.3200073242188,656.47998046875,957448,SPY,equities,5min,data/5min/spy_5m.csv
2026-03-19 18:45:00+00:00,656.489990234375,656.8400268554688,656.375,656.6500244140625,620197,SPY,equities,5min,data/5min/spy_5m.csv
2026-03-19 18:50:00+00:00,656.6500244140625,657.0401000976562,656.3300170898438,657.0,568357,SPY,equities,5min,data/5min/spy_5m.csv
2026-03-19 18:55:00+00:00,657.02001953125,658.8099975585938,656.8800048828125,658.4500122070312,1881705,SPY,equities,5min,data/5min/spy_5m.csv
2026-03-19 19:00:00+00:00,658.4400024414062,660.72998046875,658.3900146484375,660.3599853515625,3603058,SPY,equities,5min,data/5min/spy_5m.csv
2026-03-19 19:05:00+00:00,660.3699951171875,662.97998046875,660.3699951171875,661.7100219726562,4903627,SPY,equities,5min,data/5min/spy_5m.csv
2026-03-19 19:10:00+00:00,661.7100219726562,662.6599731445312,660.6699829101562,661.8499755859375,2436740,SPY,equities,5min,data/5min/spy_5m.csv
2026-03-19 19:15:00+00:00,661.8699951171875,662.2999877929688,661.1699829101562,661.8400268554688,1743111,SPY,equities,5min,data/5min/spy_5m.csv
2026-03-19 19:20:00+00:00,661.8599853515625,661.9199829101562,660.4600219726562,660.6199951171875,1520124,SPY,equities,5min,data/5min/spy_5m.csv
2026-03-19 19:25:00+00:00,660.6199951171875,660.6900024414062,659.6599731445312,660.25,2163094,SPY,equities,5min,data/5min/spy_5m.csv
2026-03-19 19:30:00+00:00,660.239990234375,660.739990234375,659.75,659.9400024414062,1456721,SPY,equities,5min,data/5min/spy_5m.csv
2026-03-19 19:35:00+00:00,659.9299926757812,660.3900146484375,658.97998046875,660.3300170898438,1521300,SPY,equities,5min,data/5min/spy_5m.csv
2026-03-19 19:40:00+00:00,660.3499755859375,660.6300048828125,659.9400024414062,660.27001953125,1569329,SPY,equities,5min,data/5min/spy_5m.csv
2026-03-19 19:45:00+00:00,660.260009765625,660.489990234375,659.8099975585938,660.010009765625,1827249,SPY,equities,5min,data/5min/spy_5m.csv
2026-03-19 19:50:00+00:00,659.97998046875,660.2000122070312,659.530029296875,659.739990234375,1723852,SPY,equities,5min,data/5min/spy_5m.csv
2026-03-19 19:55:00+00:00,659.75,660.25,659.5900268554688,659.719970703125,3402647,SPY,equities,5min,data/5min/spy_5m.csv
2026-03-20 13:30:00+00:00,656.510009765625,656.5499877929688,654.8599853515625,655.0599975585938,4655520,SPY,equities,5min,data/5min/spy_5m.csv
2026-03-20 13:35:00+00:00,655.0599975585938,655.5,654.6500244140625,654.8350219726562,2699739,SPY,equities,5min,data/5min/spy_5m.csv
2026-03-20 13:40:00+00:00,654.8400268554688,656.3200073242188,654.7100219726562,656.2598876953125,1559028,SPY,equities,5min,data/5min/spy_5m.csv
2026-03-20 13:45:00+00:00,656.25,656.6900024414062,655.3300170898438,655.5599975585938,1307610,SPY,equities,5min,data/5min/spy_5m.csv
2026-03-20 13:50:00+00:00,655.530029296875,655.5800170898438,653.9400024414062,654.5,1929610,SPY,equities,5min,data/5min/spy_5m.csv
2026-03-20 13:55:00+00:00,654.510009765625,654.6900024414062,653.0,653.1500244140625,1780666,SPY,equities,5min,data/5min/spy_5m.csv
2026-03-20 14:00:00+00:00,653.1699829101562,653.6300048828125,652.47998046875,653.0900268554688,2071896,SPY,equities,5min,data/5min/spy_5m.csv
2026-03-20 14:05:00+00:00,653.0800170898438,653.8110961914062,652.5599975585938,652.9099731445312,1099147,SPY,equities,5min,data/5min/spy_5m.csv
2026-03-20 14:10:00+00:00,652.9199829101562,653.3300170898438,651.47998046875,651.7899780273438,1489509,SPY,equities,5min,data/5min/spy_5m.csv
2026-03-20 14:15:00+00:00,651.780029296875,652.5499877929688,651.6400146484375,652.1799926757812,1048880,SPY,equities,5min,data/5min/spy_5m.csv
2026-03-20 14:20:00+00:00,652.1599731445312,652.4500122070312,651.5999755859375,652.0700073242188,1108133,SPY,equities,5min,data/5min/spy_5m.csv
2026-03-20 14:25:00+00:00,652.0599975585938,652.3200073242188,651.6300048828125,651.8599853515625,964135,SPY,equities,5min,data/5min/spy_5m.csv
2026-03-20 14:30:00+00:00,651.8599853515625,653.2249755859375,651.8499755859375,653.1799926757812,1454202,SPY,equities,5min,data/5min/spy_5m.csv
2026-03-20 14:35:00+00:00,653.1799926757812,653.5,651.97998046875,652.5,1307787,SPY,equities,5min,data/5min/spy_5m.csv
2026-03-20 14:40:00+00:00,652.5,652.8599853515625,652.239990234375,652.3699951171875,842237,SPY,equities,5min,data/5min/spy_5m.csv
2026-03-20 14:45:00+00:00,652.3699951171875,652.9249877929688,652.22998046875,652.760009765625,589971,SPY,equities,5min,data/5min/spy_5m.csv
2026-03-20 14:50:00+00:00,652.739990234375,652.8599853515625,651.2000122070312,651.2899780273438,12559097,SPY,equities,5min,data/5min/spy_5m.csv
2026-03-20 14:55:00+00:00,651.3099975585938,652.7000122070312,651.2899780273438,652.1199951171875,1096519,SPY,equities,5min,data/5min/spy_5m.csv
2026-03-20 15:00:00+00:00,652.1099853515625,653.0900268554688,651.7098999023438,652.02001953125,1306630,SPY,equities,5min,data/5min/spy_5m.csv
2026-03-20 15:05:00+00:00,652.0499877929688,652.5700073242188,651.6799926757812,652.239990234375,604756,SPY,equities,5min,data/5min/spy_5m.csv
2026-03-20 15:10:00+00:00,652.25,653.2598876953125,652.1599731445312,653.1199951171875,772912,SPY,equities,5min,data/5min/spy_5m.csv
2026-03-20 15:15:00+00:00,653.1300048828125,653.1900024414062,652.0900268554688,652.14599609375,666654,SPY,equities,5min,data/5min/spy_5m.csv
2026-03-20 15:20:00+00:00,652.1199951171875,654.1599731445312,651.8699951171875,652.4000244140625,1972042,SPY,equities,5min,data/5min/spy_5m.csv
2026-03-20 15:25:00+00:00,652.4299926757812,652.6900024414062,651.5,651.9199829101562,1120648,SPY,equities,5min,data/5min/spy_5m.csv
2026-03-20 15:30:00+00:00,651.9400024414062,652.730224609375,651.72998046875,652.5599975585938,654396,SPY,equities,5min,data/5min/spy_5m.csv
2026-03-20 15:35:00+00:00,652.5700073242188,652.8499755859375,651.97998046875,652.2999877929688,574211,SPY,equities,5min,data/5min/spy_5m.csv
2026-03-20 15:40:00+00:00,652.2999877929688,652.8499755859375,652.030029296875,652.619873046875,454615,SPY,equities,5min,data/5min/spy_5m.csv
2026-03-20 15:45:00+00:00,652.5900268554688,652.75,652.02001953125,652.49462890625,543190,SPY,equities,5min,data/5min/spy_5m.csv
2026-03-20 15:50:00+00:00,652.5,652.9600219726562,652.0499877929688,652.9299926757812,618795,SPY,equities,5min,data/5min/spy_5m.csv
2026-03-20 15:55:00+00:00,652.9299926757812,653.260009765625,652.5499877929688,652.9450073242188,5638726,SPY,equities,5min,data/5min/spy_5m.csv
2026-03-20 16:00:00+00:00,652.969970703125,653.8699951171875,652.780029296875,653.6884155273438,1124141,SPY,equities,5min,data/5min/spy_5m.csv
2026-03-20 16:05:00+00:00,653.6799926757812,653.6799926757812,652.8599853515625,653.1699829101562,1100032,SPY,equities,5min,data/5min/spy_5m.csv
2026-03-20 16:10:00+00:00,653.1799926757812,653.6500244140625,653.1099853515625,653.3499755859375,498905,SPY,equities,5min,data/5min/spy_5m.csv
2026-03-20 16:15:00+00:00,653.3499755859375,653.8300170898438,652.8300170898438,653.7999877929688,2410880,SPY,equities,5min,data/5min/spy_5m.csv
2026-03-20 16:20:00+00:00,653.8200073242188,653.989990234375,653.489990234375,653.5999755859375,734425,SPY,equities,5min,data/5min/spy_5m.csv
2026-03-20 16:25:00+00:00,653.5900268554688,653.639892578125,652.9600219726562,653.0999755859375,1005183,SPY,equities,5min,data/5min/spy_5m.csv
2026-03-20 16:30:00+00:00,653.0999755859375,653.1199951171875,651.9600219726562,652.5900268554688,1184332,SPY,equities,5min,data/5min/spy_5m.csv
2026-03-20 16:35:00+00:00,652.5999755859375,652.8499755859375,652.1500244140625,652.47998046875,559599,SPY,equities,5min,data/5min/spy_5m.csv
2026-03-20 16:40:00+00:00,652.469970703125,652.77001953125,652.3200073242188,652.510009765625,943308,SPY,equities,5min,data/5min/spy_5m.csv
2026-03-20 16:45:00+00:00,652.5,652.6199951171875,652.0700073242188,652.416015625,465388,SPY,equities,5min,data/5min/spy_5m.csv
2026-03-20 16:50:00+00:00,652.4099731445312,652.719970703125,651.9500122070312,652.5700073242188,539453,SPY,equities,5min,data/5min/spy_5m.csv
2026-03-20 16:55:00+00:00,652.5499877929688,653.4000244140625,652.52001953125,652.77001953125,715394,SPY,equities,5min,data/5min/spy_5m.csv
2026-03-20 17:00:00+00:00,652.760009765625,653.2000122070312,652.760009765625,653.1099853515625,912189,SPY,equities,5min,data/5min/spy_5m.csv
2026-03-20 17:05:00+00:00,653.1199951171875,653.25,651.75,652.8499755859375,1589726,SPY,equities,5min,data/5min/spy_5m.csv
2026-03-20 17:10:00+00:00,652.8699951171875,653.1199951171875,652.239990234375,652.3200073242188,690617,SPY,equities,5min,data/5min/spy_5m.csv
2026-03-20 17:15:00+00:00,652.3499755859375,652.5900268554688,652.0700073242188,652.1998901367188,467232,SPY,equities,5min,data/5min/spy_5m.csv
2026-03-20 17:20:00+00:00,652.2000122070312,652.72998046875,652.1099853515625,652.3599853515625,689275,SPY,equities,5min,data/5min/spy_5m.csv
2026-03-20 17:25:00+00:00,652.3699951171875,652.47998046875,651.97998046875,652.1599731445312,428091,SPY,equities,5min,data/5min/spy_5m.csv
2026-03-20 17:30:00+00:00,652.1900024414062,652.3699951171875,651.3200073242188,651.489990234375,719017,SPY,equities,5min,data/5min/spy_5m.csv
2026-03-20 17:35:00+00:00,651.47998046875,651.7899780273438,650.6799926757812,651.4500122070312,1012724,SPY,equities,5min,data/5min/spy_5m.csv
2026-03-20 17:40:00+00:00,651.4500122070312,651.72998046875,650.9600219726562,651.135009765625,707158,SPY,equities,5min,data/5min/spy_5m.csv
2026-03-20 17:45:00+00:00,651.1400146484375,651.25,650.5499877929688,650.8200073242188,854507,SPY,equities,5min,data/5min/spy_5m.csv
2026-03-20 17:50:00+00:00,650.8099975585938,651.510009765625,650.6699829101562,651.3419799804688,805387,SPY,equities,5min,data/5min/spy_5m.csv
2026-03-20 17:55:00+00:00,651.3499755859375,651.6900024414062,651.2100219726562,651.4000244140625,927964,SPY,equities,5min,data/5min/spy_5m.csv
2026-03-20 18:00:00+00:00,651.4099731445312,651.6950073242188,650.780029296875,650.8099975585938,1128203,SPY,equities,5min,data/5min/spy_5m.csv
2026-03-20 18:05:00+00:00,650.8099975585938,651.2000122070312,650.510009765625,650.844970703125,1150654,SPY,equities,5min,data/5min/spy_5m.csv
2026-03-20 18:10:00+00:00,650.8400268554688,650.8499755859375,650.3099975585938,650.5900268554688,990228,SPY,equities,5min,data/5min/spy_5m.csv
2026-03-20 18:15:00+00:00,650.5999755859375,650.72998046875,650.1300048828125,650.489990234375,1716778,SPY,equities,5min,data/5min/spy_5m.csv
2026-03-20 18:20:00+00:00,650.47998046875,650.6599731445312,648.6599731445312,648.9749755859375,3201287,SPY,equities,5min,data/5min/spy_5m.csv
2026-03-20 18:25:00+00:00,648.9749755859375,649.8499755859375,648.969970703125,649.4299926757812,1922331,SPY,equities,5min,data/5min/spy_5m.csv
2026-03-20 18:30:00+00:00,649.4299926757812,649.655029296875,648.8699951171875,648.9500122070312,1187879,SPY,equities,5min,data/5min/spy_5m.csv
2026-03-20 18:35:00+00:00,648.9650268554688,649.0930786132812,648.1599731445312,648.3400268554688,1487937,SPY,equities,5min,data/5min/spy_5m.csv
2026-03-20 18:40:00+00:00,648.3499755859375,648.7000122070312,647.9199829101562,648.1599731445312,1950519,SPY,equities,5min,data/5min/spy_5m.csv
2026-03-20 18:45:00+00:00,648.1599731445312,648.4299926757812,647.739990234375,647.9400024414062,1633131,SPY,equities,5min,data/5min/spy_5m.csv
2026-03-20 18:50:00+00:00,647.9299926757812,648.260009765625,647.6699829101562,647.969970703125,1451381,SPY,equities,5min,data/5min/spy_5m.csv
2026-03-20 18:55:00+00:00,647.9600219726562,648.2000122070312,647.6400146484375,648.0800170898438,1826564,SPY,equities,5min,data/5min/spy_5m.csv
2026-03-20 19:00:00+00:00,648.0709838867188,648.64501953125,648.0574951171875,648.1699829101562,1848755,SPY,equities,5min,data/5min/spy_5m.csv
2026-03-20 19:05:00+00:00,648.1599731445312,648.239990234375,647.6199951171875,647.9400024414062,1782911,SPY,equities,5min,data/5min/spy_5m.csv
2026-03-20 19:10:00+00:00,647.9299926757812,647.969970703125,647.3049926757812,647.760009765625,1696959,SPY,equities,5min,data/5min/spy_5m.csv
2026-03-20 19:15:00+00:00,647.7572021484375,648.0399780273438,647.5700073242188,648.02001953125,1059166,SPY,equities,5min,data/5min/spy_5m.csv
2026-03-20 19:20:00+00:00,648.0250244140625,648.0250244140625,646.780029296875,646.8699951171875,2445381,SPY,equities,5min,data/5min/spy_5m.csv
2026-03-20 19:25:00+00:00,646.8699951171875,647.3499755859375,646.7949829101562,647.1199951171875,2992949,SPY,equities,5min,data/5min/spy_5m.csv
2026-03-20 19:30:00+00:00,647.1300048828125,647.4000244140625,646.0700073242188,646.1799926757812,2555729,SPY,equities,5min,data/5min/spy_5m.csv
2026-03-20 19:35:00+00:00,646.1900024414062,646.3099975585938,644.719970703125,645.5700073242188,3380265,SPY,equities,5min,data/5min/spy_5m.csv
2026-03-20 19:40:00+00:00,645.5599975585938,647.0,645.4400024414062,646.9199829101562,3567555,SPY,equities,5min,data/5min/spy_5m.csv
2026-03-20 19:45:00+00:00,646.9199829101562,646.9199829101562,645.8699951171875,646.02001953125,4652152,SPY,equities,5min,data/5min/spy_5m.csv
2026-03-20 19:50:00+00:00,646.02001953125,647.9099731445312,645.8099975585938,647.8099975585938,3899340,SPY,equities,5min,data/5min/spy_5m.csv
2026-03-20 19:55:00+00:00,647.8200073242188,648.52001953125,647.75,648.510009765625,9788144,SPY,equities,5min,data/5min/spy_5m.csv
2026-03-23 13:30:00+00:00,658.0700073242188,658.3800048828125,656.6199951171875,656.77001953125,15908330,SPY,equities,5min,data/5min/spy_5m.csv
2026-03-23 13:35:00+00:00,656.780029296875,658.3300170898438,656.0700073242188,658.2999877929688,2855276,SPY,equities,5min,data/5min/spy_5m.csv
2026-03-23 13:40:00+00:00,658.2999877929688,659.5399780273438,656.97998046875,657.9949951171875,3076437,SPY,equities,5min,data/5min/spy_5m.csv
2026-03-23 13:45:00+00:00,658.010009765625,659.02001953125,657.3900146484375,659.0,2265187,SPY,equities,5min,data/5min/spy_5m.csv
2026-03-23 13:50:00+00:00,659.0050048828125,660.1099853515625,658.6599731445312,659.5800170898438,2482273,SPY,equities,5min,data/5min/spy_5m.csv
2026-03-23 13:55:00+00:00,659.5599975585938,660.25,658.72998046875,660.219970703125,1715018,SPY,equities,5min,data/5min/spy_5m.csv
2026-03-23 14:00:00+00:00,660.2000122070312,660.77001953125,659.12158203125,659.239990234375,2051010,SPY,equities,5min,data/5min/spy_5m.csv
2026-03-23 14:05:00+00:00,659.260009765625,659.9199829101562,658.5800170898438,659.6500244140625,1518031,SPY,equities,5min,data/5min/spy_5m.csv
2026-03-23 14:10:00+00:00,659.6500244140625,660.489990234375,659.25,660.1400146484375,2050667,SPY,equities,5min,data/5min/spy_5m.csv
2026-03-23 14:15:00+00:00,660.1500244140625,661.1799926757812,660.0900268554688,661.1699829101562,1743163,SPY,equities,5min,data/5min/spy_5m.csv
2026-03-23 14:20:00+00:00,661.1749877929688,662.27001953125,660.780029296875,661.8099975585938,1756378,SPY,equities,5min,data/5min/spy_5m.csv
2026-03-23 14:25:00+00:00,661.7899780273438,661.8900146484375,660.5700073242188,660.989990234375,1341336,SPY,equities,5min,data/5min/spy_5m.csv
2026-03-23 14:30:00+00:00,660.97998046875,661.2899780273438,660.3499755859375,660.989990234375,1347220,SPY,equities,5min,data/5min/spy_5m.csv
2026-03-23 14:35:00+00:00,660.989990234375,661.4000244140625,660.1699829101562,660.52001953125,982707,SPY,equities,5min,data/5min/spy_5m.csv
2026-03-23 14:40:00+00:00,660.5,660.7999877929688,660.0999755859375,660.3900146484375,860587,SPY,equities,5min,data/5min/spy_5m.csv
2026-03-23 14:45:00+00:00,660.4199829101562,661.7999877929688,659.9500122070312,661.3350219726562,897119,SPY,equities,5min,data/5min/spy_5m.csv
2026-03-23 14:50:00+00:00,661.3099975585938,661.3699951171875,660.4099731445312,660.9000244140625,1164563,SPY,equities,5min,data/5min/spy_5m.csv
2026-03-23 14:55:00+00:00,660.8900146484375,661.4000244140625,660.5599975585938,661.0499877929688,579139,SPY,equities,5min,data/5min/spy_5m.csv
2026-03-23 15:00:00+00:00,661.0700073242188,662.614990234375,660.8400268554688,662.3599853515625,1926689,SPY,equities,5min,data/5min/spy_5m.csv
2026-03-23 15:05:00+00:00,662.3699951171875,662.5499877929688,661.8900146484375,662.22998046875,1017985,SPY,equities,5min,data/5min/spy_5m.csv
2026-03-23 15:10:00+00:00,662.239990234375,662.5999755859375,661.739990234375,662.02001953125,1286976,SPY,equities,5min,data/5min/spy_5m.csv
2026-03-23 15:15:00+00:00,662.02001953125,662.1900024414062,661.3800048828125,661.4550170898438,677705,SPY,equities,5min,data/5min/spy_5m.csv
2026-03-23 15:20:00+00:00,661.4299926757812,662.10498046875,660.77001953125,661.9600219726562,1144299,SPY,equities,5min,data/5min/spy_5m.csv
2026-03-23 15:25:00+00:00,661.9400024414062,661.97998046875,660.7000122070312,660.8900146484375,936520,SPY,equities,5min,data/5min/spy_5m.csv
2026-03-23 15:30:00+00:00,660.9000244140625,661.3300170898438,660.47998046875,660.6599731445312,1086291,SPY,equities,5min,data/5min/spy_5m.csv
2026-03-23 15:35:00+00:00,660.6500244140625,660.6900024414062,659.2100219726562,659.280029296875,1541306,SPY,equities,5min,data/5min/spy_5m.csv
2026-03-23 15:40:00+00:00,659.27001953125,659.780029296875,658.8300170898438,659.22998046875,1517180,SPY,equities,5min,data/5min/spy_5m.csv
2026-03-23 15:45:00+00:00,659.22998046875,659.2750244140625,658.1199951171875,658.7100219726562,2361742,SPY,equities,5min,data/5min/spy_5m.csv
2026-03-23 15:50:00+00:00,658.7000122070312,659.0,657.0999755859375,657.3200073242188,2289818,SPY,equities,5min,data/5min/spy_5m.csv
2026-03-23 15:55:00+00:00,657.3099975585938,657.4299926757812,655.8300170898438,656.010009765625,2972568,SPY,equities,5min,data/5min/spy_5m.csv
2026-03-23 16:00:00+00:00,655.989990234375,657.1900024414062,655.9500122070312,656.489990234375,2121336,SPY,equities,5min,data/5min/spy_5m.csv
2026-03-23 16:05:00+00:00,656.47998046875,657.4299926757812,656.125,656.9400024414062,1353235,SPY,equities,5min,data/5min/spy_5m.csv
2026-03-23 16:10:00+00:00,656.9249877929688,657.6300048828125,656.5599975585938,657.0999755859375,1008549,SPY,equities,5min,data/5min/spy_5m.csv
2026-03-23 16:15:00+00:00,657.0700073242188,657.22998046875,655.8900146484375,656.0499877929688,849702,SPY,equities,5min,data/5min/spy_5m.csv
2026-03-23 16:20:00+00:00,656.0399780273438,656.3099975585938,655.3800048828125,655.6799926757812,1037121,SPY,equities,5min,data/5min/spy_5m.csv
2026-03-23 16:25:00+00:00,655.6500244140625,655.6799926757812,653.9400024414062,654.0900268554688,1581643,SPY,equities,5min,data/5min/spy_5m.csv
2026-03-23 16:30:00+00:00,654.1088256835938,655.6199951171875,653.989990234375,655.5900268554688,1440583,SPY,equities,5min,data/5min/spy_5m.csv
2026-03-23 16:35:00+00:00,655.5999755859375,656.22998046875,655.3099975585938,655.4600219726562,1020518,SPY,equities,5min,data/5min/spy_5m.csv
2026-03-23 16:40:00+00:00,655.4400024414062,656.1900024414062,655.4299926757812,656.0599975585938,797473,SPY,equities,5min,data/5min/spy_5m.csv
2026-03-23 16:45:00+00:00,656.0499877929688,656.72998046875,655.72998046875,656.3198852539062,884550,SPY,equities,5min,data/5min/spy_5m.csv
2026-03-23 16:50:00+00:00,656.3099975585938,656.739990234375,655.5399780273438,655.8900146484375,604512,SPY,equities,5min,data/5min/spy_5m.csv
2026-03-23 16:55:00+00:00,655.9000244140625,656.1099853515625,655.0850219726562,655.5900268554688,714472,SPY,equities,5min,data/5min/spy_5m.csv
2026-03-23 17:00:00+00:00,655.5800170898438,656.1199951171875,655.0,655.0750122070312,541281,SPY,equities,5min,data/5min/spy_5m.csv
2026-03-23 17:05:00+00:00,655.0800170898438,656.25,654.8800048828125,656.1099853515625,552861,SPY,equities,5min,data/5min/spy_5m.csv
2026-03-23 17:10:00+00:00,656.1099853515625,656.2100219726562,655.3099975585938,655.340087890625,544390,SPY,equities,5min,data/5min/spy_5m.csv
2026-03-23 17:15:00+00:00,655.3400268554688,655.5499877929688,654.6599731445312,655.1900024414062,503928,SPY,equities,5min,data/5min/spy_5m.csv
2026-03-23 17:20:00+00:00,655.1699829101562,655.2000122070312,654.3099975585938,654.780029296875,623117,SPY,equities,5min,data/5min/spy_5m.csv
2026-03-23 17:25:00+00:00,654.77001953125,655.6300048828125,654.6699829101562,655.280029296875,877484,SPY,equities,5min,data/5min/spy_5m.csv
2026-03-23 17:30:00+00:00,655.280029296875,657.1500244140625,655.260009765625,657.0700073242188,1079419,SPY,equities,5min,data/5min/spy_5m.csv
2026-03-23 17:35:00+00:00,657.0900268554688,658.239990234375,657.0700073242188,657.8200073242188,1834138,SPY,equities,5min,data/5min/spy_5m.csv
2026-03-23 17:40:00+00:00,657.8099975585938,657.8300170898438,656.4299926757812,656.780029296875,938634,SPY,equities,5min,data/5min/spy_5m.csv
2026-03-23 17:45:00+00:00,656.7999877929688,656.9580078125,656.2899780273438,656.77001953125,505560,SPY,equities,5min,data/5min/spy_5m.csv
2026-03-23 17:50:00+00:00,656.719970703125,657.469970703125,656.5999755859375,657.4299926757812,825337,SPY,equities,5min,data/5min/spy_5m.csv
2026-03-23 17:55:00+00:00,657.4199829101562,658.25,657.160888671875,658.0599975585938,576212,SPY,equities,5min,data/5min/spy_5m.csv
2026-03-23 18:00:00+00:00,658.0900268554688,658.3099975585938,657.739990234375,658.1500244140625,694646,SPY,equities,5min,data/5min/spy_5m.csv
2026-03-23 18:05:00+00:00,658.1400146484375,658.219970703125,656.530029296875,657.4500122070312,1840091,SPY,equities,5min,data/5min/spy_5m.csv
2026-03-23 18:10:00+00:00,657.4500122070312,658.0800170898438,657.4299926757812,657.6400146484375,717331,SPY,equities,5min,data/5min/spy_5m.csv
2026-03-23 18:15:00+00:00,657.6199951171875,657.8099975585938,657.0599975585938,657.4099731445312,557767,SPY,equities,5min,data/5min/spy_5m.csv
2026-03-23 18:20:00+00:00,657.4099731445312,657.5800170898438,657.1699829101562,657.5449829101562,552655,SPY,equities,5min,data/5min/spy_5m.csv
2026-03-23 18:25:00+00:00,657.5399780273438,657.9000244140625,657.260009765625,657.3900146484375,738933,SPY,equities,5min,data/5min/spy_5m.csv
2026-03-23 18:30:00+00:00,657.4099731445312,658.9299926757812,657.4099731445312,658.8499755859375,1302812,SPY,equities,5min,data/5min/spy_5m.csv
2026-03-23 18:35:00+00:00,658.8400268554688,659.6500244140625,657.719970703125,658.969970703125,1885121,SPY,equities,5min,data/5min/spy_5m.csv
2026-03-23 18:40:00+00:00,658.989990234375,659.1400146484375,658.469970703125,658.77001953125,1497908,SPY,equities,5min,data/5min/spy_5m.csv
2026-03-23 18:45:00+00:00,658.77001953125,659.27001953125,658.530029296875,659.1599731445312,630395,SPY,equities,5min,data/5min/spy_5m.csv
2026-03-23 18:50:00+00:00,659.1699829101562,659.260009765625,658.5800170898438,658.8599853515625,708065,SPY,equities,5min,data/5min/spy_5m.csv
2026-03-23 18:55:00+00:00,658.8699951171875,659.1500244140625,658.6199951171875,658.9500122070312,670520,SPY,equities,5min,data/5min/spy_5m.csv
2026-03-23 19:00:00+00:00,658.9500122070312,659.02001953125,658.4099731445312,658.5900268554688,580255,SPY,equities,5min,data/5min/spy_5m.csv
2026-03-23 19:05:00+00:00,658.5700073242188,658.8099975585938,658.3699951171875,658.6900024414062,575565,SPY,equities,5min,data/5min/spy_5m.csv
2026-03-23 19:10:00+00:00,658.6900024414062,658.780029296875,658.0999755859375,658.1300048828125,647960,SPY,equities,5min,data/5min/spy_5m.csv
2026-03-23 19:15:00+00:00,658.135009765625,658.35498046875,657.5800170898438,657.844970703125,870373,SPY,equities,5min,data/5min/spy_5m.csv
2026-03-23 19:20:00+00:00,657.8599853515625,657.9400024414062,657.4099731445312,657.5399780273438,1291977,SPY,equities,5min,data/5min/spy_5m.csv
2026-03-23 19:25:00+00:00,657.5399780273438,657.739501953125,657.030029296875,657.3300170898438,1024785,SPY,equities,5min,data/5min/spy_5m.csv
2026-03-23 19:30:00+00:00,657.3200073242188,657.5999755859375,657.2000122070312,657.330078125,786460,SPY,equities,5min,data/5min/spy_5m.csv
2026-03-23 19:35:00+00:00,657.3400268554688,657.780029296875,657.1699829101562,657.5999755859375,1232392,SPY,equities,5min,data/5min/spy_5m.csv
2026-03-23 19:40:00+00:00,657.594970703125,657.9299926757812,657.3800048828125,657.9199829101562,1022705,SPY,equities,5min,data/5min/spy_5m.csv
2026-03-23 19:45:00+00:00,657.9199829101562,658.3499755859375,657.489990234375,657.8250122070312,1571377,SPY,equities,5min,data/5min/spy_5m.csv
2026-03-23 19:50:00+00:00,657.8200073242188,657.9000244140625,656.72998046875,656.72998046875,3000781,SPY,equities,5min,data/5min/spy_5m.csv
2026-03-23 19:55:00+00:00,656.72998046875,656.8599853515625,655.3699951171875,655.3699951171875,6284922,SPY,equities,5min,data/5min/spy_5m.csv
2026-03-24 13:30:00+00:00,651.3200073242188,652.8599853515625,650.8800048828125,652.7899780273438,4654102,SPY,equities,5min,data/5min/spy_5m.csv
2026-03-24 13:35:00+00:00,652.8400268554688,653.0399780273438,651.1300048828125,651.2999877929688,1516748,SPY,equities,5min,data/5min/spy_5m.csv
2026-03-24 13:40:00+00:00,651.3099975585938,651.4400024414062,649.8800048828125,650.72998046875,1617869,SPY,equities,5min,data/5min/spy_5m.csv
2026-03-24 13:45:00+00:00,650.760009765625,651.6370239257812,650.1500244140625,650.1799926757812,1081320,SPY,equities,5min,data/5min/spy_5m.csv
2026-03-24 13:50:00+00:00,650.1699829101562,650.969970703125,649.8900146484375,650.3499755859375,1031875,SPY,equities,5min,data/5min/spy_5m.csv
2026-03-24 13:55:00+00:00,650.3900146484375,651.5599975585938,650.280029296875,651.47998046875,870951,SPY,equities,5min,data/5min/spy_5m.csv
2026-03-24 14:00:00+00:00,651.47998046875,652.3800048828125,651.2261962890625,652.3200073242188,1164241,SPY,equities,5min,data/5min/spy_5m.csv
2026-03-24 14:05:00+00:00,652.3200073242188,653.5599975585938,651.6099853515625,653.4099731445312,1069881,SPY,equities,5min,data/5min/spy_5m.csv
2026-03-24 14:10:00+00:00,653.4199829101562,653.585693359375,651.5449829101562,652.6099853515625,1357900,SPY,equities,5min,data/5min/spy_5m.csv
2026-03-24 14:15:00+00:00,652.60498046875,652.7100219726562,651.7000122070312,652.5700073242188,884814,SPY,equities,5min,data/5min/spy_5m.csv
2026-03-24 14:20:00+00:00,652.5599975585938,652.9299926757812,651.739990234375,652.3099975585938,909350,SPY,equities,5min,data/5min/spy_5m.csv
2026-03-24 14:25:00+00:00,652.3099975585938,653.4099731445312,651.8300170898438,652.489990234375,998089,SPY,equities,5min,data/5min/spy_5m.csv
2026-03-24 14:30:00+00:00,652.510009765625,653.4299926757812,652.3499755859375,653.3499755859375,885499,SPY,equities,5min,data/5min/spy_5m.csv
2026-03-24 14:35:00+00:00,653.3599853515625,653.47998046875,652.2000122070312,652.7100219726562,820079,SPY,equities,5min,data/5min/spy_5m.csv
2026-03-24 14:40:00+00:00,652.719970703125,653.77001953125,652.489990234375,653.7440185546875,892456,SPY,equities,5min,data/5min/spy_5m.csv
2026-03-24 14:45:00+00:00,653.75,654.1400146484375,652.6699829101562,652.7501220703125,1472614,SPY,equities,5min,data/5min/spy_5m.csv
2026-03-24 14:50:00+00:00,652.760009765625,655.9400024414062,652.2100219726562,654.4299926757812,2876230,SPY,equities,5min,data/5min/spy_5m.csv
2026-03-24 14:55:00+00:00,654.4299926757812,655.6199951171875,651.219970703125,653.9400024414062,3029530,SPY,equities,5min,data/5min/spy_5m.csv
2026-03-24 15:00:00+00:00,653.97998046875,655.5399780273438,653.9199829101562,654.9249877929688,1454590,SPY,equities,5min,data/5min/spy_5m.csv
2026-03-24 15:05:00+00:00,654.9000244140625,655.239990234375,654.5900268554688,654.9199829101562,570292,SPY,equities,5min,data/5min/spy_5m.csv
2026-03-24 15:10:00+00:00,654.9400024414062,655.5,654.4400024414062,655.25,770651,SPY,equities,5min,data/5min/spy_5m.csv
2026-03-24 15:15:00+00:00,655.25,655.8900146484375,655.1099853515625,655.7000122070312,905726,SPY,equities,5min,data/5min/spy_5m.csv
2026-03-24 15:20:00+00:00,655.6799926757812,656.4400024414062,655.3300170898438,656.3800048828125,1071197,SPY,equities,5min,data/5min/spy_5m.csv
2026-03-24 15:25:00+00:00,656.3900146484375,656.8300170898438,655.780029296875,656.0399780273438,1320522,SPY,equities,5min,data/5min/spy_5m.csv
2026-03-24 15:30:00+00:00,656.0599975585938,656.3800048828125,655.2899780273438,655.739990234375,476262,SPY,equities,5min,data/5min/spy_5m.csv
2026-03-24 15:35:00+00:00,655.72998046875,656.5399780273438,655.6699829101562,656.27001953125,367020,SPY,equities,5min,data/5min/spy_5m.csv
2026-03-24 15:40:00+00:00,656.25,656.52001953125,656.010009765625,656.239990234375,467309,SPY,equities,5min,data/5min/spy_5m.csv
2026-03-24 15:45:00+00:00,656.22998046875,656.6799926757812,656.0499877929688,656.5599975585938,514269,SPY,equities,5min,data/5min/spy_5m.csv
2026-03-24 15:50:00+00:00,656.5599975585938,657.030029296875,656.3900146484375,656.4400024414062,525817,SPY,equities,5min,data/5min/spy_5m.csv
2026-03-24 15:55:00+00:00,656.4500122070312,656.4650268554688,654.9099731445312,655.0399780273438,1321773,SPY,equities,5min,data/5min/spy_5m.csv
2026-03-24 16:00:00+00:00,655.0499877929688,655.289306640625,654.4000244140625,654.6799926757812,909200,SPY,equities,5min,data/5min/spy_5m.csv
2026-03-24 16:05:00+00:00,654.6900024414062,655.1165771484375,654.2999877929688,655.0850219726562,662351,SPY,equities,5min,data/5min/spy_5m.csv
2026-03-24 16:10:00+00:00,655.080078125,655.2100219726562,654.5599975585938,655.0,600898,SPY,equities,5min,data/5min/spy_5m.csv
2026-03-24 16:15:00+00:00,654.989990234375,656.1199951171875,654.8900146484375,655.9099731445312,672708,SPY,equities,5min,data/5min/spy_5m.csv
2026-03-24 16:20:00+00:00,655.9099731445312,656.25,655.5349731445312,656.010009765625,687348,SPY,equities,5min,data/5min/spy_5m.csv
2026-03-24 16:25:00+00:00,656.010009765625,656.0900268554688,655.5499877929688,655.9600219726562,873404,SPY,equities,5min,data/5min/spy_5m.csv
2026-03-24 16:30:00+00:00,655.969970703125,656.1199951171875,655.4199829101562,655.4299926757812,364847,SPY,equities,5min,data/5min/spy_5m.csv
2026-03-24 16:35:00+00:00,655.4500122070312,655.489990234375,654.0900268554688,654.1799926757812,697086,SPY,equities,5min,data/5min/spy_5m.csv
2026-03-24 16:40:00+00:00,654.2000122070312,655.25,654.0399780273438,655.25,928897,SPY,equities,5min,data/5min/spy_5m.csv
2026-03-24 16:45:00+00:00,655.27001953125,655.77001953125,654.9500122070312,655.0800170898438,482639,SPY,equities,5min,data/5min/spy_5m.csv
2026-03-24 16:50:00+00:00,655.0800170898438,655.6199951171875,654.97998046875,655.0800170898438,413248,SPY,equities,5min,data/5min/spy_5m.csv
2026-03-24 16:55:00+00:00,655.0999755859375,655.3900146484375,654.4299926757812,655.1500244140625,244620,SPY,equities,5min,data/5min/spy_5m.csv
2026-03-24 17:00:00+00:00,655.1300048828125,655.3900146484375,653.5399780273438,653.5900268554688,725346,SPY,equities,5min,data/5min/spy_5m.csv
2026-03-24 17:05:00+00:00,653.5800170898438,653.6599731445312,652.719970703125,653.02001953125,1616062,SPY,equities,5min,data/5min/spy_5m.csv
2026-03-24 17:10:00+00:00,653.030029296875,653.3699951171875,652.5499877929688,652.9400024414062,1032651,SPY,equities,5min,data/5min/spy_5m.csv
2026-03-24 17:15:00+00:00,652.9299926757812,653.25,652.6199951171875,652.8200073242188,619140,SPY,equities,5min,data/5min/spy_5m.csv
2026-03-24 17:20:00+00:00,652.8200073242188,653.3900146484375,652.7000122070312,653.0499877929688,700616,SPY,equities,5min,data/5min/spy_5m.csv
2026-03-24 17:25:00+00:00,653.0999755859375,653.5150146484375,652.8699951171875,653.405029296875,485857,SPY,equities,5min,data/5min/spy_5m.csv
2026-03-24 17:30:00+00:00,653.4000244140625,654.0499877929688,652.9000244140625,652.9600219726562,665590,SPY,equities,5min,data/5min/spy_5m.csv
2026-03-24 17:35:00+00:00,652.969970703125,653.530029296875,652.7050170898438,653.3800048828125,542372,SPY,equities,5min,data/5min/spy_5m.csv
2026-03-24 17:40:00+00:00,653.3800048828125,653.7050170898438,652.4500122070312,652.5900268554688,689010,SPY,equities,5min,data/5min/spy_5m.csv
2026-03-24 17:45:00+00:00,652.6099853515625,653.1099853515625,652.3800048828125,652.8499755859375,470111,SPY,equities,5min,data/5min/spy_5m.csv
2026-03-24 17:50:00+00:00,652.8599853515625,653.8300170898438,652.7098999023438,653.1500244140625,821813,SPY,equities,5min,data/5min/spy_5m.csv
2026-03-24 17:55:00+00:00,653.1599731445312,654.3400268554688,652.969970703125,654.2999877929688,1857538,SPY,equities,5min,data/5min/spy_5m.csv
2026-03-24 18:00:00+00:00,654.2999877929688,654.97998046875,653.9500122070312,654.260009765625,1183900,SPY,equities,5min,data/5min/spy_5m.csv
2026-03-24 18:05:00+00:00,654.27001953125,654.3900146484375,653.7100219726562,653.7899780273438,537423,SPY,equities,5min,data/5min/spy_5m.csv
2026-03-24 18:10:00+00:00,653.780029296875,654.032470703125,653.5900268554688,653.8200073242188,552402,SPY,equities,5min,data/5min/spy_5m.csv
2026-03-24 18:15:00+00:00,653.8499755859375,654.22998046875,653.2000122070312,654.0399780273438,864444,SPY,equities,5min,data/5min/spy_5m.csv
2026-03-24 18:20:00+00:00,654.0599975585938,654.3699951171875,653.719970703125,654.0999755859375,1072167,SPY,equities,5min,data/5min/spy_5m.csv
2026-03-24 18:25:00+00:00,654.0999755859375,654.8699951171875,654.0,654.5900268554688,790552,SPY,equities,5min,data/5min/spy_5m.csv
2026-03-24 18:30:00+00:00,654.5900268554688,655.7999877929688,654.280029296875,654.9600219726562,973911,SPY,equities,5min,data/5min/spy_5m.csv
2026-03-24 18:35:00+00:00,654.9500122070312,656.5900268554688,654.9199829101562,656.510009765625,1157018,SPY,equities,5min,data/5min/spy_5m.csv
2026-03-24 18:40:00+00:00,656.510009765625,656.52001953125,654.7601928710938,655.3200073242188,1403355,SPY,equities,5min,data/5min/spy_5m.csv
2026-03-24 18:45:00+00:00,655.3300170898438,655.4400024414062,654.75,655.02001953125,626950,SPY,equities,5min,data/5min/spy_5m.csv
2026-03-24 18:50:00+00:00,655.0,655.77001953125,654.969970703125,655.239990234375,810446,SPY,equities,5min,data/5min/spy_5m.csv
2026-03-24 18:55:00+00:00,655.25,655.260009765625,654.4400024414062,654.8599853515625,745154,SPY,equities,5min,data/5min/spy_5m.csv
2026-03-24 19:00:00+00:00,654.8300170898438,655.5999755859375,654.7999877929688,655.1300048828125,693876,SPY,equities,5min,data/5min/spy_5m.csv
2026-03-24 19:05:00+00:00,655.1201171875,655.39501953125,654.8350219726562,655.3099975585938,696600,SPY,equities,5min,data/5min/spy_5m.csv
2026-03-24 19:10:00+00:00,655.2999877929688,655.6799926757812,655.2100219726562,655.6500244140625,547054,SPY,equities,5min,data/5min/spy_5m.csv
2026-03-24 19:15:00+00:00,655.6599731445312,655.6900024414062,654.9600219726562,655.219970703125,848017,SPY,equities,5min,data/5min/spy_5m.csv
2026-03-24 19:20:00+00:00,655.239990234375,655.3200073242188,654.72998046875,655.0499877929688,761626,SPY,equities,5min,data/5min/spy_5m.csv
2026-03-24 19:25:00+00:00,655.0499877929688,655.1799926757812,654.3099975585938,654.4500122070312,697645,SPY,equities,5min,data/5min/spy_5m.csv
2026-03-24 19:30:00+00:00,654.4500122070312,654.7750244140625,653.9600219726562,654.1083984375,1203860,SPY,equities,5min,data/5min/spy_5m.csv
2026-03-24 19:35:00+00:00,654.1099853515625,654.1300048828125,653.5800170898438,653.97998046875,1049218,SPY,equities,5min,data/5min/spy_5m.csv
2026-03-24 19:40:00+00:00,653.9600219726562,654.3200073242188,653.7899780273438,653.8200073242188,981739,SPY,equities,5min,data/5min/spy_5m.csv
2026-03-24 19:45:00+00:00,653.8200073242188,653.8300170898438,653.1599731445312,653.5499877929688,1477873,SPY,equities,5min,data/5min/spy_5m.csv
2026-03-24 19:50:00+00:00,653.5599975585938,653.6699829101562,652.780029296875,652.8699951171875,1568514,SPY,equities,5min,data/5min/spy_5m.csv
2026-03-24 19:55:00+00:00,652.8699951171875,653.3099975585938,652.5599975585938,653.2000122070312,3762379,SPY,equities,5min,data/5min/spy_5m.csv
2026-03-25 13:30:00+00:00,658.6699829101562,660.25,658.5999755859375,659.6799926757812,5561404,SPY,equities,5min,data/5min/spy_5m.csv
2026-03-25 13:35:00+00:00,659.7000122070312,660.8900146484375,659.5109252929688,659.9099731445312,2018498,SPY,equities,5min,data/5min/spy_5m.csv
2026-03-25 13:40:00+00:00,659.9199829101562,660.52001953125,658.75,658.9000244140625,1737845,SPY,equities,5min,data/5min/spy_5m.csv
2026-03-25 13:45:00+00:00,658.9099731445312,659.1799926757812,657.75,657.8099975585938,1414442,SPY,equities,5min,data/5min/spy_5m.csv
2026-03-25 13:50:00+00:00,657.8200073242188,657.9299926757812,656.6799926757812,656.760009765625,1829877,SPY,equities,5min,data/5min/spy_5m.csv
2026-03-25 13:55:00+00:00,656.780029296875,657.5900268554688,656.4199829101562,656.489990234375,1608121,SPY,equities,5min,data/5min/spy_5m.csv
2026-03-25 14:00:00+00:00,656.5599975585938,657.4849853515625,655.6699829101562,657.001220703125,1881590,SPY,equities,5min,data/5min/spy_5m.csv
2026-03-25 14:05:00+00:00,657.0020141601562,657.530029296875,656.4249877929688,657.0999755859375,1588245,SPY,equities,5min,data/5min/spy_5m.csv
2026-03-25 14:10:00+00:00,657.1199951171875,658.1199951171875,656.6400146484375,658.0599975585938,1164952,SPY,equities,5min,data/5min/spy_5m.csv
2026-03-25 14:15:00+00:00,658.0599975585938,658.2662963867188,657.4400024414062,657.6107177734375,862361,SPY,equities,5min,data/5min/spy_5m.csv
2026-03-25 14:20:00+00:00,657.6300048828125,658.5499877929688,657.1699829101562,657.4000244140625,1358586,SPY,equities,5min,data/5min/spy_5m.csv
2026-03-25 14:25:00+00:00,657.4000244140625,660.5,657.2249755859375,658.1400146484375,1850291,SPY,equities,5min,data/5min/spy_5m.csv
2026-03-25 14:30:00+00:00,658.1599731445312,658.77001953125,657.6500244140625,658.760009765625,970674,SPY,equities,5min,data/5min/spy_5m.csv
2026-03-25 14:35:00+00:00,658.77001953125,659.030029296875,657.8499755859375,658.219970703125,845379,SPY,equities,5min,data/5min/spy_5m.csv
2026-03-25 14:40:00+00:00,658.22998046875,658.9749755859375,657.8699951171875,658.4349975585938,931623,SPY,equities,5min,data/5min/spy_5m.csv
2026-03-25 14:45:00+00:00,658.4400024414062,659.0800170898438,658.3800048828125,658.9099731445312,803683,SPY,equities,5min,data/5min/spy_5m.csv
2026-03-25 14:50:00+00:00,658.9000244140625,659.25,658.6300048828125,658.75,775522,SPY,equities,5min,data/5min/spy_5m.csv
2026-03-25 14:55:00+00:00,658.760009765625,659.0800170898438,658.4299926757812,658.6900024414062,755828,SPY,equities,5min,data/5min/spy_5m.csv
2026-03-25 15:00:00+00:00,658.6900024414062,659.0078125,658.3800048828125,658.760009765625,605696,SPY,equities,5min,data/5min/spy_5m.csv
2026-03-25 15:05:00+00:00,658.77001953125,658.8900146484375,657.1199951171875,657.22998046875,984233,SPY,equities,5min,data/5min/spy_5m.csv
2026-03-25 15:10:00+00:00,657.25,657.5599975585938,656.469970703125,656.5700073242188,1466595,SPY,equities,5min,data/5min/spy_5m.csv
2026-03-25 15:15:00+00:00,656.5599975585938,656.8099975585938,654.239990234375,655.1400146484375,3609137,SPY,equities,5min,data/5min/spy_5m.csv
2026-03-25 15:20:00+00:00,655.1500244140625,657.3200073242188,655.0844116210938,656.9149780273438,1483097,SPY,equities,5min,data/5min/spy_5m.csv
2026-03-25 15:25:00+00:00,656.9199829101562,657.8724975585938,656.7100219726562,657.8400268554688,1346068,SPY,equities,5min,data/5min/spy_5m.csv
2026-03-25 15:30:00+00:00,657.8499755859375,658.239990234375,657.5999755859375,657.9000244140625,1094151,SPY,equities,5min,data/5min/spy_5m.csv
2026-03-25 15:35:00+00:00,657.9099731445312,657.9500122070312,656.5999755859375,656.7550048828125,1168305,SPY,equities,5min,data/5min/spy_5m.csv
2026-03-25 15:40:00+00:00,656.7550048828125,657.0700073242188,656.1199951171875,656.6799926757812,693079,SPY,equities,5min,data/5min/spy_5m.csv
2026-03-25 15:45:00+00:00,656.6799926757812,656.8499755859375,656.27001953125,656.6799926757812,591435,SPY,equities,5min,data/5min/spy_5m.csv
2026-03-25 15:50:00+00:00,656.6699829101562,657.0798950195312,656.3900146484375,656.75,706790,SPY,equities,5min,data/5min/spy_5m.csv
2026-03-25 15:55:00+00:00,656.75,657.4099731445312,656.3599853515625,657.0,964156,SPY,equities,5min,data/5min/spy_5m.csv
2026-03-25 16:00:00+00:00,657.0,657.2000122070312,656.3900146484375,656.4400024414062,698124,SPY,equities,5min,data/5min/spy_5m.csv
2026-03-25 16:05:00+00:00,656.4500122070312,656.8579711914062,656.010009765625,656.6099853515625,630011,SPY,equities,5min,data/5min/spy_5m.csv
2026-03-25 16:10:00+00:00,656.6099853515625,656.719970703125,656.1199951171875,656.5700073242188,506349,SPY,equities,5min,data/5min/spy_5m.csv
2026-03-25 16:15:00+00:00,656.5599975585938,656.75,656.125,656.3599853515625,416433,SPY,equities,5min,data/5min/spy_5m.csv
2026-03-25 16:20:00+00:00,656.3800048828125,657.6599731445312,656.1500244140625,657.6599731445312,762590,SPY,equities,5min,data/5min/spy_5m.csv
2026-03-25 16:25:00+00:00,657.6699829101562,658.0700073242188,657.22998046875,657.5,1321227,SPY,equities,5min,data/5min/spy_5m.csv
2026-03-25 16:30:00+00:00,657.4600219726562,658.3150024414062,657.0599975585938,658.0700073242188,827666,SPY,equities,5min,data/5min/spy_5m.csv
2026-03-25 16:35:00+00:00,658.0700073242188,658.3099975585938,657.75,658.0999755859375,706527,SPY,equities,5min,data/5min/spy_5m.csv
2026-03-25 16:40:00+00:00,658.0999755859375,658.1699829101562,657.6599731445312,657.969970703125,743502,SPY,equities,5min,data/5min/spy_5m.csv
2026-03-25 16:45:00+00:00,657.969970703125,658.0900268554688,657.4400024414062,657.6300048828125,1154760,SPY,equities,5min,data/5min/spy_5m.csv
2026-03-25 16:50:00+00:00,657.6300048828125,658.1300048828125,657.0999755859375,658.0650024414062,659842,SPY,equities,5min,data/5min/spy_5m.csv
2026-03-25 16:55:00+00:00,658.0700073242188,658.1599731445312,657.52001953125,657.75,560377,SPY,equities,5min,data/5min/spy_5m.csv
2026-03-25 17:00:00+00:00,657.75,658.280029296875,657.2100219726562,657.5,816998,SPY,equities,5min,data/5min/spy_5m.csv
2026-03-25 17:05:00+00:00,657.52001953125,657.6199951171875,656.9600219726562,656.9849853515625,724672,SPY,equities,5min,data/5min/spy_5m.csv
2026-03-25 17:10:00+00:00,656.9849853515625,657.77001953125,656.9149780273438,657.5900268554688,581786,SPY,equities,5min,data/5min/spy_5m.csv
2026-03-25 17:15:00+00:00,657.5900268554688,657.6199951171875,656.9199829101562,657.280029296875,621215,SPY,equities,5min,data/5min/spy_5m.csv
2026-03-25 17:20:00+00:00,657.2899780273438,658.0150146484375,657.2000122070312,657.6599731445312,633190,SPY,equities,5min,data/5min/spy_5m.csv
2026-03-25 17:25:00+00:00,657.6699829101562,658.3200073242188,657.6300048828125,658.02001953125,705394,SPY,equities,5min,data/5min/spy_5m.csv
2026-03-25 17:30:00+00:00,658.0399780273438,658.27001953125,657.5599975585938,658.22998046875,634809,SPY,equities,5min,data/5min/spy_5m.csv
2026-03-25 17:35:00+00:00,658.239990234375,658.7050170898438,658.1500244140625,658.6199951171875,710872,SPY,equities,5min,data/5min/spy_5m.csv
2026-03-25 17:40:00+00:00,658.5900268554688,659.3800048828125,658.3599853515625,658.8350219726562,1092921,SPY,equities,5min,data/5min/spy_5m.csv
2026-03-25 17:45:00+00:00,658.8350219726562,658.8599853515625,658.030029296875,658.094970703125,704357,SPY,equities,5min,data/5min/spy_5m.csv
2026-03-25 17:50:00+00:00,658.0999755859375,658.719970703125,657.3300170898438,657.47998046875,1418299,SPY,equities,5min,data/5min/spy_5m.csv
2026-03-25 17:55:00+00:00,657.489990234375,658.7899780273438,657.3400268554688,657.9000244140625,1029101,SPY,equities,5min,data/5min/spy_5m.csv
2026-03-25 18:00:00+00:00,657.8900146484375,658.0700073242188,657.5599975585938,657.8200073242188,619201,SPY,equities,5min,data/5min/spy_5m.csv
2026-03-25 18:05:00+00:00,657.8200073242188,658.2550048828125,657.5599975585938,657.780029296875,520916,SPY,equities,5min,data/5min/spy_5m.csv
2026-03-25 18:10:00+00:00,657.7999877929688,658.14501953125,657.739990234375,657.97998046875,498453,SPY,equities,5min,data/5min/spy_5m.csv
2026-03-25 18:15:00+00:00,657.97998046875,658.510009765625,657.8499755859375,657.9099731445312,762492,SPY,equities,5min,data/5min/spy_5m.csv
2026-03-25 18:20:00+00:00,657.9080200195312,658.2100219726562,657.8099975585938,658.010009765625,444413,SPY,equities,5min,data/5min/spy_5m.csv
2026-03-25 18:25:00+00:00,658.0,658.0706787109375,657.4099731445312,657.5150146484375,426412,SPY,equities,5min,data/5min/spy_5m.csv
2026-03-25 18:30:00+00:00,657.510009765625,657.8099975585938,657.4299926757812,657.6599731445312,746796,SPY,equities,5min,data/5min/spy_5m.csv
2026-03-25 18:35:00+00:00,657.6599731445312,657.7000122070312,657.385009765625,657.5800170898438,482385,SPY,equities,5min,data/5min/spy_5m.csv
2026-03-25 18:40:00+00:00,657.5900268554688,657.6500244140625,657.0700073242188,657.3099975585938,589196,SPY,equities,5min,data/5min/spy_5m.csv
2026-03-25 18:45:00+00:00,657.3099975585938,657.3599853515625,657.0399780273438,657.1099853515625,515915,SPY,equities,5min,data/5min/spy_5m.csv
2026-03-25 18:50:00+00:00,657.1099853515625,657.239990234375,656.969970703125,657.1798706054688,978769,SPY,equities,5min,data/5min/spy_5m.csv
2026-03-25 18:55:00+00:00,657.1715087890625,657.1799926757812,655.6400146484375,656.5,1873124,SPY,equities,5min,data/5min/spy_5m.csv
2026-03-25 19:00:00+00:00,656.489990234375,656.52001953125,655.5800170898438,656.0599975585938,1418218,SPY,equities,5min,data/5min/spy_5m.csv
2026-03-25 19:05:00+00:00,656.0599975585938,656.2999877929688,655.9000244140625,656.1099853515625,1061009,SPY,equities,5min,data/5min/spy_5m.csv
2026-03-25 19:10:00+00:00,656.1099853515625,656.4758911132812,655.8400268554688,656.4299926757812,725541,SPY,equities,5min,data/5min/spy_5m.csv
2026-03-25 19:15:00+00:00,656.4271850585938,657.0,656.4000244140625,656.8499755859375,1502916,SPY,equities,5min,data/5min/spy_5m.csv
2026-03-25 19:20:00+00:00,656.8599853515625,657.3201293945312,656.7650146484375,656.9824829101562,820037,SPY,equities,5min,data/5min/spy_5m.csv
2026-03-25 19:25:00+00:00,656.989990234375,657.0900268554688,656.47998046875,656.510009765625,789734,SPY,equities,5min,data/5min/spy_5m.csv
2026-03-25 19:30:00+00:00,656.510009765625,656.5700073242188,656.1400146484375,656.280029296875,723942,SPY,equities,5min,data/5min/spy_5m.csv
2026-03-25 19:35:00+00:00,656.280029296875,656.4199829101562,655.7550048828125,656.0800170898438,886231,SPY,equities,5min,data/5min/spy_5m.csv
2026-03-25 19:40:00+00:00,656.0800170898438,656.6500244140625,655.989990234375,656.2100219726562,1643174,SPY,equities,5min,data/5min/spy_5m.csv
2026-03-25 19:45:00+00:00,656.2100219726562,656.3200073242188,655.969970703125,656.1300048828125,1171323,SPY,equities,5min,data/5min/spy_5m.csv
2026-03-25 19:50:00+00:00,656.1400146484375,656.8499755859375,656.1400146484375,656.6099853515625,1499191,SPY,equities,5min,data/5min/spy_5m.csv
2026-03-25 19:55:00+00:00,656.6199951171875,657.0599975585938,656.219970703125,656.739990234375,3121346,SPY,equities,5min,data/5min/spy_5m.csv
2026-03-26 13:30:00+00:00,652.0599975585938,652.1199951171875,651.02001953125,651.6300048828125,4251782,SPY,equities,5min,data/5min/spy_5m.csv
2026-03-26 13:35:00+00:00,651.6300048828125,651.739990234375,650.760009765625,650.8200073242188,1535688,SPY,equities,5min,data/5min/spy_5m.csv
2026-03-26 13:40:00+00:00,650.8099975585938,653.0499877929688,650.72998046875,653.0,1730274,SPY,equities,5min,data/5min/spy_5m.csv
2026-03-26 13:45:00+00:00,653.02001953125,654.0900268554688,652.9299926757812,653.405029296875,2209309,SPY,equities,5min,data/5min/spy_5m.csv
2026-03-26 13:50:00+00:00,653.4099731445312,654.6300048828125,653.22998046875,654.4249877929688,1900165,SPY,equities,5min,data/5min/spy_5m.csv
2026-03-26 13:55:00+00:00,654.4249877929688,654.5499877929688,652.780029296875,654.469970703125,2299547,SPY,equities,5min,data/5min/spy_5m.csv
2026-03-26 14:00:00+00:00,654.469970703125,654.6900024414062,653.7899780273438,653.97998046875,1234475,SPY,equities,5min,data/5min/spy_5m.csv
2026-03-26 14:05:00+00:00,653.9600219726562,654.8300170898438,653.5,653.9199829101562,1311059,SPY,equities,5min,data/5min/spy_5m.csv
2026-03-26 14:10:00+00:00,653.9000244140625,654.4500122070312,653.364990234375,654.4299926757812,667192,SPY,equities,5min,data/5min/spy_5m.csv
2026-03-26 14:15:00+00:00,654.4299926757812,654.8400268554688,653.8800048828125,653.989990234375,770723,SPY,equities,5min,data/5min/spy_5m.csv
2026-03-26 14:20:00+00:00,653.969970703125,654.7100219726562,653.719970703125,654.239990234375,613325,SPY,equities,5min,data/5min/spy_5m.csv
2026-03-26 14:25:00+00:00,654.239990234375,654.4600219726562,653.5800170898438,653.6199951171875,688876,SPY,equities,5min,data/5min/spy_5m.csv
2026-03-26 14:30:00+00:00,653.6199951171875,654.4500122070312,653.6099243164062,654.3200073242188,644975,SPY,equities,5min,data/5min/spy_5m.csv
2026-03-26 14:35:00+00:00,654.3300170898438,654.3699951171875,653.469970703125,653.77001953125,903877,SPY,equities,5min,data/5min/spy_5m.csv
2026-03-26 14:40:00+00:00,653.780029296875,654.8499755859375,652.4299926757812,652.6599731445312,2317158,SPY,equities,5min,data/5min/spy_5m.csv
2026-03-26 14:45:00+00:00,652.6599731445312,653.1699829101562,652.2000122070312,652.51171875,1942060,SPY,equities,5min,data/5min/spy_5m.csv
2026-03-26 14:50:00+00:00,652.5399780273438,652.8599853515625,651.4099731445312,651.419921875,1578890,SPY,equities,5min,data/5min/spy_5m.csv
2026-03-26 14:55:00+00:00,651.4199829101562,652.4600219726562,650.8200073242188,652.2100219726562,1915837,SPY,equities,5min,data/5min/spy_5m.csv
2026-03-26 15:00:00+00:00,652.219970703125,652.6799926757812,652.030029296875,652.1099853515625,1340243,SPY,equities,5min,data/5min/spy_5m.csv
2026-03-26 15:05:00+00:00,652.0999755859375,652.9099731445312,651.97998046875,652.22998046875,1081809,SPY,equities,5min,data/5min/spy_5m.csv
2026-03-26 15:10:00+00:00,652.22998046875,652.780029296875,652.219970703125,652.22998046875,584675,SPY,equities,5min,data/5min/spy_5m.csv
2026-03-26 15:15:00+00:00,652.260009765625,652.4400024414062,651.5800170898438,651.8800048828125,1061999,SPY,equities,5min,data/5min/spy_5m.csv
2026-03-26 15:20:00+00:00,651.8699951171875,652.260009765625,651.760009765625,652.030029296875,876347,SPY,equities,5min,data/5min/spy_5m.csv
2026-03-26 15:25:00+00:00,652.0399780273438,652.1799926757812,651.6599731445312,651.7100219726562,615807,SPY,equities,5min,data/5min/spy_5m.csv
2026-03-26 15:30:00+00:00,651.7100219726562,651.7100219726562,650.8699951171875,651.2899780273438,831237,SPY,equities,5min,data/5min/spy_5m.csv
2026-03-26 15:35:00+00:00,651.3200073242188,651.8200073242188,651.2100219726562,651.6400146484375,506369,SPY,equities,5min,data/5min/spy_5m.csv
2026-03-26 15:40:00+00:00,651.6300048828125,651.8400268554688,651.0999755859375,651.219970703125,555929,SPY,equities,5min,data/5min/spy_5m.csv
2026-03-26 15:45:00+00:00,651.239990234375,652.3499755859375,651.0,651.60009765625,1156580,SPY,equities,5min,data/5min/spy_5m.csv
2026-03-26 15:50:00+00:00,651.5999755859375,652.0900268554688,651.4199829101562,651.8400268554688,687909,SPY,equities,5min,data/5min/spy_5m.csv
2026-03-26 15:55:00+00:00,651.8599853515625,651.8900146484375,651.27001953125,651.52001953125,521195,SPY,equities,5min,data/5min/spy_5m.csv
2026-03-26 16:00:00+00:00,651.489990234375,651.6599731445312,651.0999755859375,651.22998046875,535541,SPY,equities,5min,data/5min/spy_5m.csv
2026-03-26 16:05:00+00:00,651.219970703125,651.6900024414062,651.0499877929688,651.4349975585938,1011149,SPY,equities,5min,data/5min/spy_5m.csv
2026-03-26 16:10:00+00:00,651.4400024414062,651.5900268554688,650.8502807617188,651.3400268554688,582527,SPY,equities,5min,data/5min/spy_5m.csv
2026-03-26 16:15:00+00:00,651.3200073242188,651.3200073242188,649.8400268554688,650.8200073242188,1110678,SPY,equities,5min,data/5min/spy_5m.csv
2026-03-26 16:20:00+00:00,650.8300170898438,650.8400268554688,649.7999877929688,650.3599853515625,1042427,SPY,equities,5min,data/5min/spy_5m.csv
2026-03-26 16:25:00+00:00,650.3599853515625,650.4299926757812,649.2899780273438,649.469970703125,1136263,SPY,equities,5min,data/5min/spy_5m.csv
2026-03-26 16:30:00+00:00,649.4912719726562,649.5449829101562,648.8900146484375,649.3900146484375,1141463,SPY,equities,5min,data/5min/spy_5m.csv
2026-03-26 16:35:00+00:00,649.4099731445312,649.6799926757812,649.0399780273438,649.1300048828125,615166,SPY,equities,5min,data/5min/spy_5m.csv
2026-03-26 16:40:00+00:00,649.1199951171875,649.6300048828125,649.0499267578125,649.47998046875,411783,SPY,equities,5min,data/5min/spy_5m.csv
2026-03-26 16:45:00+00:00,649.5,649.6900024414062,648.9299926757812,649.0999755859375,497636,SPY,equities,5min,data/5min/spy_5m.csv
2026-03-26 16:50:00+00:00,649.1300048828125,649.5700073242188,648.97998046875,649.47998046875,526754,SPY,equities,5min,data/5min/spy_5m.csv
2026-03-26 16:55:00+00:00,649.47998046875,649.719970703125,649.2999877929688,649.6400146484375,326299,SPY,equities,5min,data/5min/spy_5m.csv
2026-03-26 17:00:00+00:00,649.6400146484375,650.0999755859375,649.3800048828125,649.4400024414062,572463,SPY,equities,5min,data/5min/spy_5m.csv
2026-03-26 17:05:00+00:00,649.4299926757812,649.719970703125,649.3699951171875,649.530029296875,240683,SPY,equities,5min,data/5min/spy_5m.csv
2026-03-26 17:10:00+00:00,649.52001953125,649.52001953125,648.9000244140625,648.989990234375,515519,SPY,equities,5min,data/5min/spy_5m.csv
2026-03-26 17:15:00+00:00,648.9849853515625,649.2999877929688,648.9099731445312,649.1699829101562,400608,SPY,equities,5min,data/5min/spy_5m.csv
2026-03-26 17:20:00+00:00,649.1699829101562,649.1900024414062,648.27001953125,648.3300170898438,830353,SPY,equities,5min,data/5min/spy_5m.csv
2026-03-26 17:25:00+00:00,648.3300170898438,648.6400146484375,647.97998046875,648.6199951171875,923648,SPY,equities,5min,data/5min/spy_5m.csv
2026-03-26 17:30:00+00:00,648.6199951171875,648.9550170898438,648.22998046875,648.9500122070312,580367,SPY,equities,5min,data/5min/spy_5m.csv
2026-03-26 17:35:00+00:00,648.9299926757812,649.0599975585938,648.4600219726562,648.5,417922,SPY,equities,5min,data/5min/spy_5m.csv
2026-03-26 17:40:00+00:00,648.4949951171875,648.5,647.7999877929688,647.9400024414062,502187,SPY,equities,5min,data/5min/spy_5m.csv
2026-03-26 17:45:00+00:00,647.9500122070312,648.0900268554688,647.5700073242188,647.5800170898438,791310,SPY,equities,5min,data/5min/spy_5m.csv
2026-03-26 17:50:00+00:00,647.5700073242188,647.5800170898438,647.0499877929688,647.1199951171875,1952375,SPY,equities,5min,data/5min/spy_5m.csv
2026-03-26 17:55:00+00:00,647.1199951171875,647.2025146484375,646.4400024414062,646.6699829101562,1053722,SPY,equities,5min,data/5min/spy_5m.csv
2026-03-26 18:00:00+00:00,646.655029296875,647.5700073242188,646.6400146484375,647.2100219726562,1317939,SPY,equities,5min,data/5min/spy_5m.csv
2026-03-26 18:05:00+00:00,647.2100219726562,647.4299926757812,646.9500122070312,647.3200073242188,741513,SPY,equities,5min,data/5min/spy_5m.csv
2026-03-26 18:10:00+00:00,647.3099975585938,647.385009765625,646.8900146484375,647.0549926757812,802110,SPY,equities,5min,data/5min/spy_5m.csv
2026-03-26 18:15:00+00:00,647.0599975585938,647.1099853515625,646.7100219726562,646.8699951171875,562128,SPY,equities,5min,data/5min/spy_5m.csv
2026-03-26 18:20:00+00:00,646.8699951171875,647.1699829101562,646.5601196289062,647.0800170898438,699229,SPY,equities,5min,data/5min/spy_5m.csv
2026-03-26 18:25:00+00:00,647.0750122070312,647.25,646.489990234375,646.5999755859375,898954,SPY,equities,5min,data/5min/spy_5m.csv
2026-03-26 18:30:00+00:00,646.6099853515625,647.2100219726562,646.5800170898438,647.135009765625,757070,SPY,equities,5min,data/5min/spy_5m.csv
2026-03-26 18:35:00+00:00,647.1400146484375,647.4500122070312,646.9749755859375,647.3900146484375,805944,SPY,equities,5min,data/5min/spy_5m.csv
2026-03-26 18:40:00+00:00,647.3900146484375,647.5399780273438,646.8099975585938,647.135009765625,856611,SPY,equities,5min,data/5min/spy_5m.csv
2026-03-26 18:45:00+00:00,647.1300048828125,647.510009765625,646.8599853515625,647.4400024414062,1628251,SPY,equities,5min,data/5min/spy_5m.csv
2026-03-26 18:50:00+00:00,647.4400024414062,647.6500244140625,647.27001953125,647.52001953125,742318,SPY,equities,5min,data/5min/spy_5m.csv
2026-03-26 18:55:00+00:00,647.510009765625,647.510009765625,647.0599975585938,647.4299926757812,699004,SPY,equities,5min,data/5min/spy_5m.csv
2026-03-26 19:00:00+00:00,647.4400024414062,647.52001953125,646.6199951171875,646.7050170898438,1411584,SPY,equities,5min,data/5min/spy_5m.csv
2026-03-26 19:05:00+00:00,646.7050170898438,646.760009765625,646.0,646.22998046875,1161389,SPY,equities,5min,data/5min/spy_5m.csv
2026-03-26 19:10:00+00:00,646.239990234375,646.3250122070312,645.8699951171875,646.2449951171875,1017757,SPY,equities,5min,data/5min/spy_5m.csv
2026-03-26 19:15:00+00:00,646.260009765625,646.7100219726562,646.219970703125,646.5599975585938,1106490,SPY,equities,5min,data/5min/spy_5m.csv
2026-03-26 19:20:00+00:00,646.5599975585938,646.6099853515625,646.0700073242188,646.125,686094,SPY,equities,5min,data/5min/spy_5m.csv
2026-03-26 19:25:00+00:00,646.125,646.22998046875,645.8499755859375,646.2100219726562,1129762,SPY,equities,5min,data/5min/spy_5m.csv
2026-03-26 19:30:00+00:00,646.2100219726562,646.27001953125,645.4400024414062,645.72998046875,1516457,SPY,equities,5min,data/5min/spy_5m.csv
2026-03-26 19:35:00+00:00,645.72998046875,646.1500244140625,645.6300048828125,645.8400268554688,1034640,SPY,equities,5min,data/5min/spy_5m.csv
2026-03-26 19:40:00+00:00,645.8300170898438,646.0499877929688,645.4000244140625,645.510009765625,1413398,SPY,equities,5min,data/5min/spy_5m.csv
2026-03-26 19:45:00+00:00,645.5,645.75,645.3200073242188,645.7100219726562,2158650,SPY,equities,5min,data/5min/spy_5m.csv
2026-03-26 19:50:00+00:00,645.719970703125,645.864990234375,644.969970703125,645.0050048828125,2217872,SPY,equities,5min,data/5min/spy_5m.csv
2026-03-26 19:55:00+00:00,645.0,645.5,644.8200073242188,645.10498046875,4985625,SPY,equities,5min,data/5min/spy_5m.csv
2026-03-27 13:30:00+00:00,642.5,642.6599731445312,640.3499755859375,640.4949951171875,4726885,SPY,equities,5min,data/5min/spy_5m.csv
2026-03-27 13:35:00+00:00,640.5,641.2999877929688,639.780029296875,640.9749755859375,2341550,SPY,equities,5min,data/5min/spy_5m.csv
2026-03-27 13:40:00+00:00,640.969970703125,641.5399780273438,640.5499877929688,641.0599975585938,1392055,SPY,equities,5min,data/5min/spy_5m.csv
2026-03-27 13:45:00+00:00,641.0599975585938,642.4600219726562,641.02001953125,641.8699951171875,1427828,SPY,equities,5min,data/5min/spy_5m.csv
2026-03-27 13:50:00+00:00,641.8800048828125,642.0211791992188,639.9199829101562,640.0098876953125,1439701,SPY,equities,5min,data/5min/spy_5m.csv
2026-03-27 13:55:00+00:00,640.010009765625,640.030029296875,638.593994140625,639.0499877929688,1591239,SPY,equities,5min,data/5min/spy_5m.csv
2026-03-27 14:00:00+00:00,639.030029296875,639.780029296875,638.6599731445312,639.489990234375,1383695,SPY,equities,5min,data/5min/spy_5m.csv
2026-03-27 14:05:00+00:00,639.5,639.719970703125,638.6900024414062,638.8499755859375,1124571,SPY,equities,5min,data/5min/spy_5m.csv
2026-03-27 14:10:00+00:00,638.8599853515625,639.9801025390625,638.8099975585938,639.7100219726562,1447078,SPY,equities,5min,data/5min/spy_5m.csv
2026-03-27 14:15:00+00:00,639.7100219726562,640.7449951171875,639.5700073242188,640.5499877929688,1239787,SPY,equities,5min,data/5min/spy_5m.csv
2026-03-27 14:20:00+00:00,640.530029296875,640.7999877929688,639.4301147460938,639.7650146484375,767929,SPY,equities,5min,data/5min/spy_5m.csv
2026-03-27 14:25:00+00:00,639.7999877929688,640.3599853515625,639.0800170898438,639.0999755859375,632096,SPY,equities,5min,data/5min/spy_5m.csv
2026-03-27 14:30:00+00:00,639.0999755859375,640.0,639.0399780273438,639.5999755859375,603239,SPY,equities,5min,data/5min/spy_5m.csv
2026-03-27 14:35:00+00:00,639.6199951171875,639.75,638.7150268554688,638.8300170898438,612022,SPY,equities,5min,data/5min/spy_5m.csv
2026-03-27 14:40:00+00:00,638.8499755859375,639.2899780273438,638.75,639.0910034179688,682728,SPY,equities,5min,data/5min/spy_5m.csv
2026-03-27 14:45:00+00:00,639.0999755859375,640.25,638.2999877929688,640.22998046875,1110096,SPY,equities,5min,data/5min/spy_5m.csv
2026-03-27 14:50:00+00:00,640.219970703125,640.5880126953125,639.4500122070312,639.5465698242188,867398,SPY,equities,5min,data/5min/spy_5m.csv
2026-03-27 14:55:00+00:00,639.5800170898438,640.4099731445312,639.5499877929688,640.1900024414062,694759,SPY,equities,5min,data/5min/spy_5m.csv
2026-03-27 15:00:00+00:00,640.1900024414062,640.8699951171875,639.9600219726562,640.719970703125,829159,SPY,equities,5min,data/5min/spy_5m.csv
2026-03-27 15:05:00+00:00,640.72998046875,641.27001953125,640.0050048828125,640.1699829101562,1116020,SPY,equities,5min,data/5min/spy_5m.csv
2026-03-27 15:10:00+00:00,639.75,640.22998046875,639.594970703125,639.760009765625,757033,SPY,equities,5min,data/5min/spy_5m.csv
2026-03-27 15:15:00+00:00,639.77001953125,639.875,639.0700073242188,639.2999877929688,1046052,SPY,equities,5min,data/5min/spy_5m.csv
2026-03-27 15:20:00+00:00,639.3099975585938,641.489990234375,638.9401245117188,640.22998046875,1860832,SPY,equities,5min,data/5min/spy_5m.csv
2026-03-27 15:25:00+00:00,640.25,641.030029296875,640.0499877929688,640.9600219726562,930145,SPY,equities,5min,data/5min/spy_5m.csv
2026-03-27 15:30:00+00:00,640.9600219726562,641.989990234375,640.6900024414062,641.780029296875,1266016,SPY,equities,5min,data/5min/spy_5m.csv
2026-03-27 15:35:00+00:00,641.780029296875,642.1400146484375,640.989990234375,641.1400146484375,775717,SPY,equities,5min,data/5min/spy_5m.csv
2026-03-27 15:40:00+00:00,641.1300048828125,641.1300048828125,640.1699829101562,640.6900024414062,824159,SPY,equities,5min,data/5min/spy_5m.csv
2026-03-27 15:45:00+00:00,640.6900024414062,641.1599731445312,640.5700073242188,641.0700073242188,479278,SPY,equities,5min,data/5min/spy_5m.csv
2026-03-27 15:50:00+00:00,641.0700073242188,641.4149780273438,640.6900024414062,640.8499755859375,671924,SPY,equities,5min,data/5min/spy_5m.csv
2026-03-27 15:55:00+00:00,640.8499755859375,640.969970703125,640.1099853515625,640.280029296875,770583,SPY,equities,5min,data/5min/spy_5m.csv
2026-03-27 16:00:00+00:00,640.2999877929688,640.4299926757812,639.7899780273438,639.97998046875,615915,SPY,equities,5min,data/5min/spy_5m.csv
2026-03-27 16:05:00+00:00,639.97998046875,640.0598754882812,639.1599731445312,639.1799926757812,655962,SPY,equities,5min,data/5min/spy_5m.csv
2026-03-27 16:10:00+00:00,639.1900024414062,639.5250244140625,638.8599853515625,639.5150146484375,699307,SPY,equities,5min,data/5min/spy_5m.csv
2026-03-27 16:15:00+00:00,639.5250244140625,639.5900268554688,639.030029296875,639.1649780273438,671377,SPY,equities,5min,data/5min/spy_5m.csv
2026-03-27 16:20:00+00:00,639.1699829101562,639.5800170898438,639.0,639.02001953125,782404,SPY,equities,5min,data/5min/spy_5m.csv
2026-03-27 16:25:00+00:00,639.030029296875,639.0700073242188,638.5800170898438,638.8900146484375,819428,SPY,equities,5min,data/5min/spy_5m.csv
2026-03-27 16:30:00+00:00,638.8800048828125,639.0499877929688,638.75,638.8099975585938,455534,SPY,equities,5min,data/5min/spy_5m.csv
2026-03-27 16:35:00+00:00,638.8099975585938,638.9099731445312,638.1799926757812,638.3200073242188,860516,SPY,equities,5min,data/5min/spy_5m.csv
2026-03-27 16:40:00+00:00,638.3200073242188,638.8599853515625,638.0800170898438,638.5900268554688,874198,SPY,equities,5min,data/5min/spy_5m.csv
2026-03-27 16:45:00+00:00,638.5999755859375,639.5650024414062,638.4500122070312,639.47998046875,1084242,SPY,equities,5min,data/5min/spy_5m.csv
2026-03-27 16:50:00+00:00,639.47998046875,639.6300048828125,638.8099975585938,638.9099731445312,777646,SPY,equities,5min,data/5min/spy_5m.csv
2026-03-27 16:55:00+00:00,638.9099731445312,639.0499877929688,638.6199951171875,638.7000122070312,496005,SPY,equities,5min,data/5min/spy_5m.csv
2026-03-27 17:00:00+00:00,638.7000122070312,638.8400268554688,638.1400146484375,638.469970703125,1144586,SPY,equities,5min,data/5min/spy_5m.csv
2026-03-27 17:05:00+00:00,638.4600219726562,639.9299926757812,638.1400146484375,638.8300170898438,1680084,SPY,equities,5min,data/5min/spy_5m.csv
2026-03-27 17:10:00+00:00,638.8200073242188,638.9400024414062,638.1199951171875,638.3800048828125,520030,SPY,equities,5min,data/5min/spy_5m.csv
2026-03-27 17:15:00+00:00,638.4099731445312,638.4500122070312,637.760009765625,637.8900146484375,680269,SPY,equities,5min,data/5min/spy_5m.csv
2026-03-27 17:20:00+00:00,637.8900146484375,637.9099731445312,637.4000244140625,637.5800170898438,839428,SPY,equities,5min,data/5min/spy_5m.csv
2026-03-27 17:25:00+00:00,637.5700073242188,637.5700073242188,636.5900268554688,636.6199951171875,1280921,SPY,equities,5min,data/5min/spy_5m.csv
2026-03-27 17:30:00+00:00,636.6199951171875,637.1900024414062,636.5999755859375,637.1099853515625,814279,SPY,equities,5min,data/5min/spy_5m.csv
2026-03-27 17:35:00+00:00,637.1099853515625,637.25,636.8499755859375,636.9650268554688,563991,SPY,equities,5min,data/5min/spy_5m.csv
2026-03-27 17:40:00+00:00,636.9600219726562,637.0,636.3499755859375,636.47998046875,923125,SPY,equities,5min,data/5min/spy_5m.csv
2026-03-27 17:45:00+00:00,636.47998046875,636.8350219726562,636.3699951171875,636.4299926757812,673001,SPY,equities,5min,data/5min/spy_5m.csv
2026-03-27 17:50:00+00:00,636.4000244140625,636.5700073242188,636.2100219726562,636.4000244140625,843195,SPY,equities,5min,data/5min/spy_5m.csv
2026-03-27 17:55:00+00:00,636.4099731445312,636.52001953125,635.9400024414062,636.1300048828125,914368,SPY,equities,5min,data/5min/spy_5m.csv
2026-03-27 18:00:00+00:00,636.1397705078125,636.3049926757812,635.8309936523438,635.875,818353,SPY,equities,5min,data/5min/spy_5m.csv
2026-03-27 18:05:00+00:00,635.8699951171875,636.1199951171875,635.3800048828125,635.4149780273438,824381,SPY,equities,5min,data/5min/spy_5m.csv
2026-03-27 18:10:00+00:00,635.4149780273438,635.6099853515625,635.1300048828125,635.510009765625,1018086,SPY,equities,5min,data/5min/spy_5m.csv
2026-03-27 18:15:00+00:00,635.510009765625,636.1599731445312,635.3200073242188,636.10498046875,1583867,SPY,equities,5min,data/5min/spy_5m.csv
2026-03-27 18:20:00+00:00,636.0999755859375,636.3400268554688,635.5900268554688,635.6699829101562,967794,SPY,equities,5min,data/5min/spy_5m.csv
2026-03-27 18:25:00+00:00,635.6699829101562,636.030029296875,635.530029296875,635.77001953125,696939,SPY,equities,5min,data/5min/spy_5m.csv
2026-03-27 18:30:00+00:00,635.7650146484375,635.9600219726562,635.5,635.8200073242188,767256,SPY,equities,5min,data/5min/spy_5m.csv
2026-03-27 18:35:00+00:00,635.8300170898438,636.0599975585938,635.52001953125,635.75,752603,SPY,equities,5min,data/5min/spy_5m.csv
2026-03-27 18:40:00+00:00,635.77001953125,636.7249755859375,635.4600219726562,635.9600219726562,1540160,SPY,equities,5min,data/5min/spy_5m.csv
2026-03-27 18:45:00+00:00,635.97998046875,636.1599731445312,635.6500244140625,635.6699829101562,642595,SPY,equities,5min,data/5min/spy_5m.csv
2026-03-27 18:50:00+00:00,635.6699829101562,635.8699951171875,635.2000122070312,635.3699951171875,772936,SPY,equities,5min,data/5min/spy_5m.csv
2026-03-27 18:55:00+00:00,635.3699951171875,635.510009765625,635.219970703125,635.3800048828125,1049384,SPY,equities,5min,data/5min/spy_5m.csv
2026-03-27 19:00:00+00:00,635.3800048828125,635.6799926757812,634.719970703125,634.7899780273438,1380913,SPY,equities,5min,data/5min/spy_5m.csv
2026-03-27 19:05:00+00:00,634.7899780273438,634.9400024414062,634.52001953125,634.719970703125,1411445,SPY,equities,5min,data/5min/spy_5m.csv
2026-03-27 19:10:00+00:00,634.7150268554688,635.1799926757812,634.530029296875,635.0499877929688,1117401,SPY,equities,5min,data/5min/spy_5m.csv
2026-03-27 19:15:00+00:00,635.0599975585938,635.6099243164062,634.969970703125,635.4099731445312,1414705,SPY,equities,5min,data/5min/spy_5m.csv
2026-03-27 19:20:00+00:00,635.4000244140625,635.4099731445312,634.8699951171875,635.1799926757812,1595094,SPY,equities,5min,data/5min/spy_5m.csv
2026-03-27 19:25:00+00:00,635.1599731445312,635.1649780273438,634.6900024414062,634.8590087890625,1045451,SPY,equities,5min,data/5min/spy_5m.csv
2026-03-27 19:30:00+00:00,634.8599853515625,635.3400268554688,634.6900024414062,635.2899780273438,1384083,SPY,equities,5min,data/5min/spy_5m.csv
2026-03-27 19:35:00+00:00,635.2999877929688,635.3499755859375,634.77001953125,634.7899780273438,1213782,SPY,equities,5min,data/5min/spy_5m.csv
2026-03-27 19:40:00+00:00,634.7899780273438,634.8099975585938,634.0499877929688,634.1699829101562,1861503,SPY,equities,5min,data/5min/spy_5m.csv
2026-03-27 19:45:00+00:00,634.1500244140625,634.1950073242188,633.260009765625,633.8499755859375,2898441,SPY,equities,5min,data/5min/spy_5m.csv
2026-03-27 19:50:00+00:00,633.8499755859375,634.280029296875,633.10498046875,634.0499877929688,2915226,SPY,equities,5min,data/5min/spy_5m.csv
2026-03-27 19:55:00+00:00,634.0499877929688,635.1500244140625,634.0399780273438,634.0800170898438,6676262,SPY,equities,5min,data/5min/spy_5m.csv
2026-03-30 13:30:00+00:00,640.1099853515625,640.3699951171875,638.780029296875,638.8499755859375,4906621,SPY,equities,5min,data/5min/spy_5m.csv
2026-03-30 13:35:00+00:00,638.8699951171875,638.9299926757812,637.780029296875,637.9500122070312,1572607,SPY,equities,5min,data/5min/spy_5m.csv
2026-03-30 13:40:00+00:00,637.9099731445312,637.9099731445312,636.780029296875,637.1699829101562,1530497,SPY,equities,5min,data/5min/spy_5m.csv
2026-03-30 13:45:00+00:00,637.1599731445312,637.47607421875,635.969970703125,636.094970703125,1227272,SPY,equities,5min,data/5min/spy_5m.csv
2026-03-30 13:50:00+00:00,636.0999755859375,636.6300048828125,635.739990234375,635.7650146484375,1273512,SPY,equities,5min,data/5min/spy_5m.csv
2026-03-30 13:55:00+00:00,635.72998046875,635.8499755859375,634.6799926757812,635.0700073242188,1701723,SPY,equities,5min,data/5min/spy_5m.csv
2026-03-30 14:00:00+00:00,635.0549926757812,636.27001953125,635.0,636.0399780273438,1575783,SPY,equities,5min,data/5min/spy_5m.csv
2026-03-30 14:05:00+00:00,636.0349731445312,636.1900024414062,635.1900024414062,636.1599731445312,1276058,SPY,equities,5min,data/5min/spy_5m.csv
2026-03-30 14:10:00+00:00,636.1199951171875,636.8099975585938,635.72998046875,636.510009765625,1217882,SPY,equities,5min,data/5min/spy_5m.csv
2026-03-30 14:15:00+00:00,636.5,636.6900024414062,635.3900146484375,635.8900146484375,1018047,SPY,equities,5min,data/5min/spy_5m.csv
2026-03-30 14:20:00+00:00,635.8599853515625,636.4299926757812,635.6799926757812,636.2999877929688,754976,SPY,equities,5min,data/5min/spy_5m.csv
2026-03-30 14:25:00+00:00,636.3099975585938,636.5449829101562,635.5999755859375,635.8599853515625,964104,SPY,equities,5min,data/5min/spy_5m.csv
2026-03-30 14:30:00+00:00,635.8499755859375,636.5399780273438,635.7899780273438,635.9600219726562,803197,SPY,equities,5min,data/5min/spy_5m.csv
2026-03-30 14:35:00+00:00,635.969970703125,636.1400146484375,635.239990234375,635.8599853515625,1281809,SPY,equities,5min,data/5min/spy_5m.csv
2026-03-30 14:40:00+00:00,635.8699951171875,636.27001953125,634.760009765625,634.9500122070312,1187385,SPY,equities,5min,data/5min/spy_5m.csv
2026-03-30 14:45:00+00:00,634.9500122070312,636.9500122070312,634.72998046875,635.760009765625,1890180,SPY,equities,5min,data/5min/spy_5m.csv
2026-03-30 14:50:00+00:00,635.77001953125,636.3900146484375,635.510009765625,636.260009765625,1032081,SPY,equities,5min,data/5min/spy_5m.csv
2026-03-30 14:55:00+00:00,636.25,637.5800170898438,635.8900146484375,637.510009765625,1278880,SPY,equities,5min,data/5min/spy_5m.csv
2026-03-30 15:00:00+00:00,637.510009765625,638.3800048828125,637.489990234375,638.360107421875,1578187,SPY,equities,5min,data/5min/spy_5m.csv
2026-03-30 15:05:00+00:00,638.3800048828125,638.7999877929688,636.6500244140625,636.8599853515625,1209124,SPY,equities,5min,data/5min/spy_5m.csv
2026-03-30 15:10:00+00:00,636.8099975585938,637.25,636.4099731445312,636.52001953125,619826,SPY,equities,5min,data/5min/spy_5m.csv
2026-03-30 15:15:00+00:00,636.52001953125,636.5700073242188,635.5599975585938,636.4099731445312,1111653,SPY,equities,5min,data/5min/spy_5m.csv
2026-03-30 15:20:00+00:00,636.4299926757812,636.8699951171875,636.1699829101562,636.780029296875,750548,SPY,equities,5min,data/5min/spy_5m.csv
2026-03-30 15:25:00+00:00,636.780029296875,637.1099853515625,636.4000244140625,636.4600219726562,1964960,SPY,equities,5min,data/5min/spy_5m.csv
2026-03-30 15:30:00+00:00,636.4500122070312,637.6799926757812,636.0399780273438,637.5700073242188,813475,SPY,equities,5min,data/5min/spy_5m.csv
2026-03-30 15:35:00+00:00,637.5900268554688,638.1599731445312,637.2899780273438,637.3900146484375,885114,SPY,equities,5min,data/5min/spy_5m.csv
2026-03-30 15:40:00+00:00,637.3880004882812,638.0900268554688,637.2100219726562,637.989990234375,827871,SPY,equities,5min,data/5min/spy_5m.csv
2026-03-30 15:45:00+00:00,637.989990234375,638.0850219726562,637.47998046875,637.7899780273438,606907,SPY,equities,5min,data/5min/spy_5m.csv
2026-03-30 15:50:00+00:00,637.7949829101562,638.4749755859375,637.739990234375,637.9299926757812,678705,SPY,equities,5min,data/5min/spy_5m.csv
2026-03-30 15:55:00+00:00,637.9299926757812,637.9299926757812,637.1799926757812,637.3599853515625,921891,SPY,equities,5min,data/5min/spy_5m.csv
2026-03-30 16:00:00+00:00,637.3400268554688,637.4600219726562,636.1900024414062,636.2899169921875,707343,SPY,equities,5min,data/5min/spy_5m.csv
2026-03-30 16:05:00+00:00,636.280029296875,636.6107177734375,636.0800170898438,636.3499755859375,730262,SPY,equities,5min,data/5min/spy_5m.csv
2026-03-30 16:10:00+00:00,636.3400268554688,636.8900146484375,636.22998046875,636.719970703125,479399,SPY,equities,5min,data/5min/spy_5m.csv
2026-03-30 16:15:00+00:00,636.6799926757812,636.7293090820312,635.97998046875,636.1500854492188,350846,SPY,equities,5min,data/5min/spy_5m.csv
2026-03-30 16:20:00+00:00,636.1500244140625,636.4299926757812,635.6300048828125,635.7999877929688,776360,SPY,equities,5min,data/5min/spy_5m.csv
2026-03-30 16:25:00+00:00,635.8151245117188,635.8900146484375,635.1649780273438,635.260009765625,742188,SPY,equities,5min,data/5min/spy_5m.csv
2026-03-30 16:30:00+00:00,635.27001953125,635.760009765625,635.1199951171875,635.5549926757812,647233,SPY,equities,5min,data/5min/spy_5m.csv
2026-03-30 16:35:00+00:00,635.5599975585938,636.010009765625,635.3599853515625,635.8599853515625,428630,SPY,equities,5min,data/5min/spy_5m.csv
2026-03-30 16:40:00+00:00,635.8499755859375,635.8499755859375,635.4500122070312,635.594970703125,400253,SPY,equities,5min,data/5min/spy_5m.csv
2026-03-30 16:45:00+00:00,635.5999755859375,635.6500244140625,635.260009765625,635.3800048828125,296532,SPY,equities,5min,data/5min/spy_5m.csv
2026-03-30 16:50:00+00:00,635.3699951171875,635.77001953125,635.1900024414062,635.2000122070312,517012,SPY,equities,5min,data/5min/spy_5m.csv
2026-03-30 16:55:00+00:00,635.2000122070312,635.419921875,634.9849853515625,635.2999877929688,1560688,SPY,equities,5min,data/5min/spy_5m.csv
2026-03-30 17:00:00+00:00,635.2949829101562,635.8499755859375,634.8400268554688,634.8800048828125,708175,SPY,equities,5min,data/5min/spy_5m.csv
2026-03-30 17:05:00+00:00,634.8800048828125,635.6199951171875,634.7949829101562,635.4000244140625,568984,SPY,equities,5min,data/5min/spy_5m.csv
2026-03-30 17:10:00+00:00,635.4000244140625,635.510009765625,634.4600219726562,634.5499877929688,606068,SPY,equities,5min,data/5min/spy_5m.csv
2026-03-30 17:15:00+00:00,634.5399780273438,634.7379760742188,633.780029296875,634.0850219726562,959601,SPY,equities,5min,data/5min/spy_5m.csv
2026-03-30 17:20:00+00:00,634.0850219726562,634.260009765625,633.4550170898438,633.7100219726562,975552,SPY,equities,5min,data/5min/spy_5m.csv
2026-03-30 17:25:00+00:00,633.7125854492188,633.8800048828125,633.239990234375,633.4000244140625,1015807,SPY,equities,5min,data/5min/spy_5m.csv
2026-03-30 17:30:00+00:00,633.4000244140625,633.4600219726562,632.8200073242188,632.9249877929688,1232915,SPY,equities,5min,data/5min/spy_5m.csv
2026-03-30 17:35:00+00:00,632.9199829101562,633.6599731445312,632.7100219726562,633.6199951171875,1155993,SPY,equities,5min,data/5min/spy_5m.csv
2026-03-30 17:40:00+00:00,633.6099853515625,634.3499755859375,633.4500122070312,634.2100219726562,909717,SPY,equities,5min,data/5min/spy_5m.csv
2026-03-30 17:45:00+00:00,634.2150268554688,634.6300048828125,633.5999755859375,633.6403198242188,1452298,SPY,equities,5min,data/5min/spy_5m.csv
2026-03-30 17:50:00+00:00,633.6400146484375,633.7899780273438,633.4199829101562,633.5,843451,SPY,equities,5min,data/5min/spy_5m.csv
2026-03-30 17:55:00+00:00,633.5,633.6300048828125,633.2000122070312,633.5700073242188,584481,SPY,equities,5min,data/5min/spy_5m.csv
2026-03-30 18:00:00+00:00,633.5599975585938,633.75,633.2000122070312,633.2899780273438,858002,SPY,equities,5min,data/5min/spy_5m.csv
2026-03-30 18:05:00+00:00,633.2899780273438,633.5999755859375,632.85498046875,632.9400024414062,971757,SPY,equities,5min,data/5min/spy_5m.csv
2026-03-30 18:10:00+00:00,632.9600219726562,633.4099731445312,632.8599853515625,633.260009765625,801506,SPY,equities,5min,data/5min/spy_5m.csv
2026-03-30 18:15:00+00:00,633.239990234375,633.530029296875,632.969970703125,633.4600219726562,812512,SPY,equities,5min,data/5min/spy_5m.csv
2026-03-30 18:20:00+00:00,633.4500122070312,633.6699829101562,632.97998046875,633.0499877929688,722799,SPY,equities,5min,data/5min/spy_5m.csv
2026-03-30 18:25:00+00:00,633.0499877929688,633.0800170898438,632.260009765625,632.280029296875,931535,SPY,equities,5min,data/5min/spy_5m.csv
2026-03-30 18:30:00+00:00,632.2899780273438,632.719970703125,632.260009765625,632.614990234375,2592385,SPY,equities,5min,data/5min/spy_5m.csv
2026-03-30 18:35:00+00:00,632.5999755859375,633.1699829101562,632.47998046875,632.4949951171875,814817,SPY,equities,5min,data/5min/spy_5m.csv
2026-03-30 18:40:00+00:00,632.489990234375,632.7100219726562,632.3800048828125,632.4600219726562,1094096,SPY,equities,5min,data/5min/spy_5m.csv
2026-03-30 18:45:00+00:00,632.47998046875,632.739990234375,632.1799926757812,632.2449951171875,805984,SPY,equities,5min,data/5min/spy_5m.csv
2026-03-30 18:50:00+00:00,632.239990234375,632.3099975585938,631.6300048828125,631.8350219726562,1090409,SPY,equities,5min,data/5min/spy_5m.csv
2026-03-30 18:55:00+00:00,631.8400268554688,632.0499877929688,631.4500122070312,631.75,424418,SPY,equities,5min,data/5min/spy_5m.csv
2026-03-30 19:00:00+00:00,631.75,631.9199829101562,631.3699951171875,631.52001953125,1023042,SPY,equities,5min,data/5min/spy_5m.csv
2026-03-30 19:05:00+00:00,631.510009765625,631.52001953125,630.4099731445312,630.469970703125,1670872,SPY,equities,5min,data/5min/spy_5m.csv
2026-03-30 19:10:00+00:00,630.4600219726562,630.5399780273438,629.625,629.9400024414062,1833297,SPY,equities,5min,data/5min/spy_5m.csv
2026-03-30 19:15:00+00:00,629.9481201171875,630.3524780273438,629.907470703125,630.030029296875,1145437,SPY,equities,5min,data/5min/spy_5m.csv
2026-03-30 19:20:00+00:00,630.030029296875,630.260009765625,629.75,629.8800048828125,1311033,SPY,equities,5min,data/5min/spy_5m.csv
2026-03-30 19:25:00+00:00,629.860107421875,629.9400024414062,629.280029296875,629.5800170898438,1274545,SPY,equities,5min,data/5min/spy_5m.csv
2026-03-30 19:30:00+00:00,629.5850219726562,630.0599975585938,629.3499755859375,629.4500122070312,1529097,SPY,equities,5min,data/5min/spy_5m.csv
2026-03-30 19:35:00+00:00,629.469970703125,630.6998901367188,629.4500122070312,630.219970703125,1956735,SPY,equities,5min,data/5min/spy_5m.csv
2026-03-30 19:40:00+00:00,630.22998046875,631.0800170898438,630.2100219726562,630.7349853515625,1246354,SPY,equities,5min,data/5min/spy_5m.csv
2026-03-30 19:45:00+00:00,630.7299194335938,631.469970703125,630.6699829101562,631.0800170898438,1762823,SPY,equities,5min,data/5min/spy_5m.csv
2026-03-30 19:50:00+00:00,631.0900268554688,632.0999755859375,630.7899780273438,632.030029296875,2608009,SPY,equities,5min,data/5min/spy_5m.csv
2026-03-30 19:55:00+00:00,632.02001953125,632.6401977539062,631.5,632.0,4914511,SPY,equities,5min,data/5min/spy_5m.csv
2026-03-31 13:30:00+00:00,638.9400024414062,639.77001953125,638.3099975585938,639.72998046875,6644232,SPY,equities,5min,data/5min/spy_5m.csv
2026-03-31 13:35:00+00:00,639.72998046875,639.9099731445312,638.7899780273438,639.8991088867188,1352179,SPY,equities,5min,data/5min/spy_5m.csv
2026-03-31 13:40:00+00:00,639.8699951171875,640.530029296875,639.0999755859375,639.260009765625,1835887,SPY,equities,5min,data/5min/spy_5m.csv
2026-03-31 13:45:00+00:00,639.2899780273438,641.8300170898438,639.280029296875,641.8200073242188,2028602,SPY,equities,5min,data/5min/spy_5m.csv
2026-03-31 13:50:00+00:00,641.8200073242188,642.47998046875,641.280029296875,642.3400268554688,1656724,SPY,equities,5min,data/5min/spy_5m.csv
2026-03-31 13:55:00+00:00,642.3400268554688,642.7100219726562,641.3707275390625,642.6300048828125,1633587,SPY,equities,5min,data/5min/spy_5m.csv
2026-03-31 14:00:00+00:00,642.6400146484375,642.9500122070312,642.0599975585938,642.3800048828125,1525809,SPY,equities,5min,data/5min/spy_5m.csv
2026-03-31 14:05:00+00:00,642.3599853515625,642.3800048828125,641.1099853515625,641.2150268554688,2080464,SPY,equities,5min,data/5min/spy_5m.csv
2026-03-31 14:10:00+00:00,641.219970703125,641.97998046875,641.1300048828125,641.5,1362110,SPY,equities,5min,data/5min/spy_5m.csv
2026-03-31 14:15:00+00:00,641.489990234375,642.3599853515625,640.989990234375,641.969970703125,1410964,SPY,equities,5min,data/5min/spy_5m.csv
2026-03-31 14:20:00+00:00,641.97998046875,642.4400024414062,640.8900146484375,642.1799926757812,1030285,SPY,equities,5min,data/5min/spy_5m.csv
2026-03-31 14:25:00+00:00,642.1900024414062,642.7000122070312,641.8099975585938,642.5,876334,SPY,equities,5min,data/5min/spy_5m.csv
2026-03-31 14:30:00+00:00,642.47998046875,642.6500244140625,641.844970703125,642.2650146484375,885717,SPY,equities,5min,data/5min/spy_5m.csv
2026-03-31 14:35:00+00:00,642.260009765625,642.4199829101562,640.8400268554688,641.0800170898438,1217626,SPY,equities,5min,data/5min/spy_5m.csv
2026-03-31 14:40:00+00:00,641.0800170898438,641.510009765625,639.9600219726562,640.2515869140625,1473903,SPY,equities,5min,data/5min/spy_5m.csv
2026-03-31 14:45:00+00:00,640.25,640.489990234375,639.369873046875,639.4099731445312,1305718,SPY,equities,5min,data/5min/spy_5m.csv
2026-03-31 14:50:00+00:00,639.4099731445312,639.5399780273438,638.52001953125,638.6799926757812,1508809,SPY,equities,5min,data/5min/spy_5m.csv
2026-03-31 14:55:00+00:00,638.6699829101562,638.8099975585938,637.97998046875,638.6799926757812,1554643,SPY,equities,5min,data/5min/spy_5m.csv
2026-03-31 15:00:00+00:00,638.6900024414062,640.1900024414062,638.6699829101562,639.969970703125,3643879,SPY,equities,5min,data/5min/spy_5m.csv
2026-03-31 15:05:00+00:00,639.9600219726562,641.280029296875,639.8699951171875,640.5850219726562,1712726,SPY,equities,5min,data/5min/spy_5m.csv
2026-03-31 15:10:00+00:00,640.5700073242188,642.0399780273438,640.3300170898438,641.9450073242188,986082,SPY,equities,5min,data/5min/spy_5m.csv
2026-03-31 15:15:00+00:00,641.9299926757812,642.2899780273438,641.510009765625,641.75,2036807,SPY,equities,5min,data/5min/spy_5m.csv
2026-03-31 15:20:00+00:00,641.739990234375,641.780029296875,640.8800048828125,641.72998046875,1145733,SPY,equities,5min,data/5min/spy_5m.csv
2026-03-31 15:25:00+00:00,641.72998046875,641.9000244140625,640.52001953125,640.6799926757812,1039095,SPY,equities,5min,data/5min/spy_5m.csv
2026-03-31 15:30:00+00:00,640.6799926757812,640.75,639.9199829101562,640.7000122070312,1128973,SPY,equities,5min,data/5min/spy_5m.csv
2026-03-31 15:35:00+00:00,640.6799926757812,641.2899780273438,640.6699829101562,640.9404296875,835258,SPY,equities,5min,data/5min/spy_5m.csv
2026-03-31 15:40:00+00:00,640.9588012695312,641.0800170898438,640.5399780273438,640.760009765625,746035,SPY,equities,5min,data/5min/spy_5m.csv
2026-03-31 15:45:00+00:00,640.739990234375,640.760009765625,640.0999755859375,640.4149780273438,677065,SPY,equities,5min,data/5min/spy_5m.csv
2026-03-31 15:50:00+00:00,640.4099731445312,641.1900024414062,640.2249755859375,640.6300048828125,890967,SPY,equities,5min,data/5min/spy_5m.csv
2026-03-31 15:55:00+00:00,640.6306762695312,640.8099975585938,639.6900024414062,639.7899780273438,790168,SPY,equities,5min,data/5min/spy_5m.csv
2026-03-31 16:00:00+00:00,639.7899780273438,641.1799926757812,639.52001953125,640.594970703125,871724,SPY,equities,5min,data/5min/spy_5m.csv
2026-03-31 16:05:00+00:00,640.5999755859375,641.6699829101562,640.5999755859375,641.3699951171875,795999,SPY,equities,5min,data/5min/spy_5m.csv
2026-03-31 16:10:00+00:00,641.3699951171875,641.4500122070312,640.4301147460938,641.27001953125,649855,SPY,equities,5min,data/5min/spy_5m.csv
2026-03-31 16:15:00+00:00,641.27001953125,641.9199829101562,641.27001953125,641.5,637733,SPY,equities,5min,data/5min/spy_5m.csv
2026-03-31 16:20:00+00:00,641.510009765625,642.4400024414062,641.4000244140625,642.4400024414062,726476,SPY,equities,5min,data/5min/spy_5m.csv
2026-03-31 16:25:00+00:00,642.4349975585938,642.6300048828125,641.9688110351562,642.1199951171875,1031974,SPY,equities,5min,data/5min/spy_5m.csv
2026-03-31 16:30:00+00:00,642.1099853515625,642.1400146484375,641.7100219726562,641.9600219726562,544417,SPY,equities,5min,data/5min/spy_5m.csv
2026-03-31 16:35:00+00:00,641.9600219726562,644.9400024414062,641.6500244140625,644.8699951171875,2160077,SPY,equities,5min,data/5min/spy_5m.csv
2026-03-31 16:40:00+00:00,644.8900146484375,649.4600219726562,644.780029296875,647.0800170898438,7660251,SPY,equities,5min,data/5min/spy_5m.csv
2026-03-31 16:45:00+00:00,647.0900268554688,647.97998046875,644.9000244140625,646.3099975585938,3363498,SPY,equities,5min,data/5min/spy_5m.csv
2026-03-31 16:50:00+00:00,646.3099975585938,647.8900146484375,645.1699829101562,646.3099975585938,2676335,SPY,equities,5min,data/5min/spy_5m.csv
2026-03-31 16:55:00+00:00,646.280029296875,646.760009765625,645.510009765625,646.6400146484375,1402801,SPY,equities,5min,data/5min/spy_5m.csv
2026-03-31 17:00:00+00:00,646.6599731445312,648.5499877929688,646.5700073242188,648.0599975585938,1872404,SPY,equities,5min,data/5min/spy_5m.csv
2026-03-31 17:05:00+00:00,648.0599975585938,648.1400146484375,645.4400024414062,646.47998046875,1630121,SPY,equities,5min,data/5min/spy_5m.csv
2026-03-31 17:10:00+00:00,646.47998046875,647.5900268554688,646.2999877929688,647.489990234375,1070996,SPY,equities,5min,data/5min/spy_5m.csv
2026-03-31 17:15:00+00:00,647.5,648.510009765625,647.469970703125,648.2999877929688,975688,SPY,equities,5min,data/5min/spy_5m.csv
2026-03-31 17:20:00+00:00,648.3099975585938,648.4400024414062,647.6599731445312,647.85498046875,771442,SPY,equities,5min,data/5min/spy_5m.csv
2026-03-31 17:25:00+00:00,647.8599853515625,647.9500122070312,646.7899780273438,647.0,1201706,SPY,equities,5min,data/5min/spy_5m.csv
2026-03-31 17:30:00+00:00,647.030029296875,648.2999877929688,646.9500122070312,648.1300048828125,884269,SPY,equities,5min,data/5min/spy_5m.csv
2026-03-31 17:35:00+00:00,648.1199951171875,648.4099731445312,646.2000122070312,646.8699951171875,2867763,SPY,equities,5min,data/5min/spy_5m.csv
2026-03-31 17:40:00+00:00,646.8400268554688,647.47998046875,646.2999877929688,646.7100219726562,1372167,SPY,equities,5min,data/5min/spy_5m.csv
2026-03-31 17:45:00+00:00,646.719970703125,647.5499877929688,646.4500122070312,647.136474609375,1037735,SPY,equities,5min,data/5min/spy_5m.csv
2026-03-31 17:50:00+00:00,647.1799926757812,647.489990234375,646.8900146484375,647.2000122070312,636007,SPY,equities,5min,data/5min/spy_5m.csv
2026-03-31 17:55:00+00:00,647.2000122070312,647.22998046875,646.1400146484375,646.4149780273438,1259606,SPY,equities,5min,data/5min/spy_5m.csv
2026-03-31 18:00:00+00:00,646.4099731445312,647.6099853515625,646.3900146484375,647.0,1082244,SPY,equities,5min,data/5min/spy_5m.csv
2026-03-31 18:05:00+00:00,647.010009765625,647.9299926757812,646.97998046875,647.6599731445312,1212339,SPY,equities,5min,data/5min/spy_5m.csv
2026-03-31 18:10:00+00:00,647.6599731445312,647.7000122070312,646.8300170898438,647.489990234375,711082,SPY,equities,5min,data/5min/spy_5m.csv
2026-03-31 18:15:00+00:00,647.469970703125,648.1300048828125,647.4400024414062,647.8200073242188,969522,SPY,equities,5min,data/5min/spy_5m.csv
2026-03-31 18:20:00+00:00,647.8300170898438,647.8900146484375,647.2000122070312,647.2899780273438,548884,SPY,equities,5min,data/5min/spy_5m.csv
2026-03-31 18:25:00+00:00,647.3099975585938,648.239990234375,646.969970703125,647.7050170898438,1119319,SPY,equities,5min,data/5min/spy_5m.csv
2026-03-31 18:30:00+00:00,647.7000122070312,647.8699951171875,647.2000122070312,647.5599975585938,918069,SPY,equities,5min,data/5min/spy_5m.csv
2026-03-31 18:35:00+00:00,647.5599975585938,648.6599731445312,647.4199829101562,648.280029296875,1086448,SPY,equities,5min,data/5min/spy_5m.csv
2026-03-31 18:40:00+00:00,648.2896728515625,648.3300170898438,647.6300048828125,647.9749755859375,1008211,SPY,equities,5min,data/5min/spy_5m.csv
2026-03-31 18:45:00+00:00,647.989990234375,648.7050170898438,647.8900146484375,648.3193969726562,1454868,SPY,equities,5min,data/5min/spy_5m.csv
2026-03-31 18:50:00+00:00,648.3300170898438,648.9000244140625,648.2899780273438,648.6799926757812,926126,SPY,equities,5min,data/5min/spy_5m.csv
2026-03-31 18:55:00+00:00,648.6799926757812,648.8800048828125,648.510009765625,648.6400146484375,654743,SPY,equities,5min,data/5min/spy_5m.csv
2026-03-31 19:00:00+00:00,648.6400146484375,649.1699829101562,648.5775146484375,648.940185546875,806216,SPY,equities,5min,data/5min/spy_5m.csv
2026-03-31 19:05:00+00:00,648.9400024414062,648.9600219726562,648.0,648.2999877929688,1387707,SPY,equities,5min,data/5min/spy_5m.csv
2026-03-31 19:10:00+00:00,648.2899780273438,649.22998046875,648.260009765625,649.0700073242188,2015070,SPY,equities,5min,data/5min/spy_5m.csv
2026-03-31 19:15:00+00:00,649.0800170898438,649.6400146484375,648.9500122070312,649.25,1230140,SPY,equities,5min,data/5min/spy_5m.csv
2026-03-31 19:20:00+00:00,649.2520141601562,649.9099731445312,649.1699829101562,649.6199951171875,1300723,SPY,equities,5min,data/5min/spy_5m.csv
2026-03-31 19:25:00+00:00,649.6199951171875,649.6699829101562,649.1500244140625,649.4019775390625,1492247,SPY,equities,5min,data/5min/spy_5m.csv
2026-03-31 19:30:00+00:00,649.4199829101562,650.02001953125,649.3499755859375,649.7100219726562,1425123,SPY,equities,5min,data/5min/spy_5m.csv
2026-03-31 19:35:00+00:00,649.719970703125,650.6099853515625,649.6599731445312,650.4500122070312,2283949,SPY,equities,5min,data/5min/spy_5m.csv
2026-03-31 19:40:00+00:00,650.4600219726562,650.6099853515625,649.8350219726562,650.177978515625,1884115,SPY,equities,5min,data/5min/spy_5m.csv
2026-03-31 19:45:00+00:00,650.1699829101562,651.0499877929688,649.969970703125,650.8699951171875,2917661,SPY,equities,5min,data/5min/spy_5m.csv
2026-03-31 19:50:00+00:00,650.8800048828125,651.5399780273438,649.6900024414062,649.905029296875,5810595,SPY,equities,5min,data/5min/spy_5m.csv
2026-03-31 19:55:00+00:00,649.9000244140625,650.739990234375,649.3200073242188,650.239990234375,10625849,SPY,equities,5min,data/5min/spy_5m.csv
2026-04-01 13:30:00+00:00,653.9000244140625,655.4199829101562,653.489990234375,654.989990234375,9247983,SPY,equities,5min,data/5min/spy_5m.csv
2026-04-01 13:35:00+00:00,654.97998046875,656.0499877929688,654.5800170898438,655.8350219726562,1885738,SPY,equities,5min,data/5min/spy_5m.csv
2026-04-01 13:40:00+00:00,655.839111328125,655.8599853515625,653.3599853515625,653.969970703125,2491018,SPY,equities,5min,data/5min/spy_5m.csv
2026-04-01 13:45:00+00:00,653.9500122070312,654.489990234375,653.0,653.22998046875,1946245,SPY,equities,5min,data/5min/spy_5m.csv
2026-04-01 13:50:00+00:00,653.22998046875,654.8590087890625,653.02001953125,653.9299926757812,1541117,SPY,equities,5min,data/5min/spy_5m.csv
2026-04-01 13:55:00+00:00,653.9500122070312,654.5800170898438,653.6500244140625,654.2899780273438,873557,SPY,equities,5min,data/5min/spy_5m.csv
2026-04-01 14:00:00+00:00,654.2999877929688,655.1799926757812,653.8900146484375,654.6500244140625,1234742,SPY,equities,5min,data/5min/spy_5m.csv
2026-04-01 14:05:00+00:00,654.6699829101562,655.280029296875,653.9600219726562,654.7999877929688,1138587,SPY,equities,5min,data/5min/spy_5m.csv
2026-04-01 14:10:00+00:00,654.7899780273438,654.9199829101562,654.0,654.5900268554688,1009984,SPY,equities,5min,data/5min/spy_5m.csv
2026-04-01 14:15:00+00:00,654.5599975585938,655.02001953125,654.2399291992188,654.72998046875,766692,SPY,equities,5min,data/5min/spy_5m.csv
2026-04-01 14:20:00+00:00,654.719970703125,655.469970703125,654.239990234375,654.6199951171875,1323801,SPY,equities,5min,data/5min/spy_5m.csv
2026-04-01 14:25:00+00:00,654.5999755859375,655.0900268554688,654.3499755859375,655.030029296875,1237590,SPY,equities,5min,data/5min/spy_5m.csv
2026-04-01 14:30:00+00:00,655.030029296875,655.594970703125,654.4199829101562,654.530029296875,1218855,SPY,equities,5min,data/5min/spy_5m.csv
2026-04-01 14:35:00+00:00,654.530029296875,656.2899780273438,653.5800170898438,655.489990234375,1645496,SPY,equities,5min,data/5min/spy_5m.csv
2026-04-01 14:40:00+00:00,655.489990234375,656.0399780273438,654.5,655.6500244140625,1319600,SPY,equities,5min,data/5min/spy_5m.csv
2026-04-01 14:45:00+00:00,655.6400146484375,656.3599853515625,655.02001953125,656.1799926757812,885427,SPY,equities,5min,data/5min/spy_5m.csv
2026-04-01 14:50:00+00:00,656.1900024414062,656.8499755859375,655.739990234375,656.52197265625,1015825,SPY,equities,5min,data/5min/spy_5m.csv
2026-04-01 14:55:00+00:00,656.52001953125,656.77001953125,656.1710205078125,656.5,1425345,SPY,equities,5min,data/5min/spy_5m.csv
2026-04-01 15:00:00+00:00,656.5,656.9299926757812,656.3099975585938,656.5800170898438,1028840,SPY,equities,5min,data/5min/spy_5m.csv
2026-04-01 15:05:00+00:00,656.5850219726562,657.0700073242188,656.3699951171875,656.969970703125,789690,SPY,equities,5min,data/5min/spy_5m.csv
2026-04-01 15:10:00+00:00,656.969970703125,657.010009765625,656.52001953125,656.6099853515625,775601,SPY,equities,5min,data/5min/spy_5m.csv
2026-04-01 15:15:00+00:00,656.6199951171875,656.9400024414062,656.469970703125,656.9400024414062,589429,SPY,equities,5min,data/5min/spy_5m.csv
2026-04-01 15:20:00+00:00,656.905029296875,657.030029296875,656.489990234375,656.6749877929688,601888,SPY,equities,5min,data/5min/spy_5m.csv
2026-04-01 15:25:00+00:00,656.6699829101562,656.9400024414062,656.3300170898438,656.3300170898438,744043,SPY,equities,5min,data/5min/spy_5m.csv
2026-04-01 15:30:00+00:00,656.3300170898438,656.6599731445312,655.9299926757812,656.5050048828125,834219,SPY,equities,5min,data/5min/spy_5m.csv
2026-04-01 15:35:00+00:00,656.510009765625,657.3400268554688,656.469970703125,657.0996704101562,812488,SPY,equities,5min,data/5min/spy_5m.csv
2026-04-01 15:40:00+00:00,657.0900268554688,657.280029296875,656.6699829101562,657.2100219726562,484886,SPY,equities,5min,data/5min/spy_5m.csv
2026-04-01 15:45:00+00:00,657.219970703125,657.47998046875,657.02001953125,657.2100219726562,569006,SPY,equities,5min,data/5min/spy_5m.csv
2026-04-01 15:50:00+00:00,657.2100219726562,657.6099853515625,657.0499877929688,657.5,512289,SPY,equities,5min,data/5min/spy_5m.csv
2026-04-01 15:55:00+00:00,657.4949951171875,658.094970703125,657.469970703125,657.8200073242188,1194926,SPY,equities,5min,data/5min/spy_5m.csv
2026-04-01 16:00:00+00:00,657.8150024414062,658.0,657.5999755859375,657.9000244140625,610841,SPY,equities,5min,data/5min/spy_5m.csv
2026-04-01 16:05:00+00:00,657.9099731445312,658.089599609375,657.6699829101562,657.9749755859375,501351,SPY,equities,5min,data/5min/spy_5m.csv
2026-04-01 16:10:00+00:00,657.989990234375,658.0150146484375,657.4400024414062,657.5599975585938,894945,SPY,equities,5min,data/5min/spy_5m.csv
2026-04-01 16:15:00+00:00,657.5700073242188,657.9199829101562,657.4000244140625,657.8250122070312,607750,SPY,equities,5min,data/5min/spy_5m.csv
2026-04-01 16:20:00+00:00,657.8300170898438,657.8300170898438,657.4099731445312,657.4199829101562,594176,SPY,equities,5min,data/5min/spy_5m.csv
2026-04-01 16:25:00+00:00,657.4299926757812,657.5800170898438,657.1199951171875,657.1749877929688,687313,SPY,equities,5min,data/5min/spy_5m.csv
2026-04-01 16:30:00+00:00,657.1849975585938,657.4400024414062,656.8400268554688,657.4299926757812,913747,SPY,equities,5min,data/5min/spy_5m.csv
2026-04-01 16:35:00+00:00,657.4299926757812,657.739990234375,657.4299926757812,657.5900268554688,474282,SPY,equities,5min,data/5min/spy_5m.csv
2026-04-01 16:40:00+00:00,657.5800170898438,657.9199829101562,657.5349731445312,657.8699951171875,473305,SPY,equities,5min,data/5min/spy_5m.csv
2026-04-01 16:45:00+00:00,657.8699951171875,657.9299926757812,657.5850219726562,657.75,432545,SPY,equities,5min,data/5min/spy_5m.csv
2026-04-01 16:50:00+00:00,657.739990234375,657.9299926757812,657.6900024414062,657.8499755859375,376494,SPY,equities,5min,data/5min/spy_5m.csv
2026-04-01 16:55:00+00:00,657.8400268554688,657.969970703125,657.6699829101562,657.8099975585938,397503,SPY,equities,5min,data/5min/spy_5m.csv
2026-04-01 17:00:00+00:00,657.8200073242188,658.3800048828125,657.7000732421875,658.3099975585938,1482147,SPY,equities,5min,data/5min/spy_5m.csv
2026-04-01 17:05:00+00:00,658.2999877929688,658.4949951171875,658.2199096679688,658.3200073242188,489305,SPY,equities,5min,data/5min/spy_5m.csv
2026-04-01 17:10:00+00:00,658.3200073242188,658.4849853515625,658.2105102539062,658.35498046875,345535,SPY,equities,5min,data/5min/spy_5m.csv
2026-04-01 17:15:00+00:00,658.3599853515625,658.4299926757812,658.1400146484375,658.3250122070312,465458,SPY,equities,5min,data/5min/spy_5m.csv
2026-04-01 17:20:00+00:00,658.3300170898438,658.52001953125,658.2249755859375,658.4450073242188,440023,SPY,equities,5min,data/5min/spy_5m.csv
2026-04-01 17:25:00+00:00,658.4500122070312,658.4600219726562,658.239990234375,658.2999877929688,440384,SPY,equities,5min,data/5min/spy_5m.csv
2026-04-01 17:30:00+00:00,658.3099975585938,658.4400024414062,657.9000244140625,657.9349975585938,542455,SPY,equities,5min,data/5min/spy_5m.csv
2026-04-01 17:35:00+00:00,657.9400024414062,658.22998046875,657.7999267578125,658.0800170898438,550298,SPY,equities,5min,data/5min/spy_5m.csv
2026-04-01 17:40:00+00:00,658.0800170898438,658.25,657.72998046875,657.9000244140625,423899,SPY,equities,5min,data/5min/spy_5m.csv
2026-04-01 17:45:00+00:00,657.9000244140625,658.0269775390625,657.5250244140625,657.625,546837,SPY,equities,5min,data/5min/spy_5m.csv
2026-04-01 17:50:00+00:00,657.6300048828125,657.7949829101562,657.4299926757812,657.5499877929688,541905,SPY,equities,5min,data/5min/spy_5m.csv
2026-04-01 17:55:00+00:00,657.5499877929688,657.64501953125,656.77001953125,656.7899780273438,1032720,SPY,equities,5min,data/5min/spy_5m.csv
2026-04-01 18:00:00+00:00,656.7899780273438,656.9400024414062,655.655029296875,655.9600219726562,1750532,SPY,equities,5min,data/5min/spy_5m.csv
2026-04-01 18:05:00+00:00,655.9500122070312,656.4000244140625,655.8499755859375,656.1098022460938,934794,SPY,equities,5min,data/5min/spy_5m.csv
2026-04-01 18:10:00+00:00,656.0999755859375,656.3900146484375,655.8800048828125,655.905029296875,1005832,SPY,equities,5min,data/5min/spy_5m.csv
2026-04-01 18:15:00+00:00,655.9000244140625,655.9000244140625,654.5399780273438,654.9749755859375,1366746,SPY,equities,5min,data/5min/spy_5m.csv
2026-04-01 18:20:00+00:00,654.97998046875,655.22998046875,653.9099731445312,654.1300048828125,1328568,SPY,equities,5min,data/5min/spy_5m.csv
2026-04-01 18:25:00+00:00,654.1300048828125,654.7999877929688,653.8300170898438,654.22998046875,1289684,SPY,equities,5min,data/5min/spy_5m.csv
2026-04-01 18:30:00+00:00,654.2249755859375,654.5399780273438,653.9000244140625,654.0050048828125,1114150,SPY,equities,5min,data/5min/spy_5m.csv
2026-04-01 18:35:00+00:00,654.010009765625,654.77001953125,653.6669921875,654.4600219726562,1436769,SPY,equities,5min,data/5min/spy_5m.csv
2026-04-01 18:40:00+00:00,654.4500122070312,655.5,654.4299926757812,654.8599853515625,1276264,SPY,equities,5min,data/5min/spy_5m.csv
2026-04-01 18:45:00+00:00,654.8599853515625,654.97998046875,654.2899780273438,654.64501953125,1596761,SPY,equities,5min,data/5min/spy_5m.csv
2026-04-01 18:50:00+00:00,654.6500244140625,654.7899780273438,654.1599731445312,654.5700073242188,725423,SPY,equities,5min,data/5min/spy_5m.csv
2026-04-01 18:55:00+00:00,654.5599975585938,654.5999755859375,654.1300048828125,654.4099731445312,676012,SPY,equities,5min,data/5min/spy_5m.csv
2026-04-01 19:00:00+00:00,654.3900146484375,655.0900268554688,654.2550048828125,654.8099975585938,920526,SPY,equities,5min,data/5min/spy_5m.csv
2026-04-01 19:05:00+00:00,654.7999877929688,655.3643188476562,654.7949829101562,655.1699829101562,888493,SPY,equities,5min,data/5min/spy_5m.csv
2026-04-01 19:10:00+00:00,655.1699829101562,655.280029296875,654.8200073242188,655.1900024414062,729791,SPY,equities,5min,data/5min/spy_5m.csv
2026-04-01 19:15:00+00:00,655.1900024414062,655.6300048828125,654.969970703125,655.5650024414062,840451,SPY,equities,5min,data/5min/spy_5m.csv
2026-04-01 19:20:00+00:00,655.5700073242188,655.7899780273438,655.280029296875,655.6950073242188,835720,SPY,equities,5min,data/5min/spy_5m.csv
2026-04-01 19:25:00+00:00,655.6950073242188,656.340087890625,655.6699829101562,656.0999755859375,1217784,SPY,equities,5min,data/5min/spy_5m.csv
2026-04-01 19:30:00+00:00,656.0999755859375,656.3499755859375,655.6599731445312,656.02001953125,1337082,SPY,equities,5min,data/5min/spy_5m.csv
2026-04-01 19:35:00+00:00,656.0499877929688,656.3800048828125,655.739990234375,656.2100219726562,1966527,SPY,equities,5min,data/5min/spy_5m.csv
2026-04-01 19:40:00+00:00,656.219970703125,656.75,656.114990234375,656.155029296875,1064024,SPY,equities,5min,data/5min/spy_5m.csv
2026-04-01 19:45:00+00:00,656.1500244140625,656.3400268554688,655.869873046875,655.97998046875,2093720,SPY,equities,5min,data/5min/spy_5m.csv
2026-04-01 19:50:00+00:00,656.0,656.1199951171875,655.030029296875,655.260009765625,2705269,SPY,equities,5min,data/5min/spy_5m.csv
2026-04-01 19:55:00+00:00,655.25,655.510009765625,654.719970703125,655.1799926757812,4245666,SPY,equities,5min,data/5min/spy_5m.csv
2026-04-02 13:30:00+00:00,646.4199829101562,647.469970703125,646.2899780273438,647.0946044921875,4335174,SPY,equities,5min,data/5min/spy_5m.csv
2026-04-02 13:35:00+00:00,647.1199951171875,647.135009765625,645.3200073242188,645.3499755859375,1337215,SPY,equities,5min,data/5min/spy_5m.csv
2026-04-02 13:40:00+00:00,645.3499755859375,646.4600219726562,645.1099853515625,645.6900024414062,1063395,SPY,equities,5min,data/5min/spy_5m.csv
2026-04-02 13:45:00+00:00,645.7100219726562,647.4000244140625,645.4299926757812,647.0399780273438,1090083,SPY,equities,5min,data/5min/spy_5m.csv
2026-04-02 13:50:00+00:00,647.0499877929688,648.9299926757812,646.8900146484375,648.6300048828125,1175061,SPY,equities,5min,data/5min/spy_5m.csv
2026-04-02 13:55:00+00:00,648.6300048828125,649.8900146484375,648.3400268554688,649.6300048828125,1184002,SPY,equities,5min,data/5min/spy_5m.csv
2026-04-02 14:00:00+00:00,649.64501953125,650.0982055664062,648.780029296875,649.0399780273438,1473231,SPY,equities,5min,data/5min/spy_5m.csv
2026-04-02 14:05:00+00:00,649.02001953125,650.52001953125,648.5499877929688,649.8400268554688,1279942,SPY,equities,5min,data/5min/spy_5m.csv
2026-04-02 14:10:00+00:00,649.8300170898438,650.4600219726562,649.4201049804688,649.6400146484375,878001,SPY,equities,5min,data/5min/spy_5m.csv
2026-04-02 14:15:00+00:00,649.6199951171875,650.77001953125,649.520751953125,650.2999877929688,980066,SPY,equities,5min,data/5min/spy_5m.csv
2026-04-02 14:20:00+00:00,650.2899780273438,651.0999755859375,650.22998046875,650.7100219726562,948739,SPY,equities,5min,data/5min/spy_5m.csv
2026-04-02 14:25:00+00:00,650.719970703125,650.780029296875,650.010009765625,650.3400268554688,751131,SPY,equities,5min,data/5min/spy_5m.csv
2026-04-02 14:30:00+00:00,650.3499755859375,652.3800048828125,650.0999755859375,652.2000122070312,974111,SPY,equities,5min,data/5min/spy_5m.csv
2026-04-02 14:35:00+00:00,652.2100219726562,658.2000122070312,652.1699829101562,656.4500122070312,4539504,SPY,equities,5min,data/5min/spy_5m.csv
2026-04-02 14:40:00+00:00,656.4099731445312,656.6099853515625,654.3300170898438,656.0499877929688,1865682,SPY,equities,5min,data/5min/spy_5m.csv
2026-04-02 14:45:00+00:00,656.0399780273438,656.2899780273438,654.0700073242188,654.1199951171875,1272764,SPY,equities,5min,data/5min/spy_5m.csv
2026-04-02 14:50:00+00:00,654.1300048828125,654.969970703125,653.3699951171875,654.7050170898438,1064986,SPY,equities,5min,data/5min/spy_5m.csv
2026-04-02 14:55:00+00:00,654.6900024414062,656.0,654.5999755859375,655.3900146484375,735858,SPY,equities,5min,data/5min/spy_5m.csv
2026-04-02 15:00:00+00:00,655.3900146484375,655.47998046875,653.8200073242188,655.010009765625,1022709,SPY,equities,5min,data/5min/spy_5m.csv
2026-04-02 15:05:00+00:00,654.989990234375,655.1500244140625,654.0800170898438,654.843017578125,625550,SPY,equities,5min,data/5min/spy_5m.csv
2026-04-02 15:10:00+00:00,654.8499755859375,655.9299926757812,654.5999755859375,655.25,632741,SPY,equities,5min,data/5min/spy_5m.csv
2026-04-02 15:15:00+00:00,655.26123046875,655.780029296875,654.6900024414062,655.1900024414062,706186,SPY,equities,5min,data/5min/spy_5m.csv
2026-04-02 15:20:00+00:00,655.1799926757812,655.22998046875,653.9199829101562,654.7000122070312,669959,SPY,equities,5min,data/5min/spy_5m.csv
2026-04-02 15:25:00+00:00,654.6799926757812,655.7100219726562,654.0,655.2899780273438,798655,SPY,equities,5min,data/5min/spy_5m.csv
2026-04-02 15:30:00+00:00,655.3200073242188,655.4199829101562,654.3200073242188,654.9656982421875,476572,SPY,equities,5min,data/5min/spy_5m.csv
2026-04-02 15:35:00+00:00,654.97998046875,655.889404296875,654.8300170898438,655.2100219726562,442483,SPY,equities,5min,data/5min/spy_5m.csv
2026-04-02 15:40:00+00:00,655.1900024414062,655.409912109375,654.260009765625,655.219970703125,459943,SPY,equities,5min,data/5min/spy_5m.csv
2026-04-02 15:45:00+00:00,655.219970703125,655.2398071289062,654.0900268554688,654.1599731445312,447248,SPY,equities,5min,data/5min/spy_5m.csv
2026-04-02 15:50:00+00:00,654.1799926757812,654.62939453125,653.0300903320312,654.469970703125,922434,SPY,equities,5min,data/5min/spy_5m.csv
2026-04-02 15:55:00+00:00,654.4500122070312,654.7550048828125,653.7630004882812,654.0,713738,SPY,equities,5min,data/5min/spy_5m.csv
2026-04-02 16:00:00+00:00,653.9849853515625,654.6699829101562,653.5900268554688,653.77001953125,421113,SPY,equities,5min,data/5min/spy_5m.csv
2026-04-02 16:05:00+00:00,653.77001953125,654.1099853515625,652.7999877929688,653.5800170898438,432507,SPY,equities,5min,data/5min/spy_5m.csv
2026-04-02 16:10:00+00:00,653.5800170898438,653.739990234375,653.030029296875,653.38818359375,346307,SPY,equities,5min,data/5min/spy_5m.csv
2026-04-02 16:15:00+00:00,653.3800048828125,653.6500244140625,652.4600219726562,652.5,521906,SPY,equities,5min,data/5min/spy_5m.csv
2026-04-02 16:20:00+00:00,652.489990234375,653.0900268554688,652.1699829101562,652.5499877929688,568159,SPY,equities,5min,data/5min/spy_5m.csv
2026-04-02 16:25:00+00:00,652.5399780273438,653.25,652.3300170898438,652.719970703125,455083,SPY,equities,5min,data/5min/spy_5m.csv
2026-04-02 16:30:00+00:00,652.7100219726562,654.0,652.52001953125,653.5700073242188,442600,SPY,equities,5min,data/5min/spy_5m.csv
2026-04-02 16:35:00+00:00,653.5599975585938,653.843994140625,652.5650024414062,653.280029296875,566358,SPY,equities,5min,data/5min/spy_5m.csv
2026-04-02 16:40:00+00:00,653.219970703125,654.9500122070312,653.2100219726562,654.22998046875,708811,SPY,equities,5min,data/5min/spy_5m.csv
2026-04-02 16:45:00+00:00,654.27001953125,654.5599975585938,653.9500122070312,654.27001953125,278319,SPY,equities,5min,data/5min/spy_5m.csv
2026-04-02 16:50:00+00:00,654.27001953125,654.5800170898438,653.8900146484375,654.3499145507812,781347,SPY,equities,5min,data/5min/spy_5m.csv
2026-04-02 16:55:00+00:00,654.3150024414062,654.3150024414062,653.5399780273438,653.5599975585938,201078,SPY,equities,5min,data/5min/spy_5m.csv
2026-04-02 17:00:00+00:00,653.5700073242188,653.9400024414062,653.030029296875,653.8099975585938,300878,SPY,equities,5min,data/5min/spy_5m.csv
2026-04-02 17:05:00+00:00,653.7899780273438,654.0,653.5,653.77001953125,175779,SPY,equities,5min,data/5min/spy_5m.csv
2026-04-02 17:10:00+00:00,653.7899780273438,654.6099853515625,653.4099731445312,654.3599853515625,256705,SPY,equities,5min,data/5min/spy_5m.csv
2026-04-02 17:15:00+00:00,654.3400268554688,655.030029296875,654.260009765625,654.6099853515625,278976,SPY,equities,5min,data/5min/spy_5m.csv
2026-04-02 17:20:00+00:00,654.5700073242188,655.0,654.4144287109375,654.8400268554688,267716,SPY,equities,5min,data/5min/spy_5m.csv
2026-04-02 17:25:00+00:00,654.8800048828125,655.0399780273438,654.5723266601562,654.6300048828125,194336,SPY,equities,5min,data/5min/spy_5m.csv
2026-04-02 17:30:00+00:00,654.6500244140625,654.75,654.1699829101562,654.2999877929688,613069,SPY,equities,5min,data/5min/spy_5m.csv
2026-04-02 17:35:00+00:00,654.2999877929688,654.35498046875,653.9500122070312,654.2899780273438,209726,SPY,equities,5min,data/5min/spy_5m.csv
2026-04-02 17:40:00+00:00,654.280029296875,654.4199829101562,653.7999877929688,654.22998046875,248873,SPY,equities,5min,data/5min/spy_5m.csv
2026-04-02 17:45:00+00:00,654.25,654.2999877929688,652.6900024414062,652.77001953125,449528,SPY,equities,5min,data/5min/spy_5m.csv
2026-04-02 17:50:00+00:00,652.760009765625,653.260009765625,652.5499877929688,653.22998046875,385707,SPY,equities,5min,data/5min/spy_5m.csv
2026-04-02 17:55:00+00:00,653.239990234375,653.4749755859375,652.8599853515625,653.210205078125,263347,SPY,equities,5min,data/5min/spy_5m.csv
2026-04-02 18:00:00+00:00,653.239990234375,653.9199829101562,653.239990234375,653.9000244140625,468835,SPY,equities,5min,data/5min/spy_5m.csv
2026-04-02 18:05:00+00:00,653.905029296875,654.4180297851562,653.719970703125,654.0097045898438,443465,SPY,equities,5min,data/5min/spy_5m.csv
2026-04-02 18:10:00+00:00,653.989990234375,654.3400268554688,653.8099975585938,653.9000244140625,424549,SPY,equities,5min,data/5min/spy_5m.csv
2026-04-02 18:15:00+00:00,653.9099731445312,654.239990234375,653.5900268554688,653.989990234375,344297,SPY,equities,5min,data/5min/spy_5m.csv
2026-04-02 18:20:00+00:00,653.97998046875,654.0900268554688,653.6599731445312,653.6699829101562,214384,SPY,equities,5min,data/5min/spy_5m.csv
2026-04-02 18:25:00+00:00,653.6599731445312,653.739990234375,653.3599853515625,653.510009765625,366261,SPY,equities,5min,data/5min/spy_5m.csv
2026-04-02 18:30:00+00:00,653.5,653.8400268554688,653.3900146484375,653.719970703125,415381,SPY,equities,5min,data/5min/spy_5m.csv
2026-04-02 18:35:00+00:00,653.6900024414062,653.8099975585938,653.4199829101562,653.5700073242188,378138,SPY,equities,5min,data/5min/spy_5m.csv
2026-04-02 18:40:00+00:00,653.5399780273438,654.5399780273438,653.52001953125,654.3400268554688,487413,SPY,equities,5min,data/5min/spy_5m.csv
2026-04-02 18:45:00+00:00,654.3099975585938,654.6500244140625,654.219970703125,654.4998779296875,492404,SPY,equities,5min,data/5min/spy_5m.csv
2026-04-02 18:50:00+00:00,654.4945068359375,655.0150146484375,654.3200073242188,654.6901245117188,637874,SPY,equities,5min,data/5min/spy_5m.csv
2026-04-02 18:55:00+00:00,654.719970703125,654.72998046875,654.3499755859375,654.4600219726562,399408,SPY,equities,5min,data/5min/spy_5m.csv
2026-04-02 19:00:00+00:00,654.4600219726562,654.8499755859375,654.3900146484375,654.530029296875,433586,SPY,equities,5min,data/5min/spy_5m.csv
2026-04-02 19:05:00+00:00,654.530029296875,654.9099731445312,654.5,654.8300170898438,427402,SPY,equities,5min,data/5min/spy_5m.csv
2026-04-02 19:10:00+00:00,654.8499755859375,655.27001953125,654.6400146484375,654.72998046875,539132,SPY,equities,5min,data/5min/spy_5m.csv
2026-04-02 19:15:00+00:00,654.739990234375,654.8599853515625,654.280029296875,654.5401000976562,623866,SPY,equities,5min,data/5min/spy_5m.csv
2026-04-02 19:20:00+00:00,654.5449829101562,654.8499755859375,654.1400146484375,654.4500122070312,2124081,SPY,equities,5min,data/5min/spy_5m.csv
2026-04-02 19:25:00+00:00,654.4500122070312,654.489990234375,654.1300048828125,654.3798828125,463039,SPY,equities,5min,data/5min/spy_5m.csv
2026-04-02 19:30:00+00:00,654.3699951171875,654.6199951171875,654.0900268554688,654.3099975585938,445079,SPY,equities,5min,data/5min/spy_5m.csv
2026-04-02 19:35:00+00:00,654.2901000976562,654.780029296875,654.280029296875,654.760009765625,492285,SPY,equities,5min,data/5min/spy_5m.csv
2026-04-02 19:40:00+00:00,654.75,655.010009765625,654.3590087890625,654.3889770507812,564221,SPY,equities,5min,data/5min/spy_5m.csv
2026-04-02 19:45:00+00:00,654.3900146484375,654.6599731445312,654.1799926757812,654.5900268554688,778658,SPY,equities,5min,data/5min/spy_5m.csv
2026-04-02 19:50:00+00:00,654.6099853515625,655.6099853515625,654.5999755859375,655.469970703125,1852755,SPY,equities,5min,data/5min/spy_5m.csv
2026-04-02 19:55:00+00:00,655.461181640625,656.0999755859375,655.3499755859375,655.8800048828125,3831162,SPY,equities,5min,data/5min/spy_5m.csv
2026-04-06 13:30:00+00:00,655.8599853515625,657.4199829101562,655.7999877929688,657.3699951171875,2579032,SPY,equities,5min,data/5min/spy_5m.csv
2026-04-06 13:35:00+00:00,657.3599853515625,657.9099731445312,655.52001953125,656.59521484375,956946,SPY,equities,5min,data/5min/spy_5m.csv
2026-04-06 13:40:00+00:00,656.5599975585938,657.2899780273438,655.8900146484375,656.7550048828125,593564,SPY,equities,5min,data/5min/spy_5m.csv
2026-04-06 13:45:00+00:00,656.760009765625,657.8400268554688,656.6900024414062,657.0800170898438,553723,SPY,equities,5min,data/5min/spy_5m.csv
2026-04-06 13:50:00+00:00,657.0999755859375,657.9500122070312,656.8599853515625,657.5750122070312,512242,SPY,equities,5min,data/5min/spy_5m.csv
2026-04-06 13:55:00+00:00,657.6099853515625,658.5499877929688,657.280029296875,658.530029296875,406501,SPY,equities,5min,data/5min/spy_5m.csv
2026-04-06 14:00:00+00:00,657.9299926757812,659.719970703125,656.3400268554688,656.4400024414062,996129,SPY,equities,5min,data/5min/spy_5m.csv
2026-04-06 14:05:00+00:00,656.4099731445312,657.219970703125,656.030029296875,657.1651000976562,826907,SPY,equities,5min,data/5min/spy_5m.csv
2026-04-06 14:10:00+00:00,657.1599731445312,658.114990234375,656.4199829101562,658.0599975585938,554697,SPY,equities,5min,data/5min/spy_5m.csv
2026-04-06 14:15:00+00:00,658.0800170898438,658.5399780273438,657.5800170898438,658.2849731445312,598174,SPY,equities,5min,data/5min/spy_5m.csv
2026-04-06 14:20:00+00:00,658.280029296875,658.97998046875,658.260009765625,658.630126953125,385918,SPY,equities,5min,data/5min/spy_5m.csv
2026-04-06 14:25:00+00:00,658.6699829101562,658.7899780273438,658.1599731445312,658.3699951171875,346483,SPY,equities,5min,data/5min/spy_5m.csv
2026-04-06 14:30:00+00:00,658.4299926757812,659.0599975585938,658.239990234375,658.4500122070312,418981,SPY,equities,5min,data/5min/spy_5m.csv
2026-04-06 14:35:00+00:00,658.469970703125,658.8800048828125,656.771484375,657.0999755859375,994120,SPY,equities,5min,data/5min/spy_5m.csv
2026-04-06 14:40:00+00:00,657.0800170898438,658.3400268554688,657.010009765625,657.6799926757812,581137,SPY,equities,5min,data/5min/spy_5m.csv
2026-04-06 14:45:00+00:00,657.6599731445312,657.6699829101562,656.6199951171875,656.7756958007812,375107,SPY,equities,5min,data/5min/spy_5m.csv
2026-04-06 14:50:00+00:00,656.8099975585938,657.5900268554688,656.760009765625,657.3200073242188,428466,SPY,equities,5min,data/5min/spy_5m.csv
2026-04-06 14:55:00+00:00,657.3400268554688,657.905029296875,656.989990234375,657.489990234375,328373,SPY,equities,5min,data/5min/spy_5m.csv
2026-04-06 15:00:00+00:00,657.510009765625,658.0399780273438,657.0900268554688,657.5399780273438,300141,SPY,equities,5min,data/5min/spy_5m.csv
2026-04-06 15:05:00+00:00,657.5399780273438,657.8300170898438,657.0900268554688,657.739990234375,471884,SPY,equities,5min,data/5min/spy_5m.csv
2026-04-06 15:10:00+00:00,657.72998046875,657.739990234375,657.0399780273438,657.4901123046875,307709,SPY,equities,5min,data/5min/spy_5m.csv
2026-04-06 15:15:00+00:00,657.52001953125,657.7100219726562,657.1400146484375,657.3455200195312,221942,SPY,equities,5min,data/5min/spy_5m.csv
2026-04-06 15:20:00+00:00,657.3599853515625,657.5700073242188,656.9149780273438,657.030029296875,199325,SPY,equities,5min,data/5min/spy_5m.csv
2026-04-06 15:25:00+00:00,657.02001953125,657.2000122070312,656.6599731445312,656.9249877929688,240086,SPY,equities,5min,data/5min/spy_5m.csv
2026-04-06 15:30:00+00:00,656.9299926757812,657.0650024414062,656.3800048828125,656.8900146484375,292973,SPY,equities,5min,data/5min/spy_5m.csv
2026-04-06 15:35:00+00:00,656.9000244140625,657.1300048828125,656.3400268554688,656.9749755859375,298831,SPY,equities,5min,data/5min/spy_5m.csv
2026-04-06 15:40:00+00:00,656.969970703125,657.1812133789062,656.7100219726562,657.0999755859375,178011,SPY,equities,5min,data/5min/spy_5m.csv
2026-04-06 15:45:00+00:00,657.0900268554688,657.5999755859375,656.9249877929688,657.4699096679688,227334,SPY,equities,5min,data/5min/spy_5m.csv
2026-04-06 15:50:00+00:00,657.469970703125,657.969970703125,657.260009765625,657.8800048828125,323719,SPY,equities,5min,data/5min/spy_5m.csv
2026-04-06 15:55:00+00:00,657.9099731445312,657.9099731445312,657.4699096679688,657.8499755859375,282269,SPY,equities,5min,data/5min/spy_5m.csv
2026-04-06 16:00:00+00:00,657.8679809570312,658.0399780273438,657.4000244140625,657.4650268554688,411248,SPY,equities,5min,data/5min/spy_5m.csv
2026-04-06 16:05:00+00:00,657.469970703125,657.75,657.280029296875,657.2899780273438,136662,SPY,equities,5min,data/5min/spy_5m.csv
2026-04-06 16:10:00+00:00,657.2999877929688,657.6900024414062,657.2000122070312,657.6192016601562,117458,SPY,equities,5min,data/5min/spy_5m.csv
2026-04-06 16:15:00+00:00,657.6500244140625,657.8200073242188,657.4099731445312,657.5800170898438,129397,SPY,equities,5min,data/5min/spy_5m.csv
2026-04-06 16:20:00+00:00,657.5800170898438,657.9000244140625,657.4100952148438,657.739990234375,191075,SPY,equities,5min,data/5min/spy_5m.csv
2026-04-06 16:25:00+00:00,657.719970703125,658.0,657.630126953125,657.793212890625,113808,SPY,equities,5min,data/5min/spy_5m.csv
2026-04-06 16:30:00+00:00,657.780029296875,658.0700073242188,657.5800170898438,657.989990234375,151968,SPY,equities,5min,data/5min/spy_5m.csv
2026-04-06 16:35:00+00:00,658.0,658.510009765625,657.9000244140625,658.1400146484375,343486,SPY,equities,5min,data/5min/spy_5m.csv
2026-04-06 16:40:00+00:00,658.1300048828125,658.3300170898438,657.9400024414062,658.2650146484375,208066,SPY,equities,5min,data/5min/spy_5m.csv
2026-04-06 16:45:00+00:00,658.280029296875,658.4600219726562,658.1400146484375,658.3499755859375,223493,SPY,equities,5min,data/5min/spy_5m.csv
2026-04-06 16:50:00+00:00,658.3699951171875,658.4625854492188,656.8800048828125,658.010009765625,436809,SPY,equities,5min,data/5min/spy_5m.csv
2026-04-06 16:55:00+00:00,658.030029296875,658.1099853515625,657.6300048828125,657.9299926757812,240692,SPY,equities,5min,data/5min/spy_5m.csv
2026-04-06 17:00:00+00:00,657.9299926757812,657.989990234375,656.8150024414062,657.3300170898438,394219,SPY,equities,5min,data/5min/spy_5m.csv
2026-04-06 17:05:00+00:00,657.3400268554688,657.47998046875,656.9199829101562,657.260009765625,275659,SPY,equities,5min,data/5min/spy_5m.csv
2026-04-06 17:10:00+00:00,657.280029296875,657.3099975585938,655.52001953125,656.0399780273438,743659,SPY,equities,5min,data/5min/spy_5m.csv
2026-04-06 17:15:00+00:00,656.0499877929688,656.760009765625,655.8300170898438,656.47998046875,468682,SPY,equities,5min,data/5min/spy_5m.csv
2026-04-06 17:20:00+00:00,656.4600219726562,657.280029296875,656.031005859375,657.2550048828125,296819,SPY,equities,5min,data/5min/spy_5m.csv
2026-04-06 17:25:00+00:00,657.260009765625,657.5700073242188,656.97998046875,657.3900756835938,287597,SPY,equities,5min,data/5min/spy_5m.csv
2026-04-06 17:30:00+00:00,657.4099731445312,658.0,657.1599731445312,657.4199829101562,355812,SPY,equities,5min,data/5min/spy_5m.csv
2026-04-06 17:35:00+00:00,657.4199829101562,657.7100219726562,657.0599975585938,657.2100219726562,230526,SPY,equities,5min,data/5min/spy_5m.csv
2026-04-06 17:40:00+00:00,657.1900024414062,657.239990234375,656.8098754882812,657.1300048828125,271766,SPY,equities,5min,data/5min/spy_5m.csv
2026-04-06 17:45:00+00:00,657.1199951171875,657.1199951171875,656.6015014648438,656.8300170898438,1205387,SPY,equities,5min,data/5min/spy_5m.csv
2026-04-06 17:50:00+00:00,656.8300170898438,656.97998046875,656.4500732421875,656.60498046875,251076,SPY,equities,5min,data/5min/spy_5m.csv
2026-04-06 17:55:00+00:00,656.614990234375,656.8800048828125,656.4299926757812,656.469970703125,304577,SPY,equities,5min,data/5min/spy_5m.csv
2026-04-06 18:00:00+00:00,656.5,656.6300048828125,656.219970703125,656.3300170898438,285150,SPY,equities,5min,data/5min/spy_5m.csv
2026-04-06 18:05:00+00:00,656.3099975585938,656.8699951171875,656.3001098632812,656.7449951171875,198560,SPY,equities,5min,data/5min/spy_5m.csv
2026-04-06 18:10:00+00:00,656.72998046875,657.8699951171875,656.719970703125,657.3400268554688,534919,SPY,equities,5min,data/5min/spy_5m.csv
2026-04-06 18:15:00+00:00,657.3699951171875,658.1300048828125,657.280029296875,657.9650268554688,335652,SPY,equities,5min,data/5min/spy_5m.csv
2026-04-06 18:20:00+00:00,657.9600219726562,658.6500244140625,657.7999877929688,658.360107421875,461839,SPY,equities,5min,data/5min/spy_5m.csv
2026-04-06 18:25:00+00:00,658.3900146484375,658.6199951171875,657.8699951171875,658.239990234375,475398,SPY,equities,5min,data/5min/spy_5m.csv
2026-04-06 18:30:00+00:00,658.22998046875,658.5223999023438,657.72998046875,657.9600219726562,350382,SPY,equities,5min,data/5min/spy_5m.csv
2026-04-06 18:35:00+00:00,657.9299926757812,658.22998046875,657.8800048828125,657.8900756835938,91657,SPY,equities,5min,data/5min/spy_5m.csv
2026-04-06 18:40:00+00:00,657.9299926757812,657.989990234375,657.739990234375,657.9000244140625,672512,SPY,equities,5min,data/5min/spy_5m.csv
2026-04-06 18:45:00+00:00,657.89990234375,658.280029296875,657.8599853515625,658.1298828125,201787,SPY,equities,5min,data/5min/spy_5m.csv
2026-04-06 18:50:00+00:00,658.1300048828125,658.3900146484375,658.10498046875,658.280029296875,224285,SPY,equities,5min,data/5min/spy_5m.csv
2026-04-06 18:55:00+00:00,658.27001953125,658.4099731445312,658.22998046875,658.2899780273438,209735,SPY,equities,5min,data/5min/spy_5m.csv
2026-04-06 19:00:00+00:00,658.3200073242188,658.3701171875,658.1207275390625,658.3701171875,282855,SPY,equities,5min,data/5min/spy_5m.csv
2026-04-06 19:05:00+00:00,658.3800048828125,658.4199829101562,657.9099731445312,657.97998046875,263571,SPY,equities,5min,data/5min/spy_5m.csv
2026-04-06 19:10:00+00:00,657.97998046875,658.2199096679688,657.8599853515625,658.1300048828125,325815,SPY,equities,5min,data/5min/spy_5m.csv
2026-04-06 19:15:00+00:00,658.1348876953125,658.1900024414062,657.8699951171875,658.0499877929688,358348,SPY,equities,5min,data/5min/spy_5m.csv
2026-04-06 19:20:00+00:00,658.0599975585938,658.2899780273438,657.8900146484375,657.9700927734375,284745,SPY,equities,5min,data/5min/spy_5m.csv
2026-04-06 19:25:00+00:00,657.9749755859375,658.1599731445312,657.8599853515625,657.880126953125,263543,SPY,equities,5min,data/5min/spy_5m.csv
2026-04-06 19:30:00+00:00,657.8800048828125,658.1895141601562,657.8099975585938,658.0999755859375,299320,SPY,equities,5min,data/5min/spy_5m.csv
2026-04-06 19:35:00+00:00,658.1099853515625,658.27001953125,658.02001953125,658.1099853515625,383487,SPY,equities,5min,data/5min/spy_5m.csv
2026-04-06 19:40:00+00:00,658.1099853515625,658.2899780273438,657.8300170898438,658.27001953125,398508,SPY,equities,5min,data/5min/spy_5m.csv
2026-04-06 19:45:00+00:00,658.239990234375,658.780029296875,658.2100219726562,658.72998046875,1203274,SPY,equities,5min,data/5min/spy_5m.csv
2026-04-06 19:50:00+00:00,658.739990234375,658.9000244140625,658.280029296875,658.2999877929688,1443612,SPY,equities,5min,data/5min/spy_5m.csv
2026-04-06 19:55:00+00:00,658.3099975585938,658.9199829101562,658.0700073242188,658.8699951171875,1534663,SPY,equities,5min,data/5min/spy_5m.csv
2026-04-07 13:30:00+00:00,656.6500244140625,657.5800170898438,655.6599731445312,655.739990234375,4179834,SPY,equities,5min,data/5min/spy_5m.csv
2026-04-07 13:35:00+00:00,655.719970703125,656.3488159179688,655.1400146484375,655.239990234375,861898,SPY,equities,5min,data/5min/spy_5m.csv
2026-04-07 13:40:00+00:00,655.1900024414062,655.6599731445312,654.8599853515625,654.97998046875,565117,SPY,equities,5min,data/5min/spy_5m.csv
2026-04-07 13:45:00+00:00,655.010009765625,655.2050170898438,654.1599731445312,654.5800170898438,725807,SPY,equities,5min,data/5min/spy_5m.csv
2026-04-07 13:50:00+00:00,654.5999755859375,655.760009765625,654.280029296875,655.719970703125,554853,SPY,equities,5min,data/5min/spy_5m.csv
2026-04-07 13:55:00+00:00,655.719970703125,655.9686279296875,654.010009765625,654.0499877929688,556793,SPY,equities,5min,data/5min/spy_5m.csv
2026-04-07 14:00:00+00:00,654.0311889648438,654.219970703125,653.3200073242188,653.5050048828125,935954,SPY,equities,5min,data/5min/spy_5m.csv
2026-04-07 14:05:00+00:00,653.5,653.510009765625,651.9199829101562,652.3699951171875,1134955,SPY,equities,5min,data/5min/spy_5m.csv
2026-04-07 14:10:00+00:00,652.3699951171875,652.8800048828125,652.2899780273438,652.755126953125,751600,SPY,equities,5min,data/5min/spy_5m.csv
2026-04-07 14:15:00+00:00,652.739990234375,653.4600219726562,652.6400146484375,653.27001953125,984083,SPY,equities,5min,data/5min/spy_5m.csv
2026-04-07 14:20:00+00:00,653.260009765625,654.780029296875,653.2391967773438,654.5,943211,SPY,equities,5min,data/5min/spy_5m.csv
2026-04-07 14:25:00+00:00,654.489990234375,654.5499877929688,653.72998046875,654.4000244140625,708911,SPY,equities,5min,data/5min/spy_5m.csv
2026-04-07 14:30:00+00:00,654.4500122070312,655.3400268554688,653.8599853515625,654.6400146484375,819412,SPY,equities,5min,data/5min/spy_5m.csv
2026-04-07 14:35:00+00:00,654.6500244140625,654.9099731445312,654.0399780273438,654.3699951171875,707314,SPY,equities,5min,data/5min/spy_5m.csv
2026-04-07 14:40:00+00:00,654.3900146484375,654.5700073242188,653.7598876953125,654.0900268554688,577544,SPY,equities,5min,data/5min/spy_5m.csv
2026-04-07 14:45:00+00:00,654.0499877929688,655.1400146484375,653.8099975585938,654.280029296875,652227,SPY,equities,5min,data/5min/spy_5m.csv
2026-04-07 14:50:00+00:00,653.8099975585938,654.1298828125,653.3800048828125,653.8049926757812,580886,SPY,equities,5min,data/5min/spy_5m.csv
2026-04-07 14:55:00+00:00,653.75,653.75,652.5499877929688,652.5999755859375,792291,SPY,equities,5min,data/5min/spy_5m.csv
2026-04-07 15:00:00+00:00,652.5800170898438,652.6900024414062,651.739990234375,651.8668823242188,1040356,SPY,equities,5min,data/5min/spy_5m.csv
2026-04-07 15:05:00+00:00,651.8599853515625,651.8599853515625,651.0599975585938,651.4299926757812,870489,SPY,equities,5min,data/5min/spy_5m.csv
2026-04-07 15:10:00+00:00,651.4199829101562,652.489990234375,651.4199829101562,652.0700073242188,989798,SPY,equities,5min,data/5min/spy_5m.csv
2026-04-07 15:15:00+00:00,652.0599975585938,653.8599853515625,651.8200073242188,653.0150146484375,1570385,SPY,equities,5min,data/5min/spy_5m.csv
2026-04-07 15:20:00+00:00,653.0250244140625,653.0800170898438,652.3900146484375,652.4249877929688,360635,SPY,equities,5min,data/5min/spy_5m.csv
2026-04-07 15:25:00+00:00,652.4199829101562,653.3099975585938,652.4099731445312,653.2550048828125,301737,SPY,equities,5min,data/5min/spy_5m.csv
2026-04-07 15:30:00+00:00,653.260009765625,653.5180053710938,652.75,653.260009765625,344250,SPY,equities,5min,data/5min/spy_5m.csv
2026-04-07 15:35:00+00:00,653.22998046875,653.72998046875,652.7999877929688,653.0200805664062,450180,SPY,equities,5min,data/5min/spy_5m.csv
2026-04-07 15:40:00+00:00,653.02001953125,653.1699829101562,652.5700073242188,652.6799926757812,954824,SPY,equities,5min,data/5min/spy_5m.csv
2026-04-07 15:45:00+00:00,652.72998046875,653.2299194335938,652.6099853515625,652.9909057617188,153660,SPY,equities,5min,data/5min/spy_5m.csv
2026-04-07 15:50:00+00:00,653.0,653.4199829101562,652.6400146484375,653.3099975585938,316673,SPY,equities,5min,data/5min/spy_5m.csv
2026-04-07 15:55:00+00:00,653.2999877929688,654.4000244140625,653.1699829101562,653.8099975585938,752848,SPY,equities,5min,data/5min/spy_5m.csv
2026-04-07 16:00:00+00:00,653.8200073242188,657.0,653.8099975585938,655.4299926757812,1668123,SPY,equities,5min,data/5min/spy_5m.csv
2026-04-07 16:05:00+00:00,655.4099731445312,655.7000122070312,654.6799926757812,654.780029296875,593795,SPY,equities,5min,data/5min/spy_5m.csv
2026-04-07 16:10:00+00:00,654.77001953125,655.4600219726562,654.7000122070312,655.1799926757812,254521,SPY,equities,5min,data/5min/spy_5m.csv
2026-04-07 16:15:00+00:00,655.1699829101562,655.5399780273438,654.9199829101562,655.1799926757812,265046,SPY,equities,5min,data/5min/spy_5m.csv
2026-04-07 16:20:00+00:00,655.1699829101562,656.5399780273438,654.8499755859375,655.8099975585938,804016,SPY,equities,5min,data/5min/spy_5m.csv
2026-04-07 16:25:00+00:00,655.7999877929688,656.4199829101562,655.5900268554688,655.9199829101562,498141,SPY,equities,5min,data/5min/spy_5m.csv
2026-04-07 16:30:00+00:00,655.8900146484375,656.280029296875,655.6163940429688,656.2349853515625,307678,SPY,equities,5min,data/5min/spy_5m.csv
2026-04-07 16:35:00+00:00,656.239990234375,656.3099975585938,655.3400268554688,655.5999755859375,289202,SPY,equities,5min,data/5min/spy_5m.csv
2026-04-07 16:40:00+00:00,655.5999145507812,656.0800170898438,655.4500122070312,656.0800170898438,210872,SPY,equities,5min,data/5min/spy_5m.csv
2026-04-07 16:45:00+00:00,656.0499877929688,656.8699951171875,656.0499877929688,656.47998046875,307972,SPY,equities,5min,data/5min/spy_5m.csv
2026-04-07 16:50:00+00:00,656.469970703125,656.8300170898438,656.301025390625,656.5399780273438,238439,SPY,equities,5min,data/5min/spy_5m.csv
2026-04-07 16:55:00+00:00,656.530029296875,656.530029296875,656.010009765625,656.0399780273438,256307,SPY,equities,5min,data/5min/spy_5m.csv
2026-04-07 17:00:00+00:00,656.0499877929688,656.8800048828125,655.760009765625,656.6400146484375,494565,SPY,equities,5min,data/5min/spy_5m.csv
2026-04-07 17:05:00+00:00,656.6400146484375,656.8499755859375,656.3400268554688,656.4650268554688,154311,SPY,equities,5min,data/5min/spy_5m.csv
2026-04-07 17:10:00+00:00,656.4559936523438,656.6500244140625,656.1400756835938,656.25,152304,SPY,equities,5min,data/5min/spy_5m.csv
2026-04-07 17:15:00+00:00,656.239990234375,656.4628295898438,655.8900146484375,656.0599975585938,231331,SPY,equities,5min,data/5min/spy_5m.csv
2026-04-07 17:20:00+00:00,656.0700073242188,656.1400146484375,655.489990234375,655.8300170898438,261134,SPY,equities,5min,data/5min/spy_5m.csv
2026-04-07 17:25:00+00:00,655.8300170898438,656.0599975585938,655.47998046875,655.8200073242188,257331,SPY,equities,5min,data/5min/spy_5m.csv
2026-04-07 17:30:00+00:00,655.8300170898438,656.8499755859375,655.5700073242188,656.72998046875,413596,SPY,equities,5min,data/5min/spy_5m.csv
2026-04-07 17:35:00+00:00,656.760009765625,658.3599853515625,656.7520141601562,657.4400024414062,880790,SPY,equities,5min,data/5min/spy_5m.csv
2026-04-07 17:40:00+00:00,657.4199829101562,657.4600219726562,656.6799926757812,656.75,362395,SPY,equities,5min,data/5min/spy_5m.csv
2026-04-07 17:45:00+00:00,656.7570190429688,656.9099731445312,656.3599853515625,656.8599853515625,225062,SPY,equities,5min,data/5min/spy_5m.csv
2026-04-07 17:50:00+00:00,656.875,657.2899780273438,656.760009765625,656.97998046875,335494,SPY,equities,5min,data/5min/spy_5m.csv
2026-04-07 17:55:00+00:00,657.0,657.0499877929688,656.47998046875,656.7249755859375,502201,SPY,equities,5min,data/5min/spy_5m.csv
2026-04-07 18:00:00+00:00,656.72998046875,657.02001953125,656.5700073242188,656.639892578125,255290,SPY,equities,5min,data/5min/spy_5m.csv
2026-04-07 18:05:00+00:00,656.635009765625,656.6400146484375,656.130126953125,656.3400268554688,232766,SPY,equities,5min,data/5min/spy_5m.csv
2026-04-07 18:10:00+00:00,656.3499755859375,656.5599975585938,656.0900268554688,656.4500122070312,217169,SPY,equities,5min,data/5min/spy_5m.csv
2026-04-07 18:15:00+00:00,656.4400024414062,656.9099731445312,656.3499755859375,656.8400268554688,235237,SPY,equities,5min,data/5min/spy_5m.csv
2026-04-07 18:20:00+00:00,656.8300170898438,656.9299926757812,656.1199951171875,656.2150268554688,308901,SPY,equities,5min,data/5min/spy_5m.csv
2026-04-07 18:25:00+00:00,656.2249755859375,656.4000244140625,656.030029296875,656.1500244140625,727603,SPY,equities,5min,data/5min/spy_5m.csv
2026-04-07 18:30:00+00:00,656.1300048828125,656.3400268554688,655.9199829101562,656.1950073242188,302839,SPY,equities,5min,data/5min/spy_5m.csv
2026-04-07 18:35:00+00:00,656.1799926757812,656.3200073242188,655.7899780273438,655.97998046875,316547,SPY,equities,5min,data/5min/spy_5m.csv
2026-04-07 18:40:00+00:00,655.9600219726562,656.0399780273438,655.1519775390625,655.489990234375,429299,SPY,equities,5min,data/5min/spy_5m.csv
2026-04-07 18:45:00+00:00,655.469970703125,655.510009765625,654.9299926757812,655.030029296875,595949,SPY,equities,5min,data/5min/spy_5m.csv
2026-04-07 18:50:00+00:00,655.02001953125,655.02001953125,654.1099853515625,654.2100219726562,650625,SPY,equities,5min,data/5min/spy_5m.csv
2026-04-07 18:55:00+00:00,654.2100219726562,654.239990234375,653.4301147460938,653.9600219726562,850511,SPY,equities,5min,data/5min/spy_5m.csv
2026-04-07 19:00:00+00:00,653.9600219726562,654.4400024414062,653.5800170898438,654.0800170898438,722545,SPY,equities,5min,data/5min/spy_5m.csv
2026-04-07 19:05:00+00:00,654.0800170898438,654.47998046875,653.4121704101562,653.7999877929688,873921,SPY,equities,5min,data/5min/spy_5m.csv
2026-04-07 19:10:00+00:00,653.7999877929688,654.5700073242188,653.75,654.4500122070312,1049797,SPY,equities,5min,data/5min/spy_5m.csv
2026-04-07 19:15:00+00:00,654.4500122070312,657.5700073242188,654.3300170898438,657.1799926757812,1454420,SPY,equities,5min,data/5min/spy_5m.csv
2026-04-07 19:20:00+00:00,657.1400146484375,658.1699829101562,656.0499877929688,656.6699829101562,1821051,SPY,equities,5min,data/5min/spy_5m.csv
2026-04-07 19:25:00+00:00,656.6599731445312,656.8900146484375,655.9299926757812,656.6599731445312,710103,SPY,equities,5min,data/5min/spy_5m.csv
2026-04-07 19:30:00+00:00,656.6500244140625,656.8099975585938,656.280029296875,656.4500122070312,666492,SPY,equities,5min,data/5min/spy_5m.csv
2026-04-07 19:35:00+00:00,656.4400024414062,656.4849853515625,655.9199829101562,656.04150390625,1511641,SPY,equities,5min,data/5min/spy_5m.csv
2026-04-07 19:40:00+00:00,656.0499877929688,657.239990234375,655.8900146484375,656.7899780273438,883987,SPY,equities,5min,data/5min/spy_5m.csv
2026-04-07 19:45:00+00:00,656.780029296875,659.2000122070312,656.4400024414062,657.719970703125,3211401,SPY,equities,5min,data/5min/spy_5m.csv
2026-04-07 19:50:00+00:00,657.75,658.8200073242188,657.7000122070312,658.41748046875,2074707,SPY,equities,5min,data/5min/spy_5m.csv
2026-04-07 19:55:00+00:00,658.4199829101562,659.5999755859375,658.3599853515625,659.260009765625,3419789,SPY,equities,5min,data/5min/spy_5m.csv
2026-04-08 13:30:00+00:00,676.3900146484375,677.0800170898438,675.3800048828125,676.0189819335938,7795786,SPY,equities,5min,data/5min/spy_5m.csv
2026-04-08 13:35:00+00:00,676.030029296875,676.2899780273438,675.2100219726562,675.4299926757812,2367856,SPY,equities,5min,data/5min/spy_5m.csv
2026-04-08 13:40:00+00:00,675.4199829101562,675.6400146484375,674.75,675.0800170898438,1893993,SPY,equities,5min,data/5min/spy_5m.csv
2026-04-08 13:45:00+00:00,675.0800170898438,676.405029296875,674.989990234375,676.0999755859375,2482286,SPY,equities,5min,data/5min/spy_5m.csv
2026-04-08 13:50:00+00:00,676.10498046875,676.10498046875,674.02001953125,674.0999755859375,1952333,SPY,equities,5min,data/5min/spy_5m.csv
2026-04-08 13:55:00+00:00,674.0900268554688,674.989990234375,673.969970703125,674.6300048828125,1364561,SPY,equities,5min,data/5min/spy_5m.csv
2026-04-08 14:00:00+00:00,674.635009765625,675.2000122070312,674.5999755859375,675.0549926757812,1124620,SPY,equities,5min,data/5min/spy_5m.csv
2026-04-08 14:05:00+00:00,675.0599975585938,675.22998046875,674.0599975585938,674.8499755859375,1341856,SPY,equities,5min,data/5min/spy_5m.csv
2026-04-08 14:10:00+00:00,674.8400268554688,675.1500244140625,674.4600219726562,674.9099731445312,686522,SPY,equities,5min,data/5min/spy_5m.csv
2026-04-08 14:15:00+00:00,674.905029296875,675.27001953125,674.239990234375,674.5999755859375,1141942,SPY,equities,5min,data/5min/spy_5m.csv
2026-04-08 14:20:00+00:00,674.6099853515625,675.1799926757812,674.5599975585938,674.719970703125,911165,SPY,equities,5min,data/5min/spy_5m.csv
2026-04-08 14:25:00+00:00,674.72998046875,674.75,674.0399780273438,674.1300048828125,1472864,SPY,equities,5min,data/5min/spy_5m.csv
2026-04-08 14:30:00+00:00,674.1300048828125,674.3499755859375,673.4600219726562,673.72998046875,1853776,SPY,equities,5min,data/5min/spy_5m.csv
2026-04-08 14:35:00+00:00,673.739990234375,673.9099731445312,673.1799926757812,673.3200073242188,1394895,SPY,equities,5min,data/5min/spy_5m.csv
2026-04-08 14:40:00+00:00,673.3209228515625,673.97998046875,673.2413940429688,673.4000244140625,870158,SPY,equities,5min,data/5min/spy_5m.csv
2026-04-08 14:45:00+00:00,673.4000244140625,673.6300048828125,672.75,673.469970703125,877829,SPY,equities,5min,data/5min/spy_5m.csv
2026-04-08 14:50:00+00:00,673.5050048828125,673.52001953125,672.6699829101562,673.0700073242188,632640,SPY,equities,5min,data/5min/spy_5m.csv
2026-04-08 14:55:00+00:00,673.0798950195312,673.0800170898438,671.4600219726562,672.8800048828125,1573527,SPY,equities,5min,data/5min/spy_5m.csv
2026-04-08 15:00:00+00:00,672.8699951171875,673.97998046875,672.8499755859375,673.6500244140625,932224,SPY,equities,5min,data/5min/spy_5m.csv
2026-04-08 15:05:00+00:00,673.64501953125,673.760009765625,672.6400146484375,672.72998046875,676377,SPY,equities,5min,data/5min/spy_5m.csv
2026-04-08 15:10:00+00:00,672.72998046875,673.3499145507812,672.4600219726562,673.1199951171875,1015690,SPY,equities,5min,data/5min/spy_5m.csv
2026-04-08 15:15:00+00:00,673.1199951171875,673.4600219726562,672.7501220703125,673.4099731445312,402644,SPY,equities,5min,data/5min/spy_5m.csv
2026-04-08 15:20:00+00:00,673.4199829101562,673.5900268554688,673.0700073242188,673.52001953125,437693,SPY,equities,5min,data/5min/spy_5m.csv
2026-04-08 15:25:00+00:00,673.510009765625,673.5499877929688,672.9600219726562,673.030029296875,508499,SPY,equities,5min,data/5min/spy_5m.csv
2026-04-08 15:30:00+00:00,673.0900268554688,673.8300170898438,673.0050048828125,673.77001953125,440009,SPY,equities,5min,data/5min/spy_5m.csv
2026-04-08 15:35:00+00:00,673.7899780273438,674.3200073242188,673.6300048828125,674.22998046875,642997,SPY,equities,5min,data/5min/spy_5m.csv
2026-04-08 15:40:00+00:00,674.219970703125,674.260009765625,673.77001953125,674.239990234375,401667,SPY,equities,5min,data/5min/spy_5m.csv
2026-04-08 15:45:00+00:00,674.239990234375,674.8699951171875,674.239990234375,674.7849731445312,1084167,SPY,equities,5min,data/5min/spy_5m.csv
2026-04-08 15:50:00+00:00,674.7899780273438,675.0800170898438,674.760009765625,674.8599853515625,509190,SPY,equities,5min,data/5min/spy_5m.csv
2026-04-08 15:55:00+00:00,674.8800048828125,675.1199951171875,674.7999877929688,674.8900146484375,579297,SPY,equities,5min,data/5min/spy_5m.csv
2026-04-08 16:00:00+00:00,674.8900146484375,675.6749877929688,674.8701171875,675.3800048828125,713085,SPY,equities,5min,data/5min/spy_5m.csv
2026-04-08 16:05:00+00:00,675.3900146484375,675.4500122070312,675.1300048828125,675.1900024414062,528698,SPY,equities,5min,data/5min/spy_5m.csv
2026-04-08 16:10:00+00:00,675.2050170898438,675.3499755859375,674.8400268554688,674.9000244140625,526928,SPY,equities,5min,data/5min/spy_5m.csv
2026-04-08 16:15:00+00:00,674.9000244140625,675.0999755859375,674.47998046875,674.8099975585938,642138,SPY,equities,5min,data/5min/spy_5m.csv
2026-04-08 16:20:00+00:00,674.8200073242188,675.0499877929688,674.5900268554688,674.8900146484375,371471,SPY,equities,5min,data/5min/spy_5m.csv
2026-04-08 16:25:00+00:00,674.9000244140625,675.1199951171875,674.77001953125,675.02001953125,475700,SPY,equities,5min,data/5min/spy_5m.csv
2026-04-08 16:30:00+00:00,675.030029296875,675.4500122070312,674.8900146484375,675.3499755859375,384666,SPY,equities,5min,data/5min/spy_5m.csv
2026-04-08 16:35:00+00:00,675.3599853515625,675.510009765625,675.2000122070312,675.5050048828125,336867,SPY,equities,5min,data/5min/spy_5m.csv
2026-04-08 16:40:00+00:00,675.510009765625,675.9000244140625,675.47998046875,675.8699951171875,418711,SPY,equities,5min,data/5min/spy_5m.csv
2026-04-08 16:45:00+00:00,675.8699951171875,676.1300048828125,675.8099975585938,675.969970703125,397743,SPY,equities,5min,data/5min/spy_5m.csv
2026-04-08 16:50:00+00:00,675.969970703125,676.1099853515625,675.842529296875,675.97998046875,443202,SPY,equities,5min,data/5min/spy_5m.csv
2026-04-08 16:55:00+00:00,675.97998046875,676.22998046875,675.97998046875,676.052978515625,423213,SPY,equities,5min,data/5min/spy_5m.csv
2026-04-08 17:00:00+00:00,676.0700073242188,676.4349975585938,676.030029296875,676.0800170898438,355590,SPY,equities,5min,data/5min/spy_5m.csv
2026-04-08 17:05:00+00:00,676.0900268554688,676.1096801757812,675.7100219726562,675.8099975585938,413376,SPY,equities,5min,data/5min/spy_5m.csv
2026-04-08 17:10:00+00:00,675.8099975585938,676.0700073242188,675.74072265625,675.8699951171875,354872,SPY,equities,5min,data/5min/spy_5m.csv
2026-04-08 17:15:00+00:00,675.864990234375,676.0800170898438,675.5499877929688,675.719970703125,440114,SPY,equities,5min,data/5min/spy_5m.csv
2026-04-08 17:20:00+00:00,675.72998046875,675.9199829101562,675.1500244140625,675.25,680121,SPY,equities,5min,data/5min/spy_5m.csv
2026-04-08 17:25:00+00:00,675.260009765625,675.4299926757812,674.77001953125,675.010009765625,683419,SPY,equities,5min,data/5min/spy_5m.csv
2026-04-08 17:30:00+00:00,675.0100708007812,675.4199829101562,674.9600219726562,675.1799926757812,520290,SPY,equities,5min,data/5min/spy_5m.csv
2026-04-08 17:35:00+00:00,675.1799926757812,675.5499877929688,674.739990234375,675.260009765625,1070473,SPY,equities,5min,data/5min/spy_5m.csv
2026-04-08 17:40:00+00:00,675.260009765625,675.6900024414062,675.1699829101562,675.5750122070312,661993,SPY,equities,5min,data/5min/spy_5m.csv
2026-04-08 17:45:00+00:00,675.5700073242188,675.77001953125,675.3499755859375,675.4100952148438,466654,SPY,equities,5min,data/5min/spy_5m.csv
2026-04-08 17:50:00+00:00,675.4299926757812,675.75,675.4299926757812,675.6300048828125,285358,SPY,equities,5min,data/5min/spy_5m.csv
2026-04-08 17:55:00+00:00,675.6300048828125,675.8900146484375,675.5700073242188,675.8099975585938,712585,SPY,equities,5min,data/5min/spy_5m.csv
2026-04-08 18:00:00+00:00,675.7999877929688,676.2449951171875,675.3599853515625,676.219970703125,1180546,SPY,equities,5min,data/5min/spy_5m.csv
2026-04-08 18:05:00+00:00,676.219970703125,676.469970703125,676.1201171875,676.4450073242188,809520,SPY,equities,5min,data/5min/spy_5m.csv
2026-04-08 18:10:00+00:00,676.4450073242188,676.469970703125,676.1300048828125,676.344970703125,531970,SPY,equities,5min,data/5min/spy_5m.csv
2026-04-08 18:15:00+00:00,676.344970703125,676.60498046875,674.3400268554688,674.8114013671875,1833819,SPY,equities,5min,data/5min/spy_5m.csv
2026-04-08 18:20:00+00:00,674.77001953125,675.9400024414062,674.5900268554688,675.0,1321929,SPY,equities,5min,data/5min/spy_5m.csv
2026-04-08 18:25:00+00:00,675.0,675.4099731445312,674.6699829101562,674.8800048828125,797920,SPY,equities,5min,data/5min/spy_5m.csv
2026-04-08 18:30:00+00:00,674.9000244140625,675.3200073242188,674.719970703125,674.844970703125,885946,SPY,equities,5min,data/5min/spy_5m.csv
2026-04-08 18:35:00+00:00,674.8400268554688,675.0499877929688,674.510009765625,674.5499877929688,648880,SPY,equities,5min,data/5min/spy_5m.csv
2026-04-08 18:40:00+00:00,674.5549926757812,674.5900268554688,673.9099731445312,674.02001953125,928642,SPY,equities,5min,data/5min/spy_5m.csv
2026-04-08 18:45:00+00:00,674.010009765625,674.3599853515625,673.760009765625,673.8294067382812,730646,SPY,equities,5min,data/5min/spy_5m.csv
2026-04-08 18:50:00+00:00,673.8250122070312,674.2000122070312,673.6699829101562,673.9000244140625,1568753,SPY,equities,5min,data/5min/spy_5m.csv
2026-04-08 18:55:00+00:00,673.9000244140625,673.9099731445312,672.8300170898438,672.9400024414062,1148392,SPY,equities,5min,data/5min/spy_5m.csv
2026-04-08 19:00:00+00:00,672.9249877929688,673.64501953125,672.780029296875,673.2944946289062,1210930,SPY,equities,5min,data/5min/spy_5m.csv
2026-04-08 19:05:00+00:00,673.2999877929688,673.8800048828125,673.0900268554688,673.6500244140625,1023327,SPY,equities,5min,data/5min/spy_5m.csv
2026-04-08 19:10:00+00:00,673.6699829101562,674.4450073242188,673.6599731445312,674.3400268554688,807447,SPY,equities,5min,data/5min/spy_5m.csv
2026-04-08 19:15:00+00:00,674.3400268554688,674.489990234375,673.6099853515625,673.7999877929688,860973,SPY,equities,5min,data/5min/spy_5m.csv
2026-04-08 19:20:00+00:00,673.8099975585938,673.9359741210938,673.3900146484375,673.8099975585938,1202910,SPY,equities,5min,data/5min/spy_5m.csv
2026-04-08 19:25:00+00:00,673.8099975585938,674.1799926757812,673.489990234375,673.5399780273438,1146285,SPY,equities,5min,data/5min/spy_5m.csv
2026-04-08 19:30:00+00:00,673.5399780273438,674.5499877929688,673.489990234375,674.5399780273438,1015716,SPY,equities,5min,data/5min/spy_5m.csv
2026-04-08 19:35:00+00:00,674.5399780273438,675.0399780273438,674.3499755859375,674.7899780273438,1618219,SPY,equities,5min,data/5min/spy_5m.csv
2026-04-08 19:40:00+00:00,674.7899780273438,674.8099975585938,674.1475219726562,674.7000122070312,1294693,SPY,equities,5min,data/5min/spy_5m.csv
2026-04-08 19:45:00+00:00,674.7000122070312,675.0999755859375,674.6599731445312,674.9600219726562,2016604,SPY,equities,5min,data/5min/spy_5m.csv
2026-04-08 19:50:00+00:00,674.969970703125,675.4299926757812,674.9199829101562,675.3099975585938,2560097,SPY,equities,5min,data/5min/spy_5m.csv
2026-04-08 19:55:00+00:00,675.3099975585938,676.0499877929688,675.0399780273438,675.8800048828125,6305960,SPY,equities,5min,data/5min/spy_5m.csv
2026-04-09 13:30:00+00:00,674.8400268554688,675.25,674.4299926757812,674.6599731445312,2470934,SPY,equities,5min,data/5min/spy_5m.csv
2026-04-09 13:35:00+00:00,674.6599731445312,675.2999877929688,674.510009765625,675.1500244140625,765275,SPY,equities,5min,data/5min/spy_5m.csv
2026-04-09 13:40:00+00:00,675.1199951171875,675.7899169921875,674.8499755859375,675.5377197265625,962509,SPY,equities,5min,data/5min/spy_5m.csv
2026-04-09 13:45:00+00:00,675.5349731445312,675.719970703125,674.9500122070312,675.4550170898438,664580,SPY,equities,5min,data/5min/spy_5m.csv
2026-04-09 13:50:00+00:00,675.4400024414062,675.4400024414062,674.6799926757812,674.8300170898438,485590,SPY,equities,5min,data/5min/spy_5m.csv
2026-04-09 13:55:00+00:00,674.8300170898438,675.3250122070312,674.6500244140625,675.27001953125,495109,SPY,equities,5min,data/5min/spy_5m.csv
2026-04-09 14:00:00+00:00,675.260009765625,675.489990234375,674.8800048828125,675.364990234375,496283,SPY,equities,5min,data/5min/spy_5m.csv
2026-04-09 14:05:00+00:00,675.3499755859375,675.6900024414062,674.9600219726562,674.9849853515625,381628,SPY,equities,5min,data/5min/spy_5m.csv
2026-04-09 14:10:00+00:00,674.969970703125,675.5,674.719970703125,674.760009765625,639246,SPY,equities,5min,data/5min/spy_5m.csv
2026-04-09 14:15:00+00:00,674.760009765625,674.760009765625,674.1599731445312,674.4000244140625,1638619,SPY,equities,5min,data/5min/spy_5m.csv
2026-04-09 14:20:00+00:00,674.4199829101562,674.7899780273438,674.27001953125,674.5798950195312,586879,SPY,equities,5min,data/5min/spy_5m.csv
2026-04-09 14:25:00+00:00,674.5700073242188,674.5900268554688,673.9299926757812,674.2949829101562,576659,SPY,equities,5min,data/5min/spy_5m.csv
2026-04-09 14:30:00+00:00,674.2899780273438,674.4000244140625,673.77001953125,674.1300048828125,925323,SPY,equities,5min,data/5min/spy_5m.csv
2026-04-09 14:35:00+00:00,674.1500244140625,674.5599975585938,673.8800048828125,674.4949951171875,760551,SPY,equities,5min,data/5min/spy_5m.csv
2026-04-09 14:40:00+00:00,674.4600219726562,674.6500244140625,674.19091796875,674.2899780273438,771983,SPY,equities,5min,data/5min/spy_5m.csv
2026-04-09 14:45:00+00:00,674.280029296875,674.875,674.239990234375,674.760009765625,528955,SPY,equities,5min,data/5min/spy_5m.csv
2026-04-09 14:50:00+00:00,674.7650146484375,675.1699829101562,674.6900024414062,675.1599731445312,447280,SPY,equities,5min,data/5min/spy_5m.csv
2026-04-09 14:55:00+00:00,675.1699829101562,675.5,674.9650268554688,675.3099975585938,868779,SPY,equities,5min,data/5min/spy_5m.csv
2026-04-09 15:00:00+00:00,675.3099975585938,675.3800048828125,674.6099853515625,674.97998046875,536144,SPY,equities,5min,data/5min/spy_5m.csv
2026-04-09 15:05:00+00:00,675.0,675.1300048828125,674.780029296875,675.010009765625,202989,SPY,equities,5min,data/5min/spy_5m.csv
2026-04-09 15:10:00+00:00,675.010009765625,675.7999877929688,675.0,675.7000122070312,725095,SPY,equities,5min,data/5min/spy_5m.csv
2026-04-09 15:15:00+00:00,675.7000122070312,676.469970703125,675.7000122070312,676.4199829101562,1115104,SPY,equities,5min,data/5min/spy_5m.csv
2026-04-09 15:20:00+00:00,676.4199829101562,676.5499877929688,676.0,676.2899780273438,910554,SPY,equities,5min,data/5min/spy_5m.csv
2026-04-09 15:25:00+00:00,676.27001953125,676.2750244140625,675.77001953125,675.9299926757812,596415,SPY,equities,5min,data/5min/spy_5m.csv
2026-04-09 15:30:00+00:00,675.9199829101562,678.0700073242188,675.72998046875,677.3699951171875,1362188,SPY,equities,5min,data/5min/spy_5m.csv
2026-04-09 15:35:00+00:00,677.3699951171875,677.9099731445312,676.75,677.239990234375,1257986,SPY,equities,5min,data/5min/spy_5m.csv
2026-04-09 15:40:00+00:00,677.219970703125,677.7999877929688,677.219970703125,677.4600219726562,645497,SPY,equities,5min,data/5min/spy_5m.csv
2026-04-09 15:45:00+00:00,677.47998046875,678.4390258789062,677.0999755859375,677.969970703125,748064,SPY,equities,5min,data/5min/spy_5m.csv
2026-04-09 15:50:00+00:00,677.969970703125,678.5499877929688,677.8499755859375,678.5349731445312,524045,SPY,equities,5min,data/5min/spy_5m.csv
2026-04-09 15:55:00+00:00,678.52001953125,678.9000244140625,678.5,678.8300170898438,638838,SPY,equities,5min,data/5min/spy_5m.csv
2026-04-09 16:00:00+00:00,678.8200073242188,680.75,678.8200073242188,680.0,1607042,SPY,equities,5min,data/5min/spy_5m.csv
2026-04-09 16:05:00+00:00,680.02001953125,680.3200073242188,679.6799926757812,679.8699951171875,651091,SPY,equities,5min,data/5min/spy_5m.csv
2026-04-09 16:10:00+00:00,679.8800048828125,680.1699829101562,679.52001953125,679.52001953125,541974,SPY,equities,5min,data/5min/spy_5m.csv
2026-04-09 16:15:00+00:00,679.5499877929688,680.3400268554688,679.4500122070312,680.280029296875,415697,SPY,equities,5min,data/5min/spy_5m.csv
2026-04-09 16:20:00+00:00,680.2999877929688,680.3900146484375,679.780029296875,679.8150024414062,520374,SPY,equities,5min,data/5min/spy_5m.csv
2026-04-09 16:25:00+00:00,679.8099975585938,680.0900268554688,679.6300048828125,679.9000244140625,405486,SPY,equities,5min,data/5min/spy_5m.csv
2026-04-09 16:30:00+00:00,679.9199829101562,680.0,679.4400024414062,679.6900024414062,412363,SPY,equities,5min,data/5min/spy_5m.csv
2026-04-09 16:35:00+00:00,679.6900024414062,679.739990234375,679.1900024414062,679.4000244140625,335705,SPY,equities,5min,data/5min/spy_5m.csv
2026-04-09 16:40:00+00:00,679.4000244140625,679.4299926757812,679.0499877929688,679.3499755859375,326529,SPY,equities,5min,data/5min/spy_5m.csv
2026-04-09 16:45:00+00:00,679.3400268554688,679.35498046875,678.969970703125,679.1591186523438,1119368,SPY,equities,5min,data/5min/spy_5m.csv
2026-04-09 16:50:00+00:00,679.1599731445312,680.0999755859375,679.1599731445312,679.9299926757812,486930,SPY,equities,5min,data/5min/spy_5m.csv
2026-04-09 16:55:00+00:00,679.9199829101562,679.969970703125,679.6900024414062,679.8699951171875,513806,SPY,equities,5min,data/5min/spy_5m.csv
2026-04-09 17:00:00+00:00,679.85498046875,680.1400146484375,679.7100219726562,680.1400146484375,339577,SPY,equities,5min,data/5min/spy_5m.csv
2026-04-09 17:05:00+00:00,680.1400146484375,680.6500244140625,679.97998046875,680.4849853515625,362159,SPY,equities,5min,data/5min/spy_5m.csv
2026-04-09 17:10:00+00:00,680.489990234375,680.719970703125,680.27001953125,680.4000244140625,530089,SPY,equities,5min,data/5min/spy_5m.csv
2026-04-09 17:15:00+00:00,680.4099731445312,681.0159912109375,680.3099975585938,680.7999267578125,633567,SPY,equities,5min,data/5min/spy_5m.csv
2026-04-09 17:20:00+00:00,680.7999877929688,680.8699951171875,680.47998046875,680.5700073242188,425795,SPY,equities,5min,data/5min/spy_5m.csv
2026-04-09 17:25:00+00:00,680.5700073242188,680.6400146484375,680.280029296875,680.2901000976562,358166,SPY,equities,5min,data/5min/spy_5m.csv
2026-04-09 17:30:00+00:00,680.2999267578125,680.2999267578125,679.6599731445312,680.2100219726562,464804,SPY,equities,5min,data/5min/spy_5m.csv
2026-04-09 17:35:00+00:00,680.2050170898438,681.0599975585938,680.1600952148438,681.0,518664,SPY,equities,5min,data/5min/spy_5m.csv
2026-04-09 17:40:00+00:00,681.0,681.1599731445312,680.5,680.64501953125,410063,SPY,equities,5min,data/5min/spy_5m.csv
2026-04-09 17:45:00+00:00,680.6500244140625,680.9400024414062,680.5599975585938,680.8099975585938,369551,SPY,equities,5min,data/5min/spy_5m.csv
2026-04-09 17:50:00+00:00,680.8099975585938,680.8099975585938,680.3400268554688,680.52001953125,269476,SPY,equities,5min,data/5min/spy_5m.csv
2026-04-09 17:55:00+00:00,680.52001953125,680.5399780273438,680.344970703125,680.5399780273438,213154,SPY,equities,5min,data/5min/spy_5m.csv
2026-04-09 18:00:00+00:00,680.5399780273438,680.6099853515625,678.6900024414062,679.1099853515625,969374,SPY,equities,5min,data/5min/spy_5m.csv
2026-04-09 18:05:00+00:00,679.1099853515625,679.8250122070312,679.0900268554688,679.47998046875,763708,SPY,equities,5min,data/5min/spy_5m.csv
2026-04-09 18:10:00+00:00,679.47998046875,679.6199951171875,678.97998046875,679.27001953125,363690,SPY,equities,5min,data/5min/spy_5m.csv
2026-04-09 18:15:00+00:00,679.27001953125,679.5800170898438,679.0700073242188,679.3099975585938,264041,SPY,equities,5min,data/5min/spy_5m.csv
2026-04-09 18:20:00+00:00,679.3400268554688,679.469970703125,678.6900024414062,678.8800048828125,474294,SPY,equities,5min,data/5min/spy_5m.csv
2026-04-09 18:25:00+00:00,678.8900146484375,679.2000122070312,678.5800170898438,678.8499755859375,530795,SPY,equities,5min,data/5min/spy_5m.csv
2026-04-09 18:30:00+00:00,678.8599853515625,679.0499877929688,678.4400024414062,678.6300048828125,321986,SPY,equities,5min,data/5min/spy_5m.csv
2026-04-09 18:35:00+00:00,678.6300048828125,679.3900146484375,678.5599975585938,679.3200073242188,449716,SPY,equities,5min,data/5min/spy_5m.csv
2026-04-09 18:40:00+00:00,679.2999877929688,679.4199829101562,678.8150024414062,679.0,516589,SPY,equities,5min,data/5min/spy_5m.csv
2026-04-09 18:45:00+00:00,678.989990234375,679.25,678.9099731445312,679.2000122070312,288606,SPY,equities,5min,data/5min/spy_5m.csv
2026-04-09 18:50:00+00:00,679.1900024414062,679.260009765625,678.780029296875,679.0599975585938,475933,SPY,equities,5min,data/5min/spy_5m.csv
2026-04-09 18:55:00+00:00,679.0599975585938,679.3099975585938,679.030029296875,679.1199951171875,411115,SPY,equities,5min,data/5min/spy_5m.csv
2026-04-09 19:00:00+00:00,679.1300048828125,679.7899780273438,678.9503173828125,679.639892578125,358275,SPY,equities,5min,data/5min/spy_5m.csv
2026-04-09 19:05:00+00:00,679.6199951171875,680.0599975585938,679.4000244140625,680.0399780273438,468109,SPY,equities,5min,data/5min/spy_5m.csv
2026-04-09 19:10:00+00:00,680.0499877929688,680.239990234375,679.9600219726562,680.02001953125,426951,SPY,equities,5min,data/5min/spy_5m.csv
2026-04-09 19:15:00+00:00,680.02001953125,680.2000122070312,679.6099853515625,679.6749877929688,471888,SPY,equities,5min,data/5min/spy_5m.csv
2026-04-09 19:20:00+00:00,679.6799926757812,679.9099731445312,679.5999755859375,679.8920288085938,378034,SPY,equities,5min,data/5min/spy_5m.csv
2026-04-09 19:25:00+00:00,679.89501953125,680.0800170898438,679.780029296875,679.9199829101562,432195,SPY,equities,5min,data/5min/spy_5m.csv
2026-04-09 19:30:00+00:00,679.9099731445312,680.6699829101562,679.8699951171875,680.27001953125,1019903,SPY,equities,5min,data/5min/spy_5m.csv
2026-04-09 19:35:00+00:00,680.27001953125,680.5599975585938,680.1199951171875,680.2849731445312,525886,SPY,equities,5min,data/5min/spy_5m.csv
2026-04-09 19:40:00+00:00,680.2849731445312,680.4600219726562,680.0,680.3800048828125,660736,SPY,equities,5min,data/5min/spy_5m.csv
2026-04-09 19:45:00+00:00,680.3800048828125,680.5499877929688,680.0599975585938,680.1199951171875,975255,SPY,equities,5min,data/5min/spy_5m.csv
2026-04-09 19:50:00+00:00,680.1199951171875,680.6699829101562,680.030029296875,680.52001953125,1372198,SPY,equities,5min,data/5min/spy_5m.csv
2026-04-09 19:55:00+00:00,680.52001953125,680.5679931640625,679.8300170898438,679.8699951171875,2427243,SPY,equities,5min,data/5min/spy_5m.csv
2026-04-10 13:30:00+00:00,681.3200073242188,681.9299926757812,680.9199829101562,680.969970703125,2475784,SPY,equities,5min,data/5min/spy_5m.csv
2026-04-10 13:35:00+00:00,680.989990234375,681.1500244140625,680.52001953125,680.739990234375,719130,SPY,equities,5min,data/5min/spy_5m.csv
2026-04-10 13:40:00+00:00,680.72998046875,681.0198974609375,680.510009765625,680.8599853515625,751607,SPY,equities,5min,data/5min/spy_5m.csv
2026-04-10 13:45:00+00:00,680.864990234375,680.97998046875,680.3300170898438,680.52001953125,732377,SPY,equities,5min,data/5min/spy_5m.csv
2026-04-10 13:50:00+00:00,680.489990234375,680.8800048828125,680.1699829101562,680.8200073242188,642171,SPY,equities,5min,data/5min/spy_5m.csv
2026-04-10 13:55:00+00:00,680.7999877929688,680.9000244140625,680.5900268554688,680.760009765625,612974,SPY,equities,5min,data/5min/spy_5m.csv
2026-04-10 14:00:00+00:00,680.75,680.760009765625,680.0280151367188,680.5787963867188,624788,SPY,equities,5min,data/5min/spy_5m.csv
2026-04-10 14:05:00+00:00,680.5700073242188,680.7899780273438,680.260009765625,680.5499877929688,335238,SPY,equities,5min,data/5min/spy_5m.csv
2026-04-10 14:10:00+00:00,680.5700073242188,681.280029296875,680.1300048828125,681.219970703125,635536,SPY,equities,5min,data/5min/spy_5m.csv
2026-04-10 14:15:00+00:00,681.219970703125,681.3699951171875,680.9337768554688,681.3300170898438,367343,SPY,equities,5min,data/5min/spy_5m.csv
2026-04-10 14:20:00+00:00,681.3400268554688,681.4299926757812,681.1099853515625,681.4199829101562,349897,SPY,equities,5min,data/5min/spy_5m.csv
2026-04-10 14:25:00+00:00,681.4299926757812,681.5700073242188,681.22998046875,681.52001953125,328614,SPY,equities,5min,data/5min/spy_5m.csv
2026-04-10 14:30:00+00:00,681.5399780273438,681.9400024414062,681.47998046875,681.5,473435,SPY,equities,5min,data/5min/spy_5m.csv
2026-04-10 14:35:00+00:00,681.510009765625,681.7100219726562,681.3599853515625,681.4299926757812,310853,SPY,equities,5min,data/5min/spy_5m.csv
2026-04-10 14:40:00+00:00,681.4299926757812,681.5399780273438,680.4199829101562,680.8900146484375,688715,SPY,equities,5min,data/5min/spy_5m.csv
2026-04-10 14:45:00+00:00,680.9199829101562,681.3400268554688,680.6500244140625,680.739990234375,500069,SPY,equities,5min,data/5min/spy_5m.csv
2026-04-10 14:50:00+00:00,680.739990234375,681.3599853515625,680.6599731445312,680.8099975585938,344495,SPY,equities,5min,data/5min/spy_5m.csv
2026-04-10 14:55:00+00:00,680.8200073242188,681.5,680.6400146484375,681.3599853515625,339840,SPY,equities,5min,data/5min/spy_5m.csv
2026-04-10 15:00:00+00:00,681.3599853515625,681.4400024414062,681.0700073242188,681.1300048828125,396720,SPY,equities,5min,data/5min/spy_5m.csv
2026-04-10 15:05:00+00:00,681.1300048828125,681.549072265625,680.880126953125,681.4299926757812,494915,SPY,equities,5min,data/5min/spy_5m.csv
2026-04-10 15:10:00+00:00,681.4201049804688,681.719970703125,681.2899780273438,681.5900268554688,412799,SPY,equities,5min,data/5min/spy_5m.csv
2026-04-10 15:15:00+00:00,681.5900268554688,681.8400268554688,681.5,681.5599975585938,254659,SPY,equities,5min,data/5min/spy_5m.csv
2026-04-10 15:20:00+00:00,681.5700073242188,682.030029296875,681.5,681.9500122070312,321634,SPY,equities,5min,data/5min/spy_5m.csv
2026-04-10 15:25:00+00:00,681.9500122070312,681.9500122070312,681.1500244140625,681.239990234375,418945,SPY,equities,5min,data/5min/spy_5m.csv
2026-04-10 15:30:00+00:00,681.22998046875,681.4500122070312,680.6900024414062,680.8400268554688,555572,SPY,equities,5min,data/5min/spy_5m.csv
2026-04-10 15:35:00+00:00,680.8699951171875,680.97998046875,680.3800048828125,680.4500122070312,491274,SPY,equities,5min,data/5min/spy_5m.csv
2026-04-10 15:40:00+00:00,680.4500122070312,680.5399780273438,680.0700073242188,680.4749755859375,438912,SPY,equities,5min,data/5min/spy_5m.csv
2026-04-10 15:45:00+00:00,680.4500122070312,680.7172241210938,680.1500244140625,680.2349853515625,381632,SPY,equities,5min,data/5min/spy_5m.csv
2026-04-10 15:50:00+00:00,680.239990234375,680.3499755859375,679.7150268554688,679.760009765625,470666,SPY,equities,5min,data/5min/spy_5m.csv
2026-04-10 15:55:00+00:00,679.760009765625,679.7899780273438,679.1199951171875,679.4600219726562,571549,SPY,equities,5min,data/5min/spy_5m.csv
2026-04-10 16:00:00+00:00,679.4600219726562,679.5700073242188,679.1300048828125,679.2899780273438,883533,SPY,equities,5min,data/5min/spy_5m.csv
2026-04-10 16:05:00+00:00,679.2899780273438,679.5700073242188,679.1099853515625,679.375,368030,SPY,equities,5min,data/5min/spy_5m.csv
2026-04-10 16:10:00+00:00,679.3599853515625,680.1099853515625,679.3400268554688,679.9400024414062,387905,SPY,equities,5min,data/5min/spy_5m.csv
2026-04-10 16:15:00+00:00,679.9400024414062,680.094970703125,679.719970703125,679.8200073242188,191898,SPY,equities,5min,data/5min/spy_5m.csv
2026-04-10 16:20:00+00:00,679.8699951171875,679.8900146484375,679.4400024414062,679.8701171875,207916,SPY,equities,5min,data/5min/spy_5m.csv
2026-04-10 16:25:00+00:00,679.8800048828125,679.8851928710938,679.3800048828125,679.52001953125,247735,SPY,equities,5min,data/5min/spy_5m.csv
2026-04-10 16:30:00+00:00,679.52001953125,679.7100219726562,679.2000732421875,679.380126953125,236316,SPY,equities,5min,data/5min/spy_5m.csv
2026-04-10 16:35:00+00:00,679.3901977539062,679.4099731445312,678.97998046875,679.0800170898438,283016,SPY,equities,5min,data/5min/spy_5m.csv
2026-04-10 16:40:00+00:00,679.0900268554688,679.1599731445312,678.5,678.6699829101562,453479,SPY,equities,5min,data/5min/spy_5m.csv
2026-04-10 16:45:00+00:00,678.6699829101562,679.25,678.6199951171875,679.219970703125,380682,SPY,equities,5min,data/5min/spy_5m.csv
2026-04-10 16:50:00+00:00,679.2100219726562,679.6799926757812,679.010009765625,679.510009765625,439084,SPY,equities,5min,data/5min/spy_5m.csv
2026-04-10 16:55:00+00:00,679.52001953125,679.5800170898438,679.3200073242188,679.489990234375,262773,SPY,equities,5min,data/5min/spy_5m.csv
2026-04-10 17:00:00+00:00,679.469970703125,679.4890747070312,678.760009765625,678.7999267578125,317270,SPY,equities,5min,data/5min/spy_5m.csv
2026-04-10 17:05:00+00:00,678.7999877929688,679.02001953125,678.6099853515625,678.9099731445312,319157,SPY,equities,5min,data/5min/spy_5m.csv
2026-04-10 17:10:00+00:00,678.9099731445312,679.1799926757812,678.6799926757812,679.0999755859375,274863,SPY,equities,5min,data/5min/spy_5m.csv
2026-04-10 17:15:00+00:00,679.1199951171875,679.2271118164062,678.7999877929688,679.010009765625,175682,SPY,equities,5min,data/5min/spy_5m.csv
2026-04-10 17:20:00+00:00,679.0250244140625,679.0399780273438,678.5900268554688,678.8200073242188,196482,SPY,equities,5min,data/5min/spy_5m.csv
2026-04-10 17:25:00+00:00,678.8200073242188,679.0900268554688,678.5900268554688,678.6701049804688,203102,SPY,equities,5min,data/5min/spy_5m.csv
2026-04-10 17:30:00+00:00,678.6500244140625,679.02001953125,678.4500122070312,678.844970703125,283046,SPY,equities,5min,data/5min/spy_5m.csv
2026-04-10 17:35:00+00:00,678.8400268554688,679.0399780273438,678.6901245117188,678.9849853515625,195699,SPY,equities,5min,data/5min/spy_5m.csv
2026-04-10 17:40:00+00:00,678.97998046875,679.25,678.77001953125,679.1749877929688,245093,SPY,equities,5min,data/5min/spy_5m.csv
2026-04-10 17:45:00+00:00,679.1799926757812,679.3099975585938,679.0999755859375,679.25,230318,SPY,equities,5min,data/5min/spy_5m.csv
2026-04-10 17:50:00+00:00,679.25,679.530029296875,679.2293701171875,679.5050048828125,305335,SPY,equities,5min,data/5min/spy_5m.csv
2026-04-10 17:55:00+00:00,679.5025024414062,679.530029296875,679.3599853515625,679.4500122070312,142715,SPY,equities,5min,data/5min/spy_5m.csv
2026-04-10 18:00:00+00:00,679.4500122070312,679.4749755859375,679.0020141601562,679.0449829101562,263970,SPY,equities,5min,data/5min/spy_5m.csv
2026-04-10 18:05:00+00:00,679.0399780273438,679.1699829101562,678.8499755859375,678.994873046875,890014,SPY,equities,5min,data/5min/spy_5m.csv
2026-04-10 18:10:00+00:00,678.989990234375,679.280029296875,678.9400024414062,679.1400146484375,183958,SPY,equities,5min,data/5min/spy_5m.csv
2026-04-10 18:15:00+00:00,679.1599731445312,679.530029296875,679.1500244140625,679.4949951171875,194815,SPY,equities,5min,data/5min/spy_5m.csv
2026-04-10 18:20:00+00:00,679.4949951171875,679.7000122070312,679.4299926757812,679.489990234375,370207,SPY,equities,5min,data/5min/spy_5m.csv
2026-04-10 18:25:00+00:00,679.4700927734375,679.5399780273438,679.3300170898438,679.4000244140625,231973,SPY,equities,5min,data/5min/spy_5m.csv
2026-04-10 18:30:00+00:00,679.4149780273438,679.4600219726562,679.1500244140625,679.3499755859375,273979,SPY,equities,5min,data/5min/spy_5m.csv
2026-04-10 18:35:00+00:00,679.3400268554688,679.4199829101562,679.1199951171875,679.219970703125,311224,SPY,equities,5min,data/5min/spy_5m.csv
2026-04-10 18:40:00+00:00,679.219970703125,679.3099975585938,678.8699951171875,679.0700073242188,276666,SPY,equities,5min,data/5min/spy_5m.csv
2026-04-10 18:45:00+00:00,679.0599975585938,679.2473754882812,679.0100708007812,679.1400146484375,184930,SPY,equities,5min,data/5min/spy_5m.csv
2026-04-10 18:50:00+00:00,679.1199951171875,679.2899780273438,679.0700073242188,679.2899780273438,286752,SPY,equities,5min,data/5min/spy_5m.csv
2026-04-10 18:55:00+00:00,679.27001953125,679.3699951171875,679.1099853515625,679.3099975585938,372708,SPY,equities,5min,data/5min/spy_5m.csv
2026-04-10 19:00:00+00:00,679.3200073242188,679.6400146484375,679.2899780273438,679.5794067382812,488260,SPY,equities,5min,data/5min/spy_5m.csv
2026-04-10 19:05:00+00:00,679.5750122070312,679.739990234375,679.510009765625,679.5750122070312,279845,SPY,equities,5min,data/5min/spy_5m.csv
2026-04-10 19:10:00+00:00,679.5800170898438,679.989990234375,679.5499877929688,679.9600219726562,1116714,SPY,equities,5min,data/5min/spy_5m.csv
2026-04-10 19:15:00+00:00,679.9500122070312,679.9600219726562,679.75,679.864990234375,322565,SPY,equities,5min,data/5min/spy_5m.csv
2026-04-10 19:20:00+00:00,679.864990234375,679.97998046875,679.5900268554688,679.6497192382812,337478,SPY,equities,5min,data/5min/spy_5m.csv
2026-04-10 19:25:00+00:00,679.6400146484375,679.6799926757812,679.4500122070312,679.6400756835938,304601,SPY,equities,5min,data/5min/spy_5m.csv
2026-04-10 19:30:00+00:00,679.6500244140625,679.6500244140625,679.3099975585938,679.3870239257812,357369,SPY,equities,5min,data/5min/spy_5m.csv
2026-04-10 19:35:00+00:00,679.3900146484375,679.489990234375,678.969970703125,679.0700073242188,517402,SPY,equities,5min,data/5min/spy_5m.csv
2026-04-10 19:40:00+00:00,679.0599975585938,679.25,678.739990234375,679.1099853515625,661059,SPY,equities,5min,data/5min/spy_5m.csv
2026-04-10 19:45:00+00:00,679.0999755859375,679.260009765625,678.6599731445312,678.8400268554688,1478572,SPY,equities,5min,data/5min/spy_5m.csv
2026-04-10 19:50:00+00:00,678.8499755859375,679.2598876953125,678.6699829101562,678.8499755859375,1339513,SPY,equities,5min,data/5min/spy_5m.csv
2026-04-10 19:55:00+00:00,678.8699951171875,679.5399780273438,678.739990234375,679.3400268554688,2269349,SPY,equities,5min,data/5min/spy_5m.csv
2026-04-13 13:30:00+00:00,677.4099731445312,677.9299926757812,676.989990234375,677.5,3682343,SPY,equities,5min,data/5min/spy_5m.csv
2026-04-13 13:35:00+00:00,677.47998046875,677.5,676.5800170898438,677.25,626392,SPY,equities,5min,data/5min/spy_5m.csv
2026-04-13 13:40:00+00:00,677.25,677.469970703125,676.830078125,676.969970703125,581265,SPY,equities,5min,data/5min/spy_5m.csv
2026-04-13 13:45:00+00:00,676.9400024414062,678.969970703125,676.7000122070312,678.7899780273438,858673,SPY,equities,5min,data/5min/spy_5m.csv
2026-04-13 13:50:00+00:00,678.77001953125,679.405029296875,678.0,678.6599731445312,1208186,SPY,equities,5min,data/5min/spy_5m.csv
2026-04-13 13:55:00+00:00,678.6699829101562,679.72998046875,678.4400024414062,679.7100219726562,713700,SPY,equities,5min,data/5min/spy_5m.csv
2026-04-13 14:00:00+00:00,679.719970703125,680.02001953125,678.8599853515625,679.3099975585938,895148,SPY,equities,5min,data/5min/spy_5m.csv
2026-04-13 14:05:00+00:00,679.3009033203125,679.7899780273438,679.1199951171875,679.3599853515625,451713,SPY,equities,5min,data/5min/spy_5m.csv
2026-04-13 14:10:00+00:00,679.3350219726562,679.3699951171875,678.8599853515625,679.0700073242188,304465,SPY,equities,5min,data/5min/spy_5m.csv
2026-04-13 14:15:00+00:00,679.0599975585938,679.1099853515625,678.5449829101562,679.005615234375,366019,SPY,equities,5min,data/5min/spy_5m.csv
2026-04-13 14:20:00+00:00,679.010009765625,679.510009765625,678.4000244140625,679.4849853515625,687167,SPY,equities,5min,data/5min/spy_5m.csv
2026-04-13 14:25:00+00:00,679.47998046875,679.5900268554688,679.1699829101562,679.5687866210938,360768,SPY,equities,5min,data/5min/spy_5m.csv
2026-04-13 14:30:00+00:00,679.5700073242188,679.97998046875,679.4400024414062,679.7512817382812,331289,SPY,equities,5min,data/5min/spy_5m.csv
2026-04-13 14:35:00+00:00,679.72998046875,679.72998046875,679.3099975585938,679.510009765625,188840,SPY,equities,5min,data/5min/spy_5m.csv
2026-04-13 14:40:00+00:00,679.510009765625,680.0999755859375,679.469970703125,679.97998046875,270371,SPY,equities,5min,data/5min/spy_5m.csv
2026-04-13 14:45:00+00:00,679.97998046875,680.0800170898438,679.5,679.5999755859375,352399,SPY,equities,5min,data/5min/spy_5m.csv
2026-04-13 14:50:00+00:00,679.6099853515625,680.239990234375,679.5,680.114990234375,299139,SPY,equities,5min,data/5min/spy_5m.csv
2026-04-13 14:55:00+00:00,680.1099853515625,680.6599731445312,679.8599853515625,680.5213012695312,523556,SPY,equities,5min,data/5min/spy_5m.csv
2026-04-13 15:00:00+00:00,680.530029296875,680.530029296875,679.72998046875,679.780029296875,554167,SPY,equities,5min,data/5min/spy_5m.csv
2026-04-13 15:05:00+00:00,679.7849731445312,680.0797729492188,679.6400146484375,679.97998046875,520644,SPY,equities,5min,data/5min/spy_5m.csv
2026-04-13 15:10:00+00:00,679.97998046875,680.3098754882812,679.8099975585938,680.010009765625,221824,SPY,equities,5min,data/5min/spy_5m.csv
2026-04-13 15:15:00+00:00,680.010009765625,680.1699829101562,679.6199951171875,679.6799926757812,410433,SPY,equities,5min,data/5min/spy_5m.csv
2026-04-13 15:20:00+00:00,679.6749877929688,680.0700073242188,679.5999755859375,679.6500244140625,281202,SPY,equities,5min,data/5min/spy_5m.csv
2026-04-13 15:25:00+00:00,679.6400146484375,679.8499755859375,679.469970703125,679.510009765625,335694,SPY,equities,5min,data/5min/spy_5m.csv
2026-04-13 15:30:00+00:00,679.530029296875,679.5999755859375,679.219970703125,679.469970703125,287486,SPY,equities,5min,data/5min/spy_5m.csv
2026-04-13 15:35:00+00:00,679.469970703125,680.260009765625,679.3701171875,679.9600219726562,342501,SPY,equities,5min,data/5min/spy_5m.csv
2026-04-13 15:40:00+00:00,679.9600219726562,680.0499877929688,679.4299926757812,679.510009765625,234285,SPY,equities,5min,data/5min/spy_5m.csv
2026-04-13 15:45:00+00:00,679.5150146484375,679.6400146484375,679.280029296875,679.469970703125,204220,SPY,equities,5min,data/5min/spy_5m.csv
2026-04-13 15:50:00+00:00,679.469970703125,679.52001953125,679.3200073242188,679.3399047851562,184173,SPY,equities,5min,data/5min/spy_5m.csv
2026-04-13 15:55:00+00:00,679.3250122070312,679.6500244140625,679.3099975585938,679.47998046875,198883,SPY,equities,5min,data/5min/spy_5m.csv
2026-04-13 16:00:00+00:00,679.4700927734375,679.5900268554688,679.0150146484375,679.2100219726562,227124,SPY,equities,5min,data/5min/spy_5m.csv
2026-04-13 16:05:00+00:00,679.2100219726562,680.4000244140625,679.059326171875,679.719970703125,467527,SPY,equities,5min,data/5min/spy_5m.csv
2026-04-13 16:10:00+00:00,679.7100219726562,680.0800170898438,679.6400146484375,679.875,263791,SPY,equities,5min,data/5min/spy_5m.csv
2026-04-13 16:15:00+00:00,679.8800048828125,680.239990234375,679.719970703125,680.2000122070312,356491,SPY,equities,5min,data/5min/spy_5m.csv
2026-04-13 16:20:00+00:00,680.2100219726562,680.9099731445312,680.2100219726562,680.719970703125,442360,SPY,equities,5min,data/5min/spy_5m.csv
2026-04-13 16:25:00+00:00,680.719970703125,681.6199951171875,680.6300048828125,681.3900146484375,570411,SPY,equities,5min,data/5min/spy_5m.csv
2026-04-13 16:30:00+00:00,681.3800048828125,682.0,681.1400146484375,681.3499755859375,791572,SPY,equities,5min,data/5min/spy_5m.csv
2026-04-13 16:35:00+00:00,681.3599853515625,682.3200073242188,681.3300170898438,681.47998046875,612065,SPY,equities,5min,data/5min/spy_5m.csv
2026-04-13 16:40:00+00:00,681.47998046875,681.8499755859375,680.7000122070312,681.5499877929688,670276,SPY,equities,5min,data/5min/spy_5m.csv
2026-04-13 16:45:00+00:00,681.52001953125,682.3699951171875,681.489990234375,682.0399780273438,696539,SPY,equities,5min,data/5min/spy_5m.csv
2026-04-13 16:50:00+00:00,682.0800170898438,682.8300170898438,681.97998046875,682.1199951171875,701061,SPY,equities,5min,data/5min/spy_5m.csv
2026-04-13 16:55:00+00:00,682.1099853515625,682.385009765625,681.8400268554688,682.3099975585938,358589,SPY,equities,5min,data/5min/spy_5m.csv
2026-04-13 17:00:00+00:00,682.3200073242188,682.5499877929688,682.1799926757812,682.47998046875,353722,SPY,equities,5min,data/5min/spy_5m.csv
2026-04-13 17:05:00+00:00,682.489990234375,682.5399780273438,682.0900268554688,682.239990234375,317013,SPY,equities,5min,data/5min/spy_5m.csv
2026-04-13 17:10:00+00:00,682.22998046875,682.3599853515625,682.1699829101562,682.3099975585938,259725,SPY,equities,5min,data/5min/spy_5m.csv
2026-04-13 17:15:00+00:00,682.3099975585938,682.8200073242188,682.2750244140625,682.5700073242188,362473,SPY,equities,5min,data/5min/spy_5m.csv
2026-04-13 17:20:00+00:00,682.5700073242188,682.5700073242188,682.2700805664062,682.2899780273438,265804,SPY,equities,5min,data/5min/spy_5m.csv
2026-04-13 17:25:00+00:00,682.2949829101562,682.5,682.280029296875,682.47998046875,281709,SPY,equities,5min,data/5min/spy_5m.csv
2026-04-13 17:30:00+00:00,682.489990234375,682.7000122070312,682.3400268554688,682.3499755859375,282593,SPY,equities,5min,data/5min/spy_5m.csv
2026-04-13 17:35:00+00:00,682.3499755859375,682.4199829101562,682.0999755859375,682.260009765625,294458,SPY,equities,5min,data/5min/spy_5m.csv
2026-04-13 17:40:00+00:00,682.25,682.3699951171875,682.1199951171875,682.1599731445312,238633,SPY,equities,5min,data/5min/spy_5m.csv
2026-04-13 17:45:00+00:00,682.1500244140625,682.219970703125,682.030029296875,682.0650024414062,275012,SPY,equities,5min,data/5min/spy_5m.csv
2026-04-13 17:50:00+00:00,682.0650024414062,682.25,681.8699951171875,682.1799926757812,308587,SPY,equities,5min,data/5min/spy_5m.csv
2026-04-13 17:55:00+00:00,682.1699829101562,682.3107299804688,682.0900268554688,682.1400146484375,227034,SPY,equities,5min,data/5min/spy_5m.csv
2026-04-13 18:00:00+00:00,682.1500244140625,682.5499877929688,682.1500244140625,682.3900146484375,518840,SPY,equities,5min,data/5min/spy_5m.csv
2026-04-13 18:05:00+00:00,682.3800048828125,682.5449829101562,682.3099975585938,682.4949951171875,357691,SPY,equities,5min,data/5min/spy_5m.csv
2026-04-13 18:10:00+00:00,682.489990234375,682.619873046875,682.47998046875,682.5650024414062,234703,SPY,equities,5min,data/5min/spy_5m.csv
2026-04-13 18:15:00+00:00,682.5601196289062,682.6199951171875,682.47998046875,682.489990234375,176741,SPY,equities,5min,data/5min/spy_5m.csv
2026-04-13 18:20:00+00:00,682.489990234375,682.6500244140625,682.3499755859375,682.3800048828125,181804,SPY,equities,5min,data/5min/spy_5m.csv
2026-04-13 18:25:00+00:00,682.3994750976562,682.4749755859375,682.2100219726562,682.375,332449,SPY,equities,5min,data/5min/spy_5m.csv
2026-04-13 18:30:00+00:00,682.3699951171875,682.5700073242188,682.27001953125,682.5349731445312,198231,SPY,equities,5min,data/5min/spy_5m.csv
2026-04-13 18:35:00+00:00,682.52001953125,682.6799926757812,682.4600219726562,682.614990234375,255071,SPY,equities,5min,data/5min/spy_5m.csv
2026-04-13 18:40:00+00:00,682.614990234375,682.8099975585938,682.5399780273438,682.7890014648438,340949,SPY,equities,5min,data/5min/spy_5m.csv
2026-04-13 18:45:00+00:00,682.7899780273438,683.22998046875,682.7899780273438,683.0999755859375,717549,SPY,equities,5min,data/5min/spy_5m.csv
2026-04-13 18:50:00+00:00,683.0999755859375,683.4000244140625,683.030029296875,683.3599243164062,420694,SPY,equities,5min,data/5min/spy_5m.csv
2026-04-13 18:55:00+00:00,683.3400268554688,683.469970703125,683.25,683.2949829101562,340571,SPY,equities,5min,data/5min/spy_5m.csv
2026-04-13 19:00:00+00:00,683.2899780273438,683.5700073242188,683.2700805664062,683.3699951171875,468578,SPY,equities,5min,data/5min/spy_5m.csv
2026-04-13 19:05:00+00:00,683.364990234375,683.3699951171875,683.1199951171875,683.27880859375,296399,SPY,equities,5min,data/5min/spy_5m.csv
2026-04-13 19:10:00+00:00,683.27001953125,683.2999877929688,683.0399780273438,683.1849975585938,467670,SPY,equities,5min,data/5min/spy_5m.csv
2026-04-13 19:15:00+00:00,683.1849975585938,683.5,683.138916015625,683.4500122070312,375505,SPY,equities,5min,data/5min/spy_5m.csv
2026-04-13 19:20:00+00:00,683.4550170898438,683.7999877929688,683.4000244140625,683.760009765625,554349,SPY,equities,5min,data/5min/spy_5m.csv
2026-04-13 19:25:00+00:00,683.760009765625,683.8400268554688,683.719970703125,683.8049926757812,584385,SPY,equities,5min,data/5min/spy_5m.csv
2026-04-13 19:30:00+00:00,683.7999877929688,684.260009765625,683.6599731445312,684.0999755859375,756245,SPY,equities,5min,data/5min/spy_5m.csv
2026-04-13 19:35:00+00:00,684.0999755859375,684.5,684.0,684.1799926757812,818485,SPY,equities,5min,data/5min/spy_5m.csv
2026-04-13 19:40:00+00:00,684.1699829101562,684.27001953125,683.9401245117188,684.185302734375,648306,SPY,equities,5min,data/5min/spy_5m.csv
2026-04-13 19:45:00+00:00,684.1699829101562,684.1900024414062,683.780029296875,684.0700073242188,916221,SPY,equities,5min,data/5min/spy_5m.csv
2026-04-13 19:50:00+00:00,684.0700073242188,685.8900146484375,684.0599975585938,685.6599731445312,2719105,SPY,equities,5min,data/5min/spy_5m.csv
2026-04-13 19:55:00+00:00,685.6699829101562,686.2999877929688,685.6699829101562,686.010009765625,5764969,SPY,equities,5min,data/5min/spy_5m.csv
2026-04-14 13:30:00+00:00,687.6900024414062,688.6199951171875,687.6599731445312,688.47998046875,3230803,SPY,equities,5min,data/5min/spy_5m.csv
2026-04-14 13:35:00+00:00,688.4600219726562,689.3499755859375,688.4000244140625,689.030029296875,1551496,SPY,equities,5min,data/5min/spy_5m.csv
2026-04-14 13:40:00+00:00,689.0399780273438,689.9650268554688,688.97998046875,689.8250122070312,1276555,SPY,equities,5min,data/5min/spy_5m.csv
2026-04-14 13:45:00+00:00,689.8259887695312,689.8699951171875,689.3800048828125,689.7691040039062,1016081,SPY,equities,5min,data/5min/spy_5m.csv
2026-04-14 13:50:00+00:00,689.7650146484375,689.8599853515625,689.469970703125,689.5974731445312,498537,SPY,equities,5min,data/5min/spy_5m.csv
2026-04-14 13:55:00+00:00,689.5900268554688,689.75,689.4219970703125,689.489990234375,344994,SPY,equities,5min,data/5min/spy_5m.csv
2026-04-14 14:00:00+00:00,689.489990234375,689.8200073242188,689.4600219726562,689.630126953125,1008021,SPY,equities,5min,data/5min/spy_5m.csv
2026-04-14 14:05:00+00:00,689.6500244140625,690.4199829101562,689.5800170898438,690.3800048828125,985336,SPY,equities,5min,data/5min/spy_5m.csv
2026-04-14 14:10:00+00:00,690.3699951171875,690.9000244140625,690.1500244140625,690.8798828125,926415,SPY,equities,5min,data/5min/spy_5m.csv
2026-04-14 14:15:00+00:00,690.8699951171875,691.0499877929688,690.5800170898438,690.6599731445312,943289,SPY,equities,5min,data/5min/spy_5m.csv
2026-04-14 14:20:00+00:00,690.6599731445312,691.0,690.6300048828125,690.7899780273438,563930,SPY,equities,5min,data/5min/spy_5m.csv
2026-04-14 14:25:00+00:00,690.7899169921875,691.030029296875,690.6400146484375,690.97998046875,593206,SPY,equities,5min,data/5min/spy_5m.csv
2026-04-14 14:30:00+00:00,690.989990234375,691.010009765625,690.7899780273438,690.875,520671,SPY,equities,5min,data/5min/spy_5m.csv
2026-04-14 14:35:00+00:00,690.875,691.3757934570312,690.7999877929688,690.8200073242188,794271,SPY,equities,5min,data/5min/spy_5m.csv
2026-04-14 14:40:00+00:00,690.8200073242188,691.0,690.6099853515625,690.8599853515625,993955,SPY,equities,5min,data/5min/spy_5m.csv
2026-04-14 14:45:00+00:00,690.864990234375,691.469970703125,690.8599853515625,691.3200073242188,567231,SPY,equities,5min,data/5min/spy_5m.csv
2026-04-14 14:50:00+00:00,691.3200073242188,691.6798706054688,691.0900268554688,691.6500244140625,601461,SPY,equities,5min,data/5min/spy_5m.csv
2026-04-14 14:55:00+00:00,691.6500244140625,691.6699829101562,691.4199829101562,691.5399169921875,508592,SPY,equities,5min,data/5min/spy_5m.csv
2026-04-14 15:00:00+00:00,691.530029296875,691.5700073242188,691.239990234375,691.239990234375,505628,SPY,equities,5min,data/5min/spy_5m.csv
2026-04-14 15:05:00+00:00,691.25,691.280029296875,690.9000244140625,690.989990234375,567148,SPY,equities,5min,data/5min/spy_5m.csv
2026-04-14 15:10:00+00:00,690.969970703125,691.1599731445312,690.9000244140625,690.9849853515625,415408,SPY,equities,5min,data/5min/spy_5m.csv
2026-04-14 15:15:00+00:00,690.9893188476562,691.7100219726562,690.9400024414062,691.5900268554688,425218,SPY,equities,5min,data/5min/spy_5m.csv
2026-04-14 15:20:00+00:00,691.5999755859375,692.0399780273438,691.510009765625,691.9199829101562,800807,SPY,equities,5min,data/5min/spy_5m.csv
2026-04-14 15:25:00+00:00,691.9299926757812,692.469970703125,691.9199829101562,692.25,1054627,SPY,equities,5min,data/5min/spy_5m.csv
2026-04-14 15:30:00+00:00,692.25,692.6300048828125,692.239990234375,692.469970703125,513582,SPY,equities,5min,data/5min/spy_5m.csv
2026-04-14 15:35:00+00:00,692.469970703125,692.780029296875,692.4600219726562,692.6900024414062,460504,SPY,equities,5min,data/5min/spy_5m.csv
2026-04-14 15:40:00+00:00,692.6849975585938,693.1599731445312,692.47998046875,692.8200073242188,736437,SPY,equities,5min,data/5min/spy_5m.csv
2026-04-14 15:45:00+00:00,692.8099975585938,693.0800170898438,692.8099975585938,692.9299926757812,700506,SPY,equities,5min,data/5min/spy_5m.csv
2026-04-14 15:50:00+00:00,692.9202270507812,693.2999877929688,692.9199829101562,693.1950073242188,443023,SPY,equities,5min,data/5min/spy_5m.csv
2026-04-14 15:55:00+00:00,693.2000122070312,693.22998046875,692.8300170898438,692.8599853515625,929789,SPY,equities,5min,data/5min/spy_5m.csv
2026-04-14 16:00:00+00:00,692.8599853515625,693.1699829101562,692.780029296875,693.0850219726562,943302,SPY,equities,5min,data/5min/spy_5m.csv
2026-04-14 16:05:00+00:00,693.0900268554688,693.155029296875,692.9199829101562,693.0650024414062,370654,SPY,equities,5min,data/5min/spy_5m.csv
2026-04-14 16:10:00+00:00,693.0650024414062,693.1799926757812,692.9000244140625,693.02001953125,337458,SPY,equities,5min,data/5min/spy_5m.csv
2026-04-14 16:15:00+00:00,693.0250244140625,693.2899780273438,692.9600219726562,693.27001953125,380640,SPY,equities,5min,data/5min/spy_5m.csv
2026-04-14 16:20:00+00:00,693.2700805664062,693.5,693.1900024414062,693.47998046875,530636,SPY,equities,5min,data/5min/spy_5m.csv
2026-04-14 16:25:00+00:00,693.47998046875,693.719970703125,693.4400024414062,693.594970703125,694226,SPY,equities,5min,data/5min/spy_5m.csv
2026-04-14 16:30:00+00:00,693.5900268554688,693.719970703125,693.2996826171875,693.3200073242188,998881,SPY,equities,5min,data/5min/spy_5m.csv
2026-04-14 16:35:00+00:00,693.3300170898438,693.489990234375,693.1900024414062,693.4099731445312,518938,SPY,equities,5min,data/5min/spy_5m.csv
2026-04-14 16:40:00+00:00,693.405029296875,693.5399780273438,693.3099975585938,693.47998046875,552698,SPY,equities,5min,data/5min/spy_5m.csv
2026-04-14 16:45:00+00:00,693.5,693.6599731445312,693.4099731445312,693.6099853515625,412766,SPY,equities,5min,data/5min/spy_5m.csv
2026-04-14 16:50:00+00:00,693.614990234375,693.6400146484375,693.1099853515625,693.1300048828125,651672,SPY,equities,5min,data/5min/spy_5m.csv
2026-04-14 16:55:00+00:00,693.1300048828125,693.1799926757812,692.8300170898438,692.9500122070312,529339,SPY,equities,5min,data/5min/spy_5m.csv
2026-04-14 17:00:00+00:00,692.9530029296875,693.2899780273438,692.9500122070312,693.1649780273438,382097,SPY,equities,5min,data/5min/spy_5m.csv
2026-04-14 17:05:00+00:00,693.1599731445312,693.3800048828125,693.0800170898438,693.14501953125,367616,SPY,equities,5min,data/5min/spy_5m.csv
2026-04-14 17:10:00+00:00,693.1500244140625,693.3200073242188,693.1199951171875,693.25,197815,SPY,equities,5min,data/5min/spy_5m.csv
2026-04-14 17:15:00+00:00,693.2550048828125,693.739990234375,693.22998046875,693.6950073242188,461127,SPY,equities,5min,data/5min/spy_5m.csv
2026-04-14 17:20:00+00:00,693.6950073242188,694.0599975585938,693.6699829101562,693.9099731445312,697526,SPY,equities,5min,data/5min/spy_5m.csv
2026-04-14 17:25:00+00:00,693.9199829101562,693.9400024414062,693.6500244140625,693.739990234375,483404,SPY,equities,5min,data/5min/spy_5m.csv
2026-04-14 17:30:00+00:00,693.739990234375,694.0599975585938,693.7349853515625,694.0,204086,SPY,equities,5min,data/5min/spy_5m.csv
2026-04-14 17:35:00+00:00,694.010009765625,694.0999755859375,693.8300170898438,693.9349975585938,400922,SPY,equities,5min,data/5min/spy_5m.csv
2026-04-14 17:40:00+00:00,693.9400024414062,694.0800170898438,693.8599853515625,694.0150146484375,271713,SPY,equities,5min,data/5min/spy_5m.csv
2026-04-14 17:45:00+00:00,694.0150146484375,694.0900268554688,693.9099731445312,693.9849853515625,1296432,SPY,equities,5min,data/5min/spy_5m.csv
2026-04-14 17:50:00+00:00,693.989990234375,694.0499877929688,693.5999755859375,693.6900024414062,534360,SPY,equities,5min,data/5min/spy_5m.csv
2026-04-14 17:55:00+00:00,693.6900024414062,693.77001953125,693.5800170898438,693.7249755859375,305021,SPY,equities,5min,data/5min/spy_5m.csv
2026-04-14 18:00:00+00:00,693.719970703125,693.9349975585938,693.7100219726562,693.8400268554688,765920,SPY,equities,5min,data/5min/spy_5m.csv
2026-04-14 18:05:00+00:00,693.8300170898438,693.8699951171875,693.6799926757812,693.8400268554688,350157,SPY,equities,5min,data/5min/spy_5m.csv
2026-04-14 18:10:00+00:00,693.8400268554688,693.8400268554688,693.5,693.5449829101562,509360,SPY,equities,5min,data/5min/spy_5m.csv
2026-04-14 18:15:00+00:00,693.5399780273438,693.5700073242188,692.72998046875,692.9500122070312,721468,SPY,equities,5min,data/5min/spy_5m.csv
2026-04-14 18:20:00+00:00,692.9558715820312,693.1300048828125,692.219970703125,692.3099975585938,904666,SPY,equities,5min,data/5min/spy_5m.csv
2026-04-14 18:25:00+00:00,692.3099975585938,692.8499755859375,692.1300048828125,692.5999755859375,757230,SPY,equities,5min,data/5min/spy_5m.csv
2026-04-14 18:30:00+00:00,692.5999755859375,692.8300170898438,692.530029296875,692.6550903320312,344449,SPY,equities,5min,data/5min/spy_5m.csv
2026-04-14 18:35:00+00:00,692.6799926757812,693.0399780273438,692.6699829101562,692.9849853515625,370545,SPY,equities,5min,data/5min/spy_5m.csv
2026-04-14 18:40:00+00:00,692.97998046875,693.1900024414062,692.510009765625,692.5872802734375,385184,SPY,equities,5min,data/5min/spy_5m.csv
2026-04-14 18:45:00+00:00,692.5800170898438,692.7999877929688,692.3200073242188,692.4099731445312,492011,SPY,equities,5min,data/5min/spy_5m.csv
2026-04-14 18:50:00+00:00,692.4000244140625,692.75,692.35498046875,692.6300048828125,423500,SPY,equities,5min,data/5min/spy_5m.csv
2026-04-14 18:55:00+00:00,692.6199951171875,692.7999877929688,692.5607299804688,692.760009765625,355656,SPY,equities,5min,data/5min/spy_5m.csv
2026-04-14 19:00:00+00:00,692.760009765625,693.27001953125,692.6900024414062,693.2000122070312,465365,SPY,equities,5min,data/5min/spy_5m.csv
2026-04-14 19:05:00+00:00,693.1900024414062,693.4600219726562,693.1799926757812,693.3770751953125,396393,SPY,equities,5min,data/5min/spy_5m.csv
2026-04-14 19:10:00+00:00,693.375,693.760009765625,693.2899780273438,693.5050048828125,480320,SPY,equities,5min,data/5min/spy_5m.csv
2026-04-14 19:15:00+00:00,693.5050048828125,693.8400268554688,693.5,693.6749877929688,1060316,SPY,equities,5min,data/5min/spy_5m.csv
2026-04-14 19:20:00+00:00,693.6699829101562,694.0999755859375,693.6500244140625,694.0700073242188,1609268,SPY,equities,5min,data/5min/spy_5m.csv
2026-04-14 19:25:00+00:00,694.0800170898438,694.2698974609375,694.0599975585938,694.239990234375,545104,SPY,equities,5min,data/5min/spy_5m.csv
2026-04-14 19:30:00+00:00,694.22998046875,694.5800170898438,693.9500122070312,693.969970703125,872769,SPY,equities,5min,data/5min/spy_5m.csv
2026-04-14 19:35:00+00:00,693.969970703125,694.4000244140625,693.72998046875,694.3200073242188,585583,SPY,equities,5min,data/5min/spy_5m.csv
2026-04-14 19:40:00+00:00,694.3200073242188,694.3499755859375,693.8599853515625,694.0700073242188,679421,SPY,equities,5min,data/5min/spy_5m.csv
2026-04-14 19:45:00+00:00,694.0599975585938,694.1799926757812,693.8400268554688,694.0499877929688,721932,SPY,equities,5min,data/5min/spy_5m.csv
2026-04-14 19:50:00+00:00,694.0499877929688,694.3900146484375,693.4099731445312,693.530029296875,1527680,SPY,equities,5min,data/5min/spy_5m.csv
2026-04-14 19:55:00+00:00,693.5399780273438,694.4099731445312,693.5399780273438,694.39501953125,2151148,SPY,equities,5min,data/5min/spy_5m.csv
2026-04-15 13:30:00+00:00,695.260009765625,695.8400268554688,695.0800170898438,695.75,2354310,SPY,equities,5min,data/5min/spy_5m.csv
2026-04-15 13:35:00+00:00,695.7899780273438,696.3099975585938,695.489990234375,696.280029296875,1201549,SPY,equities,5min,data/5min/spy_5m.csv
2026-04-15 13:40:00+00:00,696.280029296875,696.3499755859375,694.2000122070312,694.3900146484375,1113606,SPY,equities,5min,data/5min/spy_5m.csv
2026-04-15 13:45:00+00:00,694.3800048828125,695.2899780273438,694.3800048828125,695.02001953125,705651,SPY,equities,5min,data/5min/spy_5m.csv
2026-04-15 13:50:00+00:00,695.030029296875,695.1900024414062,694.52001953125,695.02001953125,471065,SPY,equities,5min,data/5min/spy_5m.csv
2026-04-15 13:55:00+00:00,695.010009765625,695.7100219726562,695.010009765625,695.6799926757812,437630,SPY,equities,5min,data/5min/spy_5m.csv
2026-04-15 14:00:00+00:00,695.6799926757812,695.760009765625,695.1199951171875,695.2666015625,393896,SPY,equities,5min,data/5min/spy_5m.csv
2026-04-15 14:05:00+00:00,695.27001953125,695.5599975585938,695.0,695.4500732421875,462371,SPY,equities,5min,data/5min/spy_5m.csv
2026-04-15 14:10:00+00:00,695.4600219726562,695.969970703125,695.3599853515625,695.9351196289062,476936,SPY,equities,5min,data/5min/spy_5m.csv
2026-04-15 14:15:00+00:00,695.9500122070312,696.3699951171875,695.780029296875,695.9000244140625,1153146,SPY,equities,5min,data/5min/spy_5m.csv
2026-04-15 14:20:00+00:00,695.8699951171875,696.9199829101562,695.8699951171875,696.6300048828125,753768,SPY,equities,5min,data/5min/spy_5m.csv
2026-04-15 14:25:00+00:00,696.635009765625,696.9400024414062,696.5700073242188,696.9199829101562,743670,SPY,equities,5min,data/5min/spy_5m.csv
2026-04-15 14:30:00+00:00,696.9199829101562,697.0700073242188,696.4600219726562,696.5,796439,SPY,equities,5min,data/5min/spy_5m.csv
2026-04-15 14:35:00+00:00,696.5,696.760009765625,695.9299926757812,696.0288696289062,601970,SPY,equities,5min,data/5min/spy_5m.csv
2026-04-15 14:40:00+00:00,696.030029296875,696.8200073242188,696.030029296875,696.739990234375,750418,SPY,equities,5min,data/5min/spy_5m.csv
2026-04-15 14:45:00+00:00,696.7449951171875,697.02001953125,696.6129150390625,697.02001953125,420791,SPY,equities,5min,data/5min/spy_5m.csv
2026-04-15 14:50:00+00:00,697.02001953125,697.1400146484375,696.6500244140625,696.7100219726562,544288,SPY,equities,5min,data/5min/spy_5m.csv
2026-04-15 14:55:00+00:00,696.6799926757812,696.989990234375,696.6199951171875,696.72998046875,335723,SPY,equities,5min,data/5min/spy_5m.csv
2026-04-15 15:00:00+00:00,696.739990234375,696.9500122070312,696.52001953125,696.8997802734375,466071,SPY,equities,5min,data/5min/spy_5m.csv
2026-04-15 15:05:00+00:00,696.8900146484375,697.0,696.4400024414062,696.6699829101562,418296,SPY,equities,5min,data/5min/spy_5m.csv
2026-04-15 15:10:00+00:00,696.6799926757812,697.3200073242188,696.6300048828125,697.2999267578125,579662,SPY,equities,5min,data/5min/spy_5m.csv
2026-04-15 15:15:00+00:00,697.2999877929688,697.4400024414062,697.1599731445312,697.3599853515625,1032252,SPY,equities,5min,data/5min/spy_5m.csv
2026-04-15 15:20:00+00:00,697.3699951171875,697.5,697.239990234375,697.344970703125,1038362,SPY,equities,5min,data/5min/spy_5m.csv
2026-04-15 15:25:00+00:00,697.344970703125,697.5599975585938,697.2700805664062,697.3699951171875,421291,SPY,equities,5min,data/5min/spy_5m.csv
2026-04-15 15:30:00+00:00,697.3699951171875,697.3900146484375,696.8200073242188,696.9099731445312,623688,SPY,equities,5min,data/5min/spy_5m.csv
2026-04-15 15:35:00+00:00,696.9099731445312,697.18701171875,696.8499755859375,697.10498046875,490882,SPY,equities,5min,data/5min/spy_5m.csv
2026-04-15 15:40:00+00:00,697.1099853515625,697.5499877929688,697.0999755859375,697.4199829101562,351958,SPY,equities,5min,data/5min/spy_5m.csv
2026-04-15 15:45:00+00:00,697.4199829101562,697.5599975585938,697.3300170898438,697.4298706054688,383142,SPY,equities,5min,data/5min/spy_5m.csv
2026-04-15 15:50:00+00:00,697.4299926757812,697.510009765625,697.1900024414062,697.219970703125,321626,SPY,equities,5min,data/5min/spy_5m.csv
2026-04-15 15:55:00+00:00,697.22998046875,697.2349853515625,696.905029296875,697.010009765625,407978,SPY,equities,5min,data/5min/spy_5m.csv
2026-04-15 16:00:00+00:00,697.010009765625,697.1492919921875,696.7999877929688,697.0599975585938,433877,SPY,equities,5min,data/5min/spy_5m.csv
2026-04-15 16:05:00+00:00,697.0599975585938,697.469970703125,696.9299926757812,697.4299926757812,499627,SPY,equities,5min,data/5min/spy_5m.csv
2026-04-15 16:10:00+00:00,697.4298095703125,697.4400024414062,697.22998046875,697.3701171875,210163,SPY,equities,5min,data/5min/spy_5m.csv
2026-04-15 16:15:00+00:00,697.3800048828125,697.5900268554688,697.219970703125,697.5800170898438,444640,SPY,equities,5min,data/5min/spy_5m.csv
2026-04-15 16:20:00+00:00,697.5900268554688,697.7999877929688,697.5900268554688,697.7698974609375,592934,SPY,equities,5min,data/5min/spy_5m.csv
2026-04-15 16:25:00+00:00,697.760009765625,697.760009765625,697.3300170898438,697.3599243164062,610746,SPY,equities,5min,data/5min/spy_5m.csv
2026-04-15 16:30:00+00:00,697.3599853515625,697.4400024414062,697.1199951171875,697.260009765625,379769,SPY,equities,5min,data/5min/spy_5m.csv
2026-04-15 16:35:00+00:00,697.27001953125,697.4949951171875,697.1400146484375,697.169921875,500254,SPY,equities,5min,data/5min/spy_5m.csv
2026-04-15 16:40:00+00:00,697.1500244140625,697.1599731445312,696.3499755859375,696.3900146484375,652325,SPY,equities,5min,data/5min/spy_5m.csv
2026-04-15 16:45:00+00:00,696.3699951171875,696.6950073242188,695.9600219726562,696.6649780273438,740644,SPY,equities,5min,data/5min/spy_5m.csv
2026-04-15 16:50:00+00:00,696.6799926757812,696.780029296875,695.97998046875,696.1649780273438,500356,SPY,equities,5min,data/5min/spy_5m.csv
2026-04-15 16:55:00+00:00,696.1799926757812,696.6300048828125,695.7000122070312,696.530029296875,362304,SPY,equities,5min,data/5min/spy_5m.csv
2026-04-15 17:00:00+00:00,696.5599975585938,697.0700073242188,696.4099731445312,697.0399169921875,278413,SPY,equities,5min,data/5min/spy_5m.csv
2026-04-15 17:05:00+00:00,697.030029296875,697.4000244140625,696.97998046875,697.219970703125,708270,SPY,equities,5min,data/5min/spy_5m.csv
2026-04-15 17:10:00+00:00,697.22998046875,697.2999877929688,697.0,697.1599731445312,264599,SPY,equities,5min,data/5min/spy_5m.csv
2026-04-15 17:15:00+00:00,697.1599731445312,697.4500122070312,697.1599731445312,697.2899780273438,245119,SPY,equities,5min,data/5min/spy_5m.csv
2026-04-15 17:20:00+00:00,697.280029296875,697.3499755859375,697.0692749023438,697.2899780273438,226377,SPY,equities,5min,data/5min/spy_5m.csv
2026-04-15 17:25:00+00:00,697.2899780273438,697.6199951171875,697.25,697.4199829101562,349472,SPY,equities,5min,data/5min/spy_5m.csv
2026-04-15 17:30:00+00:00,697.4199829101562,697.8300170898438,697.3800048828125,697.7888793945312,453344,SPY,equities,5min,data/5min/spy_5m.csv
2026-04-15 17:35:00+00:00,697.7899780273438,698.0,697.6099853515625,697.6500244140625,559010,SPY,equities,5min,data/5min/spy_5m.csv
2026-04-15 17:40:00+00:00,697.655029296875,697.6599731445312,697.280029296875,697.4674072265625,664868,SPY,equities,5min,data/5min/spy_5m.csv
2026-04-15 17:45:00+00:00,697.469970703125,697.7000122070312,697.469970703125,697.5599975585938,256764,SPY,equities,5min,data/5min/spy_5m.csv
2026-04-15 17:50:00+00:00,697.5599975585938,697.8699951171875,697.5599975585938,697.739990234375,342253,SPY,equities,5min,data/5min/spy_5m.csv
2026-04-15 17:55:00+00:00,697.7401123046875,697.8699951171875,697.4500122070312,697.4801025390625,302610,SPY,equities,5min,data/5min/spy_5m.csv
2026-04-15 18:00:00+00:00,697.489990234375,698.6199951171875,697.1900024414062,698.010009765625,1042970,SPY,equities,5min,data/5min/spy_5m.csv
2026-04-15 18:05:00+00:00,698.02001953125,698.219970703125,697.9500122070312,698.0999755859375,414516,SPY,equities,5min,data/5min/spy_5m.csv
2026-04-15 18:10:00+00:00,698.1099853515625,698.4600219726562,697.8599853515625,698.3150024414062,463450,SPY,equities,5min,data/5min/spy_5m.csv
2026-04-15 18:15:00+00:00,698.3200073242188,698.6500244140625,698.280029296875,698.364990234375,527013,SPY,equities,5min,data/5min/spy_5m.csv
2026-04-15 18:20:00+00:00,698.3599853515625,698.530029296875,698.1799926757812,698.489990234375,470454,SPY,equities,5min,data/5min/spy_5m.csv
2026-04-15 18:25:00+00:00,698.4849853515625,698.5800170898438,698.2899780273438,698.5,369788,SPY,equities,5min,data/5min/spy_5m.csv
2026-04-15 18:30:00+00:00,698.489990234375,699.030029296875,698.47998046875,699.030029296875,887309,SPY,equities,5min,data/5min/spy_5m.csv
2026-04-15 18:35:00+00:00,699.030029296875,699.2000122070312,698.760009765625,699.010009765625,793019,SPY,equities,5min,data/5min/spy_5m.csv
2026-04-15 18:40:00+00:00,699.0,699.02001953125,698.5999755859375,698.8740844726562,573699,SPY,equities,5min,data/5min/spy_5m.csv
2026-04-15 18:45:00+00:00,698.8900146484375,699.260009765625,698.8900146484375,699.260009765625,553269,SPY,equities,5min,data/5min/spy_5m.csv
2026-04-15 18:50:00+00:00,699.27001953125,699.5599975585938,699.22998046875,699.5029296875,683640,SPY,equities,5min,data/5min/spy_5m.csv
2026-04-15 18:55:00+00:00,699.5,699.8400268554688,699.4099731445312,699.6400146484375,612826,SPY,equities,5min,data/5min/spy_5m.csv
2026-04-15 19:00:00+00:00,699.6400146484375,699.75,699.3900146484375,699.7349853515625,658662,SPY,equities,5min,data/5min/spy_5m.csv
2026-04-15 19:05:00+00:00,699.739990234375,699.9224853515625,699.739990234375,699.8499755859375,683098,SPY,equities,5min,data/5min/spy_5m.csv
2026-04-15 19:10:00+00:00,699.85498046875,699.9600219726562,699.4099731445312,699.469970703125,726709,SPY,equities,5min,data/5min/spy_5m.csv
2026-04-15 19:15:00+00:00,699.469970703125,699.64990234375,699.3800048828125,699.6400146484375,899541,SPY,equities,5min,data/5min/spy_5m.csv
2026-04-15 19:20:00+00:00,699.635009765625,699.8900146484375,699.5399780273438,699.8099975585938,591262,SPY,equities,5min,data/5min/spy_5m.csv
2026-04-15 19:25:00+00:00,699.8049926757812,700.030029296875,699.7100219726562,700.0,744910,SPY,equities,5min,data/5min/spy_5m.csv
2026-04-15 19:30:00+00:00,699.9949951171875,700.010009765625,699.6900024414062,699.97998046875,927555,SPY,equities,5min,data/5min/spy_5m.csv
2026-04-15 19:35:00+00:00,699.97998046875,700.1400146484375,699.52001953125,699.52001953125,923137,SPY,equities,5min,data/5min/spy_5m.csv
2026-04-15 19:40:00+00:00,699.5250244140625,699.6900024414062,699.260009765625,699.52001953125,1160869,SPY,equities,5min,data/5min/spy_5m.csv
2026-04-15 19:45:00+00:00,699.510009765625,699.8400268554688,699.3300170898438,699.5499877929688,1366543,SPY,equities,5min,data/5min/spy_5m.csv
2026-04-15 19:50:00+00:00,699.5499877929688,700.1099853515625,699.510009765625,699.8701171875,1216556,SPY,equities,5min,data/5min/spy_5m.csv
2026-04-15 19:55:00+00:00,699.8699951171875,700.280029296875,699.7100219726562,699.8400268554688,2618580,SPY,equities,5min,data/5min/spy_5m.csv
2026-04-16 13:30:00+00:00,701.0599975585938,701.2999877929688,700.52001953125,701.0499877929688,2153637,SPY,equities,5min,data/5min/spy_5m.csv
2026-04-16 13:35:00+00:00,701.0399780273438,701.1400146484375,700.5499877929688,700.6199951171875,694056,SPY,equities,5min,data/5min/spy_5m.csv
2026-04-16 13:40:00+00:00,700.6500244140625,700.969970703125,700.1099853515625,700.8201293945312,659288,SPY,equities,5min,data/5min/spy_5m.csv
2026-04-16 13:45:00+00:00,700.8300170898438,700.9000244140625,700.3900146484375,700.6099853515625,656413,SPY,equities,5min,data/5min/spy_5m.csv
2026-04-16 13:50:00+00:00,700.6300048828125,700.6300048828125,698.719970703125,698.75,1056768,SPY,equities,5min,data/5min/spy_5m.csv
2026-04-16 13:55:00+00:00,698.77001953125,699.5900268554688,698.530029296875,699.47998046875,850121,SPY,equities,5min,data/5min/spy_5m.csv
2026-04-16 14:00:00+00:00,699.469970703125,699.5299072265625,698.719970703125,699.3499755859375,609872,SPY,equities,5min,data/5min/spy_5m.csv
2026-04-16 14:05:00+00:00,699.3499755859375,699.9199829101562,699.1699829101562,699.6400146484375,670484,SPY,equities,5min,data/5min/spy_5m.csv
2026-04-16 14:10:00+00:00,699.6500244140625,700.1500244140625,699.5601196289062,699.64501953125,745924,SPY,equities,5min,data/5min/spy_5m.csv
2026-04-16 14:15:00+00:00,699.6400146484375,699.844970703125,698.8599853515625,698.919921875,505479,SPY,equities,5min,data/5min/spy_5m.csv
2026-04-16 14:20:00+00:00,698.9199829101562,699.1699829101562,698.6519775390625,699.0150146484375,632798,SPY,equities,5min,data/5min/spy_5m.csv
2026-04-16 14:25:00+00:00,698.989990234375,699.3499755859375,698.8200073242188,699.1400146484375,693344,SPY,equities,5min,data/5min/spy_5m.csv
2026-04-16 14:30:00+00:00,699.14990234375,699.43798828125,698.9299926757812,699.3200073242188,499486,SPY,equities,5min,data/5min/spy_5m.csv
2026-04-16 14:35:00+00:00,699.3099975585938,699.4400024414062,699.0100708007812,699.0599975585938,331439,SPY,equities,5min,data/5min/spy_5m.csv
2026-04-16 14:40:00+00:00,699.0599975585938,699.52001953125,698.8699951171875,699.5,269306,SPY,equities,5min,data/5min/spy_5m.csv
2026-04-16 14:45:00+00:00,699.4849853515625,699.9500122070312,699.3699951171875,699.9500122070312,513812,SPY,equities,5min,data/5min/spy_5m.csv
2026-04-16 14:50:00+00:00,699.9500122070312,700.2100219726562,699.7899780273438,700.0700073242188,671436,SPY,equities,5min,data/5min/spy_5m.csv
2026-04-16 14:55:00+00:00,700.0700073242188,700.1201171875,699.5800170898438,699.9400024414062,313565,SPY,equities,5min,data/5min/spy_5m.csv
2026-04-16 15:00:00+00:00,699.9299926757812,700.6300048828125,699.9299926757812,700.5399780273438,508651,SPY,equities,5min,data/5min/spy_5m.csv
2026-04-16 15:05:00+00:00,700.530029296875,701.1300048828125,700.3099975585938,700.97998046875,374732,SPY,equities,5min,data/5min/spy_5m.csv
2026-04-16 15:10:00+00:00,700.97998046875,701.4600219726562,700.97998046875,701.4199829101562,559764,SPY,equities,5min,data/5min/spy_5m.csv
2026-04-16 15:15:00+00:00,701.4199829101562,702.030029296875,701.2999877929688,701.3499755859375,660515,SPY,equities,5min,data/5min/spy_5m.csv
2026-04-16 15:20:00+00:00,701.3699951171875,701.8099975585938,701.3599853515625,701.6199951171875,622828,SPY,equities,5min,data/5min/spy_5m.csv
2026-04-16 15:25:00+00:00,701.6099853515625,701.77001953125,700.780029296875,700.780029296875,870661,SPY,equities,5min,data/5min/spy_5m.csv
2026-04-16 15:30:00+00:00,700.77001953125,701.1799926757812,700.6599731445312,701.1099853515625,666402,SPY,equities,5min,data/5min/spy_5m.csv
2026-04-16 15:35:00+00:00,701.1199951171875,702.3599853515625,701.0800170898438,701.6799926757812,916651,SPY,equities,5min,data/5min/spy_5m.csv
2026-04-16 15:40:00+00:00,701.6699829101562,701.7100219726562,701.010009765625,701.3831176757812,419056,SPY,equities,5min,data/5min/spy_5m.csv
2026-04-16 15:45:00+00:00,701.405029296875,701.5850219726562,701.0,701.239990234375,293742,SPY,equities,5min,data/5min/spy_5m.csv
2026-04-16 15:50:00+00:00,701.2449951171875,701.8099975585938,701.2100219726562,701.7100219726562,295096,SPY,equities,5min,data/5min/spy_5m.csv
2026-04-16 15:55:00+00:00,701.719970703125,702.2999877929688,701.7000122070312,702.219970703125,456977,SPY,equities,5min,data/5min/spy_5m.csv
2026-04-16 16:00:00+00:00,702.219970703125,702.5,702.2000732421875,702.4099731445312,358403,SPY,equities,5min,data/5min/spy_5m.csv
2026-04-16 16:05:00+00:00,702.401123046875,702.489990234375,702.0700073242188,702.3198852539062,355214,SPY,equities,5min,data/5min/spy_5m.csv
2026-04-16 16:10:00+00:00,702.3200073242188,702.52001953125,702.260009765625,702.4550170898438,333268,SPY,equities,5min,data/5min/spy_5m.csv
2026-04-16 16:15:00+00:00,702.4600219726562,702.780029296875,702.4600219726562,702.6950073242188,627492,SPY,equities,5min,data/5min/spy_5m.csv
2026-04-16 16:20:00+00:00,702.7000122070312,702.72998046875,701.9199829101562,702.1599731445312,479999,SPY,equities,5min,data/5min/spy_5m.csv
2026-04-16 16:25:00+00:00,702.1599731445312,702.2999267578125,701.9600219726562,702.010009765625,232517,SPY,equities,5min,data/5min/spy_5m.csv
2026-04-16 16:30:00+00:00,702.0150146484375,702.0698852539062,700.1749877929688,701.0499877929688,1024207,SPY,equities,5min,data/5min/spy_5m.csv
2026-04-16 16:35:00+00:00,701.0399780273438,701.669921875,700.8599853515625,701.6300048828125,413823,SPY,equities,5min,data/5min/spy_5m.csv
2026-04-16 16:40:00+00:00,701.6375122070312,701.8400268554688,701.0900268554688,701.385009765625,499567,SPY,equities,5min,data/5min/spy_5m.csv
2026-04-16 16:45:00+00:00,701.3699951171875,701.6500244140625,701.2899780273438,701.419921875,438852,SPY,equities,5min,data/5min/spy_5m.csv
2026-04-16 16:50:00+00:00,701.39501953125,701.6099243164062,700.8099975585938,700.9199829101562,240612,SPY,equities,5min,data/5min/spy_5m.csv
2026-04-16 16:55:00+00:00,700.9299926757812,701.1779174804688,700.75,700.8099975585938,1122619,SPY,equities,5min,data/5min/spy_5m.csv
2026-04-16 17:00:00+00:00,700.8300170898438,700.8900146484375,700.469970703125,700.5999755859375,911013,SPY,equities,5min,data/5min/spy_5m.csv
2026-04-16 17:05:00+00:00,700.5999755859375,700.6900024414062,700.1300048828125,700.614990234375,1035694,SPY,equities,5min,data/5min/spy_5m.csv
2026-04-16 17:10:00+00:00,700.6199951171875,700.7899780273438,700.0499877929688,700.0800170898438,391720,SPY,equities,5min,data/5min/spy_5m.csv
2026-04-16 17:15:00+00:00,700.0499877929688,700.273681640625,699.8300170898438,700.1500244140625,706505,SPY,equities,5min,data/5min/spy_5m.csv
2026-04-16 17:20:00+00:00,700.1699829101562,700.780029296875,700.010009765625,700.739990234375,303748,SPY,equities,5min,data/5min/spy_5m.csv
2026-04-16 17:25:00+00:00,700.75,700.9400024414062,700.5700073242188,700.7000122070312,268505,SPY,equities,5min,data/5min/spy_5m.csv
2026-04-16 17:30:00+00:00,700.719970703125,701.1400146484375,700.6400146484375,700.8099975585938,287603,SPY,equities,5min,data/5min/spy_5m.csv
2026-04-16 17:35:00+00:00,700.7750244140625,701.0399780273438,700.5850219726562,700.989990234375,251528,SPY,equities,5min,data/5min/spy_5m.csv
2026-04-16 17:40:00+00:00,700.97998046875,701.4299926757812,700.9500122070312,701.3699951171875,408416,SPY,equities,5min,data/5min/spy_5m.csv
2026-04-16 17:45:00+00:00,701.3699951171875,701.530029296875,701.1699829101562,701.4749755859375,170607,SPY,equities,5min,data/5min/spy_5m.csv
2026-04-16 17:50:00+00:00,701.4749755859375,701.47998046875,701.0999755859375,701.135009765625,175672,SPY,equities,5min,data/5min/spy_5m.csv
2026-04-16 17:55:00+00:00,701.1400146484375,701.1400146484375,700.1699829101562,700.5999755859375,539894,SPY,equities,5min,data/5min/spy_5m.csv
2026-04-16 18:00:00+00:00,700.6099853515625,701.1799926757812,700.4099731445312,700.669921875,532097,SPY,equities,5min,data/5min/spy_5m.csv
2026-04-16 18:05:00+00:00,700.6849975585938,700.8400268554688,699.9600219726562,700.1799926757812,331582,SPY,equities,5min,data/5min/spy_5m.csv
2026-04-16 18:10:00+00:00,700.2000122070312,700.6099853515625,699.9400024414062,700.5399780273438,340649,SPY,equities,5min,data/5min/spy_5m.csv
2026-04-16 18:15:00+00:00,700.5399780273438,700.739990234375,700.3300170898438,700.3900146484375,223974,SPY,equities,5min,data/5min/spy_5m.csv
2026-04-16 18:20:00+00:00,700.3900146484375,700.6300048828125,699.8099975585938,699.8900146484375,300183,SPY,equities,5min,data/5min/spy_5m.csv
2026-04-16 18:25:00+00:00,699.9199829101562,700.0499877929688,699.4736938476562,699.7899780273438,444535,SPY,equities,5min,data/5min/spy_5m.csv
2026-04-16 18:30:00+00:00,699.7999877929688,700.5999755859375,699.7750244140625,700.47998046875,483849,SPY,equities,5min,data/5min/spy_5m.csv
2026-04-16 18:35:00+00:00,700.469970703125,700.7999877929688,700.3400268554688,700.625,361066,SPY,equities,5min,data/5min/spy_5m.csv
2026-04-16 18:40:00+00:00,700.6300048828125,700.9199829101562,700.5800170898438,700.7899780273438,289747,SPY,equities,5min,data/5min/spy_5m.csv
2026-04-16 18:45:00+00:00,700.7860107421875,701.030029296875,700.6900024414062,700.760009765625,240979,SPY,equities,5min,data/5min/spy_5m.csv
2026-04-16 18:50:00+00:00,700.77001953125,700.7899780273438,700.510009765625,700.614990234375,329319,SPY,equities,5min,data/5min/spy_5m.csv
2026-04-16 18:55:00+00:00,700.614990234375,700.7098999023438,700.3800048828125,700.7050170898438,316734,SPY,equities,5min,data/5min/spy_5m.csv
2026-04-16 19:00:00+00:00,700.7100219726562,701.14501953125,700.7000122070312,700.9799194335938,551621,SPY,equities,5min,data/5min/spy_5m.csv
2026-04-16 19:05:00+00:00,700.9749755859375,701.0599975585938,700.7249755859375,700.8499755859375,284538,SPY,equities,5min,data/5min/spy_5m.csv
2026-04-16 19:10:00+00:00,700.844970703125,700.9758911132812,700.5999755859375,700.8098754882812,306372,SPY,equities,5min,data/5min/spy_5m.csv
2026-04-16 19:15:00+00:00,700.8200073242188,701.1950073242188,700.8099975585938,701.0800170898438,340999,SPY,equities,5min,data/5min/spy_5m.csv
2026-04-16 19:20:00+00:00,701.0800170898438,701.1599731445312,700.8599853515625,701.0402221679688,280395,SPY,equities,5min,data/5min/spy_5m.csv
2026-04-16 19:25:00+00:00,701.0430297851562,701.1500244140625,700.8900146484375,700.9100952148438,452488,SPY,equities,5min,data/5min/spy_5m.csv
2026-04-16 19:30:00+00:00,700.9099731445312,701.25,700.8300170898438,701.1199951171875,323306,SPY,equities,5min,data/5min/spy_5m.csv
2026-04-16 19:35:00+00:00,701.1300048828125,701.4099731445312,701.0599975585938,701.4000244140625,374219,SPY,equities,5min,data/5min/spy_5m.csv
2026-04-16 19:40:00+00:00,701.415283203125,701.5999755859375,701.2999877929688,701.3099975585938,424102,SPY,equities,5min,data/5min/spy_5m.csv
2026-04-16 19:45:00+00:00,701.3200073242188,701.6599731445312,701.1400146484375,701.6400146484375,819157,SPY,equities,5min,data/5min/spy_5m.csv
2026-04-16 19:50:00+00:00,701.6300048828125,701.9400024414062,701.3400268554688,701.6500244140625,1457884,SPY,equities,5min,data/5min/spy_5m.csv
2026-04-16 19:55:00+00:00,701.6699829101562,701.9299926757812,701.4400024414062,701.5499877929688,2873901,SPY,equities,5min,data/5min/spy_5m.csv
2026-04-17 13:30:00+00:00,706.1400146484375,707.1400146484375,705.969970703125,706.9793090820312,4744941,SPY,equities,5min,data/5min/spy_5m.csv
2026-04-17 13:35:00+00:00,706.97998046875,707.6099853515625,706.8699951171875,707.0900268554688,986945,SPY,equities,5min,data/5min/spy_5m.csv
2026-04-17 13:40:00+00:00,707.0900268554688,707.3300170898438,706.5449829101562,707.1400146484375,1065332,SPY,equities,5min,data/5min/spy_5m.csv
2026-04-17 13:45:00+00:00,707.1400146484375,707.469970703125,705.760009765625,707.0653076171875,1360166,SPY,equities,5min,data/5min/spy_5m.csv
2026-04-17 13:50:00+00:00,707.0599975585938,707.8400268554688,706.9600219726562,707.719970703125,822755,SPY,equities,5min,data/5min/spy_5m.csv
2026-04-17 13:55:00+00:00,707.7249755859375,708.3599853515625,707.510009765625,708.330078125,710664,SPY,equities,5min,data/5min/spy_5m.csv
2026-04-17 14:00:00+00:00,708.3499755859375,708.9199829101562,708.1500244140625,708.85498046875,1531973,SPY,equities,5min,data/5min/spy_5m.csv
2026-04-17 14:05:00+00:00,708.8599853515625,709.1593017578125,708.7899780273438,709.1400146484375,791298,SPY,equities,5min,data/5min/spy_5m.csv
2026-04-17 14:10:00+00:00,709.1400146484375,709.3900146484375,708.7100219726562,709.1500244140625,1022426,SPY,equities,5min,data/5min/spy_5m.csv
2026-04-17 14:15:00+00:00,709.1500244140625,709.3300170898438,708.8599853515625,708.9600830078125,613307,SPY,equities,5min,data/5min/spy_5m.csv
2026-04-17 14:20:00+00:00,708.9650268554688,709.3699951171875,708.510009765625,709.260009765625,787299,SPY,equities,5min,data/5min/spy_5m.csv
2026-04-17 14:25:00+00:00,709.260009765625,709.4600219726562,708.969970703125,709.2249755859375,621540,SPY,equities,5min,data/5min/spy_5m.csv
2026-04-17 14:30:00+00:00,709.239990234375,710.25,709.22998046875,710.1400146484375,1148130,SPY,equities,5min,data/5min/spy_5m.csv
2026-04-17 14:35:00+00:00,710.1199951171875,710.3300170898438,709.6400146484375,710.3300170898438,837239,SPY,equities,5min,data/5min/spy_5m.csv
2026-04-17 14:40:00+00:00,710.3250122070312,710.989990234375,710.2899780273438,710.8599853515625,1074751,SPY,equities,5min,data/5min/spy_5m.csv
2026-04-17 14:45:00+00:00,710.8599853515625,711.3099975585938,710.760009765625,711.239990234375,894944,SPY,equities,5min,data/5min/spy_5m.csv
2026-04-17 14:50:00+00:00,711.239990234375,711.3350219726562,710.8099975585938,710.8699951171875,817432,SPY,equities,5min,data/5min/spy_5m.csv
2026-04-17 14:55:00+00:00,710.8699951171875,710.8699951171875,710.1950073242188,710.47998046875,641602,SPY,equities,5min,data/5min/spy_5m.csv
2026-04-17 15:00:00+00:00,710.47998046875,711.1699829101562,710.2100219726562,710.7100219726562,1433185,SPY,equities,5min,data/5min/spy_5m.csv
2026-04-17 15:05:00+00:00,710.72998046875,711.1599731445312,710.6599731445312,710.8814086914062,514536,SPY,equities,5min,data/5min/spy_5m.csv
2026-04-17 15:10:00+00:00,710.8499755859375,711.0399780273438,710.1099853515625,710.22998046875,668829,SPY,equities,5min,data/5min/spy_5m.csv
2026-04-17 15:15:00+00:00,710.239990234375,710.739990234375,709.8599853515625,710.1500244140625,643825,SPY,equities,5min,data/5min/spy_5m.csv
2026-04-17 15:20:00+00:00,710.1494140625,710.6300048828125,709.8800048828125,710.47998046875,741489,SPY,equities,5min,data/5min/spy_5m.csv
2026-04-17 15:25:00+00:00,710.47998046875,710.7199096679688,710.27001953125,710.6199951171875,360358,SPY,equities,5min,data/5min/spy_5m.csv
2026-04-17 15:30:00+00:00,710.6300048828125,711.280029296875,710.60498046875,711.239990234375,637120,SPY,equities,5min,data/5min/spy_5m.csv
2026-04-17 15:35:00+00:00,711.239990234375,711.3499755859375,710.8400268554688,711.2301025390625,985960,SPY,equities,5min,data/5min/spy_5m.csv
2026-04-17 15:40:00+00:00,711.25,711.27001953125,710.4193115234375,710.4349975585938,435087,SPY,equities,5min,data/5min/spy_5m.csv
2026-04-17 15:45:00+00:00,710.47998046875,711.25,710.4299926757812,710.7999877929688,1198831,SPY,equities,5min,data/5min/spy_5m.csv
2026-04-17 15:50:00+00:00,710.7999877929688,711.3499755859375,710.760009765625,711.0700073242188,505384,SPY,equities,5min,data/5min/spy_5m.csv
2026-04-17 15:55:00+00:00,711.0399780273438,711.260009765625,710.6699829101562,710.739990234375,5123259,SPY,equities,5min,data/5min/spy_5m.csv
2026-04-17 16:00:00+00:00,710.739990234375,711.4600219726562,710.5399780273438,711.2100219726562,478286,SPY,equities,5min,data/5min/spy_5m.csv
2026-04-17 16:05:00+00:00,711.2000122070312,711.6400146484375,711.1500244140625,711.1599731445312,459579,SPY,equities,5min,data/5min/spy_5m.csv
2026-04-17 16:10:00+00:00,711.1599731445312,711.5999755859375,711.0700073242188,711.3699951171875,270340,SPY,equities,5min,data/5min/spy_5m.csv
2026-04-17 16:15:00+00:00,711.3599853515625,711.510009765625,710.9400024414062,711.260009765625,350511,SPY,equities,5min,data/5min/spy_5m.csv
2026-04-17 16:20:00+00:00,711.260009765625,711.5399780273438,711.1599731445312,711.489990234375,437766,SPY,equities,5min,data/5min/spy_5m.csv
2026-04-17 16:25:00+00:00,711.4949951171875,711.5499877929688,711.3599853515625,711.510009765625,283012,SPY,equities,5min,data/5min/spy_5m.csv
2026-04-17 16:30:00+00:00,711.5150146484375,711.97998046875,711.5150146484375,711.9000244140625,903388,SPY,equities,5min,data/5min/spy_5m.csv
2026-04-17 16:35:00+00:00,711.9000244140625,712.22998046875,711.8499755859375,712.0599975585938,505386,SPY,equities,5min,data/5min/spy_5m.csv
2026-04-17 16:40:00+00:00,712.0599975585938,712.2000122070312,711.8599853515625,712.1799926757812,261301,SPY,equities,5min,data/5min/spy_5m.csv
2026-04-17 16:45:00+00:00,712.1799926757812,712.3900146484375,712.1400146484375,712.1900024414062,311677,SPY,equities,5min,data/5min/spy_5m.csv
2026-04-17 16:50:00+00:00,712.1998901367188,712.3400268554688,712.0650024414062,712.10498046875,254399,SPY,equities,5min,data/5min/spy_5m.csv
2026-04-17 16:55:00+00:00,712.10498046875,712.1099853515625,711.9000244140625,711.9099731445312,293302,SPY,equities,5min,data/5min/spy_5m.csv
2026-04-17 17:00:00+00:00,711.9099731445312,712.1699829101562,711.8900146484375,712.0700073242188,260439,SPY,equities,5min,data/5min/spy_5m.csv
2026-04-17 17:05:00+00:00,712.0800170898438,712.0999755859375,710.72998046875,711.4249877929688,685976,SPY,equities,5min,data/5min/spy_5m.csv
2026-04-17 17:10:00+00:00,711.4500122070312,711.469970703125,710.9199829101562,711.25,556124,SPY,equities,5min,data/5min/spy_5m.csv
2026-04-17 17:15:00+00:00,711.25,711.385009765625,710.8699951171875,710.8900146484375,483069,SPY,equities,5min,data/5min/spy_5m.csv
2026-04-17 17:20:00+00:00,710.8800048828125,711.0800170898438,709.030029296875,709.5499877929688,1311304,SPY,equities,5min,data/5min/spy_5m.csv
2026-04-17 17:25:00+00:00,709.530029296875,710.1599731445312,709.1799926757812,709.8800048828125,1155409,SPY,equities,5min,data/5min/spy_5m.csv
2026-04-17 17:30:00+00:00,709.8800048828125,710.2999877929688,709.6799926757812,709.8400268554688,444949,SPY,equities,5min,data/5min/spy_5m.csv
2026-04-17 17:35:00+00:00,709.8300170898438,710.3699951171875,709.5800170898438,710.0399780273438,710990,SPY,equities,5min,data/5min/spy_5m.csv
2026-04-17 17:40:00+00:00,710.02001953125,710.1400146484375,709.780029296875,709.8900146484375,711384,SPY,equities,5min,data/5min/spy_5m.csv
2026-04-17 17:45:00+00:00,709.9199829101562,710.7000122070312,709.8900146484375,710.4450073242188,1004374,SPY,equities,5min,data/5min/spy_5m.csv
2026-04-17 17:50:00+00:00,710.4400024414062,710.6699829101562,710.3599853515625,710.5499877929688,411254,SPY,equities,5min,data/5min/spy_5m.csv
2026-04-17 17:55:00+00:00,710.5800170898438,710.6900024414062,710.239990234375,710.2949829101562,223495,SPY,equities,5min,data/5min/spy_5m.csv
2026-04-17 18:00:00+00:00,710.3099975585938,710.47998046875,709.9199829101562,710.030029296875,463931,SPY,equities,5min,data/5min/spy_5m.csv
2026-04-17 18:05:00+00:00,710.0100708007812,710.0900268554688,709.5,709.5800170898438,459588,SPY,equities,5min,data/5min/spy_5m.csv
2026-04-17 18:10:00+00:00,709.6099243164062,709.8300170898438,709.3400268554688,709.4500122070312,512760,SPY,equities,5min,data/5min/spy_5m.csv
2026-04-17 18:15:00+00:00,709.4500122070312,709.8400268554688,709.4099731445312,709.6500244140625,295465,SPY,equities,5min,data/5min/spy_5m.csv
2026-04-17 18:20:00+00:00,709.6300048828125,709.9099731445312,709.1400146484375,709.7899169921875,566769,SPY,equities,5min,data/5min/spy_5m.csv
2026-04-17 18:25:00+00:00,709.760009765625,710.3300170898438,709.6699829101562,709.8099975585938,477834,SPY,equities,5min,data/5min/spy_5m.csv
2026-04-17 18:30:00+00:00,709.8099975585938,710.3900146484375,709.8099975585938,710.2999877929688,911495,SPY,equities,5min,data/5min/spy_5m.csv
2026-04-17 18:35:00+00:00,710.3099975585938,710.3699951171875,710.0399780273438,710.1500244140625,318917,SPY,equities,5min,data/5min/spy_5m.csv
2026-04-17 18:40:00+00:00,710.1400146484375,710.22998046875,709.7753295898438,710.1099853515625,384864,SPY,equities,5min,data/5min/spy_5m.csv
2026-04-17 18:45:00+00:00,710.1199951171875,710.1900024414062,709.8300170898438,709.9249877929688,614303,SPY,equities,5min,data/5min/spy_5m.csv
2026-04-17 18:50:00+00:00,709.9299926757812,709.9500122070312,709.1300048828125,709.5399780273438,519339,SPY,equities,5min,data/5min/spy_5m.csv
2026-04-17 18:55:00+00:00,709.5399780273438,709.989990234375,709.47998046875,709.6400146484375,369995,SPY,equities,5min,data/5min/spy_5m.csv
2026-04-17 19:00:00+00:00,709.6400146484375,709.8900146484375,709.5900268554688,709.6599731445312,422600,SPY,equities,5min,data/5min/spy_5m.csv
2026-04-17 19:05:00+00:00,709.6699829101562,709.6699829101562,709.280029296875,709.4199829101562,453247,SPY,equities,5min,data/5min/spy_5m.csv
2026-04-17 19:10:00+00:00,709.4199829101562,709.4600219726562,708.989990234375,709.1300048828125,468897,SPY,equities,5min,data/5min/spy_5m.csv
2026-04-17 19:15:00+00:00,709.1099853515625,709.5850219726562,709.0800170898438,709.4400024414062,499084,SPY,equities,5min,data/5min/spy_5m.csv
2026-04-17 19:20:00+00:00,709.4500122070312,709.5767211914062,709.1699829101562,709.3400268554688,357890,SPY,equities,5min,data/5min/spy_5m.csv
2026-04-17 19:25:00+00:00,709.3300170898438,709.5499877929688,709.2000122070312,709.260009765625,399856,SPY,equities,5min,data/5min/spy_5m.csv
2026-04-17 19:30:00+00:00,709.27001953125,709.9199829101562,709.260009765625,709.780029296875,804561,SPY,equities,5min,data/5min/spy_5m.csv
2026-04-17 19:35:00+00:00,709.77001953125,710.1500244140625,709.5599975585938,710.030029296875,567322,SPY,equities,5min,data/5min/spy_5m.csv
2026-04-17 19:40:00+00:00,710.030029296875,710.3599853515625,709.8400268554688,710.2999877929688,760797,SPY,equities,5min,data/5min/spy_5m.csv
2026-04-17 19:45:00+00:00,710.2899780273438,710.2999877929688,709.77001953125,709.8699951171875,1162210,SPY,equities,5min,data/5min/spy_5m.csv
2026-04-17 19:50:00+00:00,709.8800048828125,710.239990234375,709.6900024414062,710.1799926757812,1159794,SPY,equities,5min,data/5min/spy_5m.csv
2026-04-17 19:55:00+00:00,710.1799926757812,710.4000244140625,709.8400268554688,710.0499877929688,3105316,SPY,equities,5min,data/5min/spy_5m.csv
2026-04-20 13:30:00+00:00,708.780029296875,709.3209838867188,708.3699951171875,709.1300048828125,3003260,SPY,equities,5min,data/5min/spy_5m.csv
2026-04-20 13:35:00+00:00,709.0900268554688,709.4400024414062,708.3800048828125,708.6400146484375,777569,SPY,equities,5min,data/5min/spy_5m.csv
2026-04-20 13:40:00+00:00,708.5999755859375,709.0,708.22998046875,708.8250122070312,569240,SPY,equities,5min,data/5min/spy_5m.csv
2026-04-20 13:45:00+00:00,708.8250122070312,709.25,708.4299926757812,708.6300048828125,501291,SPY,equities,5min,data/5min/spy_5m.csv
2026-04-20 13:50:00+00:00,708.6199951171875,709.3939819335938,708.530029296875,709.3450927734375,390893,SPY,equities,5min,data/5min/spy_5m.csv
2026-04-20 13:55:00+00:00,709.3400268554688,709.9099731445312,709.3099975585938,709.6699829101562,822447,SPY,equities,5min,data/5min/spy_5m.csv
2026-04-20 14:00:00+00:00,709.6699829101562,709.719970703125,709.0599975585938,709.260009765625,745048,SPY,equities,5min,data/5min/spy_5m.csv
2026-04-20 14:05:00+00:00,709.2899780273438,709.6400146484375,709.010009765625,709.3900146484375,354579,SPY,equities,5min,data/5min/spy_5m.csv
2026-04-20 14:10:00+00:00,709.3900146484375,709.5800170898438,708.6699829101562,709.2550048828125,432612,SPY,equities,5min,data/5min/spy_5m.csv
2026-04-20 14:15:00+00:00,709.239990234375,709.3200073242188,708.7899780273438,709.0599975585938,468326,SPY,equities,5min,data/5min/spy_5m.csv
2026-04-20 14:20:00+00:00,709.0399780273438,709.5599975585938,708.9301147460938,709.489990234375,381164,SPY,equities,5min,data/5min/spy_5m.csv
2026-04-20 14:25:00+00:00,709.4949951171875,709.6400146484375,708.8200073242188,708.9500122070312,389291,SPY,equities,5min,data/5min/spy_5m.csv
2026-04-20 14:30:00+00:00,708.9299926757812,709.0,708.3099975585938,708.6199951171875,1035053,SPY,equities,5min,data/5min/spy_5m.csv
2026-04-20 14:35:00+00:00,708.6300048828125,708.760009765625,708.280029296875,708.4949951171875,296260,SPY,equities,5min,data/5min/spy_5m.csv
2026-04-20 14:40:00+00:00,708.4949951171875,708.52001953125,707.9100952148438,708.1099853515625,482284,SPY,equities,5min,data/5min/spy_5m.csv
2026-04-20 14:45:00+00:00,708.10498046875,708.760009765625,707.9199829101562,708.6699829101562,363543,SPY,equities,5min,data/5min/spy_5m.csv
2026-04-20 14:50:00+00:00,708.6699829101562,708.780029296875,706.489990234375,707.77001953125,2045280,SPY,equities,5min,data/5min/spy_5m.csv
2026-04-20 14:55:00+00:00,707.75,707.760009765625,706.9099731445312,707.1400146484375,522185,SPY,equities,5min,data/5min/spy_5m.csv
2026-04-20 15:00:00+00:00,707.155029296875,707.5800170898438,706.469970703125,706.6998901367188,515317,SPY,equities,5min,data/5min/spy_5m.csv
2026-04-20 15:05:00+00:00,706.6799926757812,706.969970703125,706.1400146484375,706.5399780273438,786787,SPY,equities,5min,data/5min/spy_5m.csv
2026-04-20 15:10:00+00:00,706.5399780273438,707.1099853515625,706.2999877929688,706.739990234375,405031,SPY,equities,5min,data/5min/spy_5m.csv
2026-04-20 15:15:00+00:00,706.719970703125,707.1500244140625,706.4199829101562,706.9349975585938,412941,SPY,equities,5min,data/5min/spy_5m.csv
2026-04-20 15:20:00+00:00,706.9099731445312,708.0800170898438,706.760009765625,707.6400146484375,606381,SPY,equities,5min,data/5min/spy_5m.csv
2026-04-20 15:25:00+00:00,707.6199951171875,708.52001953125,707.52001953125,708.3300170898438,474140,SPY,equities,5min,data/5min/spy_5m.csv
2026-04-20 15:30:00+00:00,708.3099975585938,708.3099975585938,707.3800048828125,707.5700073242188,511448,SPY,equities,5min,data/5min/spy_5m.csv
2026-04-20 15:35:00+00:00,707.5590209960938,707.6799926757812,707.25,707.6199951171875,195075,SPY,equities,5min,data/5min/spy_5m.csv
2026-04-20 15:40:00+00:00,707.6099853515625,708.0399780273438,707.4199829101562,707.52001953125,242561,SPY,equities,5min,data/5min/spy_5m.csv
2026-04-20 15:45:00+00:00,707.530029296875,707.8499755859375,707.3099975585938,707.4801025390625,156086,SPY,equities,5min,data/5min/spy_5m.csv
2026-04-20 15:50:00+00:00,707.47998046875,707.530029296875,707.1099853515625,707.4849853515625,185948,SPY,equities,5min,data/5min/spy_5m.csv
2026-04-20 15:55:00+00:00,707.47998046875,707.719970703125,707.4600219726562,707.5991821289062,231244,SPY,equities,5min,data/5min/spy_5m.csv
2026-04-20 16:00:00+00:00,707.5999755859375,707.7000122070312,707.0399780273438,707.1400146484375,701232,SPY,equities,5min,data/5min/spy_5m.csv
2026-04-20 16:05:00+00:00,707.1500244140625,707.5999755859375,707.0900268554688,707.4600219726562,180576,SPY,equities,5min,data/5min/spy_5m.csv
2026-04-20 16:10:00+00:00,707.47802734375,707.7498168945312,707.469970703125,707.5900268554688,164146,SPY,equities,5min,data/5min/spy_5m.csv
2026-04-20 16:15:00+00:00,707.5900268554688,707.6300048828125,707.02001953125,707.52001953125,224784,SPY,equities,5min,data/5min/spy_5m.csv
2026-04-20 16:20:00+00:00,707.5999755859375,707.780029296875,707.4199829101562,707.6099853515625,184333,SPY,equities,5min,data/5min/spy_5m.csv
2026-04-20 16:25:00+00:00,707.5900268554688,707.7999877929688,707.5399780273438,707.6500244140625,103617,SPY,equities,5min,data/5min/spy_5m.csv
2026-04-20 16:30:00+00:00,707.6599731445312,708.0999755859375,707.6599731445312,707.9400024414062,176899,SPY,equities,5min,data/5min/spy_5m.csv
2026-04-20 16:35:00+00:00,707.9299926757812,707.969970703125,707.3800048828125,707.5399780273438,346680,SPY,equities,5min,data/5min/spy_5m.csv
2026-04-20 16:40:00+00:00,707.5399780273438,708.0599975585938,707.3699951171875,707.6900024414062,131128,SPY,equities,5min,data/5min/spy_5m.csv
2026-04-20 16:45:00+00:00,707.7000122070312,707.9000244140625,707.6400146484375,707.7100219726562,137213,SPY,equities,5min,data/5min/spy_5m.csv
2026-04-20 16:50:00+00:00,707.719970703125,707.780029296875,707.530029296875,707.7449951171875,145951,SPY,equities,5min,data/5min/spy_5m.csv
2026-04-20 16:55:00+00:00,707.75,707.75,707.469970703125,707.639892578125,410878,SPY,equities,5min,data/5min/spy_5m.csv
2026-04-20 17:00:00+00:00,707.6400146484375,707.8499755859375,707.260009765625,707.4299926757812,554417,SPY,equities,5min,data/5min/spy_5m.csv
2026-04-20 17:05:00+00:00,707.4299926757812,707.8400268554688,707.3798828125,707.7899780273438,408273,SPY,equities,5min,data/5min/spy_5m.csv
2026-04-20 17:10:00+00:00,707.7849731445312,708.1179809570312,707.6900024414062,708.0599975585938,171731,SPY,equities,5min,data/5min/spy_5m.csv
2026-04-20 17:15:00+00:00,708.030029296875,708.3499755859375,707.9500122070312,708.27001953125,205865,SPY,equities,5min,data/5min/spy_5m.csv
2026-04-20 17:20:00+00:00,708.27001953125,708.3900146484375,708.030029296875,708.2301025390625,436902,SPY,equities,5min,data/5min/spy_5m.csv
2026-04-20 17:25:00+00:00,708.239990234375,708.3101806640625,707.9500122070312,707.97998046875,161009,SPY,equities,5min,data/5min/spy_5m.csv
2026-04-20 17:30:00+00:00,707.9882202148438,708.0150146484375,707.6099853515625,707.6599731445312,214036,SPY,equities,5min,data/5min/spy_5m.csv
2026-04-20 17:35:00+00:00,707.6500244140625,707.969970703125,707.6099853515625,707.885009765625,273538,SPY,equities,5min,data/5min/spy_5m.csv
2026-04-20 17:40:00+00:00,707.8800048828125,708.260009765625,707.6199951171875,707.9417724609375,206082,SPY,equities,5min,data/5min/spy_5m.csv
2026-04-20 17:45:00+00:00,707.9450073242188,708.030029296875,707.8200073242188,707.9749755859375,269505,SPY,equities,5min,data/5min/spy_5m.csv
2026-04-20 17:50:00+00:00,707.9749755859375,708.0499877929688,707.7999877929688,708.0200805664062,187045,SPY,equities,5min,data/5min/spy_5m.csv
2026-04-20 17:55:00+00:00,708.02001953125,708.0399780273438,707.6699829101562,707.739990234375,123465,SPY,equities,5min,data/5min/spy_5m.csv
2026-04-20 18:00:00+00:00,707.739990234375,707.780029296875,707.4810180664062,707.7000122070312,242280,SPY,equities,5min,data/5min/spy_5m.csv
2026-04-20 18:05:00+00:00,707.719970703125,708.260009765625,707.7000122070312,708.1649780273438,329702,SPY,equities,5min,data/5min/spy_5m.csv
2026-04-20 18:10:00+00:00,708.1599731445312,708.22998046875,707.5700073242188,708.2000122070312,327248,SPY,equities,5min,data/5min/spy_5m.csv
2026-04-20 18:15:00+00:00,708.1893920898438,708.469970703125,708.0800170898438,708.4099731445312,201600,SPY,equities,5min,data/5min/spy_5m.csv
2026-04-20 18:20:00+00:00,708.418701171875,708.6099853515625,708.2899780273438,708.5900268554688,236775,SPY,equities,5min,data/5min/spy_5m.csv
2026-04-20 18:25:00+00:00,708.5800170898438,708.5999755859375,708.0,708.3200073242188,550740,SPY,equities,5min,data/5min/spy_5m.csv
2026-04-20 18:30:00+00:00,708.3200073242188,708.4199829101562,707.969970703125,708.2999877929688,334208,SPY,equities,5min,data/5min/spy_5m.csv
2026-04-20 18:35:00+00:00,708.3099975585938,708.3499755859375,707.9099731445312,707.9299926757812,338411,SPY,equities,5min,data/5min/spy_5m.csv
2026-04-20 18:40:00+00:00,707.9299926757812,708.27001953125,707.8599853515625,708.1199951171875,380171,SPY,equities,5min,data/5min/spy_5m.csv
2026-04-20 18:45:00+00:00,708.1199951171875,708.3599853515625,708.0599975585938,708.332275390625,291312,SPY,equities,5min,data/5min/spy_5m.csv
2026-04-20 18:50:00+00:00,708.3400268554688,708.5999755859375,708.3400268554688,708.5700073242188,274976,SPY,equities,5min,data/5min/spy_5m.csv
2026-04-20 18:55:00+00:00,708.5999755859375,708.6099853515625,708.2020874023438,708.2650146484375,471542,SPY,equities,5min,data/5min/spy_5m.csv
2026-04-20 19:00:00+00:00,708.27001953125,708.4550170898438,708.1900024414062,708.260009765625,477513,SPY,equities,5min,data/5min/spy_5m.csv
2026-04-20 19:05:00+00:00,708.25,708.5800170898438,708.2307739257812,708.4199829101562,318942,SPY,equities,5min,data/5min/spy_5m.csv
2026-04-20 19:10:00+00:00,708.4249877929688,708.5,708.3099975585938,708.4500122070312,259848,SPY,equities,5min,data/5min/spy_5m.csv
2026-04-20 19:15:00+00:00,708.4500122070312,708.489990234375,708.280029296875,708.3200073242188,284444,SPY,equities,5min,data/5min/spy_5m.csv
2026-04-20 19:20:00+00:00,708.3200073242188,708.3699951171875,708.1099853515625,708.1500244140625,345920,SPY,equities,5min,data/5min/spy_5m.csv
2026-04-20 19:25:00+00:00,708.155029296875,708.1699829101562,707.9600219726562,708.02001953125,360785,SPY,equities,5min,data/5min/spy_5m.csv
2026-04-20 19:30:00+00:00,708.02001953125,708.1699829101562,707.780029296875,707.7999877929688,507068,SPY,equities,5min,data/5min/spy_5m.csv
2026-04-20 19:35:00+00:00,707.7999877929688,708.0399780273438,707.7100830078125,707.9290161132812,396252,SPY,equities,5min,data/5min/spy_5m.csv
2026-04-20 19:40:00+00:00,707.9249877929688,708.02001953125,707.6300048828125,707.7098999023438,891565,SPY,equities,5min,data/5min/spy_5m.csv
2026-04-20 19:45:00+00:00,707.6950073242188,707.9299926757812,707.5999755859375,707.9199829101562,603614,SPY,equities,5min,data/5min/spy_5m.csv
2026-04-20 19:50:00+00:00,707.9199829101562,708.1900024414062,707.75,708.030029296875,1457167,SPY,equities,5min,data/5min/spy_5m.csv
2026-04-20 19:55:00+00:00,708.030029296875,708.7999877929688,707.8400268554688,708.6900024414062,3184310,SPY,equities,5min,data/5min/spy_5m.csv
2026-04-21 13:30:00+00:00,710.280029296875,710.4400024414062,709.0499877929688,709.4000244140625,2468233,SPY,equities,5min,data/5min/spy_5m.csv
2026-04-21 13:35:00+00:00,709.4099731445312,709.4349975585938,708.75,709.0399169921875,625699,SPY,equities,5min,data/5min/spy_5m.csv
2026-04-21 13:40:00+00:00,709.0399780273438,709.7100219726562,708.97998046875,709.6900024414062,416774,SPY,equities,5min,data/5min/spy_5m.csv
2026-04-21 13:45:00+00:00,709.6799926757812,710.4299926757812,709.3900146484375,710.22998046875,516289,SPY,equities,5min,data/5min/spy_5m.csv
2026-04-21 13:50:00+00:00,710.22998046875,710.864990234375,710.0900268554688,710.6400756835938,490030,SPY,equities,5min,data/5min/spy_5m.csv
2026-04-21 13:55:00+00:00,710.6400146484375,710.8400268554688,710.5800170898438,710.75,401255,SPY,equities,5min,data/5min/spy_5m.csv
2026-04-21 14:00:00+00:00,710.75,710.969970703125,710.4600219726562,710.5999755859375,425352,SPY,equities,5min,data/5min/spy_5m.csv
2026-04-21 14:05:00+00:00,710.6090087890625,711.1799926757812,710.5599975585938,711.030029296875,365304,SPY,equities,5min,data/5min/spy_5m.csv
2026-04-21 14:10:00+00:00,711.030029296875,711.1699829101562,710.705078125,711.0200805664062,324055,SPY,equities,5min,data/5min/spy_5m.csv
2026-04-21 14:15:00+00:00,711.0250244140625,711.2750244140625,710.8099975585938,710.8200073242188,325315,SPY,equities,5min,data/5min/spy_5m.csv
2026-04-21 14:20:00+00:00,710.8200073242188,710.8499755859375,710.1599731445312,710.3200073242188,469573,SPY,equities,5min,data/5min/spy_5m.csv
2026-04-21 14:25:00+00:00,710.3099975585938,710.6699829101562,710.27001953125,710.5700073242188,277848,SPY,equities,5min,data/5min/spy_5m.csv
2026-04-21 14:30:00+00:00,710.5599975585938,710.780029296875,709.969970703125,710.1900024414062,359974,SPY,equities,5min,data/5min/spy_5m.csv
2026-04-21 14:35:00+00:00,710.219970703125,710.3099975585938,709.8499755859375,709.9450073242188,367703,SPY,equities,5min,data/5min/spy_5m.csv
2026-04-21 14:40:00+00:00,709.9500122070312,710.5599975585938,709.739990234375,709.885009765625,486875,SPY,equities,5min,data/5min/spy_5m.csv
2026-04-21 14:45:00+00:00,709.8900146484375,709.9400024414062,708.9500122070312,709.1599731445312,635342,SPY,equities,5min,data/5min/spy_5m.csv
2026-04-21 14:50:00+00:00,709.1799926757812,709.2999877929688,708.6500244140625,709.0349731445312,513985,SPY,equities,5min,data/5min/spy_5m.csv
2026-04-21 14:55:00+00:00,709.0449829101562,709.0449829101562,707.4600219726562,707.5900268554688,705641,SPY,equities,5min,data/5min/spy_5m.csv
2026-04-21 15:00:00+00:00,707.5900268554688,707.8883056640625,706.25,706.7349853515625,1205568,SPY,equities,5min,data/5min/spy_5m.csv
2026-04-21 15:05:00+00:00,706.739990234375,707.8400268554688,706.1500244140625,707.760009765625,1157975,SPY,equities,5min,data/5min/spy_5m.csv
2026-04-21 15:10:00+00:00,707.756591796875,708.0800170898438,707.72998046875,707.9099731445312,508669,SPY,equities,5min,data/5min/spy_5m.csv
2026-04-21 15:15:00+00:00,707.9000244140625,708.2000122070312,707.3200073242188,707.8300170898438,472900,SPY,equities,5min,data/5min/spy_5m.csv
2026-04-21 15:20:00+00:00,707.8200073242188,707.97998046875,707.1300048828125,707.2308959960938,357625,SPY,equities,5min,data/5min/spy_5m.csv
2026-04-21 15:25:00+00:00,707.2100219726562,707.2100219726562,706.2750244140625,706.6900024414062,570018,SPY,equities,5min,data/5min/spy_5m.csv
2026-04-21 15:30:00+00:00,706.6599731445312,707.4199829101562,706.6099853515625,706.8900146484375,421228,SPY,equities,5min,data/5min/spy_5m.csv
2026-04-21 15:35:00+00:00,706.9099731445312,706.9600219726562,706.0399780273438,706.72998046875,677822,SPY,equities,5min,data/5min/spy_5m.csv
2026-04-21 15:40:00+00:00,706.719970703125,707.1199951171875,706.4199829101562,706.9400024414062,316095,SPY,equities,5min,data/5min/spy_5m.csv
2026-04-21 15:45:00+00:00,707.010009765625,707.47998046875,706.6799926757812,707.0599975585938,303949,SPY,equities,5min,data/5min/spy_5m.csv
2026-04-21 15:50:00+00:00,707.0399780273438,707.0700073242188,706.4500122070312,706.52001953125,293507,SPY,equities,5min,data/5min/spy_5m.csv
2026-04-21 15:55:00+00:00,706.52001953125,706.969970703125,706.4500732421875,706.719970703125,231448,SPY,equities,5min,data/5min/spy_5m.csv
2026-04-21 16:00:00+00:00,706.7449951171875,707.885009765625,706.7449951171875,707.219970703125,823340,SPY,equities,5min,data/5min/spy_5m.csv
2026-04-21 16:05:00+00:00,707.1600952148438,707.52001953125,706.9749755859375,707.340087890625,266110,SPY,equities,5min,data/5min/spy_5m.csv
2026-04-21 16:10:00+00:00,707.3400268554688,707.3699951171875,706.6300048828125,706.9000244140625,288790,SPY,equities,5min,data/5min/spy_5m.csv
2026-04-21 16:15:00+00:00,706.8701171875,707.1900024414062,706.7249755859375,707.0,177293,SPY,equities,5min,data/5min/spy_5m.csv
2026-04-21 16:20:00+00:00,707.0,707.010009765625,706.4299926757812,706.5399780273438,392392,SPY,equities,5min,data/5min/spy_5m.csv
2026-04-21 16:25:00+00:00,706.5599975585938,706.6300048828125,706.280029296875,706.3599853515625,144588,SPY,equities,5min,data/5min/spy_5m.csv
2026-04-21 16:30:00+00:00,706.3314208984375,706.9500122070312,706.3314208984375,706.9199829101562,233028,SPY,equities,5min,data/5min/spy_5m.csv
2026-04-21 16:35:00+00:00,706.9199829101562,707.1400146484375,706.2919921875,706.5250244140625,229912,SPY,equities,5min,data/5min/spy_5m.csv
2026-04-21 16:40:00+00:00,706.5299072265625,706.6300048828125,705.6599731445312,705.8499755859375,315207,SPY,equities,5min,data/5min/spy_5m.csv
2026-04-21 16:45:00+00:00,705.8499755859375,706.6199951171875,705.8499755859375,706.5599975585938,282487,SPY,equities,5min,data/5min/spy_5m.csv
2026-04-21 16:50:00+00:00,706.5512084960938,706.5999755859375,706.02001953125,706.1099853515625,376084,SPY,equities,5min,data/5min/spy_5m.csv
2026-04-21 16:55:00+00:00,706.0999755859375,706.1298828125,705.510009765625,705.5800170898438,280994,SPY,equities,5min,data/5min/spy_5m.csv
2026-04-21 17:00:00+00:00,705.5800170898438,706.3087768554688,705.5800170898438,705.96728515625,334871,SPY,equities,5min,data/5min/spy_5m.csv
2026-04-21 17:05:00+00:00,705.9600219726562,705.9600219726562,704.75,705.4600219726562,1470958,SPY,equities,5min,data/5min/spy_5m.csv
2026-04-21 17:10:00+00:00,705.4600219726562,705.47998046875,704.3200073242188,704.7100219726562,982542,SPY,equities,5min,data/5min/spy_5m.csv
2026-04-21 17:15:00+00:00,704.7100219726562,704.9600219726562,703.9299926757812,704.0399780273438,680759,SPY,equities,5min,data/5min/spy_5m.csv
2026-04-21 17:20:00+00:00,704.0399780273438,704.6300048828125,703.8400268554688,704.4500122070312,720954,SPY,equities,5min,data/5min/spy_5m.csv
2026-04-21 17:25:00+00:00,704.4600219726562,704.969970703125,704.409912109375,704.6900024414062,423386,SPY,equities,5min,data/5min/spy_5m.csv
2026-04-21 17:30:00+00:00,704.6799926757812,705.4149780273438,704.6400146484375,705.25,602966,SPY,equities,5min,data/5min/spy_5m.csv
2026-04-21 17:35:00+00:00,705.25,706.8200073242188,705.0,706.3250122070312,836721,SPY,equities,5min,data/5min/spy_5m.csv
2026-04-21 17:40:00+00:00,706.3192138671875,707.4099731445312,706.1900024414062,706.5,1204639,SPY,equities,5min,data/5min/spy_5m.csv
2026-04-21 17:45:00+00:00,706.510009765625,706.5499877929688,705.8200073242188,706.1799926757812,619507,SPY,equities,5min,data/5min/spy_5m.csv
2026-04-21 17:50:00+00:00,706.2000122070312,706.4500122070312,705.6199951171875,705.8099975585938,336997,SPY,equities,5min,data/5min/spy_5m.csv
2026-04-21 17:55:00+00:00,705.8099975585938,705.8499755859375,705.3099975585938,705.7949829101562,388153,SPY,equities,5min,data/5min/spy_5m.csv
2026-04-21 18:00:00+00:00,705.7949829101562,706.510009765625,705.7949829101562,705.969970703125,666888,SPY,equities,5min,data/5min/spy_5m.csv
2026-04-21 18:05:00+00:00,705.989990234375,706.3699951171875,705.7899780273438,705.8400268554688,260770,SPY,equities,5min,data/5min/spy_5m.csv
2026-04-21 18:10:00+00:00,705.8200073242188,705.9199829101562,705.469970703125,705.9199829101562,187363,SPY,equities,5min,data/5min/spy_5m.csv
2026-04-21 18:15:00+00:00,705.9199829101562,706.1799926757812,704.7100219726562,705.1193237304688,1165267,SPY,equities,5min,data/5min/spy_5m.csv
2026-04-21 18:20:00+00:00,705.1099853515625,705.3099975585938,704.8200073242188,705.0399780273438,402883,SPY,equities,5min,data/5min/spy_5m.csv
2026-04-21 18:25:00+00:00,705.0,705.280029296875,704.8800048828125,705.0989990234375,208894,SPY,equities,5min,data/5min/spy_5m.csv
2026-04-21 18:30:00+00:00,705.094970703125,705.77001953125,705.094970703125,705.7100219726562,308312,SPY,equities,5min,data/5min/spy_5m.csv
2026-04-21 18:35:00+00:00,705.719970703125,705.77001953125,705.25,705.4199829101562,445931,SPY,equities,5min,data/5min/spy_5m.csv
2026-04-21 18:40:00+00:00,705.4299926757812,705.5800170898438,705.2899780273438,705.4400024414062,217594,SPY,equities,5min,data/5min/spy_5m.csv
2026-04-21 18:45:00+00:00,705.4299926757812,705.530029296875,705.1099853515625,705.1699829101562,214983,SPY,equities,5min,data/5min/spy_5m.csv
2026-04-21 18:50:00+00:00,705.1900024414062,706.7100219726562,705.0203247070312,706.3699951171875,495590,SPY,equities,5min,data/5min/spy_5m.csv
2026-04-21 18:55:00+00:00,706.3599853515625,706.8900146484375,705.7100219726562,706.3200073242188,1035262,SPY,equities,5min,data/5min/spy_5m.csv
2026-04-21 19:00:00+00:00,706.3300170898438,706.9000244140625,706.3300170898438,706.6599731445312,483658,SPY,equities,5min,data/5min/spy_5m.csv
2026-04-21 19:05:00+00:00,706.6699829101562,706.8499755859375,706.4320068359375,706.6900024414062,336196,SPY,equities,5min,data/5min/spy_5m.csv
2026-04-21 19:10:00+00:00,706.6900024414062,707.3099975585938,706.1900024414062,706.614990234375,892246,SPY,equities,5min,data/5min/spy_5m.csv
2026-04-21 19:15:00+00:00,706.6699829101562,706.9600219726562,706.25,706.6400146484375,836035,SPY,equities,5min,data/5min/spy_5m.csv
2026-04-21 19:20:00+00:00,706.6699829101562,707.594970703125,706.6699829101562,707.52001953125,570759,SPY,equities,5min,data/5min/spy_5m.csv
2026-04-21 19:25:00+00:00,707.510009765625,707.780029296875,707.3699951171875,707.7249755859375,631643,SPY,equities,5min,data/5min/spy_5m.csv
2026-04-21 19:30:00+00:00,707.719970703125,707.8699951171875,707.0999755859375,707.3298950195312,590186,SPY,equities,5min,data/5min/spy_5m.csv
2026-04-21 19:35:00+00:00,707.3099975585938,707.3099975585938,705.719970703125,706.27001953125,1242290,SPY,equities,5min,data/5min/spy_5m.csv
2026-04-21 19:40:00+00:00,706.260009765625,706.3200073242188,702.6400146484375,703.1799926757812,2790134,SPY,equities,5min,data/5min/spy_5m.csv
2026-04-21 19:45:00+00:00,703.2000122070312,704.4600219726562,703.1099853515625,703.9998779296875,1737709,SPY,equities,5min,data/5min/spy_5m.csv
2026-04-21 19:50:00+00:00,704.0,704.9500122070312,703.35498046875,703.7011108398438,2083426,SPY,equities,5min,data/5min/spy_5m.csv
2026-04-21 19:55:00+00:00,703.7000122070312,704.4099731445312,703.4199829101562,704.1400146484375,3679352,SPY,equities,5min,data/5min/spy_5m.csv
2026-04-22 13:30:00+00:00,709.1500244140625,709.3300170898438,708.4550170898438,708.5599975585938,2650201,SPY,equities,5min,data/5min/spy_5m.csv
2026-04-22 13:35:00+00:00,708.5399780273438,709.0,708.219970703125,708.9000244140625,520414,SPY,equities,5min,data/5min/spy_5m.csv
2026-04-22 13:40:00+00:00,708.8800048828125,709.2100219726562,708.5800170898438,708.7000122070312,365894,SPY,equities,5min,data/5min/spy_5m.csv
2026-04-22 13:45:00+00:00,708.7000122070312,709.489990234375,708.4400024414062,708.6500244140625,572093,SPY,equities,5min,data/5min/spy_5m.csv
2026-04-22 13:50:00+00:00,708.6199951171875,709.2100219726562,708.239990234375,709.1900024414062,349245,SPY,equities,5min,data/5min/spy_5m.csv
2026-04-22 13:55:00+00:00,709.2100219726562,709.4299926757812,708.75,709.3900146484375,416807,SPY,equities,5min,data/5min/spy_5m.csv
2026-04-22 14:00:00+00:00,709.3900146484375,709.9199829101562,709.27001953125,709.389892578125,387932,SPY,equities,5min,data/5min/spy_5m.csv
2026-04-22 14:05:00+00:00,709.375,709.77001953125,708.760009765625,709.530029296875,496025,SPY,equities,5min,data/5min/spy_5m.csv
2026-04-22 14:10:00+00:00,709.530029296875,710.1500244140625,709.530029296875,710.0999755859375,573428,SPY,equities,5min,data/5min/spy_5m.csv
2026-04-22 14:15:00+00:00,710.0999755859375,710.4299926757812,710.0999755859375,710.3150024414062,713259,SPY,equities,5min,data/5min/spy_5m.csv
2026-04-22 14:20:00+00:00,710.3200073242188,710.7000122070312,710.1536865234375,710.3200073242188,678697,SPY,equities,5min,data/5min/spy_5m.csv
2026-04-22 14:25:00+00:00,710.3099975585938,710.6300048828125,710.22998046875,710.52001953125,282910,SPY,equities,5min,data/5min/spy_5m.csv
2026-04-22 14:30:00+00:00,710.510009765625,710.590087890625,709.5999755859375,709.9598999023438,717654,SPY,equities,5min,data/5min/spy_5m.csv
2026-04-22 14:35:00+00:00,709.9299926757812,710.5999755859375,709.4650268554688,710.47998046875,426223,SPY,equities,5min,data/5min/spy_5m.csv
2026-04-22 14:40:00+00:00,710.4749755859375,710.6500244140625,709.52001953125,709.719970703125,339800,SPY,equities,5min,data/5min/spy_5m.csv
2026-04-22 14:45:00+00:00,709.7100219726562,710.2999877929688,709.7100219726562,710.1749877929688,347888,SPY,equities,5min,data/5min/spy_5m.csv
2026-04-22 14:50:00+00:00,710.1799926757812,710.3400268554688,709.5,709.9000244140625,374510,SPY,equities,5min,data/5min/spy_5m.csv
2026-04-22 14:55:00+00:00,709.8599853515625,710.0700073242188,709.5700073242188,710.0399780273438,301701,SPY,equities,5min,data/5min/spy_5m.csv
2026-04-22 15:00:00+00:00,710.0499877929688,710.1300048828125,709.2901000976562,709.4199829101562,309863,SPY,equities,5min,data/5min/spy_5m.csv
2026-04-22 15:05:00+00:00,709.4099731445312,710.22998046875,709.3300170898438,709.864990234375,235314,SPY,equities,5min,data/5min/spy_5m.csv
2026-04-22 15:10:00+00:00,709.8800048828125,710.1679077148438,709.75,709.8400268554688,220478,SPY,equities,5min,data/5min/spy_5m.csv
2026-04-22 15:15:00+00:00,709.8599853515625,709.97998046875,709.5599975585938,709.9099731445312,244719,SPY,equities,5min,data/5min/spy_5m.csv
2026-04-22 15:20:00+00:00,709.9000244140625,710.47998046875,709.8800048828125,710.1900024414062,500587,SPY,equities,5min,data/5min/spy_5m.csv
2026-04-22 15:25:00+00:00,710.1900024414062,710.530029296875,709.7999877929688,710.2000122070312,433990,SPY,equities,5min,data/5min/spy_5m.csv
2026-04-22 15:30:00+00:00,710.1900024414062,710.4400024414062,710.0,710.0800170898438,203259,SPY,equities,5min,data/5min/spy_5m.csv
2026-04-22 15:35:00+00:00,710.0999755859375,710.25,709.6699829101562,709.780029296875,240815,SPY,equities,5min,data/5min/spy_5m.csv
2026-04-22 15:40:00+00:00,709.780029296875,709.9600219726562,709.260009765625,709.280029296875,308621,SPY,equities,5min,data/5min/spy_5m.csv
2026-04-22 15:45:00+00:00,709.260009765625,709.9199829101562,709.1599731445312,709.760009765625,309707,SPY,equities,5min,data/5min/spy_5m.csv
2026-04-22 15:50:00+00:00,709.7650146484375,709.7999877929688,709.4749755859375,709.6799926757812,277987,SPY,equities,5min,data/5min/spy_5m.csv
2026-04-22 15:55:00+00:00,709.6900024414062,710.0399780273438,709.5800170898438,709.6400146484375,256298,SPY,equities,5min,data/5min/spy_5m.csv
2026-04-22 16:00:00+00:00,709.6500244140625,709.9400024414062,709.3900146484375,709.8900146484375,307375,SPY,equities,5min,data/5min/spy_5m.csv
2026-04-22 16:05:00+00:00,709.8800048828125,710.1199951171875,709.8300170898438,709.969970703125,217404,SPY,equities,5min,data/5min/spy_5m.csv
2026-04-22 16:10:00+00:00,709.969970703125,710.0250244140625,709.6099853515625,709.9199829101562,225910,SPY,equities,5min,data/5min/spy_5m.csv
2026-04-22 16:15:00+00:00,709.9199829101562,710.02001953125,709.4099731445312,709.431884765625,322384,SPY,equities,5min,data/5min/spy_5m.csv
2026-04-22 16:20:00+00:00,709.4299926757812,709.7999877929688,709.4000244140625,709.5800170898438,320883,SPY,equities,5min,data/5min/spy_5m.csv
2026-04-22 16:25:00+00:00,709.5599975585938,709.5900268554688,709.0800170898438,709.155029296875,263186,SPY,equities,5min,data/5min/spy_5m.csv
2026-04-22 16:30:00+00:00,709.1500244140625,709.3099975585938,708.8300170898438,709.2100219726562,295565,SPY,equities,5min,data/5min/spy_5m.csv
2026-04-22 16:35:00+00:00,709.25,709.6099853515625,709.0800170898438,709.5499877929688,157104,SPY,equities,5min,data/5min/spy_5m.csv
2026-04-22 16:40:00+00:00,709.5399780273438,709.6799926757812,708.9199829101562,709.0900268554688,387245,SPY,equities,5min,data/5min/spy_5m.csv
2026-04-22 16:45:00+00:00,709.0900268554688,709.4000244140625,708.9299926757812,709.375,208016,SPY,equities,5min,data/5min/spy_5m.csv
2026-04-22 16:50:00+00:00,709.3599853515625,709.3699951171875,708.9500122070312,709.27001953125,229218,SPY,equities,5min,data/5min/spy_5m.csv
2026-04-22 16:55:00+00:00,709.27001953125,709.2700805664062,708.7999877929688,708.8900146484375,191293,SPY,equities,5min,data/5min/spy_5m.csv
2026-04-22 17:00:00+00:00,708.9099731445312,709.719970703125,708.8900146484375,709.6099853515625,664007,SPY,equities,5min,data/5min/spy_5m.csv
2026-04-22 17:05:00+00:00,709.6290283203125,709.7899780273438,709.3699951171875,709.7700805664062,180852,SPY,equities,5min,data/5min/spy_5m.csv
2026-04-22 17:10:00+00:00,709.780029296875,710.4000244140625,709.760009765625,709.9277954101562,501792,SPY,equities,5min,data/5min/spy_5m.csv
2026-04-22 17:15:00+00:00,709.9400024414062,710.1099853515625,709.5996704101562,709.719970703125,202483,SPY,equities,5min,data/5min/spy_5m.csv
2026-04-22 17:20:00+00:00,709.72998046875,710.4199829101562,709.7000122070312,710.1356811523438,278772,SPY,equities,5min,data/5min/spy_5m.csv
2026-04-22 17:25:00+00:00,710.1199951171875,710.260009765625,710.02001953125,710.0399780273438,154855,SPY,equities,5min,data/5min/spy_5m.csv
2026-04-22 17:30:00+00:00,710.0499877929688,710.2999877929688,710.02001953125,710.0900268554688,234610,SPY,equities,5min,data/5min/spy_5m.csv
2026-04-22 17:35:00+00:00,710.0900268554688,710.1900024414062,709.9000244140625,710.0399780273438,181605,SPY,equities,5min,data/5min/spy_5m.csv
2026-04-22 17:40:00+00:00,710.0399780273438,710.3300170898438,710.030029296875,710.22998046875,138953,SPY,equities,5min,data/5min/spy_5m.csv
2026-04-22 17:45:00+00:00,710.22998046875,710.4199829101562,709.8200073242188,710.1900024414062,287366,SPY,equities,5min,data/5min/spy_5m.csv
2026-04-22 17:50:00+00:00,710.1900024414062,710.3200073242188,710.0449829101562,710.1099853515625,168905,SPY,equities,5min,data/5min/spy_5m.csv
2026-04-22 17:55:00+00:00,710.1300048828125,710.1900024414062,709.969970703125,709.989990234375,129212,SPY,equities,5min,data/5min/spy_5m.csv
2026-04-22 18:00:00+00:00,709.969970703125,710.1799926757812,709.8699951171875,710.0800170898438,381828,SPY,equities,5min,data/5min/spy_5m.csv
2026-04-22 18:05:00+00:00,710.0650024414062,710.219970703125,709.9299926757812,709.9349975585938,289025,SPY,equities,5min,data/5min/spy_5m.csv
2026-04-22 18:10:00+00:00,709.9400024414062,710.1199951171875,709.8599853515625,709.9500122070312,222761,SPY,equities,5min,data/5min/spy_5m.csv
2026-04-22 18:15:00+00:00,709.9400024414062,709.9400024414062,709.6199951171875,709.6500244140625,358911,SPY,equities,5min,data/5min/spy_5m.csv
2026-04-22 18:20:00+00:00,709.6400146484375,709.64990234375,709.2000122070312,709.510009765625,941171,SPY,equities,5min,data/5min/spy_5m.csv
2026-04-22 18:25:00+00:00,709.530029296875,709.6300048828125,709.4299926757812,709.4500122070312,233114,SPY,equities,5min,data/5min/spy_5m.csv
2026-04-22 18:30:00+00:00,709.4600219726562,709.8099975585938,709.375,709.64501953125,296829,SPY,equities,5min,data/5min/spy_5m.csv
2026-04-22 18:35:00+00:00,709.6400756835938,709.9000244140625,709.6400756835938,709.8800048828125,253176,SPY,equities,5min,data/5min/spy_5m.csv
2026-04-22 18:40:00+00:00,709.8721923828125,709.97998046875,709.8200073242188,709.885009765625,275200,SPY,equities,5min,data/5min/spy_5m.csv
2026-04-22 18:45:00+00:00,709.885009765625,710.0700073242188,709.760009765625,709.9550170898438,340118,SPY,equities,5min,data/5min/spy_5m.csv
2026-04-22 18:50:00+00:00,709.9550170898438,710.0499877929688,709.8300170898438,709.830078125,341963,SPY,equities,5min,data/5min/spy_5m.csv
2026-04-22 18:55:00+00:00,709.830078125,709.8599853515625,709.52001953125,709.6500244140625,396295,SPY,equities,5min,data/5min/spy_5m.csv
2026-04-22 19:00:00+00:00,709.6599731445312,709.6900024414062,709.1900024414062,709.5449829101562,541870,SPY,equities,5min,data/5min/spy_5m.csv
2026-04-22 19:05:00+00:00,709.5449829101562,709.9299926757812,709.469970703125,709.9099731445312,362954,SPY,equities,5min,data/5min/spy_5m.csv
2026-04-22 19:10:00+00:00,709.9000244140625,710.030029296875,709.780029296875,709.9600219726562,328934,SPY,equities,5min,data/5min/spy_5m.csv
2026-04-22 19:15:00+00:00,709.9598999023438,710.3800048828125,709.9400024414062,710.3599853515625,562092,SPY,equities,5min,data/5min/spy_5m.csv
2026-04-22 19:20:00+00:00,710.3699951171875,710.469970703125,710.2003784179688,710.3200073242188,472231,SPY,equities,5min,data/5min/spy_5m.csv
2026-04-22 19:25:00+00:00,710.3400268554688,710.5800170898438,710.2901000976562,710.4500122070312,433072,SPY,equities,5min,data/5min/spy_5m.csv
2026-04-22 19:30:00+00:00,710.4550170898438,710.5900268554688,710.1799926757812,710.2650146484375,686399,SPY,equities,5min,data/5min/spy_5m.csv
2026-04-22 19:35:00+00:00,710.27001953125,710.530029296875,710.1300048828125,710.4349975585938,642088,SPY,equities,5min,data/5min/spy_5m.csv
2026-04-22 19:40:00+00:00,710.4349975585938,710.5599975585938,710.3499755859375,710.4500122070312,588026,SPY,equities,5min,data/5min/spy_5m.csv
2026-04-22 19:45:00+00:00,710.4400024414062,710.72998046875,710.3699951171875,710.7100219726562,800063,SPY,equities,5min,data/5min/spy_5m.csv
2026-04-22 19:50:00+00:00,710.7100219726562,711.280029296875,710.4400024414062,711.0499877929688,1651360,SPY,equities,5min,data/5min/spy_5m.csv
2026-04-22 19:55:00+00:00,711.0599975585938,711.4500122070312,710.9000244140625,711.2100219726562,2621262,SPY,equities,5min,data/5min/spy_5m.csv
2026-04-23 13:30:00+00:00,709.5,709.969970703125,709.219970703125,709.47998046875,2776585,SPY,equities,5min,data/5min/spy_5m.csv
2026-04-23 13:35:00+00:00,709.4949951171875,710.3400268554688,709.3800048828125,710.27001953125,521382,SPY,equities,5min,data/5min/spy_5m.csv
2026-04-23 13:40:00+00:00,710.25,710.5999755859375,709.6900024414062,710.5700073242188,443972,SPY,equities,5min,data/5min/spy_5m.csv
2026-04-23 13:45:00+00:00,710.5700073242188,711.2849731445312,710.4299926757812,710.9600219726562,604330,SPY,equities,5min,data/5min/spy_5m.csv
2026-04-23 13:50:00+00:00,710.969970703125,711.0,710.1500244140625,710.6099853515625,732681,SPY,equities,5min,data/5min/spy_5m.csv
2026-04-23 13:55:00+00:00,710.6199951171875,710.6199951171875,710.1599731445312,710.2100219726562,808994,SPY,equities,5min,data/5min/spy_5m.csv
2026-04-23 14:00:00+00:00,710.1900024414062,710.3099975585938,709.1300048828125,709.9600219726562,1032076,SPY,equities,5min,data/5min/spy_5m.csv
2026-04-23 14:05:00+00:00,709.9500122070312,710.344970703125,709.6649780273438,710.2750244140625,379241,SPY,equities,5min,data/5min/spy_5m.csv
2026-04-23 14:10:00+00:00,710.27001953125,710.3250122070312,709.969970703125,710.0905151367188,352101,SPY,equities,5min,data/5min/spy_5m.csv
2026-04-23 14:15:00+00:00,710.0900268554688,710.7100219726562,710.0599975585938,710.1900024414062,471608,SPY,equities,5min,data/5min/spy_5m.csv
2026-04-23 14:20:00+00:00,710.1900024414062,710.8900146484375,710.1199951171875,710.8250122070312,352934,SPY,equities,5min,data/5min/spy_5m.csv
2026-04-23 14:25:00+00:00,710.8200073242188,710.9600219726562,710.2847290039062,710.530029296875,389920,SPY,equities,5min,data/5min/spy_5m.csv
2026-04-23 14:30:00+00:00,710.510009765625,711.1300048828125,710.510009765625,710.739990234375,459683,SPY,equities,5min,data/5min/spy_5m.csv
2026-04-23 14:35:00+00:00,710.7363891601562,711.0499877929688,710.4000244140625,710.7000122070312,346344,SPY,equities,5min,data/5min/spy_5m.csv
2026-04-23 14:40:00+00:00,710.6900024414062,711.02001953125,710.4600219726562,710.9400024414062,239585,SPY,equities,5min,data/5min/spy_5m.csv
2026-04-23 14:45:00+00:00,710.9500122070312,711.25,710.8900146484375,711.0999755859375,343898,SPY,equities,5min,data/5min/spy_5m.csv
2026-04-23 14:50:00+00:00,711.1099853515625,711.4849853515625,710.9600219726562,711.4799194335938,456041,SPY,equities,5min,data/5min/spy_5m.csv
2026-04-23 14:55:00+00:00,711.47998046875,712.0549926757812,711.47998046875,711.7100219726562,543631,SPY,equities,5min,data/5min/spy_5m.csv
2026-04-23 15:00:00+00:00,711.7000122070312,711.989990234375,711.6599731445312,711.7050170898438,357248,SPY,equities,5min,data/5min/spy_5m.csv
2026-04-23 15:05:00+00:00,711.7000122070312,711.7966918945312,711.4498901367188,711.72998046875,238466,SPY,equities,5min,data/5min/spy_5m.csv
2026-04-23 15:10:00+00:00,711.739990234375,711.969970703125,711.5900268554688,711.635009765625,330456,SPY,equities,5min,data/5min/spy_5m.csv
2026-04-23 15:15:00+00:00,711.6400146484375,712.2000122070312,711.510009765625,712.0549926757812,373377,SPY,equities,5min,data/5min/spy_5m.csv
2026-04-23 15:20:00+00:00,712.0535888671875,712.22998046875,711.8699951171875,712.1400146484375,256135,SPY,equities,5min,data/5min/spy_5m.csv
2026-04-23 15:25:00+00:00,712.1400146484375,712.280029296875,711.9600219726562,711.989990234375,332593,SPY,equities,5min,data/5min/spy_5m.csv
2026-04-23 15:30:00+00:00,711.989990234375,712.3598022460938,711.7999877929688,712.1699829101562,280792,SPY,equities,5min,data/5min/spy_5m.csv
2026-04-23 15:35:00+00:00,712.1599731445312,712.1699829101562,711.760009765625,711.8049926757812,337356,SPY,equities,5min,data/5min/spy_5m.csv
2026-04-23 15:40:00+00:00,711.7999877929688,711.989990234375,711.4949951171875,711.5750122070312,324116,SPY,equities,5min,data/5min/spy_5m.csv
2026-04-23 15:45:00+00:00,711.5900268554688,711.6199951171875,710.8699951171875,711.239990234375,620860,SPY,equities,5min,data/5min/spy_5m.csv
2026-04-23 15:50:00+00:00,711.239990234375,711.2449951171875,710.7100219726562,710.780029296875,407127,SPY,equities,5min,data/5min/spy_5m.csv
2026-04-23 15:55:00+00:00,710.760009765625,711.47998046875,710.7000122070312,711.10498046875,349869,SPY,equities,5min,data/5min/spy_5m.csv
2026-04-23 16:00:00+00:00,711.10498046875,711.239990234375,710.3900146484375,710.4199829101562,404648,SPY,equities,5min,data/5min/spy_5m.csv
2026-04-23 16:05:00+00:00,710.4299926757812,710.6799926757812,710.3049926757812,710.5198974609375,276232,SPY,equities,5min,data/5min/spy_5m.csv
2026-04-23 16:10:00+00:00,710.5150146484375,710.989990234375,710.5,710.9000244140625,268251,SPY,equities,5min,data/5min/spy_5m.csv
2026-04-23 16:15:00+00:00,710.9000244140625,711.0900268554688,710.7949829101562,710.9400024414062,241663,SPY,equities,5min,data/5min/spy_5m.csv
2026-04-23 16:20:00+00:00,710.9650268554688,711.0,710.4000244140625,710.8300170898438,232666,SPY,equities,5min,data/5min/spy_5m.csv
2026-04-23 16:25:00+00:00,710.8300170898438,711.030029296875,710.6300048828125,710.72998046875,140891,SPY,equities,5min,data/5min/spy_5m.csv
2026-04-23 16:30:00+00:00,710.7489013671875,711.0900268554688,710.625,711.030029296875,227671,SPY,equities,5min,data/5min/spy_5m.csv
2026-04-23 16:35:00+00:00,711.0399780273438,711.27001953125,710.780029296875,710.8300170898438,330246,SPY,equities,5min,data/5min/spy_5m.csv
2026-04-23 16:40:00+00:00,710.8300170898438,711.0,710.75,710.9500122070312,120450,SPY,equities,5min,data/5min/spy_5m.csv
2026-04-23 16:45:00+00:00,710.9500122070312,711.155029296875,710.780029296875,710.8699951171875,130982,SPY,equities,5min,data/5min/spy_5m.csv
2026-04-23 16:50:00+00:00,710.8599853515625,711.0700073242188,710.7330932617188,710.9299926757812,80310,SPY,equities,5min,data/5min/spy_5m.csv
2026-04-23 16:55:00+00:00,710.9199829101562,711.1799926757812,710.5800170898438,710.8699951171875,162931,SPY,equities,5min,data/5min/spy_5m.csv
2026-04-23 17:00:00+00:00,710.8800048828125,711.0800170898438,709.010009765625,709.2999877929688,1150343,SPY,equities,5min,data/5min/spy_5m.csv
2026-04-23 17:05:00+00:00,709.27001953125,709.3200073242188,707.8599853515625,707.9299926757812,1171697,SPY,equities,5min,data/5min/spy_5m.csv
2026-04-23 17:10:00+00:00,707.9099731445312,708.2000122070312,707.3300170898438,707.739990234375,1007191,SPY,equities,5min,data/5min/spy_5m.csv
2026-04-23 17:15:00+00:00,707.75,707.75,706.1799926757812,706.5499877929688,1782408,SPY,equities,5min,data/5min/spy_5m.csv
2026-04-23 17:20:00+00:00,706.530029296875,706.969482421875,705.969970703125,706.280029296875,792722,SPY,equities,5min,data/5min/spy_5m.csv
2026-04-23 17:25:00+00:00,706.2999877929688,707.4199829101562,705.8800048828125,706.0499877929688,1096809,SPY,equities,5min,data/5min/spy_5m.csv
2026-04-23 17:30:00+00:00,706.0405883789062,707.4299926757812,705.7899780273438,707.3300170898438,766161,SPY,equities,5min,data/5min/spy_5m.csv
2026-04-23 17:35:00+00:00,707.3300170898438,707.7000122070312,705.530029296875,705.7899780273438,1137482,SPY,equities,5min,data/5min/spy_5m.csv
2026-04-23 17:40:00+00:00,705.8499755859375,705.8900146484375,703.3099975585938,703.760009765625,1784488,SPY,equities,5min,data/5min/spy_5m.csv
2026-04-23 17:45:00+00:00,703.760009765625,704.2100219726562,702.2802734375,703.5396118164062,2089924,SPY,equities,5min,data/5min/spy_5m.csv
2026-04-23 17:50:00+00:00,703.52001953125,706.7000122070312,702.7899780273438,705.6099853515625,2483779,SPY,equities,5min,data/5min/spy_5m.csv
2026-04-23 17:55:00+00:00,705.5800170898438,707.0499877929688,705.0800170898438,706.635009765625,2022056,SPY,equities,5min,data/5min/spy_5m.csv
2026-04-23 18:00:00+00:00,706.6699829101562,707.9600219726562,706.219970703125,707.260009765625,1212715,SPY,equities,5min,data/5min/spy_5m.csv
2026-04-23 18:05:00+00:00,707.27001953125,707.9600219726562,706.8300170898438,707.3699951171875,735773,SPY,equities,5min,data/5min/spy_5m.csv
2026-04-23 18:10:00+00:00,707.3800048828125,708.25,707.1400146484375,707.7999877929688,752346,SPY,equities,5min,data/5min/spy_5m.csv
2026-04-23 18:15:00+00:00,707.760009765625,708.3499755859375,707.6799926757812,708.1699829101562,471064,SPY,equities,5min,data/5min/spy_5m.csv
2026-04-23 18:20:00+00:00,708.1400146484375,708.5399780273438,707.5900268554688,708.26171875,620302,SPY,equities,5min,data/5min/spy_5m.csv
2026-04-23 18:25:00+00:00,708.2899780273438,708.5900268554688,708.0,708.5100708007812,350984,SPY,equities,5min,data/5min/spy_5m.csv
2026-04-23 18:30:00+00:00,708.510009765625,709.1699829101562,708.5,709.0800170898438,448210,SPY,equities,5min,data/5min/spy_5m.csv
2026-04-23 18:35:00+00:00,709.0800170898438,709.47998046875,708.7999877929688,708.9199829101562,498756,SPY,equities,5min,data/5min/spy_5m.csv
2026-04-23 18:40:00+00:00,708.9299926757812,709.030029296875,708.0900268554688,708.6699829101562,531221,SPY,equities,5min,data/5min/spy_5m.csv
2026-04-23 18:45:00+00:00,708.6699829101562,708.72998046875,707.989990234375,708.0317993164062,371276,SPY,equities,5min,data/5min/spy_5m.csv
2026-04-23 18:50:00+00:00,708.010009765625,708.4299926757812,707.7000122070312,708.1199951171875,485030,SPY,equities,5min,data/5min/spy_5m.csv
2026-04-23 18:55:00+00:00,708.1199951171875,708.22998046875,706.739990234375,707.126220703125,557780,SPY,equities,5min,data/5min/spy_5m.csv
2026-04-23 19:00:00+00:00,707.1325073242188,707.3699951171875,706.760009765625,707.2100219726562,682161,SPY,equities,5min,data/5min/spy_5m.csv
2026-04-23 19:05:00+00:00,707.2000122070312,708.1199951171875,707.1820068359375,707.9000244140625,355058,SPY,equities,5min,data/5min/spy_5m.csv
2026-04-23 19:10:00+00:00,707.9000244140625,708.2291259765625,707.6799926757812,708.2100219726562,353801,SPY,equities,5min,data/5min/spy_5m.csv
2026-04-23 19:15:00+00:00,708.219970703125,708.6599731445312,708.219970703125,708.47998046875,366222,SPY,equities,5min,data/5min/spy_5m.csv
2026-04-23 19:20:00+00:00,708.5,708.5999755859375,708.2000122070312,708.385009765625,240342,SPY,equities,5min,data/5min/spy_5m.csv
2026-04-23 19:25:00+00:00,708.3900146484375,708.6500244140625,708.239990234375,708.405029296875,321093,SPY,equities,5min,data/5min/spy_5m.csv
2026-04-23 19:30:00+00:00,708.4199829101562,708.9099731445312,707.9400024414062,707.9600219726562,342572,SPY,equities,5min,data/5min/spy_5m.csv
2026-04-23 19:35:00+00:00,707.9600219726562,707.9600219726562,707.1099853515625,707.5750122070312,521918,SPY,equities,5min,data/5min/spy_5m.csv
2026-04-23 19:40:00+00:00,707.5800170898438,708.0599975585938,707.27001953125,707.3400268554688,507847,SPY,equities,5min,data/5min/spy_5m.csv
2026-04-23 19:45:00+00:00,707.3400268554688,707.9500122070312,707.280029296875,707.9500122070312,605108,SPY,equities,5min,data/5min/spy_5m.csv
2026-04-23 19:50:00+00:00,707.9600219726562,708.239990234375,706.469970703125,708.030029296875,1624766,SPY,equities,5min,data/5min/spy_5m.csv
2026-04-23 19:55:00+00:00,708.0,708.8800048828125,707.8699951171875,708.4400024414062,2689682,SPY,equities,5min,data/5min/spy_5m.csv
2026-04-24 13:30:00+00:00,710.75,711.1599731445312,709.760009765625,709.8350219726562,3339728,SPY,equities,5min,data/5min/spy_5m.csv
2026-04-24 13:35:00+00:00,709.8400268554688,710.4199829101562,709.5499877929688,710.3099975585938,585429,SPY,equities,5min,data/5min/spy_5m.csv
2026-04-24 13:40:00+00:00,710.3099975585938,710.52001953125,709.8400268554688,709.969970703125,433329,SPY,equities,5min,data/5min/spy_5m.csv
2026-04-24 13:45:00+00:00,709.989990234375,710.4000244140625,709.72998046875,710.3200073242188,419787,SPY,equities,5min,data/5min/spy_5m.csv
2026-04-24 13:50:00+00:00,710.3300170898438,710.5499877929688,709.4099731445312,709.4849853515625,578676,SPY,equities,5min,data/5min/spy_5m.csv
2026-04-24 13:55:00+00:00,709.510009765625,710.0700073242188,709.010009765625,709.9400024414062,643161,SPY,equities,5min,data/5min/spy_5m.csv
2026-04-24 14:00:00+00:00,709.9099731445312,710.2050170898438,709.1400146484375,709.6699829101562,561434,SPY,equities,5min,data/5min/spy_5m.csv
2026-04-24 14:05:00+00:00,709.6500244140625,710.2899780273438,709.260009765625,709.9873046875,811968,SPY,equities,5min,data/5min/spy_5m.csv
2026-04-24 14:10:00+00:00,709.97998046875,710.7000122070312,709.7100219726562,710.0499877929688,501018,SPY,equities,5min,data/5min/spy_5m.csv
2026-04-24 14:15:00+00:00,710.0800170898438,710.5499877929688,709.8599853515625,710.4099731445312,499664,SPY,equities,5min,data/5min/spy_5m.csv
2026-04-24 14:20:00+00:00,710.3800048828125,710.6699829101562,710.010009765625,710.3699951171875,329067,SPY,equities,5min,data/5min/spy_5m.csv
2026-04-24 14:25:00+00:00,710.385009765625,710.3900146484375,709.5153198242188,709.8599853515625,440551,SPY,equities,5min,data/5min/spy_5m.csv
2026-04-24 14:30:00+00:00,709.8900146484375,710.260009765625,709.4500122070312,710.1199951171875,509618,SPY,equities,5min,data/5min/spy_5m.csv
2026-04-24 14:35:00+00:00,710.1099853515625,710.8800048828125,709.9199829101562,710.5800170898438,1161676,SPY,equities,5min,data/5min/spy_5m.csv
2026-04-24 14:40:00+00:00,710.5700073242188,711.0999755859375,710.5399780273438,710.989990234375,266938,SPY,equities,5min,data/5min/spy_5m.csv
2026-04-24 14:45:00+00:00,711.0,711.489990234375,710.6987915039062,711.1649780273438,403790,SPY,equities,5min,data/5min/spy_5m.csv
2026-04-24 14:50:00+00:00,711.1649780273438,711.3200073242188,710.9199829101562,711.125,235837,SPY,equities,5min,data/5min/spy_5m.csv
2026-04-24 14:55:00+00:00,711.125,711.6099853515625,711.1199951171875,711.4400024414062,860739,SPY,equities,5min,data/5min/spy_5m.csv
2026-04-24 15:00:00+00:00,711.4199829101562,711.6500244140625,711.3400268554688,711.4500122070312,255591,SPY,equities,5min,data/5min/spy_5m.csv
2026-04-24 15:05:00+00:00,711.4400024414062,711.6599731445312,711.1900024414062,711.5800170898438,394860,SPY,equities,5min,data/5min/spy_5m.csv
2026-04-24 15:10:00+00:00,711.5700073242188,711.8599853515625,711.5399780273438,711.77001953125,271013,SPY,equities,5min,data/5min/spy_5m.csv
2026-04-24 15:15:00+00:00,711.791015625,711.8499755859375,711.5700073242188,711.6500244140625,193035,SPY,equities,5min,data/5min/spy_5m.csv
2026-04-24 15:20:00+00:00,711.6599731445312,712.1500244140625,711.510009765625,712.030029296875,309412,SPY,equities,5min,data/5min/spy_5m.csv
2026-04-24 15:25:00+00:00,712.030029296875,712.0499877929688,711.5900268554688,711.8499755859375,364324,SPY,equities,5min,data/5min/spy_5m.csv
2026-04-24 15:30:00+00:00,711.8699951171875,712.114990234375,711.77001953125,711.9000244140625,324499,SPY,equities,5min,data/5min/spy_5m.csv
2026-04-24 15:35:00+00:00,711.9000244140625,712.030029296875,711.5399780273438,711.7000122070312,274844,SPY,equities,5min,data/5min/spy_5m.csv
2026-04-24 15:40:00+00:00,711.7050170898438,713.8400268554688,711.6199951171875,713.3099975585938,1173650,SPY,equities,5min,data/5min/spy_5m.csv
2026-04-24 15:45:00+00:00,713.3499755859375,714.1400146484375,712.6199951171875,713.280029296875,1248457,SPY,equities,5min,data/5min/spy_5m.csv
2026-04-24 15:50:00+00:00,713.2999877929688,714.0599975585938,713.260009765625,713.9349975585938,805027,SPY,equities,5min,data/5min/spy_5m.csv
2026-04-24 15:55:00+00:00,713.9199829101562,714.0399780273438,713.5999755859375,713.77001953125,361237,SPY,equities,5min,data/5min/spy_5m.csv
2026-04-24 16:00:00+00:00,713.77001953125,713.9299926757812,713.4600219726562,713.8300170898438,295961,SPY,equities,5min,data/5min/spy_5m.csv
2026-04-24 16:05:00+00:00,713.8400268554688,713.97998046875,713.0999755859375,713.2515258789062,263613,SPY,equities,5min,data/5min/spy_5m.csv
2026-04-24 16:10:00+00:00,713.239990234375,713.8300170898438,713.1799926757812,713.3598022460938,396079,SPY,equities,5min,data/5min/spy_5m.csv
2026-04-24 16:15:00+00:00,713.3350219726562,713.3900146484375,712.989990234375,713.2700805664062,286977,SPY,equities,5min,data/5min/spy_5m.csv
2026-04-24 16:20:00+00:00,713.27001953125,713.47998046875,713.1900024414062,713.4000244140625,222060,SPY,equities,5min,data/5min/spy_5m.csv
2026-04-24 16:25:00+00:00,713.4149780273438,713.6300048828125,713.1699829101562,713.3012084960938,215180,SPY,equities,5min,data/5min/spy_5m.csv
2026-04-24 16:30:00+00:00,713.3209838867188,713.8912963867188,713.3200073242188,713.7050170898438,581088,SPY,equities,5min,data/5min/spy_5m.csv
2026-04-24 16:35:00+00:00,713.7000122070312,713.72998046875,713.3599853515625,713.469970703125,198212,SPY,equities,5min,data/5min/spy_5m.csv
2026-04-24 16:40:00+00:00,713.4500122070312,713.47998046875,712.8499755859375,713.1099853515625,204401,SPY,equities,5min,data/5min/spy_5m.csv
2026-04-24 16:45:00+00:00,713.0800170898438,713.3699951171875,713.010009765625,713.2100219726562,241282,SPY,equities,5min,data/5min/spy_5m.csv
2026-04-24 16:50:00+00:00,713.2100219726562,713.5700073242188,713.1900024414062,713.4600219726562,506804,SPY,equities,5min,data/5min/spy_5m.csv
2026-04-24 16:55:00+00:00,713.4570922851562,713.8099975585938,713.35009765625,713.6099853515625,282581,SPY,equities,5min,data/5min/spy_5m.csv
2026-04-24 17:00:00+00:00,713.5999755859375,713.7899780273438,713.5399780273438,713.5800170898438,284764,SPY,equities,5min,data/5min/spy_5m.csv
2026-04-24 17:05:00+00:00,713.5900268554688,713.6199951171875,713.2899780273438,713.3499755859375,617946,SPY,equities,5min,data/5min/spy_5m.csv
2026-04-24 17:10:00+00:00,713.3599853515625,713.6300048828125,713.22998046875,713.3300170898438,169921,SPY,equities,5min,data/5min/spy_5m.csv
2026-04-24 17:15:00+00:00,713.3300170898438,713.3699951171875,713.0399780273438,713.0750122070312,203054,SPY,equities,5min,data/5min/spy_5m.csv
2026-04-24 17:20:00+00:00,713.0700073242188,713.1500244140625,712.719970703125,713.139892578125,260033,SPY,equities,5min,data/5min/spy_5m.csv
2026-04-24 17:25:00+00:00,713.1099853515625,713.2999877929688,713.010009765625,713.02001953125,155035,SPY,equities,5min,data/5min/spy_5m.csv
2026-04-24 17:30:00+00:00,713.0,713.1699829101562,712.72998046875,713.0599975585938,367217,SPY,equities,5min,data/5min/spy_5m.csv
2026-04-24 17:35:00+00:00,713.0499877929688,713.5800170898438,713.010009765625,713.2000122070312,327704,SPY,equities,5min,data/5min/spy_5m.csv
2026-04-24 17:40:00+00:00,713.219970703125,713.5499877929688,713.1799926757812,713.5299072265625,130574,SPY,equities,5min,data/5min/spy_5m.csv
2026-04-24 17:45:00+00:00,713.5399780273438,713.6199951171875,713.3800048828125,713.4099731445312,171403,SPY,equities,5min,data/5min/spy_5m.csv
2026-04-24 17:50:00+00:00,713.4099731445312,714.4600219726562,713.364990234375,713.8800048828125,333374,SPY,equities,5min,data/5min/spy_5m.csv
2026-04-24 17:55:00+00:00,713.8699951171875,714.0299072265625,713.6099853515625,713.6500244140625,199113,SPY,equities,5min,data/5min/spy_5m.csv
2026-04-24 18:00:00+00:00,713.6599731445312,713.7899780273438,713.47998046875,713.594970703125,357765,SPY,equities,5min,data/5min/spy_5m.csv
2026-04-24 18:05:00+00:00,713.5700073242188,713.77001953125,713.25,713.6400146484375,407159,SPY,equities,5min,data/5min/spy_5m.csv
2026-04-24 18:10:00+00:00,713.6400146484375,713.72998046875,713.3499755859375,713.5050048828125,219758,SPY,equities,5min,data/5min/spy_5m.csv
2026-04-24 18:15:00+00:00,713.5,713.6099853515625,713.0800170898438,713.22998046875,731053,SPY,equities,5min,data/5min/spy_5m.csv
2026-04-24 18:20:00+00:00,713.219970703125,713.27001953125,712.9500122070312,713.219970703125,481502,SPY,equities,5min,data/5min/spy_5m.csv
2026-04-24 18:25:00+00:00,713.22998046875,713.4199829101562,712.989990234375,713.02001953125,241651,SPY,equities,5min,data/5min/spy_5m.csv
2026-04-24 18:30:00+00:00,713.030029296875,713.469970703125,713.0,713.4199829101562,176440,SPY,equities,5min,data/5min/spy_5m.csv
2026-04-24 18:35:00+00:00,713.3900146484375,713.594970703125,713.3200073242188,713.489990234375,171273,SPY,equities,5min,data/5min/spy_5m.csv
2026-04-24 18:40:00+00:00,713.489990234375,713.6400146484375,713.25,713.3400268554688,228520,SPY,equities,5min,data/5min/spy_5m.csv
2026-04-24 18:45:00+00:00,713.3400268554688,713.47998046875,713.1599731445312,713.2899780273438,256600,SPY,equities,5min,data/5min/spy_5m.csv
2026-04-24 18:50:00+00:00,713.2899780273438,713.539794921875,713.2000122070312,713.3699951171875,148296,SPY,equities,5min,data/5min/spy_5m.csv
2026-04-24 18:55:00+00:00,713.3499755859375,713.5900268554688,713.2999877929688,713.530029296875,181622,SPY,equities,5min,data/5min/spy_5m.csv
2026-04-24 19:00:00+00:00,713.530029296875,713.8400268554688,713.530029296875,713.739990234375,254995,SPY,equities,5min,data/5min/spy_5m.csv
2026-04-24 19:05:00+00:00,713.72998046875,714.1500244140625,713.6799926757812,714.1199951171875,454205,SPY,equities,5min,data/5min/spy_5m.csv
2026-04-24 19:10:00+00:00,714.1099853515625,714.3800048828125,714.0800170898438,714.2050170898438,421609,SPY,equities,5min,data/5min/spy_5m.csv
2026-04-24 19:15:00+00:00,714.2000122070312,714.469970703125,714.1400146484375,714.2249755859375,542635,SPY,equities,5min,data/5min/spy_5m.csv
2026-04-24 19:20:00+00:00,714.219970703125,714.2349853515625,713.75,713.8099975585938,411626,SPY,equities,5min,data/5min/spy_5m.csv
2026-04-24 19:25:00+00:00,713.8099975585938,713.8599853515625,713.5599975585938,713.739990234375,678495,SPY,equities,5min,data/5min/spy_5m.csv
2026-04-24 19:30:00+00:00,713.75,713.8499755859375,713.5,713.6599731445312,439011,SPY,equities,5min,data/5min/spy_5m.csv
2026-04-24 19:35:00+00:00,713.6599731445312,713.6900024414062,713.4400024414062,713.6599731445312,413381,SPY,equities,5min,data/5min/spy_5m.csv
2026-04-24 19:40:00+00:00,713.6799926757812,713.9600219726562,713.5900268554688,713.7901000976562,559500,SPY,equities,5min,data/5min/spy_5m.csv
2026-04-24 19:45:00+00:00,713.7899780273438,713.8499755859375,713.5599975585938,713.8499755859375,812056,SPY,equities,5min,data/5min/spy_5m.csv
2026-04-24 19:50:00+00:00,713.8499755859375,714.1300048828125,713.5399780273438,714.0999755859375,1298342,SPY,equities,5min,data/5min/spy_5m.csv
2026-04-24 19:55:00+00:00,714.0900268554688,714.4299926757812,713.7999877929688,713.97998046875,3716682,SPY,equities,5min,data/5min/spy_5m.csv
2026-04-27 13:30:00+00:00,713.1699829101562,714.135009765625,712.8699951171875,713.7000122070312,2453751,SPY,equities,5min,data/5min/spy_5m.csv
2026-04-27 13:35:00+00:00,713.6900024414062,714.3599853515625,713.6099853515625,714.3499755859375,644549,SPY,equities,5min,data/5min/spy_5m.csv
2026-04-27 13:40:00+00:00,714.35498046875,714.4093017578125,713.6500244140625,713.7100219726562,471525,SPY,equities,5min,data/5min/spy_5m.csv
2026-04-27 13:45:00+00:00,713.7000122070312,713.77001953125,712.5999755859375,712.89501953125,926897,SPY,equities,5min,data/5min/spy_5m.csv
2026-04-27 13:50:00+00:00,712.8900146484375,713.9962158203125,712.6199951171875,713.9500122070312,836315,SPY,equities,5min,data/5min/spy_5m.csv
2026-04-27 13:55:00+00:00,713.9600219726562,714.2999877929688,713.8551025390625,714.0850219726562,589150,SPY,equities,5min,data/5min/spy_5m.csv
2026-04-27 14:00:00+00:00,714.0900268554688,714.22998046875,713.760009765625,713.9299926757812,494084,SPY,equities,5min,data/5min/spy_5m.csv
2026-04-27 14:05:00+00:00,713.9199829101562,714.3400268554688,713.6699829101562,713.780029296875,333342,SPY,equities,5min,data/5min/spy_5m.csv
2026-04-27 14:10:00+00:00,713.75,714.0850219726562,713.5,713.864990234375,340444,SPY,equities,5min,data/5min/spy_5m.csv
2026-04-27 14:15:00+00:00,713.8499755859375,713.9498901367188,713.4099731445312,713.469970703125,392780,SPY,equities,5min,data/5min/spy_5m.csv
2026-04-27 14:20:00+00:00,713.469970703125,713.7000122070312,713.3499755859375,713.6749877929688,248493,SPY,equities,5min,data/5min/spy_5m.csv
2026-04-27 14:25:00+00:00,713.6900024414062,713.8300170898438,713.4299926757812,713.4450073242188,230855,SPY,equities,5min,data/5min/spy_5m.csv
2026-04-27 14:30:00+00:00,713.459228515625,713.4749755859375,713.072021484375,713.3800048828125,398192,SPY,equities,5min,data/5min/spy_5m.csv
2026-04-27 14:35:00+00:00,713.39501953125,714.4500122070312,713.3499755859375,713.9600219726562,585942,SPY,equities,5min,data/5min/spy_5m.csv
2026-04-27 14:40:00+00:00,713.9550170898438,714.1699829101562,713.5700073242188,713.97998046875,291132,SPY,equities,5min,data/5min/spy_5m.csv
2026-04-27 14:45:00+00:00,713.969970703125,714.0499877929688,713.5499877929688,713.7100219726562,138292,SPY,equities,5min,data/5min/spy_5m.csv
2026-04-27 14:50:00+00:00,713.6900024414062,713.8900146484375,713.344970703125,713.5499877929688,234160,SPY,equities,5min,data/5min/spy_5m.csv
2026-04-27 14:55:00+00:00,713.5599975585938,713.72998046875,713.3499755859375,713.6199951171875,393867,SPY,equities,5min,data/5min/spy_5m.csv
2026-04-27 15:00:00+00:00,713.6599731445312,713.7999877929688,712.844970703125,712.9000244140625,326202,SPY,equities,5min,data/5min/spy_5m.csv
2026-04-27 15:05:00+00:00,712.9000244140625,713.219970703125,712.7999877929688,713.0549926757812,329503,SPY,equities,5min,data/5min/spy_5m.csv
2026-04-27 15:10:00+00:00,713.0599975585938,713.1799926757812,712.8699951171875,712.8800048828125,192038,SPY,equities,5min,data/5min/spy_5m.csv
2026-04-27 15:15:00+00:00,712.8800048828125,713.25,712.72998046875,712.8400268554688,274677,SPY,equities,5min,data/5min/spy_5m.csv
2026-04-27 15:20:00+00:00,712.8400268554688,712.959228515625,712.2949829101562,712.5549926757812,386377,SPY,equities,5min,data/5min/spy_5m.csv
2026-04-27 15:25:00+00:00,712.5549926757812,713.0,712.4099731445312,713.0,265008,SPY,equities,5min,data/5min/spy_5m.csv
2026-04-27 15:30:00+00:00,712.989990234375,713.239013671875,712.760009765625,712.97998046875,219234,SPY,equities,5min,data/5min/spy_5m.csv
2026-04-27 15:35:00+00:00,712.989990234375,713.0999755859375,712.8400268554688,713.0449829101562,186146,SPY,equities,5min,data/5min/spy_5m.csv
2026-04-27 15:40:00+00:00,713.0499877929688,713.4000244140625,712.9500122070312,713.2899780273438,216520,SPY,equities,5min,data/5min/spy_5m.csv
2026-04-27 15:45:00+00:00,713.27001953125,713.409912109375,713.0999755859375,713.1300048828125,185016,SPY,equities,5min,data/5min/spy_5m.csv
2026-04-27 15:50:00+00:00,713.1300048828125,713.27001953125,713.0499877929688,713.2091064453125,137952,SPY,equities,5min,data/5min/spy_5m.csv
2026-04-27 15:55:00+00:00,713.2100219726562,713.47998046875,713.1300048828125,713.4000244140625,165752,SPY,equities,5min,data/5min/spy_5m.csv
2026-04-27 16:00:00+00:00,713.4099731445312,713.52001953125,713.1799926757812,713.469970703125,154100,SPY,equities,5min,data/5min/spy_5m.csv
2026-04-27 16:05:00+00:00,713.469970703125,713.8099975585938,713.4600219726562,713.7514038085938,261340,SPY,equities,5min,data/5min/spy_5m.csv
2026-04-27 16:10:00+00:00,713.739990234375,714.02001953125,713.6699829101562,713.9400024414062,267691,SPY,equities,5min,data/5min/spy_5m.csv
2026-04-27 16:15:00+00:00,713.9500122070312,714.1199951171875,713.9349975585938,714.02001953125,450294,SPY,equities,5min,data/5min/spy_5m.csv
2026-04-27 16:20:00+00:00,714.0,714.0599975585938,713.739990234375,713.7899780273438,326276,SPY,equities,5min,data/5min/spy_5m.csv
2026-04-27 16:25:00+00:00,713.7999877929688,714.0090942382812,713.7899780273438,713.8599853515625,249285,SPY,equities,5min,data/5min/spy_5m.csv
2026-04-27 16:30:00+00:00,713.8699951171875,714.2000122070312,713.8699951171875,714.1500244140625,566259,SPY,equities,5min,data/5min/spy_5m.csv
2026-04-27 16:35:00+00:00,714.1599731445312,714.3099975585938,714.0900268554688,714.280029296875,189421,SPY,equities,5min,data/5min/spy_5m.csv
2026-04-27 16:40:00+00:00,714.27001953125,714.3099975585938,714.1052856445312,714.1199951171875,192350,SPY,equities,5min,data/5min/spy_5m.csv
2026-04-27 16:45:00+00:00,714.1199951171875,714.2550048828125,714.0900268554688,714.219970703125,177331,SPY,equities,5min,data/5min/spy_5m.csv
2026-04-27 16:50:00+00:00,714.22998046875,714.22998046875,714.02001953125,714.02001953125,182673,SPY,equities,5min,data/5min/spy_5m.csv
2026-04-27 16:55:00+00:00,714.02001953125,714.159912109375,713.8599853515625,714.1300048828125,242766,SPY,equities,5min,data/5min/spy_5m.csv
2026-04-27 17:00:00+00:00,714.1199951171875,714.3499755859375,714.1199951171875,714.22998046875,199416,SPY,equities,5min,data/5min/spy_5m.csv
2026-04-27 17:05:00+00:00,714.219970703125,714.27001953125,714.0900268554688,714.2150268554688,128218,SPY,equities,5min,data/5min/spy_5m.csv
2026-04-27 17:10:00+00:00,714.219970703125,714.3499755859375,714.0900268554688,714.3400268554688,157805,SPY,equities,5min,data/5min/spy_5m.csv
2026-04-27 17:15:00+00:00,714.3350219726562,714.4099731445312,713.8800048828125,714.135009765625,265078,SPY,equities,5min,data/5min/spy_5m.csv
2026-04-27 17:20:00+00:00,714.1199951171875,714.7550048828125,714.0499877929688,714.3699951171875,394143,SPY,equities,5min,data/5min/spy_5m.csv
2026-04-27 17:25:00+00:00,714.3699951171875,714.7000122070312,714.3099975585938,714.5999755859375,668848,SPY,equities,5min,data/5min/spy_5m.csv
2026-04-27 17:30:00+00:00,714.5999755859375,715.2100219726562,714.5800170898438,715.1950073242188,455599,SPY,equities,5min,data/5min/spy_5m.csv
2026-04-27 17:35:00+00:00,715.1950073242188,715.2100219726562,714.7100219726562,714.75,309471,SPY,equities,5min,data/5min/spy_5m.csv
2026-04-27 17:40:00+00:00,714.75,714.8598022460938,714.7100219726562,714.8400268554688,220001,SPY,equities,5min,data/5min/spy_5m.csv
2026-04-27 17:45:00+00:00,714.8499755859375,714.9299926757812,714.7100219726562,714.8900146484375,264273,SPY,equities,5min,data/5min/spy_5m.csv
2026-04-27 17:50:00+00:00,714.89501953125,715.0,714.6500244140625,714.739990234375,178815,SPY,equities,5min,data/5min/spy_5m.csv
2026-04-27 17:55:00+00:00,714.739990234375,714.9199829101562,714.72998046875,714.8798828125,140646,SPY,equities,5min,data/5min/spy_5m.csv
2026-04-27 18:00:00+00:00,714.8499755859375,715.030029296875,714.719970703125,714.8800048828125,212247,SPY,equities,5min,data/5min/spy_5m.csv
2026-04-27 18:05:00+00:00,714.8800048828125,715.0399780273438,714.8200073242188,714.9550170898438,323221,SPY,equities,5min,data/5min/spy_5m.csv
2026-04-27 18:10:00+00:00,714.9500122070312,715.1099853515625,714.9400024414062,715.0549926757812,283642,SPY,equities,5min,data/5min/spy_5m.csv
2026-04-27 18:15:00+00:00,715.0499877929688,715.239990234375,715.0,715.1900024414062,389941,SPY,equities,5min,data/5min/spy_5m.csv
2026-04-27 18:20:00+00:00,715.2000122070312,715.22998046875,715.0900268554688,715.1500244140625,186574,SPY,equities,5min,data/5min/spy_5m.csv
2026-04-27 18:25:00+00:00,715.1400146484375,715.2100219726562,715.02001953125,715.0999755859375,291284,SPY,equities,5min,data/5min/spy_5m.csv
2026-04-27 18:30:00+00:00,715.0900268554688,715.219970703125,715.030029296875,715.1500244140625,137119,SPY,equities,5min,data/5min/spy_5m.csv
2026-04-27 18:35:00+00:00,715.1300048828125,715.2000122070312,715.0800170898438,715.155029296875,172227,SPY,equities,5min,data/5min/spy_5m.csv
2026-04-27 18:40:00+00:00,715.155029296875,715.2100219726562,714.7999877929688,714.89501953125,337658,SPY,equities,5min,data/5min/spy_5m.csv
2026-04-27 18:45:00+00:00,714.9000244140625,715.0399780273438,714.719970703125,715.02001953125,151546,SPY,equities,5min,data/5min/spy_5m.csv
2026-04-27 18:50:00+00:00,715.010009765625,715.1400146484375,714.8499755859375,714.8900146484375,197034,SPY,equities,5min,data/5min/spy_5m.csv
2026-04-27 18:55:00+00:00,714.8800048828125,715.0399780273438,714.8499755859375,714.875,165955,SPY,equities,5min,data/5min/spy_5m.csv
2026-04-27 19:00:00+00:00,714.8699951171875,715.0399780273438,714.8099975585938,714.8900146484375,187031,SPY,equities,5min,data/5min/spy_5m.csv
2026-04-27 19:05:00+00:00,714.8900146484375,714.9500122070312,714.7100219726562,714.7999877929688,177694,SPY,equities,5min,data/5min/spy_5m.csv
2026-04-27 19:10:00+00:00,714.7949829101562,715.0,714.7100219726562,714.9500122070312,256516,SPY,equities,5min,data/5min/spy_5m.csv
2026-04-27 19:15:00+00:00,714.9500122070312,715.1900024414062,714.9450073242188,715.1500244140625,433804,SPY,equities,5min,data/5min/spy_5m.csv
2026-04-27 19:20:00+00:00,715.1300048828125,715.2000122070312,715.030029296875,715.0900268554688,436933,SPY,equities,5min,data/5min/spy_5m.csv
2026-04-27 19:25:00+00:00,715.0900268554688,715.2100219726562,715.0499877929688,715.1400146484375,265108,SPY,equities,5min,data/5min/spy_5m.csv
2026-04-27 19:30:00+00:00,715.1300048828125,715.2899780273438,715.0900268554688,715.125,417434,SPY,equities,5min,data/5min/spy_5m.csv
2026-04-27 19:35:00+00:00,715.125,715.27001953125,714.8800048828125,715.1400146484375,838367,SPY,equities,5min,data/5min/spy_5m.csv
2026-04-27 19:40:00+00:00,715.1400146484375,715.219970703125,715.02001953125,715.1799926757812,508431,SPY,equities,5min,data/5min/spy_5m.csv
2026-04-27 19:45:00+00:00,715.1749877929688,715.489990234375,715.1400146484375,715.489990234375,1212910,SPY,equities,5min,data/5min/spy_5m.csv
2026-04-27 19:50:00+00:00,715.489990234375,715.6300048828125,715.1300048828125,715.169921875,1081704,SPY,equities,5min,data/5min/spy_5m.csv
2026-04-27 19:55:00+00:00,715.1699829101562,715.2999877929688,714.9600219726562,715.1599731445312,1817021,SPY,equities,5min,data/5min/spy_5m.csv
2026-04-28 13:30:00+00:00,711.8150024414062,712.0700073242188,710.7899780273438,711.5698852539062,3200307,SPY,equities,5min,data/5min/spy_5m.csv
2026-04-28 13:35:00+00:00,711.5399780273438,712.1500854492188,711.469970703125,712.0700073242188,673879,SPY,equities,5min,data/5min/spy_5m.csv
2026-04-28 13:40:00+00:00,712.0499877929688,712.8800048828125,711.8800048828125,712.4000244140625,690816,SPY,equities,5min,data/5min/spy_5m.csv
2026-04-28 13:45:00+00:00,712.4199829101562,712.6099853515625,711.8800048828125,712.239990234375,654758,SPY,equities,5min,data/5min/spy_5m.csv
2026-04-28 13:50:00+00:00,712.2449951171875,712.4000244140625,711.47998046875,711.6400146484375,1136168,SPY,equities,5min,data/5min/spy_5m.csv
2026-04-28 13:55:00+00:00,711.64501953125,711.780029296875,710.9600219726562,711.5800170898438,585218,SPY,equities,5min,data/5min/spy_5m.csv
2026-04-28 14:00:00+00:00,711.5850219726562,711.8300170898438,711.1099853515625,711.4451293945312,419270,SPY,equities,5min,data/5min/spy_5m.csv
2026-04-28 14:05:00+00:00,711.4400024414062,712.3599853515625,711.3699951171875,712.1300048828125,459364,SPY,equities,5min,data/5min/spy_5m.csv
2026-04-28 14:10:00+00:00,712.1400146484375,712.1599731445312,711.52001953125,711.6400146484375,310728,SPY,equities,5min,data/5min/spy_5m.csv
2026-04-28 14:15:00+00:00,711.6599731445312,711.8200073242188,711.1599731445312,711.3599853515625,280407,SPY,equities,5min,data/5min/spy_5m.csv
2026-04-28 14:20:00+00:00,711.3699951171875,711.6900024414062,711.1199951171875,711.3900146484375,267130,SPY,equities,5min,data/5min/spy_5m.csv
2026-04-28 14:25:00+00:00,711.4000244140625,711.6300048828125,710.9500122070312,711.25,417067,SPY,equities,5min,data/5min/spy_5m.csv
2026-04-28 14:30:00+00:00,711.260009765625,711.5800170898438,710.8200073242188,710.89501953125,349852,SPY,equities,5min,data/5min/spy_5m.csv
2026-04-28 14:35:00+00:00,710.89501953125,710.9299926757812,709.6400146484375,710.0889892578125,928849,SPY,equities,5min,data/5min/spy_5m.csv
2026-04-28 14:40:00+00:00,710.0800170898438,710.6599731445312,709.6900024414062,710.4600219726562,533064,SPY,equities,5min,data/5min/spy_5m.csv
2026-04-28 14:45:00+00:00,710.47998046875,710.6400146484375,709.8200073242188,710.0900268554688,549306,SPY,equities,5min,data/5min/spy_5m.csv
2026-04-28 14:50:00+00:00,710.0900268554688,710.1500244140625,709.25,709.6500244140625,595829,SPY,equities,5min,data/5min/spy_5m.csv
2026-04-28 14:55:00+00:00,709.6649780273438,710.5349731445312,709.3200073242188,710.52001953125,581974,SPY,equities,5min,data/5min/spy_5m.csv
2026-04-28 15:00:00+00:00,710.530029296875,711.0700073242188,710.4500122070312,710.60498046875,378012,SPY,equities,5min,data/5min/spy_5m.csv
2026-04-28 15:05:00+00:00,710.614990234375,710.7650146484375,709.8800048828125,710.094970703125,281820,SPY,equities,5min,data/5min/spy_5m.csv
2026-04-28 15:10:00+00:00,710.0800170898438,710.719970703125,710.0499877929688,710.6900024414062,192180,SPY,equities,5min,data/5min/spy_5m.csv
2026-04-28 15:15:00+00:00,710.6900024414062,710.8200073242188,710.239990234375,710.6400146484375,227184,SPY,equities,5min,data/5min/spy_5m.csv
2026-04-28 15:20:00+00:00,710.6300048828125,710.6799926757812,709.969970703125,710.25,267199,SPY,equities,5min,data/5min/spy_5m.csv
2026-04-28 15:25:00+00:00,710.25,710.2650146484375,709.8099975585938,709.9000244140625,236713,SPY,equities,5min,data/5min/spy_5m.csv
2026-04-28 15:30:00+00:00,709.905029296875,709.9299926757812,709.4400024414062,709.6900024414062,437390,SPY,equities,5min,data/5min/spy_5m.csv
2026-04-28 15:35:00+00:00,709.6900024414062,710.1500244140625,709.4199829101562,709.8900146484375,268006,SPY,equities,5min,data/5min/spy_5m.csv
2026-04-28 15:40:00+00:00,709.8900146484375,710.1099853515625,709.7100219726562,709.8099975585938,138199,SPY,equities,5min,data/5min/spy_5m.csv
2026-04-28 15:45:00+00:00,709.7899780273438,709.989990234375,709.3800048828125,709.5698852539062,315374,SPY,equities,5min,data/5min/spy_5m.csv
2026-04-28 15:50:00+00:00,709.5700073242188,709.9099731445312,709.5399780273438,709.8499755859375,224745,SPY,equities,5min,data/5min/spy_5m.csv
2026-04-28 15:55:00+00:00,709.8499755859375,710.0225219726562,709.530029296875,709.97998046875,179908,SPY,equities,5min,data/5min/spy_5m.csv
2026-04-28 16:00:00+00:00,709.97998046875,710.2899780273438,709.77001953125,710.159912109375,245732,SPY,equities,5min,data/5min/spy_5m.csv
2026-04-28 16:05:00+00:00,710.1500244140625,710.4849853515625,710.1224975585938,710.2899780273438,233813,SPY,equities,5min,data/5min/spy_5m.csv
2026-04-28 16:10:00+00:00,710.2899780273438,710.4500122070312,710.0800170898438,710.4299926757812,498541,SPY,equities,5min,data/5min/spy_5m.csv
2026-04-28 16:15:00+00:00,710.4500122070312,710.4600219726562,710.0700073242188,710.3350219726562,118471,SPY,equities,5min,data/5min/spy_5m.csv
2026-04-28 16:20:00+00:00,710.3599853515625,710.5700073242188,710.2899780273438,710.5,129500,SPY,equities,5min,data/5min/spy_5m.csv
2026-04-28 16:25:00+00:00,710.489990234375,710.5900268554688,710.239990234375,710.3200073242188,121694,SPY,equities,5min,data/5min/spy_5m.csv
2026-04-28 16:30:00+00:00,710.3201293945312,710.4400024414062,709.8201293945312,709.8201293945312,166790,SPY,equities,5min,data/5min/spy_5m.csv
2026-04-28 16:35:00+00:00,709.8250122070312,709.9400024414062,709.5700073242188,709.7098999023438,215004,SPY,equities,5min,data/5min/spy_5m.csv
2026-04-28 16:40:00+00:00,709.7000122070312,709.8699951171875,709.3599853515625,709.530029296875,188323,SPY,equities,5min,data/5min/spy_5m.csv
2026-04-28 16:45:00+00:00,709.530029296875,709.780029296875,709.4199829101562,709.739990234375,223670,SPY,equities,5min,data/5min/spy_5m.csv
2026-04-28 16:50:00+00:00,709.75,710.4000244140625,709.52001953125,710.2598266601562,237466,SPY,equities,5min,data/5min/spy_5m.csv
2026-04-28 16:55:00+00:00,710.260009765625,710.3400268554688,709.9299926757812,710.1799926757812,169617,SPY,equities,5min,data/5min/spy_5m.csv
2026-04-28 17:00:00+00:00,710.1699829101562,710.4000244140625,709.5599975585938,709.6599731445312,165788,SPY,equities,5min,data/5min/spy_5m.csv
2026-04-28 17:05:00+00:00,709.6699829101562,709.9099731445312,709.4600219726562,709.8800048828125,186744,SPY,equities,5min,data/5min/spy_5m.csv
2026-04-28 17:10:00+00:00,709.8826293945312,709.9949951171875,709.6400146484375,709.989990234375,177683,SPY,equities,5min,data/5min/spy_5m.csv
2026-04-28 17:15:00+00:00,709.97998046875,710.02001953125,709.5599975585938,709.6500244140625,563576,SPY,equities,5min,data/5min/spy_5m.csv
2026-04-28 17:20:00+00:00,709.6599731445312,709.9099731445312,709.5999755859375,709.89501953125,160933,SPY,equities,5min,data/5min/spy_5m.csv
2026-04-28 17:25:00+00:00,709.9085083007812,710.3300170898438,709.8406982421875,710.1199951171875,238575,SPY,equities,5min,data/5min/spy_5m.csv
2026-04-28 17:30:00+00:00,710.1199951171875,710.4949951171875,710.114990234375,710.4550170898438,186300,SPY,equities,5min,data/5min/spy_5m.csv
2026-04-28 17:35:00+00:00,710.4600219726562,710.8200073242188,710.4600219726562,710.5999755859375,249762,SPY,equities,5min,data/5min/spy_5m.csv
2026-04-28 17:40:00+00:00,710.6500244140625,710.97998046875,710.530029296875,710.72998046875,1922013,SPY,equities,5min,data/5min/spy_5m.csv
2026-04-28 17:45:00+00:00,710.719970703125,710.9299926757812,710.6900024414062,710.719970703125,257517,SPY,equities,5min,data/5min/spy_5m.csv
2026-04-28 17:50:00+00:00,710.7319946289062,710.9099731445312,710.5900268554688,710.8499755859375,132636,SPY,equities,5min,data/5min/spy_5m.csv
2026-04-28 17:55:00+00:00,710.844970703125,711.1500244140625,710.8300170898438,711.030029296875,199497,SPY,equities,5min,data/5min/spy_5m.csv
2026-04-28 18:00:00+00:00,711.0399780273438,711.1699829101562,710.8099975585938,710.8800048828125,207648,SPY,equities,5min,data/5min/spy_5m.csv
2026-04-28 18:05:00+00:00,710.8900146484375,711.0999755859375,710.760009765625,710.989990234375,256936,SPY,equities,5min,data/5min/spy_5m.csv
2026-04-28 18:10:00+00:00,710.9849853515625,711.0999755859375,710.8499755859375,711.030029296875,223430,SPY,equities,5min,data/5min/spy_5m.csv
2026-04-28 18:15:00+00:00,711.030029296875,711.489990234375,711.030029296875,711.4000244140625,299454,SPY,equities,5min,data/5min/spy_5m.csv
2026-04-28 18:20:00+00:00,711.4099731445312,711.6500244140625,711.1699829101562,711.385009765625,515696,SPY,equities,5min,data/5min/spy_5m.csv
2026-04-28 18:25:00+00:00,711.4199829101562,711.530029296875,711.2100219726562,711.3499755859375,328357,SPY,equities,5min,data/5min/spy_5m.csv
2026-04-28 18:30:00+00:00,711.3599853515625,711.3724975585938,710.969970703125,711.0700073242188,210552,SPY,equities,5min,data/5min/spy_5m.csv
2026-04-28 18:35:00+00:00,711.0700073242188,711.0999755859375,710.8300170898438,711.0650024414062,170994,SPY,equities,5min,data/5min/spy_5m.csv
2026-04-28 18:40:00+00:00,711.0700073242188,711.4199829101562,711.0499877929688,711.4000244140625,307551,SPY,equities,5min,data/5min/spy_5m.csv
2026-04-28 18:45:00+00:00,711.385009765625,711.4500122070312,711.27001953125,711.3800048828125,273112,SPY,equities,5min,data/5min/spy_5m.csv
2026-04-28 18:50:00+00:00,711.3900146484375,711.5999755859375,711.3099975585938,711.5700073242188,179609,SPY,equities,5min,data/5min/spy_5m.csv
2026-04-28 18:55:00+00:00,711.5650024414062,711.6099853515625,711.27001953125,711.52001953125,197844,SPY,equities,5min,data/5min/spy_5m.csv
2026-04-28 19:00:00+00:00,711.5250244140625,711.719970703125,711.4400024414062,711.6199951171875,245056,SPY,equities,5min,data/5min/spy_5m.csv
2026-04-28 19:05:00+00:00,711.6300048828125,712.02001953125,711.6199951171875,711.9251708984375,291832,SPY,equities,5min,data/5min/spy_5m.csv
2026-04-28 19:10:00+00:00,711.9199829101562,712.1900024414062,711.8400268554688,711.9199829101562,512375,SPY,equities,5min,data/5min/spy_5m.csv
2026-04-28 19:15:00+00:00,711.9199829101562,711.9199829101562,711.5599975585938,711.6400146484375,520543,SPY,equities,5min,data/5min/spy_5m.csv
2026-04-28 19:20:00+00:00,711.6300048828125,711.8099975585938,711.4099731445312,711.6500244140625,350854,SPY,equities,5min,data/5min/spy_5m.csv
2026-04-28 19:25:00+00:00,711.6500244140625,711.760009765625,711.52001953125,711.5900268554688,252973,SPY,equities,5min,data/5min/spy_5m.csv
2026-04-28 19:30:00+00:00,711.5900268554688,711.6500244140625,711.219970703125,711.239990234375,352905,SPY,equities,5min,data/5min/spy_5m.csv
2026-04-28 19:35:00+00:00,711.239990234375,711.5599975585938,711.2000122070312,711.5399780273438,619896,SPY,equities,5min,data/5min/spy_5m.csv
2026-04-28 19:40:00+00:00,711.5399780273438,711.7999877929688,711.5399780273438,711.639892578125,642819,SPY,equities,5min,data/5min/spy_5m.csv
2026-04-28 19:45:00+00:00,711.6400146484375,711.75,711.530029296875,711.739990234375,964333,SPY,equities,5min,data/5min/spy_5m.csv
2026-04-28 19:50:00+00:00,711.72998046875,711.989990234375,711.4000244140625,711.6599731445312,1788839,SPY,equities,5min,data/5min/spy_5m.csv
2026-04-28 19:55:00+00:00,711.6699829101562,711.8699951171875,711.4199829101562,711.6799926757812,3840386,SPY,equities,5min,data/5min/spy_5m.csv
2026-04-29 13:30:00+00:00,711.0,711.1900024414062,709.9199829101562,710.1300048828125,1925129,SPY,equities,5min,data/5min/spy_5m.csv
2026-04-29 13:35:00+00:00,710.1199951171875,710.6400146484375,709.97998046875,710.5499877929688,600601,SPY,equities,5min,data/5min/spy_5m.csv
2026-04-29 13:40:00+00:00,710.5499877929688,710.6300048828125,710.030029296875,710.0399780273438,458488,SPY,equities,5min,data/5min/spy_5m.csv
2026-04-29 13:45:00+00:00,710.0499877929688,710.25,709.6599731445312,709.9600219726562,615808,SPY,equities,5min,data/5min/spy_5m.csv
2026-04-29 13:50:00+00:00,709.9500122070312,710.7100219726562,709.9299926757812,710.6300048828125,475605,SPY,equities,5min,data/5min/spy_5m.csv
2026-04-29 13:55:00+00:00,710.6400146484375,711.02001953125,710.5700073242188,710.77001953125,492192,SPY,equities,5min,data/5min/spy_5m.csv
2026-04-29 14:00:00+00:00,710.7550048828125,710.7999877929688,710.280029296875,710.7150268554688,355842,SPY,equities,5min,data/5min/spy_5m.csv
2026-04-29 14:05:00+00:00,710.7100219726562,710.8400268554688,710.5,710.8099975585938,554615,SPY,equities,5min,data/5min/spy_5m.csv
2026-04-29 14:10:00+00:00,710.7999877929688,711.22998046875,710.719970703125,711.1300048828125,286510,SPY,equities,5min,data/5min/spy_5m.csv
2026-04-29 14:15:00+00:00,711.1309204101562,711.3400268554688,710.9450073242188,711.0399780273438,348481,SPY,equities,5min,data/5min/spy_5m.csv
2026-04-29 14:20:00+00:00,711.030029296875,711.3900146484375,710.9400024414062,711.3400268554688,267151,SPY,equities,5min,data/5min/spy_5m.csv
2026-04-29 14:25:00+00:00,711.3699951171875,711.6500244140625,711.3400268554688,711.47998046875,339284,SPY,equities,5min,data/5min/spy_5m.csv
2026-04-29 14:30:00+00:00,711.47998046875,711.9349975585938,711.2999877929688,711.9000244140625,383499,SPY,equities,5min,data/5min/spy_5m.csv
2026-04-29 14:35:00+00:00,711.9000244140625,712.2000122070312,711.8200073242188,711.8499755859375,237933,SPY,equities,5min,data/5min/spy_5m.csv
2026-04-29 14:40:00+00:00,711.8499755859375,711.8900146484375,711.6500244140625,711.8400268554688,275017,SPY,equities,5min,data/5min/spy_5m.csv
2026-04-29 14:45:00+00:00,711.8699951171875,711.9199829101562,711.47998046875,711.47998046875,218912,SPY,equities,5min,data/5min/spy_5m.csv
2026-04-29 14:50:00+00:00,711.47998046875,711.7000122070312,711.4000854492188,711.6199951171875,143608,SPY,equities,5min,data/5min/spy_5m.csv
2026-04-29 14:55:00+00:00,711.6099853515625,711.6199951171875,711.3800048828125,711.4400024414062,230662,SPY,equities,5min,data/5min/spy_5m.csv
2026-04-29 15:00:00+00:00,711.4500122070312,711.52001953125,710.9500122070312,711.1099853515625,268315,SPY,equities,5min,data/5min/spy_5m.csv
2026-04-29 15:05:00+00:00,711.10498046875,711.219970703125,710.6199951171875,710.6199951171875,731294,SPY,equities,5min,data/5min/spy_5m.csv
2026-04-29 15:10:00+00:00,710.614990234375,710.6699829101562,710.1500244140625,710.25,334959,SPY,equities,5min,data/5min/spy_5m.csv
2026-04-29 15:15:00+00:00,710.25,710.869873046875,710.10498046875,710.6699829101562,357362,SPY,equities,5min,data/5min/spy_5m.csv
2026-04-29 15:20:00+00:00,710.6699829101562,710.9398803710938,710.6013793945312,710.8200073242188,165751,SPY,equities,5min,data/5min/spy_5m.csv
2026-04-29 15:25:00+00:00,710.8099975585938,711.1099853515625,710.6099853515625,710.8670043945312,176900,SPY,equities,5min,data/5min/spy_5m.csv
2026-04-29 15:30:00+00:00,710.8800048828125,711.0999755859375,710.5,710.8499755859375,226493,SPY,equities,5min,data/5min/spy_5m.csv
2026-04-29 15:35:00+00:00,710.8599853515625,710.9598999023438,710.52001953125,710.6600952148438,228482,SPY,equities,5min,data/5min/spy_5m.csv
2026-04-29 15:40:00+00:00,710.6599731445312,710.77001953125,710.4000244140625,710.5700073242188,170393,SPY,equities,5min,data/5min/spy_5m.csv
2026-04-29 15:45:00+00:00,710.5599975585938,710.9600219726562,710.5399780273438,710.8499755859375,138847,SPY,equities,5min,data/5min/spy_5m.csv
2026-04-29 15:50:00+00:00,710.8699951171875,711.010009765625,709.219970703125,709.5501098632812,1080881,SPY,equities,5min,data/5min/spy_5m.csv
2026-04-29 15:55:00+00:00,709.5499877929688,710.1400146484375,709.22998046875,710.0399780273438,601879,SPY,equities,5min,data/5min/spy_5m.csv
2026-04-29 16:00:00+00:00,710.0499877929688,710.4600219726562,709.9199829101562,710.4199829101562,227032,SPY,equities,5min,data/5min/spy_5m.csv
2026-04-29 16:05:00+00:00,710.4290161132812,710.6599731445312,710.2301025390625,710.4600219726562,204603,SPY,equities,5min,data/5min/spy_5m.csv
2026-04-29 16:10:00+00:00,710.4500122070312,710.72998046875,710.2100219726562,710.22998046875,126383,SPY,equities,5min,data/5min/spy_5m.csv
2026-04-29 16:15:00+00:00,710.22998046875,710.5499877929688,709.8200073242188,709.9099731445312,194880,SPY,equities,5min,data/5min/spy_5m.csv
2026-04-29 16:20:00+00:00,709.8900146484375,710.3051147460938,709.8450927734375,710.2150268554688,174364,SPY,equities,5min,data/5min/spy_5m.csv
2026-04-29 16:25:00+00:00,710.2100219726562,710.3298950195312,709.6400146484375,709.75,335840,SPY,equities,5min,data/5min/spy_5m.csv
2026-04-29 16:30:00+00:00,709.7449951171875,709.7449951171875,708.9099731445312,709.0900268554688,606016,SPY,equities,5min,data/5min/spy_5m.csv
2026-04-29 16:35:00+00:00,709.0900268554688,709.510009765625,708.9949951171875,709.4500122070312,342846,SPY,equities,5min,data/5min/spy_5m.csv
2026-04-29 16:40:00+00:00,709.4600219726562,709.8800048828125,709.4600219726562,709.760009765625,228296,SPY,equities,5min,data/5min/spy_5m.csv
2026-04-29 16:45:00+00:00,709.77001953125,709.9299926757812,709.5900268554688,709.802978515625,163684,SPY,equities,5min,data/5min/spy_5m.csv
2026-04-29 16:50:00+00:00,709.7999877929688,710.0499877929688,709.655029296875,709.7999877929688,465148,SPY,equities,5min,data/5min/spy_5m.csv
2026-04-29 16:55:00+00:00,709.7949829101562,709.9000244140625,709.4199829101562,709.6749877929688,184810,SPY,equities,5min,data/5min/spy_5m.csv
2026-04-29 17:00:00+00:00,709.6900024414062,709.75,709.219970703125,709.530029296875,366032,SPY,equities,5min,data/5min/spy_5m.csv
2026-04-29 17:05:00+00:00,709.5399169921875,709.780029296875,709.4400024414062,709.6599731445312,177727,SPY,equities,5min,data/5min/spy_5m.csv
2026-04-29 17:10:00+00:00,709.6799926757812,709.8250122070312,709.510009765625,709.655029296875,161011,SPY,equities,5min,data/5min/spy_5m.csv
2026-04-29 17:15:00+00:00,709.6599731445312,709.7899780273438,709.3800048828125,709.6400146484375,174768,SPY,equities,5min,data/5min/spy_5m.csv
2026-04-29 17:20:00+00:00,709.6300048828125,710.1900024414062,709.6099853515625,709.719970703125,223521,SPY,equities,5min,data/5min/spy_5m.csv
2026-04-29 17:25:00+00:00,709.72998046875,709.9099731445312,709.52001953125,709.9099731445312,356194,SPY,equities,5min,data/5min/spy_5m.csv
2026-04-29 17:30:00+00:00,709.9199829101562,710.27001953125,709.8400268554688,709.989990234375,405721,SPY,equities,5min,data/5min/spy_5m.csv
2026-04-29 17:35:00+00:00,709.97998046875,710.1400146484375,709.9099731445312,710.0599975585938,267694,SPY,equities,5min,data/5min/spy_5m.csv
2026-04-29 17:40:00+00:00,710.0549926757812,710.1099853515625,709.780029296875,710.010009765625,227779,SPY,equities,5min,data/5min/spy_5m.csv
2026-04-29 17:45:00+00:00,710.0150146484375,710.7000122070312,709.9749755859375,710.4600219726562,343353,SPY,equities,5min,data/5min/spy_5m.csv
2026-04-29 17:50:00+00:00,710.4600219726562,710.739990234375,710.2899780273438,710.3300170898438,323195,SPY,equities,5min,data/5min/spy_5m.csv
2026-04-29 17:55:00+00:00,710.3400268554688,710.6099853515625,710.219970703125,710.6099853515625,168610,SPY,equities,5min,data/5min/spy_5m.csv
2026-04-29 18:00:00+00:00,710.6099853515625,710.6799926757812,709.3200073242188,709.4500122070312,750562,SPY,equities,5min,data/5min/spy_5m.csv
2026-04-29 18:05:00+00:00,709.4450073242188,709.8800048828125,708.75,708.8400268554688,631608,SPY,equities,5min,data/5min/spy_5m.csv
2026-04-29 18:10:00+00:00,708.840087890625,709.22998046875,708.4600219726562,709.0880126953125,616365,SPY,equities,5min,data/5min/spy_5m.csv
2026-04-29 18:15:00+00:00,709.0499877929688,709.9099731445312,708.969970703125,709.530029296875,351531,SPY,equities,5min,data/5min/spy_5m.csv
2026-04-29 18:20:00+00:00,709.5399780273438,709.9000244140625,709.4199829101562,709.5399780273438,274320,SPY,equities,5min,data/5min/spy_5m.csv
2026-04-29 18:25:00+00:00,709.5399780273438,709.5499877929688,709.1300048828125,709.219970703125,284689,SPY,equities,5min,data/5min/spy_5m.csv
2026-04-29 18:30:00+00:00,709.22998046875,709.3200073242188,708.75,709.02001953125,524997,SPY,equities,5min,data/5min/spy_5m.csv
2026-04-29 18:35:00+00:00,709.030029296875,710.2000122070312,708.9199829101562,709.3900146484375,689146,SPY,equities,5min,data/5min/spy_5m.csv
2026-04-29 18:40:00+00:00,709.3699951171875,709.4400024414062,708.6599731445312,708.6950073242188,498304,SPY,equities,5min,data/5min/spy_5m.csv
2026-04-29 18:45:00+00:00,708.6998901367188,709.5800170898438,708.3699951171875,709.4650268554688,624549,SPY,equities,5min,data/5min/spy_5m.csv
2026-04-29 18:50:00+00:00,709.5,710.02001953125,709.5,709.6099853515625,422737,SPY,equities,5min,data/5min/spy_5m.csv
2026-04-29 18:55:00+00:00,709.6099853515625,710.6599731445312,709.5499877929688,710.5700073242188,316393,SPY,equities,5min,data/5min/spy_5m.csv
2026-04-29 19:00:00+00:00,710.5599975585938,710.780029296875,710.2100219726562,710.385009765625,364621,SPY,equities,5min,data/5min/spy_5m.csv
2026-04-29 19:05:00+00:00,710.3900146484375,710.5399780273438,710.0,710.4600219726562,371853,SPY,equities,5min,data/5min/spy_5m.csv
2026-04-29 19:10:00+00:00,710.47998046875,711.2999877929688,710.3400268554688,711.239990234375,441299,SPY,equities,5min,data/5min/spy_5m.csv
2026-04-29 19:15:00+00:00,711.25,711.5,711.0700073242188,711.27001953125,499315,SPY,equities,5min,data/5min/spy_5m.csv
2026-04-29 19:20:00+00:00,711.280029296875,711.3300170898438,710.8900146484375,711.22998046875,291161,SPY,equities,5min,data/5min/spy_5m.csv
2026-04-29 19:25:00+00:00,711.239990234375,711.3200073242188,710.8699951171875,710.8699951171875,515168,SPY,equities,5min,data/5min/spy_5m.csv
2026-04-29 19:30:00+00:00,710.8599853515625,710.9000244140625,710.0800170898438,710.3599853515625,748243,SPY,equities,5min,data/5min/spy_5m.csv
2026-04-29 19:35:00+00:00,710.3599853515625,711.0100708007812,710.2498779296875,710.969970703125,599190,SPY,equities,5min,data/5min/spy_5m.csv
2026-04-29 19:40:00+00:00,710.9899291992188,711.0599975585938,710.42041015625,710.5496826171875,635915,SPY,equities,5min,data/5min/spy_5m.csv
2026-04-29 19:45:00+00:00,710.5399780273438,710.8900146484375,710.510009765625,710.739990234375,604786,SPY,equities,5min,data/5min/spy_5m.csv
2026-04-29 19:50:00+00:00,710.72998046875,711.030029296875,710.3800048828125,710.989990234375,1075709,SPY,equities,5min,data/5min/spy_5m.csv
2026-04-29 19:55:00+00:00,710.97998046875,711.6199951171875,710.510009765625,711.5800170898438,3004998,SPY,equities,5min,data/5min/spy_5m.csv
2026-04-30 13:30:00+00:00,714.6300048828125,714.7100219726562,712.8012084960938,712.8800048828125,3370439,SPY,equities,5min,data/5min/spy_5m.csv
2026-04-30 13:35:00+00:00,712.8499755859375,713.0499877929688,711.8400268554688,711.8400268554688,1038153,SPY,equities,5min,data/5min/spy_5m.csv
2026-04-30 13:40:00+00:00,711.8400268554688,712.9500122070312,711.4500122070312,712.8508911132812,1102094,SPY,equities,5min,data/5min/spy_5m.csv
2026-04-30 13:45:00+00:00,712.8400268554688,713.1900024414062,712.0599975585938,712.510009765625,728473,SPY,equities,5min,data/5min/spy_5m.csv
2026-04-30 13:50:00+00:00,712.52001953125,712.8099975585938,711.4600219726562,711.469970703125,745448,SPY,equities,5min,data/5min/spy_5m.csv
2026-04-30 13:55:00+00:00,711.4600219726562,711.5599975585938,710.780029296875,711.27001953125,609719,SPY,equities,5min,data/5min/spy_5m.csv
2026-04-30 14:00:00+00:00,711.260009765625,712.219970703125,711.25,711.8699951171875,699033,SPY,equities,5min,data/5min/spy_5m.csv
2026-04-30 14:05:00+00:00,711.8699951171875,712.260009765625,710.7000122070312,711.1799926757812,1097778,SPY,equities,5min,data/5min/spy_5m.csv
2026-04-30 14:10:00+00:00,711.1699829101562,711.9299926757812,710.8499755859375,711.6500244140625,702551,SPY,equities,5min,data/5min/spy_5m.csv
2026-04-30 14:15:00+00:00,711.6300048828125,711.6599731445312,710.4450073242188,711.5650024414062,722088,SPY,equities,5min,data/5min/spy_5m.csv
2026-04-30 14:20:00+00:00,711.5549926757812,712.3400268554688,711.530029296875,711.9199829101562,525321,SPY,equities,5min,data/5min/spy_5m.csv
2026-04-30 14:25:00+00:00,711.9099731445312,712.0999755859375,711.25,712.010009765625,572508,SPY,equities,5min,data/5min/spy_5m.csv
2026-04-30 14:30:00+00:00,712.010009765625,712.7899780273438,711.5,711.8499755859375,488814,SPY,equities,5min,data/5min/spy_5m.csv
2026-04-30 14:35:00+00:00,711.8400268554688,711.97998046875,711.1799926757812,711.2999877929688,440566,SPY,equities,5min,data/5min/spy_5m.csv
2026-04-30 14:40:00+00:00,711.3200073242188,712.3699951171875,711.3200073242188,712.239990234375,585714,SPY,equities,5min,data/5min/spy_5m.csv
2026-04-30 14:45:00+00:00,712.22998046875,713.0999755859375,712.2299194335938,712.8099975585938,509806,SPY,equities,5min,data/5min/spy_5m.csv
2026-04-30 14:50:00+00:00,712.8099975585938,713.9000244140625,712.6799926757812,713.6900024414062,1082451,SPY,equities,5min,data/5min/spy_5m.csv
2026-04-30 14:55:00+00:00,713.6699829101562,714.1599731445312,713.6699829101562,713.8699951171875,441541,SPY,equities,5min,data/5min/spy_5m.csv
2026-04-30 15:00:00+00:00,713.8699951171875,714.4498901367188,713.780029296875,713.9099731445312,355248,SPY,equities,5min,data/5min/spy_5m.csv
2026-04-30 15:05:00+00:00,713.8300170898438,714.4000244140625,713.5499877929688,714.4000244140625,568199,SPY,equities,5min,data/5min/spy_5m.csv
2026-04-30 15:10:00+00:00,714.4000244140625,714.530029296875,713.9199829101562,714.2949829101562,311409,SPY,equities,5min,data/5min/spy_5m.csv
2026-04-30 15:15:00+00:00,714.3300170898438,714.469970703125,714.010009765625,714.2100219726562,254871,SPY,equities,5min,data/5min/spy_5m.csv
2026-04-30 15:20:00+00:00,714.2100219726562,714.2999877929688,713.8099975585938,714.2501220703125,370281,SPY,equities,5min,data/5min/spy_5m.csv
2026-04-30 15:25:00+00:00,714.2550048828125,714.5900268554688,714.1500244140625,714.4299926757812,536426,SPY,equities,5min,data/5min/spy_5m.csv
2026-04-30 15:30:00+00:00,714.4099731445312,714.9500122070312,714.3900146484375,714.4299926757812,461167,SPY,equities,5min,data/5min/spy_5m.csv
2026-04-30 15:35:00+00:00,714.4149780273438,714.4149780273438,713.875,714.0,320739,SPY,equities,5min,data/5min/spy_5m.csv
2026-04-30 15:40:00+00:00,713.97998046875,714.0900268554688,713.739990234375,713.9299926757812,261642,SPY,equities,5min,data/5min/spy_5m.csv
2026-04-30 15:45:00+00:00,713.9249877929688,714.0700073242188,713.469970703125,714.0700073242188,171023,SPY,equities,5min,data/5min/spy_5m.csv
2026-04-30 15:50:00+00:00,714.0900268554688,714.7598876953125,714.02001953125,714.7100219726562,282196,SPY,equities,5min,data/5min/spy_5m.csv
2026-04-30 15:55:00+00:00,714.719970703125,715.0700073242188,714.5750122070312,714.5999755859375,502265,SPY,equities,5min,data/5min/spy_5m.csv
2026-04-30 16:00:00+00:00,714.5999755859375,714.6599731445312,714.0700073242188,714.5800170898438,291188,SPY,equities,5min,data/5min/spy_5m.csv
2026-04-30 16:05:00+00:00,714.5599975585938,714.9400024414062,714.5499877929688,714.72998046875,612711,SPY,equities,5min,data/5min/spy_5m.csv
2026-04-30 16:10:00+00:00,714.719970703125,715.3900146484375,714.6500244140625,715.3099975585938,249464,SPY,equities,5min,data/5min/spy_5m.csv
2026-04-30 16:15:00+00:00,715.2999877929688,715.3599853515625,714.9199829101562,715.1799926757812,224515,SPY,equities,5min,data/5min/spy_5m.csv
2026-04-30 16:20:00+00:00,715.1699829101562,715.27001953125,714.9249877929688,714.9290771484375,257692,SPY,equities,5min,data/5min/spy_5m.csv
2026-04-30 16:25:00+00:00,714.9199829101562,715.2100219726562,714.780029296875,715.1799926757812,255099,SPY,equities,5min,data/5min/spy_5m.csv
2026-04-30 16:30:00+00:00,715.1799926757812,715.3300170898438,715.02001953125,715.0499877929688,291698,SPY,equities,5min,data/5min/spy_5m.csv
2026-04-30 16:35:00+00:00,715.0599975585938,715.1799926757812,714.9000244140625,715.1649780273438,155663,SPY,equities,5min,data/5min/spy_5m.csv
2026-04-30 16:40:00+00:00,715.1599731445312,715.22998046875,714.6500244140625,714.7498779296875,202739,SPY,equities,5min,data/5min/spy_5m.csv
2026-04-30 16:45:00+00:00,714.739990234375,714.9000244140625,714.4600219726562,714.8099975585938,297576,SPY,equities,5min,data/5min/spy_5m.csv
2026-04-30 16:50:00+00:00,714.7999877929688,714.8099975585938,714.1749877929688,714.3599853515625,259688,SPY,equities,5min,data/5min/spy_5m.csv
2026-04-30 16:55:00+00:00,714.3599853515625,714.3800048828125,713.9000244140625,714.3474731445312,317026,SPY,equities,5min,data/5min/spy_5m.csv
2026-04-30 17:00:00+00:00,714.3499755859375,715.1799926757812,714.3250122070312,714.9600219726562,298611,SPY,equities,5min,data/5min/spy_5m.csv
2026-04-30 17:05:00+00:00,714.9600219726562,715.25,714.844970703125,715.22998046875,305227,SPY,equities,5min,data/5min/spy_5m.csv
2026-04-30 17:10:00+00:00,715.239990234375,715.6500244140625,715.1500244140625,715.5599975585938,233188,SPY,equities,5min,data/5min/spy_5m.csv
2026-04-30 17:15:00+00:00,715.5499877929688,715.5499877929688,715.2000122070312,715.4400024414062,201986,SPY,equities,5min,data/5min/spy_5m.csv
2026-04-30 17:20:00+00:00,715.4600219726562,715.75,715.22998046875,715.7000122070312,251696,SPY,equities,5min,data/5min/spy_5m.csv
2026-04-30 17:25:00+00:00,715.6900024414062,715.8900146484375,715.4932250976562,715.8099975585938,220947,SPY,equities,5min,data/5min/spy_5m.csv
2026-04-30 17:30:00+00:00,715.8200073242188,716.6799926757812,715.8200073242188,716.239990234375,535215,SPY,equities,5min,data/5min/spy_5m.csv
2026-04-30 17:35:00+00:00,716.25,716.510009765625,716.25,716.489990234375,270670,SPY,equities,5min,data/5min/spy_5m.csv
2026-04-30 17:40:00+00:00,716.47998046875,716.52001953125,716.2899780273438,716.4299926757812,381899,SPY,equities,5min,data/5min/spy_5m.csv
2026-04-30 17:45:00+00:00,716.4400024414062,716.8699951171875,716.4400024414062,716.7449951171875,286918,SPY,equities,5min,data/5min/spy_5m.csv
2026-04-30 17:50:00+00:00,716.75,716.8300170898438,716.5800170898438,716.7100219726562,183014,SPY,equities,5min,data/5min/spy_5m.csv
2026-04-30 17:55:00+00:00,716.7000122070312,717.1599731445312,716.6500244140625,717.0601196289062,220381,SPY,equities,5min,data/5min/spy_5m.csv
2026-04-30 18:00:00+00:00,717.0800170898438,717.9149780273438,717.030029296875,717.780029296875,859545,SPY,equities,5min,data/5min/spy_5m.csv
2026-04-30 18:05:00+00:00,717.7899169921875,717.7949829101562,717.510009765625,717.5399780273438,355873,SPY,equities,5min,data/5min/spy_5m.csv
2026-04-30 18:10:00+00:00,717.5399780273438,717.8800048828125,717.469970703125,717.7899780273438,400624,SPY,equities,5min,data/5min/spy_5m.csv
2026-04-30 18:15:00+00:00,717.7899780273438,718.1099853515625,717.7899780273438,717.864990234375,468185,SPY,equities,5min,data/5min/spy_5m.csv
2026-04-30 18:20:00+00:00,717.8699951171875,717.9600219726562,717.6799926757812,717.7100219726562,660786,SPY,equities,5min,data/5min/spy_5m.csv
2026-04-30 18:25:00+00:00,717.7100219726562,717.9099731445312,717.6300048828125,717.8800048828125,517025,SPY,equities,5min,data/5min/spy_5m.csv
2026-04-30 18:30:00+00:00,717.9000244140625,718.3499755859375,717.8699951171875,718.1099853515625,693258,SPY,equities,5min,data/5min/spy_5m.csv
2026-04-30 18:35:00+00:00,718.1099853515625,718.5700073242188,718.0999755859375,718.510009765625,1015418,SPY,equities,5min,data/5min/spy_5m.csv
2026-04-30 18:40:00+00:00,718.52001953125,718.7000122070312,718.469970703125,718.5800170898438,1168882,SPY,equities,5min,data/5min/spy_5m.csv
2026-04-30 18:45:00+00:00,718.5800170898438,718.719970703125,718.52001953125,718.6799926757812,580405,SPY,equities,5min,data/5min/spy_5m.csv
2026-04-30 18:50:00+00:00,718.6799926757812,718.8200073242188,718.4299926757812,718.489990234375,350645,SPY,equities,5min,data/5min/spy_5m.csv
2026-04-30 18:55:00+00:00,718.469970703125,718.6099853515625,718.27001953125,718.3699951171875,397493,SPY,equities,5min,data/5min/spy_5m.csv
2026-04-30 19:00:00+00:00,718.3599853515625,718.8300170898438,718.280029296875,718.760009765625,538202,SPY,equities,5min,data/5min/spy_5m.csv
2026-04-30 19:05:00+00:00,718.77001953125,719.1099853515625,718.6405029296875,718.9099731445312,1396996,SPY,equities,5min,data/5min/spy_5m.csv
2026-04-30 19:10:00+00:00,718.9099731445312,719.4299926757812,718.7999877929688,719.27001953125,902625,SPY,equities,5min,data/5min/spy_5m.csv
2026-04-30 19:15:00+00:00,719.27001953125,719.4000244140625,719.1300048828125,719.1400146484375,1020022,SPY,equities,5min,data/5min/spy_5m.csv
2026-04-30 19:20:00+00:00,719.1300048828125,719.2999877929688,719.030029296875,719.260009765625,870687,SPY,equities,5min,data/5min/spy_5m.csv
2026-04-30 19:25:00+00:00,719.260009765625,719.35498046875,719.0499877929688,719.1199951171875,463239,SPY,equities,5min,data/5min/spy_5m.csv
2026-04-30 19:30:00+00:00,719.1099853515625,719.1300048828125,718.75,718.9500122070312,726876,SPY,equities,5min,data/5min/spy_5m.csv
2026-04-30 19:35:00+00:00,718.9400024414062,719.2100219726562,718.8400268554688,719.1649780273438,1218890,SPY,equities,5min,data/5min/spy_5m.csv
2026-04-30 19:40:00+00:00,719.1599731445312,719.4299926757812,718.8300170898438,719.4099731445312,1251847,SPY,equities,5min,data/5min/spy_5m.csv
2026-04-30 19:45:00+00:00,719.3800048828125,719.5700073242188,719.1599731445312,719.510009765625,1752680,SPY,equities,5min,data/5min/spy_5m.csv
2026-04-30 19:50:00+00:00,719.510009765625,719.7899780273438,718.8300170898438,719.2249755859375,2182272,SPY,equities,5min,data/5min/spy_5m.csv
2026-04-30 19:55:00+00:00,719.219970703125,719.7000122070312,718.3499755859375,718.3900146484375,7558236,SPY,equities,5min,data/5min/spy_5m.csv
2026-05-01 13:30:00+00:00,721.25,722.3599853515625,720.739990234375,722.3200073242188,2334460,SPY,equities,5min,data/5min/spy_5m.csv
2026-05-01 13:35:00+00:00,722.3400268554688,722.6099853515625,722.0800170898438,722.1099853515625,732194,SPY,equities,5min,data/5min/spy_5m.csv
2026-05-01 13:40:00+00:00,722.1199951171875,722.6199951171875,722.0,722.52001953125,774000,SPY,equities,5min,data/5min/spy_5m.csv
2026-05-01 13:45:00+00:00,722.489990234375,722.5399780273438,721.9400024414062,722.1799926757812,459363,SPY,equities,5min,data/5min/spy_5m.csv
2026-05-01 13:50:00+00:00,722.2100219726562,722.9099731445312,721.8699951171875,722.5599975585938,610622,SPY,equities,5min,data/5min/spy_5m.csv
2026-05-01 13:55:00+00:00,722.5999755859375,724.239990234375,722.5999755859375,724.1749877929688,1000454,SPY,equities,5min,data/5min/spy_5m.csv
2026-05-01 14:00:00+00:00,724.1900024414062,724.6500244140625,723.9500122070312,724.35400390625,640431,SPY,equities,5min,data/5min/spy_5m.csv
2026-05-01 14:05:00+00:00,724.3599853515625,724.3800048828125,723.77001953125,724.0523071289062,475103,SPY,equities,5min,data/5min/spy_5m.csv
2026-05-01 14:10:00+00:00,724.0599975585938,724.6599731445312,723.9299926757812,724.4500122070312,456904,SPY,equities,5min,data/5min/spy_5m.csv
2026-05-01 14:15:00+00:00,724.4500122070312,724.6500244140625,724.1799926757812,724.4600219726562,664483,SPY,equities,5min,data/5min/spy_5m.csv
2026-05-01 14:20:00+00:00,724.47998046875,724.8699951171875,724.47998046875,724.5850219726562,421201,SPY,equities,5min,data/5min/spy_5m.csv
2026-05-01 14:25:00+00:00,724.5850219726562,724.5999755859375,724.1799926757812,724.2587890625,377384,SPY,equities,5min,data/5min/spy_5m.csv
2026-05-01 14:30:00+00:00,724.27001953125,724.27001953125,723.1099853515625,723.2899780273438,814928,SPY,equities,5min,data/5min/spy_5m.csv
2026-05-01 14:35:00+00:00,723.2899780273438,723.3699951171875,722.2999877929688,722.8499755859375,841828,SPY,equities,5min,data/5min/spy_5m.csv
2026-05-01 14:40:00+00:00,722.844970703125,723.2999877929688,722.469970703125,722.9600219726562,594043,SPY,equities,5min,data/5min/spy_5m.csv
2026-05-01 14:45:00+00:00,722.9100952148438,723.3900146484375,722.8350219726562,723.1599731445312,314413,SPY,equities,5min,data/5min/spy_5m.csv
2026-05-01 14:50:00+00:00,723.1400146484375,723.2899780273438,722.6660766601562,722.8699951171875,260246,SPY,equities,5min,data/5min/spy_5m.csv
2026-05-01 14:55:00+00:00,722.8699951171875,723.1799926757812,722.719970703125,722.719970703125,221114,SPY,equities,5min,data/5min/spy_5m.csv
2026-05-01 15:00:00+00:00,722.72998046875,722.7786254882812,722.0399780273438,722.3300170898438,481994,SPY,equities,5min,data/5min/spy_5m.csv
2026-05-01 15:05:00+00:00,722.3699951171875,722.6599731445312,722.1599731445312,722.6199951171875,286278,SPY,equities,5min,data/5min/spy_5m.csv
2026-05-01 15:10:00+00:00,722.6099853515625,723.0150146484375,722.3599853515625,722.9949951171875,288790,SPY,equities,5min,data/5min/spy_5m.csv
2026-05-01 15:15:00+00:00,723.0,723.1799926757812,722.7899780273438,722.9949951171875,190112,SPY,equities,5min,data/5min/spy_5m.csv
2026-05-01 15:20:00+00:00,723.0,723.3699951171875,723.0,723.280029296875,191878,SPY,equities,5min,data/5min/spy_5m.csv
2026-05-01 15:25:00+00:00,723.2899780273438,723.3800048828125,722.989990234375,723.2899780273438,277634,SPY,equities,5min,data/5min/spy_5m.csv
2026-05-01 15:30:00+00:00,723.2949829101562,723.510009765625,723.1699829101562,723.260009765625,314295,SPY,equities,5min,data/5min/spy_5m.csv
2026-05-01 15:35:00+00:00,723.2576904296875,724.0599975585938,723.2000122070312,723.7899780273438,257386,SPY,equities,5min,data/5min/spy_5m.csv
2026-05-01 15:40:00+00:00,723.7700805664062,724.0499877929688,723.7700805664062,724.010009765625,650570,SPY,equities,5min,data/5min/spy_5m.csv
2026-05-01 15:45:00+00:00,724.0050048828125,724.3499755859375,723.989990234375,724.2899780273438,326342,SPY,equities,5min,data/5min/spy_5m.csv
2026-05-01 15:50:00+00:00,724.2999877929688,724.3800048828125,722.719970703125,723.4801025390625,1014537,SPY,equities,5min,data/5min/spy_5m.csv
2026-05-01 15:55:00+00:00,723.5,723.760009765625,723.260009765625,723.385009765625,289375,SPY,equities,5min,data/5min/spy_5m.csv
2026-05-01 16:00:00+00:00,723.3599853515625,723.6099853515625,723.280029296875,723.3599853515625,210190,SPY,equities,5min,data/5min/spy_5m.csv
2026-05-01 16:05:00+00:00,723.35498046875,723.4299926757812,722.469970703125,722.5399780273438,578436,SPY,equities,5min,data/5min/spy_5m.csv
2026-05-01 16:10:00+00:00,722.530029296875,722.760009765625,722.3800048828125,722.5,378024,SPY,equities,5min,data/5min/spy_5m.csv
2026-05-01 16:15:00+00:00,722.489990234375,723.0399780273438,722.469970703125,723.010009765625,365954,SPY,equities,5min,data/5min/spy_5m.csv
2026-05-01 16:20:00+00:00,723.010009765625,723.1699829101562,722.0499877929688,722.5399780273438,498514,SPY,equities,5min,data/5min/spy_5m.csv
2026-05-01 16:25:00+00:00,722.5499877929688,722.5999755859375,721.8699951171875,722.1400146484375,576390,SPY,equities,5min,data/5min/spy_5m.csv
2026-05-01 16:30:00+00:00,722.1201171875,722.260009765625,721.6300048828125,722.030029296875,444993,SPY,equities,5min,data/5min/spy_5m.csv
2026-05-01 16:35:00+00:00,722.010009765625,722.3400268554688,721.8099975585938,722.27001953125,269121,SPY,equities,5min,data/5min/spy_5m.csv
2026-05-01 16:40:00+00:00,722.22998046875,722.3200073242188,721.6900024414062,721.6900024414062,238375,SPY,equities,5min,data/5min/spy_5m.csv
2026-05-01 16:45:00+00:00,721.6799926757812,721.9099731445312,721.489990234375,721.6900024414062,286727,SPY,equities,5min,data/5min/spy_5m.csv
2026-05-01 16:50:00+00:00,721.6950073242188,722.1799926757812,721.55810546875,722.1500244140625,283494,SPY,equities,5min,data/5min/spy_5m.csv
2026-05-01 16:55:00+00:00,722.1599731445312,722.3599853515625,721.8699951171875,721.8900146484375,262555,SPY,equities,5min,data/5min/spy_5m.csv
2026-05-01 17:00:00+00:00,721.8900146484375,722.4600219726562,721.8599853515625,722.1500244140625,741102,SPY,equities,5min,data/5min/spy_5m.csv
2026-05-01 17:05:00+00:00,722.159912109375,722.3800048828125,722.1099853515625,722.2100219726562,345260,SPY,equities,5min,data/5min/spy_5m.csv
2026-05-01 17:10:00+00:00,722.1903076171875,722.5399780273438,722.1903076171875,722.5098876953125,283347,SPY,equities,5min,data/5min/spy_5m.csv
2026-05-01 17:15:00+00:00,722.5,722.719970703125,722.3099975585938,722.6799926757812,254347,SPY,equities,5min,data/5min/spy_5m.csv
2026-05-01 17:20:00+00:00,722.6900024414062,722.9199829101562,722.6400146484375,722.760009765625,224588,SPY,equities,5min,data/5min/spy_5m.csv
2026-05-01 17:25:00+00:00,722.77001953125,722.97998046875,722.719970703125,722.97998046875,215913,SPY,equities,5min,data/5min/spy_5m.csv
2026-05-01 17:30:00+00:00,722.9600219726562,723.0999755859375,722.9199829101562,722.9600219726562,238012,SPY,equities,5min,data/5min/spy_5m.csv
2026-05-01 17:35:00+00:00,722.9600219726562,722.97998046875,722.6199951171875,722.8099975585938,259005,SPY,equities,5min,data/5min/spy_5m.csv
2026-05-01 17:40:00+00:00,722.8200073242188,723.0433959960938,722.8200073242188,722.9099731445312,196868,SPY,equities,5min,data/5min/spy_5m.csv
2026-05-01 17:45:00+00:00,722.9000244140625,722.97998046875,722.7999877929688,722.8400268554688,164111,SPY,equities,5min,data/5min/spy_5m.csv
2026-05-01 17:50:00+00:00,722.8699951171875,723.219970703125,722.760009765625,722.97998046875,356967,SPY,equities,5min,data/5min/spy_5m.csv
2026-05-01 17:55:00+00:00,722.97998046875,723.0999755859375,722.780029296875,722.7999877929688,224054,SPY,equities,5min,data/5min/spy_5m.csv
2026-05-01 18:00:00+00:00,722.7899780273438,722.9199829101562,722.4600219726562,722.4827880859375,220992,SPY,equities,5min,data/5min/spy_5m.csv
2026-05-01 18:05:00+00:00,722.5,722.5599975585938,722.1599731445312,722.4550170898438,286928,SPY,equities,5min,data/5min/spy_5m.csv
2026-05-01 18:10:00+00:00,722.4500122070312,722.510009765625,721.7578125,721.8200073242188,301161,SPY,equities,5min,data/5min/spy_5m.csv
2026-05-01 18:15:00+00:00,721.8099975585938,721.97998046875,721.5,721.8400268554688,790429,SPY,equities,5min,data/5min/spy_5m.csv
2026-05-01 18:20:00+00:00,721.8200073242188,722.0900268554688,721.739990234375,722.0800170898438,237437,SPY,equities,5min,data/5min/spy_5m.csv
2026-05-01 18:25:00+00:00,722.0499877929688,722.239990234375,721.8699951171875,722.1799926757812,268640,SPY,equities,5min,data/5min/spy_5m.csv
2026-05-01 18:30:00+00:00,722.1400146484375,722.2000122070312,721.5499877929688,721.5800170898438,389349,SPY,equities,5min,data/5min/spy_5m.csv
2026-05-01 18:35:00+00:00,721.5700073242188,721.5999755859375,721.25,721.3499755859375,302998,SPY,equities,5min,data/5min/spy_5m.csv
2026-05-01 18:40:00+00:00,721.3499755859375,721.4600219726562,721.1099853515625,721.219970703125,259636,SPY,equities,5min,data/5min/spy_5m.csv
2026-05-01 18:45:00+00:00,721.2100830078125,721.3099975585938,720.780029296875,721.114990234375,494325,SPY,equities,5min,data/5min/spy_5m.csv
2026-05-01 18:50:00+00:00,721.1199951171875,721.3200073242188,720.97998046875,721.0499877929688,269877,SPY,equities,5min,data/5min/spy_5m.csv
2026-05-01 18:55:00+00:00,721.0700073242188,721.2999877929688,721.0,721.1699829101562,325214,SPY,equities,5min,data/5min/spy_5m.csv
2026-05-01 19:00:00+00:00,721.1699829101562,721.5800170898438,721.0900268554688,721.4149780273438,373392,SPY,equities,5min,data/5min/spy_5m.csv
2026-05-01 19:05:00+00:00,721.4149780273438,721.7899780273438,721.4000244140625,721.7849731445312,374384,SPY,equities,5min,data/5min/spy_5m.csv
2026-05-01 19:10:00+00:00,721.7799072265625,722.114990234375,721.6500244140625,722.0549926757812,330060,SPY,equities,5min,data/5min/spy_5m.csv
2026-05-01 19:15:00+00:00,722.0399780273438,722.2899780273438,722.0,722.1799926757812,437212,SPY,equities,5min,data/5min/spy_5m.csv
2026-05-01 19:20:00+00:00,722.2000122070312,722.2789916992188,722.0599975585938,722.25,304747,SPY,equities,5min,data/5min/spy_5m.csv
2026-05-01 19:25:00+00:00,722.239990234375,722.5900268554688,722.239990234375,722.4199829101562,505807,SPY,equities,5min,data/5min/spy_5m.csv
2026-05-01 19:30:00+00:00,722.4299926757812,722.5,722.02001953125,722.25,465863,SPY,equities,5min,data/5min/spy_5m.csv
2026-05-01 19:35:00+00:00,722.239990234375,722.3800048828125,722.0499877929688,722.3200073242188,319890,SPY,equities,5min,data/5min/spy_5m.csv
2026-05-01 19:40:00+00:00,722.3200073242188,722.4099731445312,722.0,722.135009765625,641335,SPY,equities,5min,data/5min/spy_5m.csv
2026-05-01 19:45:00+00:00,722.135009765625,722.1699829101562,721.8400268554688,721.9874877929688,599233,SPY,equities,5min,data/5min/spy_5m.csv
2026-05-01 19:50:00+00:00,721.9786987304688,722.1400146484375,721.1599731445312,721.2899780273438,1232577,SPY,equities,5min,data/5min/spy_5m.csv
2026-05-01 19:55:00+00:00,721.2899780273438,721.3200073242188,720.469970703125,720.6699829101562,2414844,SPY,equities,5min,data/5min/spy_5m.csv
2026-05-04 13:30:00+00:00,720.0700073242188,720.239990234375,719.25,719.9099731445312,3527530,SPY,equities,5min,data/5min/spy_5m.csv
2026-05-04 13:35:00+00:00,719.9099731445312,720.2100219726562,719.4600219726562,719.8400268554688,553789,SPY,equities,5min,data/5min/spy_5m.csv
2026-05-04 13:40:00+00:00,719.8400268554688,720.3099975585938,719.6199951171875,719.9500122070312,646756,SPY,equities,5min,data/5min/spy_5m.csv
2026-05-04 13:45:00+00:00,719.9500122070312,720.6599731445312,719.8499755859375,720.4099731445312,505992,SPY,equities,5min,data/5min/spy_5m.csv
2026-05-04 13:50:00+00:00,720.4000854492188,720.64990234375,720.1099853515625,720.4500122070312,576219,SPY,equities,5min,data/5min/spy_5m.csv
2026-05-04 13:55:00+00:00,720.4600219726562,720.7999877929688,720.1099853515625,720.7601928710938,347729,SPY,equities,5min,data/5min/spy_5m.csv
2026-05-04 14:00:00+00:00,720.77001953125,720.8099975585938,720.280029296875,720.3067016601562,212689,SPY,equities,5min,data/5min/spy_5m.csv
2026-05-04 14:05:00+00:00,720.27001953125,720.6799926757812,719.864990234375,720.0700073242188,586607,SPY,equities,5min,data/5min/spy_5m.csv
2026-05-04 14:10:00+00:00,720.0800170898438,721.2100219726562,719.989990234375,720.989990234375,492848,SPY,equities,5min,data/5min/spy_5m.csv
2026-05-04 14:15:00+00:00,720.989990234375,721.1763916015625,720.8800048828125,721.1500244140625,86027,SPY,equities,5min,data/5min/spy_5m.csv
