timestamp,open,high,low,close,volume,asset,asset_class,frequency,source_file
2017-01-03 00:00:00+00:00,194.2951630733348,194.9772411201012,193.29365159666256,194.4678497314453,91366500,SPY,equities,1day,data/1day/spy_daily.csv
2017-01-04 00:00:00+00:00,194.79596555681337,195.77159004486924,194.78733649178588,195.62481689453125,78744400,SPY,equities,1day,data/1day/spy_daily.csv
2017-01-05 00:00:00+00:00,195.3571145832252,195.6247604374313,194.67503659269232,195.46934509277344,78379000,SPY,equities,1day,data/1day/spy_daily.csv
2017-01-06 00:00:00+00:00,195.58161075861804,196.6349361687553,195.03767675239263,196.1687164306641,71559900,SPY,equities,1day,data/1day/spy_daily.csv
2017-01-09 00:00:00+00:00,195.90974370713727,196.0478877992009,195.4866823654972,195.52122497558597,46939700,SPY,equities,1day,data/1day/spy_daily.csv
2017-01-10 00:00:00+00:00,195.5384831064846,196.3759635501698,195.13269306988883,195.52122497558597,63771900,SPY,equities,1day,data/1day/spy_daily.csv
2017-01-11 00:00:00+00:00,195.434839320652,196.07374572753903,194.7700325488776,196.07374572753903,74650000,SPY,equities,1day,data/1day/spy_daily.csv
2017-01-12 00:00:00+00:00,195.55570364013693,195.77154878764264,194.22610332812465,195.58160400390625,72113200,SPY,equities,1day,data/1day/spy_daily.csv
2017-01-13 00:00:00+00:00,195.75430571982696,196.33276921767424,195.71977628786863,196.0305938720703,62717900,SPY,equities,1day,data/1day/spy_daily.csv
2017-01-17 00:00:00+00:00,195.3917055249708,195.7974955523788,194.9513860624016,195.33990478515625,61240800,SPY,equities,1day,data/1day/spy_daily.csv
2017-01-18 00:00:00+00:00,195.59022969275696,195.81471707374104,195.03766665164105,195.77154541015625,54793300,SPY,equities,1day,data/1day/spy_daily.csv
2017-01-19 00:00:00+00:00,195.84924804240805,195.9873920973104,194.61462013384144,195.0463104248047,66608800,SPY,equities,1day,data/1day/spy_daily.csv
2017-01-20 00:00:00+00:00,195.7283968485233,196.25505958847907,195.09813264304947,195.762939453125,129168600,SPY,equities,1day,data/1day/spy_daily.csv
2017-01-23 00:00:00+00:00,195.7629293658233,195.8233591595471,194.49375878205151,195.25352478027344,75061600,SPY,equities,1day,data/1day/spy_daily.csv
2017-01-24 00:00:00+00:00,195.4693648574696,196.91985113299532,195.35713433657327,196.50543212890625,95555300,SPY,equities,1day,data/1day/spy_daily.csv
2017-01-25 00:00:00+00:00,197.45514871677423,198.206298828125,197.2911042881558,198.206298828125,84437700,SPY,equities,1day,data/1day/spy_daily.csv
2017-01-26 00:00:00+00:00,198.0594837402296,198.3271427646296,197.72276586826823,197.99905395507807,59970700,SPY,equities,1day,data/1day/spy_daily.csv
2017-01-27 00:00:00+00:00,198.07675100867223,198.22352411150047,197.50691672182785,197.688232421875,59711100,SPY,equities,1day,data/1day/spy_daily.csv
2017-01-30 00:00:00+00:00,196.99752618885827,197.02342654980663,195.4779812586088,196.4622344970703,79737300,SPY,equities,1day,data/1day/spy_daily.csv
2017-01-31 00:00:00+00:00,195.97013008802804,196.50543503261844,195.4003088892889,196.4449920654297,75880800,SPY,equities,1day,data/1day/spy_daily.csv
2017-02-01 00:00:00+00:00,196.44503448466165,197.36021603464965,195.93564296897333,196.52273559570312,79117700,SPY,equities,1day,data/1day/spy_daily.csv
2017-02-02 00:00:00+00:00,196.5227066728672,196.93713888571975,195.83201266640023,196.6522216796875,69657600,SPY,equities,1day,data/1day/spy_daily.csv
2017-02-03 00:00:00+00:00,197.5587268088348,198.18899086744997,197.24790931056123,198.00767517089844,80563200,SPY,equities,1day,data/1day/spy_daily.csv
2017-02-06 00:00:00+00:00,197.6019468217754,197.9991077609571,197.31702959512992,197.65374755859372,57790100,SPY,equities,1day,data/1day/spy_daily.csv
2017-02-07 00:00:00+00:00,198.0422277933067,198.2839732848533,197.47239348860057,197.66233825683597,57931200,SPY,equities,1day,data/1day/spy_daily.csv
2017-02-08 00:00:00+00:00,197.6623546477848,198.05087327897783,197.11842065962912,197.9213714599609,51566200,SPY,equities,1day,data/1day/spy_daily.csv
2017-02-09 00:00:00+00:00,197.92138285613615,199.3977563745068,197.92138285613615,199.0955810546875,65955200,SPY,equities,1day,data/1day/spy_daily.csv
2017-02-10 00:00:00+00:00,199.44096715059652,200.10577406319263,199.1128782270032,199.88128662109372,66015900,SPY,equities,1day,data/1day/spy_daily.csv
2017-02-13 00:00:00+00:00,200.37335103154575,201.2281024820793,200.3474506700879,200.96908569335935,55182100,SPY,equities,1day,data/1day/spy_daily.csv
2017-02-14 00:00:00+00:00,200.7878714887701,201.7807674850894,200.44252437866203,201.77212524414065,71109000,SPY,equities,1day,data/1day/spy_daily.csv
2017-02-15 00:00:00+00:00,201.5561774963083,203.01529266658943,201.5043767735524,202.82534790039065,86785800,SPY,equities,1day,data/1day/spy_daily.csv
2017-02-16 00:00:00+00:00,202.85128382436127,203.0325995599349,201.90157300101112,202.6527099609375,84722400,SPY,equities,1day,data/1day/spy_daily.csv
2017-02-17 00:00:00+00:00,201.9878689318468,202.9721221923828,201.97059763278023,202.9721221923828,77204100,SPY,equities,1day,data/1day/spy_daily.csv
2017-02-21 00:00:00+00:00,203.34342786314917,204.35358170974865,203.33478562462432,204.180908203125,88946100,SPY,equities,1day,data/1day/spy_daily.csv
2017-02-22 00:00:00+00:00,203.7750832923928,204.22403169784155,203.61103887826505,203.9995574951172,62115200,SPY,equities,1day,data/1day/spy_daily.csv
2017-02-23 00:00:00+00:00,204.5176154292191,204.5348735570757,203.3779466317962,204.13772583007807,74615900,SPY,equities,1day,data/1day/spy_daily.csv
2017-02-24 00:00:00+00:00,203.2916327512732,204.43991753044463,203.2484610798872,204.39675903320312,82381600,SPY,equities,1day,data/1day/spy_daily.csv
2017-02-27 00:00:00+00:00,204.3104117924004,204.8888752903316,204.06003718176973,204.71620178222656,56515400,SPY,equities,1day,data/1day/spy_daily.csv
2017-02-28 00:00:00+00:00,204.3362782157488,204.57802372176616,203.77508611409613,204.16360473632807,96961900,SPY,equities,1day,data/1day/spy_daily.csv
2017-03-01 00:00:00+00:00,205.82129435228447,207.48762570939044,205.80402305205783,207.0213928222656,149158200,SPY,equities,1day,data/1day/spy_daily.csv
2017-03-02 00:00:00+00:00,206.8314369681235,206.84007920484515,205.66588116100127,205.7176818847656,70246000,SPY,equities,1day,data/1day/spy_daily.csv
2017-03-03 00:00:00+00:00,205.63135333903844,206.01124290613103,205.25146377194585,205.84719848632807,81974300,SPY,equities,1day,data/1day/spy_daily.csv
2017-03-06 00:00:00+00:00,205.05290667695087,205.5881984702343,204.62984541101,205.23422241210935,55391500,SPY,equities,1day,data/1day/spy_daily.csv
2017-03-07 00:00:00+00:00,204.93206394790133,205.2860532320529,204.4140302065017,204.62124633789065,65103700,SPY,equities,1day,data/1day/spy_daily.csv
2017-03-08 00:00:00+00:00,204.91472296177452,205.1737397443952,204.1031431908289,204.2412872314453,78168800,SPY,equities,1day,data/1day/spy_daily.csv
2017-03-09 00:00:00+00:00,204.3621916313429,204.82842454711275,203.5333536075299,204.50033569335935,90683900,SPY,equities,1day,data/1day/spy_daily.csv
2017-03-10 00:00:00+00:00,205.45869499173256,205.5018666591993,204.267225475195,205.21694946289065,81991700,SPY,equities,1day,data/1day/spy_daily.csv
2017-03-13 00:00:00+00:00,205.1564817109755,205.3636977852985,204.82840606097443,205.32052612304688,57256800,SPY,equities,1day,data/1day/spy_daily.csv
2017-03-14 00:00:00+00:00,204.77661185589676,204.8284257600669,203.9218734621619,204.5348663330078,59880800,SPY,equities,1day,data/1day/spy_daily.csv
2017-03-15 00:00:00+00:00,205.10471095952917,206.7278708435776,204.87159448861624,206.3048095703125,96081800,SPY,equities,1day,data/1day/spy_daily.csv
2017-03-16 00:00:00+00:00,206.4429360696499,206.52063716195983,205.5709264051725,205.8990020751953,78344000,SPY,equities,1day,data/1day/spy_daily.csv
2017-03-17 00:00:00+00:00,206.16176934939736,206.35254049942543,205.5374298095703,205.5374298095703,89002100,SPY,equities,1day,data/1day/spy_daily.csv
2017-03-20 00:00:00+00:00,205.53743200294863,205.82358873104448,204.9217722924802,205.31198120117188,52537000,SPY,equities,1day,data/1day/spy_daily.csv
2017-03-21 00:00:00+00:00,205.91900007984685,206.040398716222,202.5458380782888,202.6759033203125,131809300,SPY,equities,1day,data/1day/spy_daily.csv
2017-03-22 00:00:00+00:00,202.7105208473677,203.438912394836,202.0861814548365,203.1527557373047,97569200,SPY,equities,1day,data/1day/spy_daily.csv
2017-03-23 00:00:00+00:00,203.15278881772716,204.07195161988832,202.56314220179587,202.93600463867188,100410300,SPY,equities,1day,data/1day/spy_daily.csv
2017-03-24 00:00:00+00:00,203.23948897426524,203.811789098104,202.00815653895305,202.78857421875,112504900,SPY,equities,1day,data/1day/spy_daily.csv
2017-03-27 00:00:00+00:00,201.115011690091,202.8406185139592,200.83753482201905,202.5804748535156,87454500,SPY,equities,1day,data/1day/spy_daily.csv
2017-03-28 00:00:00+00:00,202.27699348014863,204.47951500442747,202.16426146852515,204.05462646484372,93483900,SPY,equities,1day,data/1day/spy_daily.csv
2017-03-29 00:00:00+00:00,203.76844675436723,204.4794919291305,203.54298275656367,204.245361328125,61950400,SPY,equities,1day,data/1day/spy_daily.csv
2017-03-30 00:00:00+00:00,204.18472185185752,205.095218220632,204.01129712243824,204.8957672119141,56737900,SPY,equities,1day,data/1day/spy_daily.csv
2017-03-31 00:00:00+00:00,204.55757033612667,205.0865243250438,204.36679917740523,204.41883850097656,73733100,SPY,equities,1day,data/1day/spy_daily.csv
2017-04-03 00:00:00+00:00,204.47084878902996,204.67028653720263,202.83196085683875,204.06329345703125,85546500,SPY,equities,1day,data/1day/spy_daily.csv
2017-04-04 00:00:00+00:00,203.77712220969664,204.28006307781868,203.39557994895196,204.1933441162109,56466200,SPY,equities,1day,data/1day/spy_daily.csv
2017-04-05 00:00:00+00:00,204.86969271906057,205.84956133200996,203.3782166767564,203.5863342285156,108800600,SPY,equities,1day,data/1day/spy_daily.csv
2017-04-06 00:00:00+00:00,203.72515345668836,204.67899614552016,203.2829051520716,204.15872192382807,69135800,SPY,equities,1day,data/1day/spy_daily.csv
2017-04-07 00:00:00+00:00,203.90717152843487,204.6442429502869,203.46493661419652,203.95053100585935,74412300,SPY,equities,1day,data/1day/spy_daily.csv
2017-04-10 00:00:00+00:00,204.089230588671,204.8696480826873,203.5429304039885,204.07188415527344,67615300,SPY,equities,1day,data/1day/spy_daily.csv
2017-04-11 00:00:00+00:00,203.69041754192983,203.93321477372265,202.33768632723948,203.82916259765625,88045300,SPY,equities,1day,data/1day/spy_daily.csv
2017-04-12 00:00:00+00:00,203.55167752902952,203.7424486651146,202.7105538557787,202.93600463867188,81864400,SPY,equities,1day,data/1day/spy_daily.csv
2017-04-13 00:00:00+00:00,202.59781914979595,203.33489064134773,201.61795043945312,201.61795043945312,92880400,SPY,equities,1day,data/1day/spy_daily.csv
2017-04-17 00:00:00+00:00,202.13828641834283,203.40431213378903,201.93884863306312,203.40431213378903,68405400,SPY,equities,1day,data/1day/spy_daily.csv
2017-04-18 00:00:00+00:00,202.66717600787345,203.3348749236641,202.11220908904167,202.7972412109375,83225800,SPY,equities,1day,data/1day/spy_daily.csv
2017-04-19 00:00:00+00:00,203.3609019208942,203.7337643495707,202.198928690804,202.4243927001953,68699900,SPY,equities,1day,data/1day/spy_daily.csv
2017-04-20 00:00:00+00:00,203.039989687074,204.5141322024743,202.71915344220423,204.07188415527344,92572200,SPY,equities,1day,data/1day/spy_daily.csv
2017-04-21 00:00:00+00:00,203.9939290553132,204.045955145478,203.02274008835104,203.42161560058597,110389800,SPY,equities,1day,data/1day/spy_daily.csv
2017-04-24 00:00:00+00:00,205.66749533983585,205.8669463260892,203.39560120797648,205.6588287353516,119209900,SPY,equities,1day,data/1day/spy_daily.csv
2017-04-25 00:00:00+00:00,206.300501774306,207.20231814801264,206.2137828090746,206.85546875,76698300,SPY,equities,1day,data/1day/spy_daily.csv
2017-04-26 00:00:00+00:00,206.82078840698463,207.70527162641977,206.6820565782447,206.72540283203125,84702500,SPY,equities,1day,data/1day/spy_daily.csv
2017-04-27 00:00:00+00:00,207.0462306188551,207.20230887153625,206.3611852259836,206.89881896972656,57410300,SPY,equities,1day,data/1day/spy_daily.csv
2017-04-28 00:00:00+00:00,207.15895170561487,207.18496474801915,206.31782805066376,206.44790649414065,63532800,SPY,equities,1day,data/1day/spy_daily.csv
2017-05-01 00:00:00+00:00,206.9681854248047,207.39308717979225,206.55196350512597,206.9681854248047,66882500,SPY,equities,1day,data/1day/spy_daily.csv
2017-05-02 00:00:00+00:00,207.1069115564065,207.228310156534,206.63866359347344,207.0462188720703,57375700,SPY,equities,1day,data/1day/spy_daily.csv
2017-05-03 00:00:00+00:00,207.0462769099508,207.14166249617847,206.11843409560356,206.7947998046875,73137700,SPY,equities,1day,data/1day/spy_daily.csv
2017-05-04 00:00:00+00:00,207.0982577994396,207.1762969261933,206.1877616262789,207.0375518798828,61462700,SPY,equities,1day,data/1day/spy_daily.csv
2017-05-05 00:00:00+00:00,207.4104109596444,207.8699923112897,206.9681628138105,207.85264587402344,62001300,SPY,equities,1day,data/1day/spy_daily.csv
2017-05-08 00:00:00+00:00,207.8960322946924,208.0434439519232,207.39309140042783,207.8179931640625,48385700,SPY,equities,1day,data/1day/spy_daily.csv
2017-05-09 00:00:00+00:00,208.0781120190344,208.27754973957025,207.28033467398123,207.627197265625,51363200,SPY,equities,1day,data/1day/spy_daily.csv
2017-05-10 00:00:00+00:00,207.58383915389945,208.00006103515625,207.3757215975435,208.00006103515625,54293800,SPY,equities,1day,data/1day/spy_daily.csv
2017-05-11 00:00:00+00:00,207.54921278278863,207.7399839505505,206.4913047548212,207.57522583007807,62358300,SPY,equities,1day,data/1day/spy_daily.csv
2017-05-12 00:00:00+00:00,207.32368755768945,207.6185108276182,206.9594917716384,207.22830200195312,53912700,SPY,equities,1day,data/1day/spy_daily.csv
2017-05-15 00:00:00+00:00,207.653184642574,208.4943081301066,207.6358382072719,208.37290954589844,61918900,SPY,equities,1day,data/1day/spy_daily.csv
2017-05-16 00:00:00+00:00,208.66775380957856,208.6937668494256,207.79195059466824,208.18215942382807,51241800,SPY,equities,1day,data/1day/spy_daily.csv
2017-05-17 00:00:00+00:00,208.18218739791664,208.18218739791664,204.42748377516224,204.4881896972656,172174100,SPY,equities,1day,data/1day/spy_daily.csv
2017-05-18 00:00:00+00:00,204.41015153115023,206.16177154943827,204.15000784820333,205.31198120117188,107047700,SPY,equities,1day,data/1day/spy_daily.csv
2017-05-19 00:00:00+00:00,205.7975334345984,207.3150225035401,205.74550735498167,206.64732360839844,115011400,SPY,equities,1day,data/1day/spy_daily.csv
2017-05-22 00:00:00+00:00,207.15896046579584,207.8613523347789,207.08960117075563,207.69659423828125,61010600,SPY,equities,1day,data/1day/spy_daily.csv
2017-05-23 00:00:00+00:00,208.06948524574332,208.32096234274775,207.6879429133631,208.1562042236328,48341700,SPY,equities,1day,data/1day/spy_daily.csv
2017-05-24 00:00:00+00:00,208.39032081938808,208.7458368492494,208.05212476731117,208.64178466796875,46927700,SPY,equities,1day,data/1day/spy_daily.csv
2017-05-25 00:00:00+00:00,209.1533673617428,209.9164518843952,208.9452630238964,209.6389617919922,64071700,SPY,equities,1day,data/1day/spy_daily.csv
2017-05-26 00:00:00+00:00,209.448217189922,209.76038696768669,209.3701780533452,209.59564208984372,46629900,SPY,equities,1day,data/1day/spy_daily.csv
2017-05-30 00:00:00+00:00,209.2747833846353,209.6649922820253,209.11870511826208,209.4135284423828,35201900,SPY,equities,1day,data/1day/spy_daily.csv
2017-05-31 00:00:00+00:00,209.70834537401865,209.74303825312643,208.6677839355453,209.3614959716797,91796000,SPY,equities,1day,data/1day/spy_daily.csv
2017-06-01 00:00:00+00:00,209.82106299336172,211.0437288846533,209.53490630190277,211.02638244628903,68962000,SPY,equities,1day,data/1day/spy_daily.csv
2017-06-02 00:00:00+00:00,211.0784072611607,211.88485124705332,210.7835839680196,211.728759765625,88666100,SPY,equities,1day,data/1day/spy_daily.csv
2017-06-05 00:00:00+00:00,211.5553464319028,211.84150313700025,211.3732418990385,211.57269287109372,44698800,SPY,equities,1day,data/1day/spy_daily.csv
2017-06-06 00:00:00+00:00,211.00900476478063,211.56397162716303,210.8182336653879,210.8962860107422,50375400,SPY,equities,1day,data/1day/spy_daily.csv
2017-06-07 00:00:00+00:00,211.23451871156217,211.51199559267457,210.56681970571725,211.2865447998047,54144300,SPY,equities,1day,data/1day/spy_daily.csv
2017-06-08 00:00:00+00:00,211.38194313646613,211.86753763132825,210.8616557597095,211.3906097412109,65950700,SPY,equities,1day,data/1day/spy_daily.csv
2017-06-09 00:00:00+00:00,211.6593792299721,212.4571433508012,209.80370735008688,211.0697326660156,132256400,SPY,equities,1day,data/1day/spy_daily.csv
2017-06-12 00:00:00+00:00,210.82694471519545,211.07840852992604,210.176592206822,211.02638244628903,86108100,SPY,equities,1day,data/1day/spy_daily.csv
2017-06-13 00:00:00+00:00,211.5640599599376,212.1103604482417,211.21721048792625,212.05833435058597,60067000,SPY,equities,1day,data/1day/spy_daily.csv
2017-06-14 00:00:00+00:00,212.3270797150871,212.33574631822515,210.965668829472,211.7894592285156,78602300,SPY,equities,1day,data/1day/spy_daily.csv
2017-06-15 00:00:00+00:00,210.4367080035868,211.5032955698595,210.1592311663172,211.38189697265625,66464900,SPY,equities,1day,data/1day/spy_daily.csv
2017-06-16 00:00:00+00:00,211.5413823428988,211.59366213965603,210.54802631656844,211.4281005859375,84553100,SPY,equities,1day,data/1day/spy_daily.csv
2017-06-19 00:00:00+00:00,212.2559107671326,213.24926686697896,212.16006003399036,213.1882781982422,65123800,SPY,equities,1day,data/1day/spy_daily.csv
2017-06-20 00:00:00+00:00,212.83101677185903,212.8397256400352,211.7331010624758,211.75051879882807,56906400,SPY,equities,1day,data/1day/spy_daily.csv
2017-06-21 00:00:00+00:00,212.1426470948369,212.2559155667613,211.22771067524104,211.6982421875,55977600,SPY,equities,1day,data/1day/spy_daily.csv
2017-06-22 00:00:00+00:00,211.7069441054188,212.20361547108345,211.428100794464,211.6023712158203,44148100,SPY,equities,1day,data/1day/spy_daily.csv
2017-06-23 00:00:00+00:00,211.6633095916297,212.1861206986443,211.2799068022329,211.85501098632807,66986800,SPY,equities,1day,data/1day/spy_daily.csv
2017-06-26 00:00:00+00:00,212.5260250262087,212.9442900095876,211.7853723814404,211.99449157714844,56700500,SPY,equities,1day,data/1day/spy_daily.csv
2017-06-27 00:00:00+00:00,211.7765870676256,212.0728613331678,210.2691290321554,210.28656005859372,82247700,SPY,equities,1day,data/1day/spy_daily.csv
2017-06-28 00:00:00+00:00,211.30607529653557,212.36914197613868,211.0708029537437,212.16873168945312,70042600,SPY,equities,1day,data/1day/spy_daily.csv
2017-06-29 00:00:00+00:00,212.31691400169305,212.36919380263203,209.09286441596024,210.30406188964844,106949700,SPY,equities,1day,data/1day/spy_daily.csv
2017-06-30 00:00:00+00:00,211.11441868238063,211.48911273716445,210.50446553085283,210.6961669921875,86820700,SPY,equities,1day,data/1day/spy_daily.csv
2017-07-03 00:00:00+00:00,211.63721894651863,212.0729016183973,211.05340576171875,211.05340576171875,39153800,SPY,equities,1day,data/1day/spy_daily.csv
2017-07-05 00:00:00+00:00,211.41939121180263,211.75050102246536,210.6090144760648,211.5413818359375,54427600,SPY,equities,1day,data/1day/spy_daily.csv
2017-07-06 00:00:00+00:00,210.7745752931773,210.896565916886,209.42395626898556,209.60694885253903,65400800,SPY,equities,1day,data/1day/spy_daily.csv
2017-07-07 00:00:00+00:00,210.1820393304508,211.11439332953756,209.6156438823511,210.9662628173828,57972300,SPY,equities,1day,data/1day/spy_daily.csv
2017-07-10 00:00:00+00:00,210.96627510253825,211.56751934898887,210.66129189764916,211.1928253173828,36663300,SPY,equities,1day,data/1day/spy_daily.csv
2017-07-11 00:00:00+00:00,211.19280433836815,211.34965700689543,209.868338650255,211.0359649658203,50354600,SPY,equities,1day,data/1day/spy_daily.csv
2017-07-12 00:00:00+00:00,212.00320994404407,212.78743350586683,212.00320994404407,212.6218719482422,59610400,SPY,equities,1day,data/1day/spy_daily.csv
2017-07-13 00:00:00+00:00,212.630646075948,213.09246879903725,212.40408250131105,212.97918701171875,39471600,SPY,equities,1day,data/1day/spy_daily.csv
2017-07-14 00:00:00+00:00,212.9791171777145,214.32973612894276,212.8832664574085,213.97247314453125,60262700,SPY,equities,1day,data/1day/spy_daily.csv
2017-07-17 00:00:00+00:00,213.89403978979288,214.27744264652372,213.7720491804675,213.94631958007807,33531900,SPY,equities,1day,data/1day/spy_daily.csv
2017-07-18 00:00:00+00:00,213.5368372225535,214.11194167030587,213.19700519360575,214.0596618652344,42742500,SPY,equities,1day,data/1day/spy_daily.csv
2017-07-19 00:00:00+00:00,214.3732957100116,215.2272299846473,214.36457354754896,215.2185211181641,51034300,SPY,equities,1day,data/1day/spy_daily.csv
2017-07-20 00:00:00+00:00,215.4712467470774,215.5932373778615,214.7654428621136,215.3144073486328,47135200,SPY,equities,1day,data/1day/spy_daily.csv
2017-07-21 00:00:00+00:00,214.73932347962412,215.148866342668,214.5127599322484,215.1227264404297,82340800,SPY,equities,1day,data/1day/spy_daily.csv
2017-07-24 00:00:00+00:00,215.04426611662504,215.20982767375511,214.59987453905043,215.07041931152344,46622300,SPY,equities,1day,data/1day/spy_daily.csv
2017-07-25 00:00:00+00:00,215.8197661496051,215.92433903415247,215.36666573516047,215.5932159423828,54915600,SPY,equities,1day,data/1day/spy_daily.csv
2017-07-26 00:00:00+00:00,215.8807872919932,215.91563605928576,215.3405449750784,215.60194396972656,47575400,SPY,equities,1day,data/1day/spy_daily.csv
2017-07-27 00:00:00+00:00,216.06376597515103,216.09861474020028,214.0770406718503,215.40151977539065,70766600,SPY,equities,1day,data/1day/spy_daily.csv
2017-07-28 00:00:00+00:00,214.92228595767855,215.27954898825683,214.46918549038995,215.1488494873047,50088400,SPY,equities,1day,data/1day/spy_daily.csv
2017-07-31 00:00:00+00:00,215.54968205619747,215.64553279418223,214.8177382184862,215.02687072753903,65838700,SPY,equities,1day,data/1day/spy_daily.csv
2017-08-01 00:00:00+00:00,215.62806360855865,215.662912370428,214.98324849815103,215.50607299804688,55050400,SPY,equities,1day,data/1day/spy_daily.csv
2017-08-02 00:00:00+00:00,215.636781375968,215.7500631246833,214.67827418525408,215.6106414794922,47211200,SPY,equities,1day,data/1day/spy_daily.csv
2017-08-03 00:00:00+00:00,215.49739853466025,215.523538435843,214.9135852482746,215.1924285888672,40856000,SPY,equities,1day,data/1day/spy_daily.csv
2017-08-04 00:00:00+00:00,215.6803538936068,215.9156129636254,215.2011002947134,215.58450317382807,60191800,SPY,equities,1day,data/1day/spy_daily.csv
2017-08-07 00:00:00+00:00,215.65424173012192,215.9853515625,215.5496688340189,215.9853515625,31995000,SPY,equities,1day,data/1day/spy_daily.csv
2017-08-08 00:00:00+00:00,215.6716835516543,216.89160330522697,215.07916135682032,215.45384216308597,61719400,SPY,equities,1day,data/1day/spy_daily.csv
2017-08-09 00:00:00+00:00,214.76543491687417,215.49737867450057,214.40817190565852,215.44509887695312,62632600,SPY,equities,1day,data/1day/spy_daily.csv
2017-08-10 00:00:00+00:00,214.6085755850124,214.73928837081584,212.3517424208677,212.40402221679688,120479500,SPY,equities,1day,data/1day/spy_daily.csv
2017-08-11 00:00:00+00:00,212.63061434697283,213.31027837749468,212.3953419376437,212.71774291992188,74869900,SPY,equities,1day,data/1day/spy_daily.csv
2017-08-14 00:00:00+00:00,213.9986519596412,215.0442879102448,213.9638031895468,214.82644653320312,73291900,SPY,equities,1day,data/1day/spy_daily.csv
2017-08-15 00:00:00+00:00,215.20983579521703,215.2272668271467,214.49532303787947,214.80029296875,55242700,SPY,equities,1day,data/1day/spy_daily.csv
2017-08-16 00:00:00+00:00,215.32304197847657,215.7238757962733,214.7479377904983,215.17491149902344,56715500,SPY,equities,1day,data/1day/spy_daily.csv
2017-08-17 00:00:00+00:00,214.5650300521557,214.8787221414008,211.8202209472656,211.8202209472656,128490400,SPY,equities,1day,data/1day/spy_daily.csv
2017-08-18 00:00:00+00:00,211.6546229429772,212.77869160921608,211.0446699011316,211.48907470703125,136748000,SPY,equities,1day,data/1day/spy_daily.csv
2017-08-21 00:00:00+00:00,211.42809761239292,211.91606010323903,210.72229377413484,211.65464782714844,65469700,SPY,equities,1day,data/1day/spy_daily.csv
2017-08-22 00:00:00+00:00,212.2384860666946,214.0247745773968,212.22105503506384,213.8679351806641,63140100,SPY,equities,1day,data/1day/spy_daily.csv
2017-08-23 00:00:00+00:00,212.90074016496524,213.52812440619064,212.75260962134016,213.1011505126953,50203800,SPY,equities,1day,data/1day/spy_daily.csv
2017-08-24 00:00:00+00:00,213.48450534701752,213.6413447239777,212.39529868708377,212.60443115234372,50741700,SPY,equities,1day,data/1day/spy_daily.csv
2017-08-25 00:00:00+00:00,213.39741159994543,214.01608697248088,212.95301996907023,213.1011505126953,64445900,SPY,equities,1day,data/1day/spy_daily.csv
2017-08-28 00:00:00+00:00,213.63264400278635,213.65878389994307,212.691567817204,213.10983276367188,40565600,SPY,equities,1day,data/1day/spy_daily.csv
2017-08-29 00:00:00+00:00,211.794084456064,213.6152350581632,211.680802692686,213.3538360595703,51135700,SPY,equities,1day,data/1day/spy_daily.csv
2017-08-30 00:00:00+00:00,213.3363735483728,214.63471266572543,213.153380980378,214.3645782470703,62030800,SPY,equities,1day,data/1day/spy_daily.csv
2017-08-31 00:00:00+00:00,214.98325031080395,215.8981865453463,214.39943714871944,215.6542053222656,103803900,SPY,equities,1day,data/1day/spy_daily.csv
2017-09-01 00:00:00+00:00,216.0288630345672,216.38612596462397,215.81102173028552,215.9591522216797,62007000,SPY,equities,1day,data/1day/spy_daily.csv
2017-09-05 00:00:00+00:00,215.45379311653252,215.68035661849729,213.44094127173,214.4081573486328,91398800,SPY,equities,1day,data/1day/spy_daily.csv
2017-09-06 00:00:00+00:00,215.087856916086,215.47125986359848,214.5563234290314,215.14013671875,57916900,SPY,equities,1day,data/1day/spy_daily.csv
2017-09-07 00:00:00+00:00,215.4451368426674,215.46256787691527,214.70447079094237,215.114013671875,58034700,SPY,equities,1day,data/1day/spy_daily.csv
2017-09-08 00:00:00+00:00,214.82637451787545,215.32305907310064,214.6172553754463,214.8612365722656,63832800,SPY,equities,1day,data/1day/spy_daily.csv
2017-09-11 00:00:00+00:00,216.13350574007288,217.23143484538895,216.1160880021349,217.15301513671875,71364800,SPY,equities,1day,data/1day/spy_daily.csv
2017-09-12 00:00:00+00:00,217.51893111181127,217.91975171699505,217.33593854267625,217.8849029541016,56896000,SPY,equities,1day,data/1day/spy_daily.csv
2017-09-13 00:00:00+00:00,217.5973596810883,218.0243334958429,217.4840779290966,217.98947143554688,59228000,SPY,equities,1day,data/1day/spy_daily.csv
2017-09-14 00:00:00+00:00,217.66707917181387,218.12019290184045,217.49280875133616,217.91976928710935,95446300,SPY,equities,1day,data/1day/spy_daily.csv
2017-09-15 00:00:00+00:00,217.7752898829497,218.3006957249808,217.67021138693656,218.213134765625,95432400,SPY,equities,1day,data/1day/spy_daily.csv
2017-09-18 00:00:00+00:00,218.58091968648296,219.0275166500128,218.29194046468183,218.67724609375,46235200,SPY,equities,1day,data/1day/spy_daily.csv
2017-09-19 00:00:00+00:00,218.9224793453609,218.98378405332213,218.57220872319544,218.89620971679688,47108100,SPY,equities,1day,data/1day/spy_daily.csv
2017-09-20 00:00:00+00:00,218.98377155384847,219.08885006210676,217.9767201891611,218.9750061035156,59574100,SPY,equities,1day,data/1day/spy_daily.csv
2017-09-21 00:00:00+00:00,218.81733737429505,218.90489832346,218.21310936861252,218.38824462890625,48211400,SPY,equities,1day,data/1day/spy_daily.csv
2017-09-22 00:00:00+00:00,218.09053414548032,218.59843580213592,218.0642645220296,218.4320526123047,51214000,SPY,equities,1day,data/1day/spy_daily.csv
2017-09-25 00:00:00+00:00,218.1781112015205,218.528395143318,217.24113005139031,217.98545837402344,57064400,SPY,equities,1day,data/1day/spy_daily.csv
2017-09-26 00:00:00+00:00,218.414537340445,218.65972940317045,217.88036605480065,218.11680603027344,54082000,SPY,equities,1day,data/1day/spy_daily.csv
2017-09-27 00:00:00+00:00,218.81736664054645,219.35153794116275,217.93291141052936,218.9662322998047,81001400,SPY,equities,1day,data/1day/spy_daily.csv
2017-09-28 00:00:00+00:00,218.68602133962423,219.3077670090929,218.59846037226853,219.2289581298828,44778800,SPY,equities,1day,data/1day/spy_daily.csv
2017-09-29 00:00:00+00:00,219.22019406231303,220.07837973679105,219.0363066763297,219.9995574951172,85578000,SPY,equities,1day,data/1day/spy_daily.csv
2017-10-02 00:00:00+00:00,220.2272164432711,220.95404052734372,220.0520678065577,220.95404052734372,59023000,SPY,equities,1day,data/1day/spy_daily.csv
2017-10-03 00:00:00+00:00,220.9541047201498,221.4532410662929,220.8752824659429,221.42697143554688,66810200,SPY,equities,1day,data/1day/spy_daily.csv
2017-10-04 00:00:00+00:00,221.27801525808573,221.93478248211568,221.16417133009227,221.6895904541016,55953600,SPY,equities,1day,data/1day/spy_daily.csv
2017-10-05 00:00:00+00:00,222.02236175556584,223.02064748401892,221.72463046296645,223.00314331054688,63522800,SPY,equities,1day,data/1day/spy_daily.csv
2017-10-06 00:00:00+00:00,222.55652322994743,223.03815521855543,222.2938270197648,222.74917602539065,80646000,SPY,equities,1day,data/1day/spy_daily.csv
2017-10-09 00:00:00+00:00,222.9769305668348,223.03822191355067,222.11874481706897,222.38145446777344,35803100,SPY,equities,1day,data/1day/spy_daily.csv
2017-10-10 00:00:00+00:00,222.95063547249964,223.34469322256305,222.4076986932,222.9681396484375,43057400,SPY,equities,1day,data/1day/spy_daily.csv
2017-10-11 00:00:00+00:00,222.8717948244796,223.3184051513672,222.70542499501343,223.3184051513672,47674300,SPY,equities,1day,data/1day/spy_daily.csv
2017-10-12 00:00:00+00:00,223.003189536138,223.3534601456891,222.74923198654133,222.9856719970703,47065100,SPY,equities,1day,data/1day/spy_daily.csv
2017-10-13 00:00:00+00:00,223.42350906485288,223.53735302182952,222.9856641373634,223.2571258544922,54800400,SPY,equities,1day,data/1day/spy_daily.csv
2017-10-16 00:00:00+00:00,223.4848119173923,223.74750818213676,223.14329341125787,223.5548553466797,38221700,SPY,equities,1day,data/1day/spy_daily.csv
2017-10-17 00:00:00+00:00,223.5023387601968,223.7562963244937,223.2834162760633,223.71250915527344,31561000,SPY,equities,1day,data/1day/spy_daily.csv
2017-10-18 00:00:00+00:00,224.08902950399124,224.13281666932104,223.73875890528632,223.9314117431641,40888300,SPY,equities,1day,data/1day/spy_daily.csv
2017-10-19 00:00:00+00:00,223.1520211020439,224.02771085402995,222.73169376244084,223.99267578125,61903800,SPY,equities,1day,data/1day/spy_daily.csv
2017-10-20 00:00:00+00:00,224.78959602390063,225.174901697254,223.9751975121371,225.1486053466797,89176400,SPY,equities,1day,data/1day/spy_daily.csv
2017-10-23 00:00:00+00:00,225.47257490375944,225.49884452362676,224.19404880641375,224.2728576660156,63915300,SPY,equities,1day,data/1day/spy_daily.csv
2017-10-24 00:00:00+00:00,224.7019967428637,224.9033882834358,224.30792566307667,224.66696166992188,66935900,SPY,equities,1day,data/1day/spy_daily.csv
2017-10-25 00:00:00+00:00,224.3342187766771,224.4480627327108,222.42522132237863,223.5548553466797,103715300,SPY,equities,1day,data/1day/spy_daily.csv
2017-10-26 00:00:00+00:00,224.16779476908985,224.43924305641963,223.72118450299524,223.84378051757807,69798000,SPY,equities,1day,data/1day/spy_daily.csv
2017-10-27 00:00:00+00:00,224.58817961378836,225.8316709743532,223.85260333776705,225.6740264892578,85562500,SPY,equities,1day,data/1day/spy_daily.csv
2017-10-30 00:00:00+00:00,224.58813620245712,225.5776698294802,224.53559695889209,224.8333282470703,54285700,SPY,equities,1day,data/1day/spy_daily.csv
2017-10-31 00:00:00+00:00,225.2099091529033,225.437597065505,224.8859081843137,225.1836395263672,60304800,SPY,equities,1day,data/1day/spy_daily.csv
2017-11-01 00:00:00+00:00,225.9630144663428,226.3045196085102,225.11359425006668,225.4813690185547,54202700,SPY,equities,1day,data/1day/spy_daily.csv
2017-11-02 00:00:00+00:00,225.41127570957215,225.7090069832996,224.34293326905492,225.5688934326172,56449500,SPY,equities,1day,data/1day/spy_daily.csv
2017-11-03 00:00:00+00:00,225.72659303215065,226.3658563282792,225.31501767895995,226.32208251953125,59589700,SPY,equities,1day,data/1day/spy_daily.csv
2017-11-06 00:00:00+00:00,226.19064161200308,226.80363509914,226.1205981936673,226.6722869873047,49652600,SPY,equities,1day,data/1day/spy_daily.csv
2017-11-07 00:00:00+00:00,226.7773904664856,227.11015686909025,226.0067791602289,226.5146942138672,57502200,SPY,equities,1day,data/1day/spy_daily.csv
2017-11-08 00:00:00+00:00,226.3395053805914,226.996272619473,226.0592782782593,226.89993286132807,50469600,SPY,equities,1day,data/1day/spy_daily.csv
2017-11-09 00:00:00+00:00,225.69155285168225,226.26951135492055,224.49183531869664,226.0768585205078,95085500,SPY,equities,1day,data/1day/spy_daily.csv
2017-11-10 00:00:00+00:00,225.69156988015263,226.181954091306,225.37630761644823,226.00680541992188,59984700,SPY,equities,1day,data/1day/spy_daily.csv
2017-11-13 00:00:00+00:00,225.32370983191615,226.4445915553938,225.28867476195268,226.21690368652344,50228600,SPY,equities,1day,data/1day/spy_daily.csv
2017-11-14 00:00:00+00:00,225.4113011872742,225.79660681421927,224.63192448424843,225.6915283203125,61315200,SPY,equities,1day,data/1day/spy_daily.csv
2017-11-15 00:00:00+00:00,224.71947685632563,225.24489599847416,223.85255264233356,224.56185913085935,80811500,SPY,equities,1day,data/1day/spy_daily.csv
2017-11-16 00:00:00+00:00,225.50763732326016,226.83870297952345,225.46386352096016,226.4709014892578,67777000,SPY,equities,1day,data/1day/spy_daily.csv
2017-11-17 00:00:00+00:00,226.12057527072577,226.44457615505036,225.7265042512396,225.8053131103516,75756800,SPY,equities,1day,data/1day/spy_daily.csv
2017-11-20 00:00:00+00:00,226.05060222083983,226.38334193268457,225.80538339537304,226.1906890869141,48075500,SPY,equities,1day,data/1day/spy_daily.csv
2017-11-21 00:00:00+00:00,226.9612866282621,227.85450736960243,226.15566693976135,227.67059326171875,69176800,SPY,equities,1day,data/1day/spy_daily.csv
2017-11-22 00:00:00+00:00,227.67938005238835,227.81072819609295,227.3028397991232,227.4692230224609,45033400,SPY,equities,1day,data/1day/spy_daily.csv
2017-11-24 00:00:00+00:00,227.9595595227246,228.0996730879914,227.8194459574578,227.99456787109372,27856500,SPY,equities,1day,data/1day/spy_daily.csv
2017-11-27 00:00:00+00:00,228.03841611227855,228.33614747930068,227.67938003688656,227.88079833984372,52274900,SPY,equities,1day,data/1day/spy_daily.csv
2017-11-28 00:00:00+00:00,228.34487332791497,230.21883554215188,228.2485335566228,230.19256591796875,98971700,SPY,equities,1day,data/1day/spy_daily.csv
2017-11-29 00:00:00+00:00,230.32390613990088,230.8580907785463,229.60586086220997,230.0524444580078,77512100,SPY,equities,1day,data/1day/spy_daily.csv
2017-11-30 00:00:00+00:00,230.97191623129387,232.97722633714784,230.8931073677559,232.0665283203125,127894400,SPY,equities,1day,data/1day/spy_daily.csv
2017-12-01 00:00:00+00:00,231.84763813337716,232.32925682992757,228.34487896157293,231.5849151611328,164390900,SPY,equities,1day,data/1day/spy_daily.csv
2017-12-04 00:00:00+00:00,233.2049806981147,233.6340602076984,231.25218255388123,231.30474853515625,94040600,SPY,equities,1day,data/1day/spy_daily.csv
2017-12-05 00:00:00+00:00,230.47280883789065,232.1891534245384,230.3414607079821,230.47280883789065,77994500,SPY,equities,1day,data/1day/spy_daily.csv
2017-12-06 00:00:00+00:00,230.56914081877625,230.945707787336,230.0524869827699,230.5166015625,75898600,SPY,equities,1day,data/1day/spy_daily.csv
2017-12-07 00:00:00+00:00,231.24339294433597,231.55862841900824,230.25385927562056,231.24339294433597,77218600,SPY,equities,1day,data/1day/spy_daily.csv
2017-12-08 00:00:00+00:00,232.19788253468707,232.513117997132,231.2083489043539,232.5043792724609,76563900,SPY,equities,1day,data/1day/spy_daily.csv
2017-12-11 00:00:00+00:00,233.2050018310547,233.26630654481795,232.47819088937248,233.2050018310547,83077500,SPY,equities,1day,data/1day/spy_daily.csv
2017-12-12 00:00:00+00:00,233.99304101780547,234.089380782798,233.23996069117888,233.6165008544922,85195800,SPY,equities,1day,data/1day/spy_daily.csv
2017-12-13 00:00:00+00:00,233.8616563331479,234.299501121718,233.5026203996494,233.59019470214844,102905400,SPY,equities,1day,data/1day/spy_daily.csv
2017-12-14 00:00:00+00:00,233.8879567753092,234.0018007111688,232.5831876850725,232.6357269287109,100666700,SPY,equities,1day,data/1day/spy_daily.csv
2017-12-15 00:00:00+00:00,233.64000924129087,235.03946956148343,233.58720144509692,234.57298278808597,144610300,SPY,equities,1day,data/1day/spy_daily.csv
2017-12-18 00:00:00+00:00,235.97249439112693,236.4125773620688,235.86687877578612,236.06051635742188,83653600,SPY,equities,1day,data/1day/spy_daily.csv
2017-12-19 00:00:00+00:00,236.3068844869568,236.35088202545296,235.0834413346834,235.15386962890625,82382900,SPY,equities,1day,data/1day/spy_daily.csv
2017-12-20 00:00:00+00:00,236.1220824814556,236.1748902835174,234.73143225961104,235.0306854248047,76751500,SPY,equities,1day,data/1day/spy_daily.csv
2017-12-21 00:00:00+00:00,235.6555850016644,236.22771426568343,235.268309897034,235.51475524902344,67032300,SPY,equities,1day,data/1day/spy_daily.csv
2017-12-22 00:00:00+00:00,235.5324130059842,235.56762716484587,234.9162860983042,235.4532012939453,78720900,SPY,equities,1day,data/1day/spy_daily.csv
2017-12-26 00:00:00+00:00,235.04827268058256,235.39155024518007,234.90746978593316,235.1715087890625,45244400,SPY,equities,1day,data/1day/spy_daily.csv
2017-12-27 00:00:00+00:00,235.33874224882416,235.6468056592384,235.01308519172568,235.2859344482422,57751000,SPY,equities,1day,data/1day/spy_daily.csv
2017-12-28 00:00:00+00:00,235.78770107852688,235.81410498617103,235.4004258593879,235.77008056640625,45116100,SPY,equities,1day,data/1day/spy_daily.csv
2017-12-29 00:00:00+00:00,236.35094660186965,236.36854024997027,234.68744702855656,234.8810577392578,96007400,SPY,equities,1day,data/1day/spy_daily.csv
2018-01-02 00:00:00+00:00,235.74366213592796,236.5974242445429,235.3563869406468,236.5622100830078,86655700,SPY,equities,1day,data/1day/spy_daily.csv
2018-01-03 00:00:00+00:00,236.7293822301692,238.20808116432923,236.7293822301692,238.05844116210935,90070400,SPY,equities,1day,data/1day/spy_daily.csv
2018-01-04 00:00:00+00:00,238.70101473112751,239.54596651632667,238.12010198488656,239.06185913085935,80636400,SPY,equities,1day,data/1day/spy_daily.csv
2018-01-05 00:00:00+00:00,239.8539988745469,240.77816225162653,239.3611081587005,240.6549530029297,83524000,SPY,equities,1day,data/1day/spy_daily.csv
2018-01-08 00:00:00+00:00,240.5581166239349,241.2534551383721,240.2676737237684,241.09503173828125,57319200,SPY,equities,1day,data/1day/spy_daily.csv
2018-01-09 00:00:00+00:00,241.5174957036349,242.26564202295052,241.2358361946289,241.64073181152344,57254000,SPY,equities,1day,data/1day/spy_daily.csv
2018-01-10 00:00:00+00:00,240.88376677397508,241.53510772322943,240.21485903925276,241.2710418701172,69574300,SPY,equities,1day,data/1day/spy_daily.csv
2018-01-11 00:00:00+00:00,241.82562515887665,243.0314483642578,241.6583914585135,243.0314483642578,62361500,SPY,equities,1day,data/1day/spy_daily.csv
2018-01-12 00:00:00+00:00,243.29548896158263,244.7829447374525,242.9962088948629,244.61573791503903,90816100,SPY,equities,1day,data/1day/spy_daily.csv
2018-01-16 00:00:00+00:00,245.8743400746922,246.52565422025643,243.08420246043607,243.779541015625,106555100,SPY,equities,1day,data/1day/spy_daily.csv
2018-01-17 00:00:00+00:00,244.71255994218367,246.49048565078004,243.77958610038664,246.10321044921875,113258800,SPY,equities,1day,data/1day/spy_daily.csv
2018-01-18 00:00:00+00:00,245.9887215009532,246.41118384964332,245.19655087610764,245.68946838378903,100728000,SPY,equities,1day,data/1day/spy_daily.csv
2018-01-19 00:00:00+00:00,246.2703511928904,246.8072662353516,245.6894654703297,246.8072662353516,140920100,SPY,equities,1day,data/1day/spy_daily.csv
2018-01-22 00:00:00+00:00,246.59609375901607,248.8141021728516,246.54325909295477,248.8141021728516,91322400,SPY,equities,1day,data/1day/spy_daily.csv
2018-01-23 00:00:00+00:00,248.85808626496785,249.63263651822,248.532429194971,249.3421936035156,97084700,SPY,equities,1day,data/1day/spy_daily.csv
2018-01-24 00:00:00+00:00,249.98465151374285,250.5831846015145,248.0658967414108,249.2453155517578,134816100,SPY,equities,1day,data/1day/spy_daily.csv
2018-01-25 00:00:00+00:00,250.10786276354497,250.2046680875177,248.55876269579983,249.3509063720703,84587300,SPY,equities,1day,data/1day/spy_daily.csv
2018-01-26 00:00:00+00:00,250.18718585118629,252.28198523181229,249.93193018987827,252.2379608154297,107743100,SPY,equities,1day,data/1day/spy_daily.csv
2018-01-29 00:00:00+00:00,251.66578947611563,252.10587235640563,250.4071588850128,250.56558227539065,90118300,SPY,equities,1day,data/1day/spy_daily.csv
2018-01-30 00:00:00+00:00,248.73481932492825,250.6183598580185,247.5201864240777,247.9954833984375,131796400,SPY,equities,1day,data/1day/spy_daily.csv
2018-01-31 00:00:00+00:00,248.84923536768983,249.35090935700217,247.04487973070007,248.11868286132807,108364800,SPY,equities,1day,data/1day/spy_daily.csv
2018-02-01 00:00:00+00:00,247.38823083343112,249.139752342768,247.04495324648897,247.83709716796875,90102500,SPY,equities,1day,data/1day/spy_daily.csv
2018-02-02 00:00:00+00:00,246.5168725544824,246.6489189381392,242.4065125248929,242.4417266845703,173174800,SPY,equities,1day,data/1day/spy_daily.csv
2018-02-05 00:00:00+00:00,240.6813501980193,242.7937427585855,231.75645603942664,232.3021545410156,294681800,SPY,equities,1day,data/1day/spy_daily.csv
2018-02-06 00:00:00+00:00,228.7903023920032,237.38072927764424,227.69890538491987,236.8790283203125,355026800,SPY,equities,1day,data/1day/spy_daily.csv
2018-02-07 00:00:00+00:00,236.3245046380628,239.7219315509797,235.5147403268163,235.59397888183597,167376100,SPY,equities,1day,data/1day/spy_daily.csv
2018-02-08 00:00:00+00:00,235.89326729174837,236.034097056527,226.7219269569538,226.75714111328125,246449500,SPY,equities,1day,data/1day/spy_daily.csv
2018-02-09 00:00:00+00:00,229.5472489990059,232.0205129539918,222.6115510503879,230.1633758544922,283565300,SPY,equities,1day,data/1day/spy_daily.csv
2018-02-12 00:00:00+00:00,232.2141082919744,235.01305567391452,230.3041637362492,233.5431671142578,143736000,SPY,equities,1day,data/1day/spy_daily.csv
2018-02-13 00:00:00+00:00,232.33736425528437,234.6697982226085,231.75645161163467,234.1240997314453,81223600,SPY,equities,1day,data/1day/spy_daily.csv
2018-02-14 00:00:00+00:00,232.63666039923197,237.64480681010988,232.62785014434985,237.283935546875,120735700,SPY,equities,1day,data/1day/spy_daily.csv
2018-02-15 00:00:00+00:00,239.02662625448377,240.3204710197312,236.5621459651646,240.3116607666016,111200300,SPY,equities,1day,data/1day/spy_daily.csv
2018-02-16 00:00:00+00:00,239.68675318827144,242.32725054515024,239.6427287826733,240.38206481933597,160420100,SPY,equities,1day,data/1day/spy_daily.csv
2018-02-20 00:00:00+00:00,239.4314923731264,240.87497712315852,238.0848398248781,238.87698364257807,86369700,SPY,equities,1day,data/1day/spy_daily.csv
2018-02-21 00:00:00+00:00,239.31714005497963,241.79921472550373,237.59202214364907,237.68882751464844,98883700,SPY,equities,1day,data/1day/spy_daily.csv
2018-02-22 00:00:00+00:00,238.6129376757864,240.3292447538347,237.3279032153124,237.99681091308597,110511300,SPY,equities,1day,data/1day/spy_daily.csv
2018-02-23 00:00:00+00:00,239.22021470632475,241.790283203125,238.74491776383945,241.790283203125,92766400,SPY,equities,1day,data/1day/spy_daily.csv
2018-02-26 00:00:00+00:00,242.86407995006917,244.69483938258537,242.2743840584429,244.59800720214844,86491400,SPY,equities,1day,data/1day/spy_daily.csv
2018-02-27 00:00:00+00:00,244.78294969741597,245.4959088584199,241.4823272468954,241.5439453125,99099200,SPY,equities,1day,data/1day/spy_daily.csv
2018-02-28 00:00:00+00:00,242.6440667161254,243.0929598055188,238.78015337228064,239.0970001220703,121907800,SPY,equities,1day,data/1day/spy_daily.csv
2018-03-01 00:00:00+00:00,238.88584580420968,240.43494648514263,234.124144749757,235.6204376220703,176855100,SPY,equities,1day,data/1day/spy_daily.csv
2018-03-02 00:00:00+00:00,233.9480940480836,237.39835632114156,233.0855486252185,236.8350372314453,139083200,SPY,equities,1day,data/1day/spy_daily.csv
2018-03-05 00:00:00+00:00,235.6468848409149,240.1885452407491,235.5412423437239,239.57241821289065,97307400,SPY,equities,1day,data/1day/spy_daily.csv
2018-03-06 00:00:00+00:00,240.54929630838225,240.6285348656421,238.68334915728695,240.1796417236328,79213200,SPY,equities,1day,data/1day/spy_daily.csv
2018-03-07 00:00:00+00:00,238.0143749719927,240.443613575056,237.8207374805401,240.091552734375,87063500,SPY,equities,1day,data/1day/spy_daily.csv
2018-03-08 00:00:00+00:00,240.76937164170076,241.37668826265545,239.774806735726,241.25347900390625,66901200,SPY,equities,1day,data/1day/spy_daily.csv
2018-03-09 00:00:00+00:00,242.66176276423687,245.45187377929688,242.3448890552754,245.45187377929688,113625300,SPY,equities,1day,data/1day/spy_daily.csv
2018-03-12 00:00:00+00:00,245.7423779472181,246.36728833713505,244.75656938412587,245.1438446044922,71924800,SPY,equities,1day,data/1day/spy_daily.csv
2018-03-13 00:00:00+00:00,246.30563802249105,246.8073390641809,242.95220787735744,243.5595245361328,91968900,SPY,equities,1day,data/1day/spy_daily.csv
2018-03-14 00:00:00+00:00,244.51890227060835,244.7037296005574,241.75519513417623,242.30967712402344,105895100,SPY,equities,1day,data/1day/spy_daily.csv
2018-03-15 00:00:00+00:00,242.82015876545825,243.4626626446098,241.54390753995625,242.0456085205078,83433000,SPY,equities,1day,data/1day/spy_daily.csv
2018-03-16 00:00:00+00:00,242.57321728158507,243.35971533877716,242.25510141672984,242.30812072753903,100343700,SPY,equities,1day,data/1day/spy_daily.csv
2018-03-19 00:00:00+00:00,241.5569418332519,242.4848066021143,237.3770736672259,239.02957153320312,109208400,SPY,equities,1day,data/1day/spy_daily.csv
2018-03-20 00:00:00+00:00,239.4272353930552,240.07233951458807,238.75562162094465,239.4360809326172,59757300,SPY,equities,1day,data/1day/spy_daily.csv
2018-03-21 00:00:00+00:00,239.3919136546146,241.4862572472261,238.76450052453336,238.97657775878903,78709600,SPY,equities,1day,data/1day/spy_daily.csv
2018-03-22 00:00:00+00:00,236.74967967138892,237.59801555422396,232.72886909023757,233.0028381347656,148785900,SPY,equities,1day,data/1day/spy_daily.csv
2018-03-23 00:00:00+00:00,233.44463361413835,233.77159492761265,227.8420096555202,228.0364227294922,183534800,SPY,equities,1day,data/1day/spy_daily.csv
2018-03-26 00:00:00+00:00,231.64187199112624,234.5580408221339,229.2382319543304,234.27525329589844,141956100,SPY,equities,1day,data/1day/spy_daily.csv
2018-03-27 00:00:00+00:00,235.21202078562465,235.74221375579825,228.7345513295718,230.28985595703125,129941400,SPY,equities,1day,data/1day/spy_daily.csv
2018-03-28 00:00:00+00:00,230.42241304991515,232.0926018744316,228.50479184044528,229.60940551757807,146452300,SPY,equities,1day,data/1day/spy_daily.csv
2018-03-29 00:00:00+00:00,230.7493671899762,234.40786051928043,229.61824389857856,232.5432586669922,111601600,SPY,equities,1day,data/1day/spy_daily.csv
2018-04-02 00:00:00+00:00,232.0130642531419,232.52562014188928,225.0495882525477,227.52392578125,186286300,SPY,equities,1day,data/1day/spy_daily.csv
2018-04-03 00:00:00+00:00,228.76107132825464,230.9172793982048,226.96717978305335,230.4400787353516,119956900,SPY,equities,1day,data/1day/spy_daily.csv
2018-04-04 00:00:00+00:00,226.8876306920274,233.6125052626878,226.75508245525387,232.9055633544922,123715300,SPY,equities,1day,data/1day/spy_daily.csv
2018-04-05 00:00:00+00:00,234.6641574491096,235.62740446622072,233.57723467130435,234.74371337890625,82652600,SPY,equities,1day,data/1day/spy_daily.csv
2018-04-06 00:00:00+00:00,232.781858749318,234.27527149553967,227.9922424109968,229.5121917724609,179521200,SPY,equities,1day,data/1day/spy_daily.csv
2018-04-09 00:00:00+00:00,230.970317685891,234.036726605388,229.70664599907167,230.6433563232422,105442900,SPY,equities,1day,data/1day/spy_daily.csv
2018-04-10 00:00:00+00:00,233.53295569894703,235.09710565907096,232.39301399524987,234.31060791015625,103529000,SPY,equities,1day,data/1day/spy_daily.csv
2018-04-11 00:00:00+00:00,232.82604325409437,234.74366437925772,232.7553598478326,233.0823211669922,91140200,SPY,equities,1day,data/1day/spy_daily.csv
2018-04-12 00:00:00+00:00,234.40792676354783,235.94554075892185,234.231177743524,234.9999847412109,68890500,SPY,equities,1day,data/1day/spy_daily.csv
2018-04-13 00:00:00+00:00,236.30775772820684,236.4226418459677,233.30321443152815,234.31060791015625,85079200,SPY,equities,1day,data/1day/spy_daily.csv
2018-04-16 00:00:00+00:00,235.9455306352184,237.00597077363312,235.12370436040916,236.2371368408203,63405300,SPY,equities,1day,data/1day/spy_daily.csv
2018-04-17 00:00:00+00:00,238.00447707444596,239.36536871926083,237.4919481778344,238.76446533203125,64682000,SPY,equities,1day,data/1day/spy_daily.csv
2018-04-18 00:00:00+00:00,239.20630438235705,239.74534291484295,238.4816713341332,238.9412078857422,57303900,SPY,equities,1day,data/1day/spy_daily.csv
2018-04-19 00:00:00+00:00,238.28724837406065,238.49050699178184,236.5817313909208,237.61566162109372,77655900,SPY,equities,1day,data/1day/spy_daily.csv
2018-04-20 00:00:00+00:00,237.54493017642025,237.76585288421933,234.7171087293506,235.60079956054688,99953100,SPY,equities,1day,data/1day/spy_daily.csv
2018-04-23 00:00:00+00:00,236.17522430550412,236.73195385379043,234.4873715522299,235.5654754638672,65558000,SPY,equities,1day,data/1day/spy_daily.csv
2018-04-24 00:00:00+00:00,236.5906141458113,236.8115369079572,230.8907960952027,232.39308166503903,112885500,SPY,equities,1day,data/1day/spy_daily.csv
2018-04-25 00:00:00+00:00,232.33116399630717,233.40926790918508,230.51076300756145,232.9674224853516,103840900,SPY,equities,1day,data/1day/spy_daily.csv
2018-04-26 00:00:00+00:00,233.99253857515495,236.16641080171695,233.5506930918964,235.3357391357422,67731900,SPY,equities,1day,data/1day/spy_daily.csv
2018-04-27 00:00:00+00:00,235.9454667726356,236.2459184379711,234.61993044245224,235.556640625,57053600,SPY,equities,1day,data/1day/spy_daily.csv
2018-04-30 00:00:00+00:00,236.1752674598288,236.7319971098416,233.6744068047092,233.7451171875,82182300,SPY,equities,1day,data/1day/spy_daily.csv
2018-05-01 00:00:00+00:00,233.17955034822333,234.26650003565555,231.6242454884394,234.16046142578125,74203400,SPY,equities,1day,data/1day/spy_daily.csv
2018-05-02 00:00:00+00:00,233.96608046807933,234.77906123423588,232.1986981456871,232.5875244140625,86368900,SPY,equities,1day,data/1day/spy_daily.csv
2018-05-03 00:00:00+00:00,231.75677437071465,232.72881274557488,228.92010728332005,232.07489013671875,136311500,SPY,equities,1day,data/1day/spy_daily.csv
2018-05-04 00:00:00+00:00,231.10288831433,235.75995770217372,230.7759269200338,235.0794982910156,91222100,SPY,equities,1day,data/1day/spy_daily.csv
2018-05-07 00:00:00+00:00,235.84833775703208,236.84688607701935,235.15903278879605,235.87484741210935,55304900,SPY,equities,1day,data/1day/spy_daily.csv
2018-05-08 00:00:00+00:00,235.50368527291403,236.23713704212827,234.3106968582092,235.87484741210935,67499200,SPY,equities,1day,data/1day/spy_daily.csv
2018-05-09 00:00:00+00:00,236.54638487556412,238.4816701959383,236.02501045597168,238.1547088623047,59666100,SPY,equities,1day,data/1day/spy_daily.csv
2018-05-10 00:00:00+00:00,238.89704303304077,240.708625925648,238.7910044184709,240.3816375732422,72063900,SPY,equities,1day,data/1day/spy_daily.csv
2018-05-11 00:00:00+00:00,240.505332872426,241.38017828562056,239.99277701782748,241.11508178710935,59871500,SPY,equities,1day,data/1day/spy_daily.csv
2018-05-14 00:00:00+00:00,241.54803517049672,242.20195771953223,240.6820084954234,241.22991943359372,54790600,SPY,equities,1day,data/1day/spy_daily.csv
2018-05-15 00:00:00+00:00,240.00161870440056,240.01928281464853,238.6230629980571,239.5686187744141,87036100,SPY,equities,1day,data/1day/spy_daily.csv
2018-05-16 00:00:00+00:00,239.60401119596355,241.0355864236159,239.57747457430716,240.5760498046875,53942600,SPY,equities,1day,data/1day/spy_daily.csv
2018-05-17 00:00:00+00:00,240.31089212610615,241.45086087471745,239.59510469440028,240.3727569580078,56536400,SPY,equities,1day,data/1day/spy_daily.csv
2018-05-18 00:00:00+00:00,240.0281590594853,240.39047562672212,239.4184100765879,239.7718811035156,64368000,SPY,equities,1day,data/1day/spy_daily.csv
2018-05-21 00:00:00+00:00,241.25653012595149,242.1137116224309,240.86770386147955,241.57464599609372,58025900,SPY,equities,1day,data/1day/spy_daily.csv
2018-05-22 00:00:00+00:00,242.09597283331613,242.35225076806103,240.5760232721084,240.90298461914065,52966400,SPY,equities,1day,data/1day/spy_daily.csv
2018-05-23 00:00:00+00:00,239.6305522585596,241.5923477823612,239.47146734832648,241.56581115722656,64694200,SPY,equities,1day,data/1day/spy_daily.csv
2018-05-24 00:00:00+00:00,241.16808183683872,241.44202385280352,239.2858159433283,241.07086181640625,76043800,SPY,equities,1day,data/1day/spy_daily.csv
2018-05-25 00:00:00+00:00,240.49647521972656,241.1238882133398,239.99276492981863,240.49647521972656,56374800,SPY,equities,1day,data/1day/spy_daily.csv
2018-05-29 00:00:00+00:00,238.87045266644952,239.630440760924,236.61705196391603,237.73048400878903,115908600,SPY,equities,1day,data/1day/spy_daily.csv
2018-05-30 00:00:00+00:00,239.038409599856,241.34483010823465,238.96772618756867,240.90298461914065,69678400,SPY,equities,1day,data/1day/spy_daily.csv
2018-05-31 00:00:00+00:00,240.4964893453796,240.7969410355754,238.8263274545693,239.4272308349609,93519900,SPY,equities,1day,data/1day/spy_daily.csv
2018-06-01 00:00:00+00:00,240.72625291089187,242.0782989743515,240.65554253334344,241.77784729003903,71258400,SPY,equities,1day,data/1day/spy_daily.csv
2018-06-04 00:00:00+00:00,242.59965916870465,243.18289839279595,242.3610723367105,242.92662048339844,45385200,SPY,equities,1day,data/1day/spy_daily.csv
2018-06-05 00:00:00+00:00,243.05920808091656,243.4833894856977,242.29040119634027,243.10340881347656,51135000,SPY,equities,1day,data/1day/spy_daily.csv
2018-06-06 00:00:00+00:00,243.7130892616109,245.24185706079916,243.09449492457705,245.1358184814453,62732200,SPY,equities,1day,data/1day/spy_daily.csv
2018-06-07 00:00:00+00:00,245.62191560533927,245.9135217591233,244.1991591219225,245.1093597412109,72969400,SPY,equities,1day,data/1day/spy_daily.csv
2018-06-08 00:00:00+00:00,244.6498721239882,245.8870341980291,244.4819686673565,245.83401489257807,72139700,SPY,equities,1day,data/1day/spy_daily.csv
2018-06-11 00:00:00+00:00,246.05491110756984,246.87673722150333,245.9400269687841,246.16094970703125,58892500,SPY,equities,1day,data/1day/spy_daily.csv
2018-06-12 00:00:00+00:00,246.57630378510464,246.8414003033804,245.8340065658228,246.47911071777344,72329000,SPY,equities,1day,data/1day/spy_daily.csv
2018-06-13 00:00:00+00:00,246.7176965073776,246.9739744526654,245.48935305247187,245.69261169433597,79070600,SPY,equities,1day,data/1day/spy_daily.csv
2018-06-14 00:00:00+00:00,246.5586201309564,246.84138073866893,245.71910294277396,246.31118774414065,77097600,SPY,equities,1day,data/1day/spy_daily.csv
2018-06-15 00:00:00+00:00,245.52649004573837,246.3342630036423,244.41691627211264,245.9969482421875,120041600,SPY,equities,1day,data/1day/spy_daily.csv
2018-06-18 00:00:00+00:00,244.54116518123627,245.6152520576288,244.06184883342064,245.490966796875,52917600,SPY,equities,1day,data/1day/spy_daily.csv
2018-06-19 00:00:00+00:00,243.218545183296,244.7719483003426,242.80134440543543,244.55003356933597,97531500,SPY,equities,1day,data/1day/spy_daily.csv
2018-06-20 00:00:00+00:00,245.2336026037604,245.6330600878684,244.63000083644087,244.96731567382807,53785500,SPY,equities,1day,data/1day/spy_daily.csv
2018-06-21 00:00:00+00:00,244.9582772812268,244.97604779158632,242.93441661129785,243.43150329589844,71061400,SPY,equities,1day,data/1day/spy_daily.csv
2018-06-22 00:00:00+00:00,244.69208545289305,244.8074854582324,243.65351249404213,243.87542724609372,54898500,SPY,equities,1day,data/1day/spy_daily.csv
2018-06-25 00:00:00+00:00,242.72150867695257,242.88128081499516,238.86907139864687,240.5556182861328,137854200,SPY,equities,1day,data/1day/spy_daily.csv
2018-06-26 00:00:00+00:00,241.12370974663935,241.9403408769516,240.36919416007444,241.08819580078125,68547400,SPY,equities,1day,data/1day/spy_daily.csv
2018-06-27 00:00:00+00:00,241.67409485943065,243.1032131236618,238.9400894394633,239.09100341796875,105110700,SPY,equities,1day,data/1day/spy_daily.csv
2018-06-28 00:00:00+00:00,239.03768703472497,241.2213204740955,238.32754361881487,240.45794677734372,76650500,SPY,equities,1day,data/1day/spy_daily.csv
2018-06-29 00:00:00+00:00,241.54982973483163,242.91683255891985,240.6887991824736,240.80419921875,97592500,SPY,equities,1day,data/1day/spy_daily.csv
2018-07-02 00:00:00+00:00,239.23302294129036,241.4787994767716,238.99333763694744,241.31900024414065,63554800,SPY,equities,1day,data/1day/spy_daily.csv
2018-07-03 00:00:00+00:00,242.2155321465129,242.31318873303871,240.0407836242166,240.4668426513672,42187100,SPY,equities,1day,data/1day/spy_daily.csv
2018-07-05 00:00:00+00:00,241.594168530159,242.49068572392176,240.5200816066753,242.4285430908203,56925900,SPY,equities,1day,data/1day/spy_daily.csv
2018-07-06 00:00:00+00:00,242.45518827943604,244.8518512865387,242.0734743279132,244.4790496826172,66493700,SPY,equities,1day,data/1day/spy_daily.csv
2018-07-09 00:00:00+00:00,245.48202935231575,246.73363150616552,245.43765724816657,246.6803741455078,50550400,SPY,equities,1day,data/1day/spy_daily.csv
2018-07-10 00:00:00+00:00,247.1331861800095,247.665787085648,246.84024349176497,247.5681304931641,51966800,SPY,equities,1day,data/1day/spy_daily.csv
2018-07-11 00:00:00+00:00,246.0146766095031,246.8047060907769,245.45544712755907,245.7572479248047,77054700,SPY,equities,1day,data/1day/spy_daily.csv
2018-07-12 00:00:00+00:00,247.0177910656898,248.03859368641244,246.41418933560087,247.9853363037109,60124700,SPY,equities,1day,data/1day/spy_daily.csv
2018-07-13 00:00:00+00:00,247.8078166134069,248.4824191461705,247.35510177874667,248.1806182861328,48216000,SPY,equities,1day,data/1day/spy_daily.csv
2018-07-16 00:00:00+00:00,248.2250084465951,248.3670100667939,247.5148648995688,247.9586944580078,48201000,SPY,equities,1day,data/1day/spy_daily.csv
2018-07-17 00:00:00+00:00,247.1864280346797,249.35231838280768,247.13317065638196,248.9617462158203,52315500,SPY,equities,1day,data/1day/spy_daily.csv
2018-07-18 00:00:00+00:00,249.04162883488385,249.5919731291441,248.59779929574424,249.48545837402344,44593500,SPY,equities,1day,data/1day/spy_daily.csv
2018-07-19 00:00:00+00:00,248.8197278264112,249.20141474977132,248.0652121503039,248.5445556640625,61412100,SPY,equities,1day,data/1day/spy_daily.csv
2018-07-20 00:00:00+00:00,248.3403535901727,248.9706109968656,248.1006954075452,248.26046752929688,82337700,SPY,equities,1day,data/1day/spy_daily.csv
2018-07-23 00:00:00+00:00,248.05631691118387,248.92620538892325,247.7101169004244,248.72206115722656,47047600,SPY,equities,1day,data/1day/spy_daily.csv
2018-07-24 00:00:00+00:00,250.1334625540731,250.8169503012536,249.1037747589767,249.97366333007807,68026900,SPY,equities,1day,data/1day/spy_daily.csv
2018-07-25 00:00:00+00:00,249.72508778052887,252.4235786523477,249.68071566741295,252.10403442382807,78882900,SPY,equities,1day,data/1day/spy_daily.csv
2018-07-26 00:00:00+00:00,251.38501918024653,252.19276496602092,251.28736261180745,251.50927734375,57919500,SPY,equities,1day,data/1day/spy_daily.csv
2018-07-27 00:00:00+00:00,251.8376352445395,251.93529178522616,248.8817437743294,249.80491638183597,76768700,SPY,equities,1day,data/1day/spy_daily.csv
2018-07-30 00:00:00+00:00,249.8848831431397,250.0446552549437,247.97639470285225,248.5001373291016,63742500,SPY,equities,1day,data/1day/spy_daily.csv
2018-07-31 00:00:00+00:00,249.2635551837948,250.3376151334298,248.88186826381303,249.72512817382807,68570500,SPY,equities,1day,data/1day/spy_daily.csv
2018-08-01 00:00:00+00:00,249.92927927348987,250.4352514320276,248.6599333368392,249.3079071044922,53853300,SPY,equities,1day,data/1day/spy_daily.csv
2018-08-02 00:00:00+00:00,248.0030690562108,250.8346764359806,247.79889772747592,250.66604614257807,63426400,SPY,equities,1day,data/1day/spy_daily.csv
2018-08-03 00:00:00+00:00,250.79026501496529,251.79332389456457,250.61272240135145,251.7400665283203,53935400,SPY,equities,1day,data/1day/spy_daily.csv
2018-08-06 00:00:00+00:00,251.77562525419268,252.97394329704213,251.38505310612769,252.6632843017578,39400900,SPY,equities,1day,data/1day/spy_daily.csv
2018-08-07 00:00:00+00:00,253.32906560124368,253.879409956872,253.19589505328796,253.4976959228516,43196600,SPY,equities,1day,data/1day/spy_daily.csv
2018-08-08 00:00:00+00:00,253.32902825337572,253.7906012053874,252.9295708468165,253.39114379882807,42114600,SPY,equities,1day,data/1day/spy_daily.csv
2018-08-09 00:00:00+00:00,253.453329072791,253.84390128604824,252.91186996621687,253.0450134277344,35717000,SPY,equities,1day,data/1day/spy_daily.csv
2018-08-10 00:00:00+00:00,251.6069617836006,252.14842078670355,250.63938960665288,251.3495330810547,77076000,SPY,equities,1day,data/1day/spy_daily.csv
2018-08-13 00:00:00+00:00,251.6246729703884,252.2371597870531,250.1156419836955,250.40858459472656,65732900,SPY,equities,1day,data/1day/spy_daily.csv
2018-08-14 00:00:00+00:00,251.13655053785573,252.2461245279351,250.74597832621112,252.0064392089844,43842000,SPY,equities,1day,data/1day/spy_daily.csv
2018-08-15 00:00:00+00:00,250.65714303351385,250.79917171871017,248.68653904636795,250.12454223632807,102925400,SPY,equities,1day,data/1day/spy_daily.csv
2018-08-16 00:00:00+00:00,251.5625792532371,253.018353155352,251.52706530486208,252.1484375,69967900,SPY,equities,1day,data/1day/spy_daily.csv
2018-08-17 00:00:00+00:00,251.94424145780036,253.4799012762992,251.5359259037381,253.03607177734372,65618500,SPY,equities,1day,data/1day/spy_daily.csv
2018-08-20 00:00:00+00:00,253.48885012006187,253.8439083904486,253.03613524902323,253.5776214599609,39807500,SPY,equities,1day,data/1day/spy_daily.csv
2018-08-21 00:00:00+00:00,254.09241617817477,255.0333326526064,253.6130726814549,254.17230224609372,67272000,SPY,equities,1day,data/1day/spy_daily.csv
2018-08-22 00:00:00+00:00,253.76399460900163,254.54513897210413,253.49768061837668,254.02142333984372,44993300,SPY,equities,1day,data/1day/spy_daily.csv
2018-08-23 00:00:00+00:00,253.84383888700728,254.7048691787767,253.364495454166,253.6840667724609,49204900,SPY,equities,1day,data/1day/spy_daily.csv
2018-08-24 00:00:00+00:00,254.2610899286021,255.3529204388044,254.2078325465637,255.2108917236328,57487400,SPY,equities,1day,data/1day/spy_daily.csv
2018-08-27 00:00:00+00:00,256.4092022800655,257.3323753566109,256.2494301387038,257.2258605957031,57072400,SPY,equities,1day,data/1day/spy_daily.csv
2018-08-28 00:00:00+00:00,257.6873853061911,257.7939271363428,256.8884976598644,257.35009765625,46943500,SPY,equities,1day,data/1day/spy_daily.csv
2018-08-29 00:00:00+00:00,257.5631772420402,258.9656667527116,257.32351902828185,258.7348937988281,61485500,SPY,equities,1day,data/1day/spy_daily.csv
2018-08-30 00:00:00+00:00,258.2555538204787,258.62835549143284,257.0927225076336,257.6874389648437,61229500,SPY,equities,1day,data/1day/spy_daily.csv
2018-08-31 00:00:00+00:00,257.27914917403945,258.140179714729,256.7909474309434,257.69635009765625,66140800,SPY,equities,1day,data/1day/spy_daily.csv
2018-09-04 00:00:00+00:00,257.2791006122579,257.6075301326266,256.24941284429883,257.2524719238281,57594400,SPY,equities,1day,data/1day/spy_daily.csv
2018-09-05 00:00:00+00:00,256.8973427625893,257.1015140436307,255.54811110611712,256.5600280761719,72452400,SPY,equities,1day,data/1day/spy_daily.csv
2018-09-06 00:00:00+00:00,256.6665543659955,256.96835512817944,254.7580932317507,255.78778076171875,65909900,SPY,equities,1day,data/1day/spy_daily.csv
2018-09-07 00:00:00+00:00,254.7404119315528,256.2671866291312,254.50072664342497,255.29075622558597,73524800,SPY,equities,1day,data/1day/spy_daily.csv
2018-09-10 00:00:00+00:00,256.3026610601894,256.56897502417314,255.539287293018,255.7345733642578,50210900,SPY,equities,1day,data/1day/spy_daily.csv
2018-09-11 00:00:00+00:00,255.08655922474992,257.0216493185275,254.7403863055744,256.57781982421875,50530500,SPY,equities,1day,data/1day/spy_daily.csv
2018-09-12 00:00:00+00:00,256.5866962429352,257.2435552033378,255.84995122701343,256.63995361328125,59810800,SPY,equities,1day,data/1day/spy_daily.csv
2018-09-13 00:00:00+00:00,257.7052406687176,258.34435641404013,257.4211832065274,258.1579284667969,51034200,SPY,equities,1day,data/1day/spy_daily.csv
2018-09-14 00:00:00+00:00,258.36207317292326,258.5484740117114,257.4211566296206,258.2023010253906,55079900,SPY,equities,1day,data/1day/spy_daily.csv
2018-09-17 00:00:00+00:00,258.1489192375227,258.1844060826232,256.56000252044703,256.8351745605469,68244000,SPY,equities,1day,data/1day/spy_daily.csv
2018-09-18 00:00:00+00:00,257.0482802010348,258.8235981934395,257.02165151471684,258.2288818359375,61930400,SPY,equities,1day,data/1day/spy_daily.csv
2018-09-19 00:00:00+00:00,258.2822050674107,258.9213207912113,258.1579197734338,258.5041198730469,49080600,SPY,equities,1day,data/1day/spy_daily.csv
2018-09-20 00:00:00+00:00,259.7645938039797,260.9185398950375,258.5218492884304,260.5989685058594,100360600,SPY,equities,1day,data/1day/spy_daily.csv
2018-09-21 00:00:00+00:00,261.34169029247494,261.45761269257395,260.200344464458,260.36083984375,105479700,SPY,equities,1day,data/1day/spy_daily.csv
2018-09-24 00:00:00+00:00,259.78125390322805,259.9239255325764,258.9163258584371,259.49591064453125,53409600,SPY,equities,1day,data/1day/spy_daily.csv
2018-09-25 00:00:00+00:00,259.9507258281669,260.05772276823944,259.01447539069625,259.2552185058594,44370000,SPY,equities,1day,data/1day/spy_daily.csv
2018-09-26 00:00:00+00:00,259.3977352181686,260.5836535447071,258.0602198425228,258.47930908203125,79739700,SPY,equities,1day,data/1day/spy_daily.csv
2018-09-27 00:00:00+00:00,258.9519611282964,260.2894768364136,258.67554339223165,259.2016296386719,59249500,SPY,equities,1day,data/1day/spy_daily.csv
2018-09-28 00:00:00+00:00,258.5774898512052,259.727761180098,258.541842351954,259.2284240722656,70091400,SPY,equities,1day,data/1day/spy_daily.csv
2018-10-01 00:00:00+00:00,260.46778172145326,261.1989634661565,259.4602094675966,260.12896728515625,62078900,SPY,equities,1day,data/1day/spy_daily.csv
2018-10-02 00:00:00+00:00,259.9774475097656,260.6907785092049,259.60295825920167,259.9774475097656,47258200,SPY,equities,1day,data/1day/spy_daily.csv
2018-10-03 00:00:00+00:00,261.0295876624094,261.448677055501,259.7634212147403,260.1200866699219,64694600,SPY,equities,1day,data/1day/spy_daily.csv
2018-10-04 00:00:00+00:00,259.63860706605675,259.69210553069195,256.4999125561794,258.08709716796875,111545900,SPY,equities,1day,data/1day/spy_daily.csv
2018-10-05 00:00:00+00:00,258.30994896257005,258.8271097227561,255.2158282450241,256.6425170898437,105951700,SPY,equities,1day,data/1day/spy_daily.csv
2018-10-08 00:00:00+00:00,255.9559082868437,256.99918249809207,254.57381962544665,256.6425170898437,87742200,SPY,equities,1day,data/1day/spy_daily.csv
2018-10-09 00:00:00+00:00,256.25919865326443,257.5699383979539,255.7063357693403,256.2680969238281,74339000,SPY,equities,1day,data/1day/spy_daily.csv
2018-10-10 00:00:00+00:00,255.75978424546548,255.83113366704777,247.77928885427428,248.15377807617188,214731000,SPY,equities,1day,data/1day/spy_daily.csv
2018-10-11 00:00:00+00:00,247.06597859221085,248.6888380999141,241.0739049737835,242.6878662109375,274840500,SPY,equities,1day,data/1day/spy_daily.csv
2018-10-12 00:00:00+00:00,246.78950427810025,247.07484753078003,242.86612979515945,246.058349609375,183186500,SPY,equities,1day,data/1day/spy_daily.csv
2018-10-15 00:00:00+00:00,245.7016471156396,247.03026467764224,244.58705059050632,244.6762237548828,102263700,SPY,equities,1day,data/1day/spy_daily.csv
2018-10-16 00:00:00+00:00,246.6379583941424,250.400837868214,246.16537049105952,250.0263214111328,118255800,SPY,equities,1day,data/1day/spy_daily.csv
2018-10-17 00:00:00+00:00,250.0620431450392,250.69512655798584,247.49400756169103,250.0709686279297,110626000,SPY,equities,1day,data/1day/spy_daily.csv
2018-10-18 00:00:00+00:00,249.13461114190665,249.732046855668,245.18448756727568,246.45957946777344,134557500,SPY,equities,1day,data/1day/spy_daily.csv
2018-10-19 00:00:00+00:00,247.11047058018488,249.0453945820317,245.6302833796609,246.32579040527344,139901600,SPY,equities,1day,data/1day/spy_daily.csv
2018-10-22 00:00:00+00:00,246.994659562729,247.3156503907317,244.68521817736436,245.22023010253903,82415800,SPY,equities,1day,data/1day/spy_daily.csv
2018-10-23 00:00:00+00:00,241.59996419543396,245.09532381186685,239.51341546309573,243.9718017578125,146352700,SPY,equities,1day,data/1day/spy_daily.csv
2018-10-24 00:00:00+00:00,243.72213512158604,244.1055770269243,236.02698317460644,236.57981872558597,177806700,SPY,equities,1day,data/1day/spy_daily.csv
2018-10-25 00:00:00+00:00,238.4167212180317,242.3668457953821,237.3912975916812,240.82423400878903,138061500,SPY,equities,1day,data/1day/spy_daily.csv
2018-10-26 00:00:00+00:00,237.1148740057523,241.64458337402075,233.87808058304796,236.58876037597656,201574600,SPY,equities,1day,data/1day/spy_daily.csv
2018-10-29 00:00:00+00:00,239.682826498413,240.97576935563563,231.7023316849632,235.27793884277344,160749100,SPY,equities,1day,data/1day/spy_daily.csv
2018-10-30 00:00:00+00:00,235.10857943971416,239.0765273301056,234.6181405688793,238.76443481445312,157116000,SPY,equities,1day,data/1day/spy_daily.csv
2018-10-31 00:00:00+00:00,241.33250576026617,243.63304890912156,240.85991778191016,241.31468200683597,128296300,SPY,equities,1day,data/1day/spy_daily.csv
2018-11-01 00:00:00+00:00,242.17952274893688,244.0787994587313,241.0916755223415,243.88262939453125,99495000,SPY,equities,1day,data/1day/spy_daily.csv
2018-11-02 00:00:00+00:00,244.9883864228493,245.41640140740168,240.3873273833,242.43820190429688,122634100,SPY,equities,1day,data/1day/spy_daily.csv
2018-11-05 00:00:00+00:00,242.92859139177023,244.32853143115284,241.95666629775653,243.77569580078125,65622500,SPY,equities,1day,data/1day/spy_daily.csv
2018-11-06 00:00:00+00:00,243.71322916141185,245.47873267664912,243.650805223928,245.3182373046875,60085900,SPY,equities,1day,data/1day/spy_daily.csv
2018-11-07 00:00:00+00:00,247.4939236946959,250.6504686305724,247.06590883856435,250.5702209472656,102752100,SPY,equities,1day,data/1day/spy_daily.csv
2018-11-08 00:00:00+00:00,249.7677113126944,250.757487249486,248.97413267896457,250.115478515625,65584900,SPY,equities,1day,data/1day/spy_daily.csv
2018-11-09 00:00:00+00:00,248.80469199431192,248.9919365899852,246.26340649142955,247.6722717285156,98812600,SPY,equities,1day,data/1day/spy_daily.csv
2018-11-12 00:00:00+00:00,247.1640860623853,247.40482918884493,242.5273522215398,243.04454040527344,99673600,SPY,equities,1day,data/1day/spy_daily.csv
2018-11-13 00:00:00+00:00,243.50813288464084,245.50548118361556,241.86745003736456,242.58970642089844,98176600,SPY,equities,1day,data/1day/spy_daily.csv
2018-11-14 00:00:00+00:00,244.4622478094711,244.8634862607676,239.37077812959168,240.93121337890625,125335900,SPY,equities,1day,data/1day/spy_daily.csv
2018-11-15 00:00:00+00:00,239.66502147667336,243.90941409475815,238.08676246595184,243.4457244873047,135101400,SPY,equities,1day,data/1day/spy_daily.csv
2018-11-16 00:00:00+00:00,242.34895568714356,244.98831260030423,241.83176766850784,244.0788116455078,126668000,SPY,equities,1day,data/1day/spy_daily.csv
2018-11-19 00:00:00+00:00,243.47248759534176,243.76675635712672,239.03195184325045,239.95037841796875,103061700,SPY,equities,1day,data/1day/spy_daily.csv
2018-11-20 00:00:00+00:00,236.6154519189037,238.07781560828795,234.64485289966032,235.50978088378903,136021300,SPY,equities,1day,data/1day/spy_daily.csv
2018-11-21 00:00:00+00:00,237.0613225885116,238.21159396690376,236.30341862525125,236.31231689453125,75563700,SPY,equities,1day,data/1day/spy_daily.csv
2018-11-23 00:00:00+00:00,234.67167638636357,236.134040538494,234.57360492368625,234.73410034179688,42807900,SPY,equities,1day,data/1day/spy_daily.csv
2018-11-26 00:00:00+00:00,236.99002589248815,238.74663151536032,236.59768564694463,238.52371215820312,79981400,SPY,equities,1day,data/1day/spy_daily.csv
2018-11-27 00:00:00+00:00,237.48930374904148,239.3261566162109,236.88296977988105,239.3261566162109,75502400,SPY,equities,1day,data/1day/spy_daily.csv
2018-11-28 00:00:00+00:00,240.396270512076,244.83680725097656,239.26382261935316,244.83680725097656,127629600,SPY,equities,1day,data/1day/spy_daily.csv
2018-11-29 00:00:00+00:00,244.06097228083436,245.70165515408803,242.91962649023048,244.3017425537109,82346400,SPY,equities,1day,data/1day/spy_daily.csv
2018-11-30 00:00:00+00:00,244.15016477518927,246.3526088437282,243.8291740017175,245.7908477783203,98204200,SPY,equities,1day,data/1day/spy_daily.csv
2018-12-03 00:00:00+00:00,249.91930947209525,250.02630639288208,247.449373177828,249.0454559326172,103176300,SPY,equities,1day,data/1day/spy_daily.csv
2018-12-04 00:00:00+00:00,248.21618372563077,248.64419858808955,240.6636765731652,240.97576904296875,177986000,SPY,equities,1day,data/1day/spy_daily.csv
2018-12-06 00:00:00+00:00,237.1148692771766,240.72615190959465,234.01182208840012,240.6102294921875,204185400,SPY,equities,1day,data/1day/spy_daily.csv
2018-12-07 00:00:00+00:00,240.27140589901012,241.84076697001427,234.1812606899645,235.0194396972656,161018900,SPY,equities,1day,data/1day/spy_daily.csv
2018-12-10 00:00:00+00:00,234.8410402406926,236.43715018686217,230.6055731722175,235.46522521972656,151445900,SPY,equities,1day,data/1day/spy_daily.csv
2018-12-11 00:00:00+00:00,238.6663576829528,238.8536023031513,234.0474756391725,235.51873779296875,121504400,SPY,equities,1day,data/1day/spy_daily.csv
2018-12-12 00:00:00+00:00,238.49696172682036,239.86122709730185,236.6244336937308,236.7046813964844,97976700,SPY,equities,1day,data/1day/spy_daily.csv
2018-12-13 00:00:00+00:00,237.64985902771585,238.51478722394577,235.5098386364587,236.6244354248047,96662700,SPY,equities,1day,data/1day/spy_daily.csv
2018-12-14 00:00:00+00:00,234.47545576293268,235.4295570071089,231.7023524148204,232.25518798828125,116961100,SPY,equities,1day,data/1day/spy_daily.csv
2018-12-17 00:00:00+00:00,231.3010545044904,232.41565097686345,226.06691382411896,227.6986846923828,165492300,SPY,equities,1day,data/1day/spy_daily.csv
2018-12-18 00:00:00+00:00,229.33938528993735,230.0081431857535,225.84399871460064,227.4490203857422,134515100,SPY,equities,1day,data/1day/spy_daily.csv
2018-12-19 00:00:00+00:00,227.52927740072613,231.30106827818616,222.33972299140083,224.04281616210935,214992800,SPY,equities,1day,data/1day/spy_daily.csv
2018-12-20 00:00:00+00:00,222.7945189589598,224.3638663077274,218.14887365057305,220.3959045410156,252053400,SPY,equities,1day,data/1day/spy_daily.csv
2018-12-21 00:00:00+00:00,221.29725519655116,223.96100288010308,215.234308074358,215.88006591796875,255345600,SPY,equities,1day,data/1day/spy_daily.csv
2018-12-24 00:00:00+00:00,214.39121089586052,216.00560532658943,210.1130827611389,210.1758575439453,147311600,SPY,equities,1day,data/1day/spy_daily.csv
2018-12-26 00:00:00+00:00,211.63780135232855,220.79498291015625,209.65568091550543,220.79498291015625,218485400,SPY,equities,1day,data/1day/spy_daily.csv
2018-12-27 00:00:00+00:00,217.5572631886237,222.68742954792995,214.31950984244187,222.49012756347656,186267300,SPY,equities,1day,data/1day/spy_daily.csv
2018-12-28 00:00:00+00:00,223.8444405758009,225.4767632889576,221.0371876434648,222.20314025878903,153100200,SPY,equities,1day,data/1day/spy_daily.csv
2018-12-31 00:00:00+00:00,223.8264740881193,224.3915156531046,221.9519889312692,224.14935302734372,144299400,SPY,equities,1day,data/1day/spy_daily.csv
2019-01-02 00:00:00+00:00,220.61561100863256,225.3063260642124,220.588705572666,224.3825225830078,126925200,SPY,equities,1day,data/1day/spy_daily.csv
2019-01-03 00:00:00+00:00,222.63360250759496,222.9385535931449,218.54381198522043,219.02813720703125,144140700,SPY,equities,1day,data/1day/spy_daily.csv
2019-01-04 00:00:00+00:00,222.0596066578405,227.0104124077604,221.68291684980105,226.3646545410156,142628800,SPY,equities,1day,data/1day/spy_daily.csv
2019-01-07 00:00:00+00:00,226.6337381587478,229.5575765944712,225.73685369173648,228.14947509765625,103139100,SPY,equities,1day,data/1day/spy_daily.csv
2019-01-08 00:00:00+00:00,230.3378446485981,230.77730922015044,227.80862422016872,230.29298400878903,102512600,SPY,equities,1day,data/1day/spy_daily.csv
2019-01-09 00:00:00+00:00,231.00153681805648,232.2123361952188,229.7728096069081,231.3692626953125,95006600,SPY,equities,1day,data/1day/spy_daily.csv
2019-01-10 00:00:00+00:00,229.83559218804427,232.43655132774697,229.15395132370932,232.1854248046875,96823900,SPY,equities,1day,data/1day/spy_daily.csv
2019-01-11 00:00:00+00:00,231.10913472146507,232.3020061415807,230.52616541356173,232.2751007080078,73858100,SPY,equities,1day,data/1day/spy_daily.csv
2019-01-14 00:00:00+00:00,230.3736765475915,231.66519206414893,229.97009505537687,230.8580017089844,70908200,SPY,equities,1day,data/1day/spy_daily.csv
2019-01-15 00:00:00+00:00,231.2347138012616,233.81774493113787,231.2257361997421,233.5038299560547,85208300,SPY,equities,1day,data/1day/spy_daily.csv
2019-01-16 00:00:00+00:00,233.9342931300731,234.95675425290975,233.72802728197112,234.06884765625,77636700,SPY,equities,1day,data/1day/spy_daily.csv
2019-01-17 00:00:00+00:00,233.1989489534206,236.7057706532076,233.15408830571525,235.84474182128903,96118400,SPY,equities,1day,data/1day/spy_daily.csv
2019-01-18 00:00:00+00:00,237.65645419931408,239.4502231203334,235.880613114038,238.98382568359372,127900300,SPY,equities,1day,data/1day/spy_daily.csv
2019-01-22 00:00:00+00:00,237.512948644322,237.7281921555212,234.14065432491404,235.75503540039065,115531200,SPY,equities,1day,data/1day/spy_daily.csv
2019-01-23 00:00:00+00:00,236.7864270567161,237.48599569891363,233.7818592504657,236.248291015625,86030300,SPY,equities,1day,data/1day/spy_daily.csv
2019-01-24 00:00:00+00:00,236.068887723136,236.9568217124363,235.05540417590225,236.3738250732422,59204100,SPY,equities,1day,data/1day/spy_daily.csv
2019-01-25 00:00:00+00:00,238.22147999352148,239.1991081892339,236.4725716329908,238.37396240234372,96883400,SPY,equities,1day,data/1day/spy_daily.csv
2019-01-28 00:00:00+00:00,236.2304129857847,236.6250169703237,234.79539236392185,236.562255859375,85613700,SPY,equities,1day,data/1day/spy_daily.csv
2019-01-29 00:00:00+00:00,236.7057107561628,237.2707248600356,235.41419520583867,236.248291015625,66136300,SPY,equities,1day,data/1day/spy_daily.csv
2019-01-30 00:00:00+00:00,237.76408624411584,240.8314159041773,237.0017289455445,239.98834228515625,92473700,SPY,equities,1day,data/1day/spy_daily.csv
2019-01-31 00:00:00+00:00,239.9255633017009,242.5803335581487,239.71029242579277,242.09600830078125,104012100,SPY,equities,1day,data/1day/spy_daily.csv
2019-02-01 00:00:00+00:00,242.2933170201301,243.23506206970345,241.4233380507144,242.2126007080078,85782500,SPY,equities,1day,data/1day/spy_daily.csv
2019-02-04 00:00:00+00:00,242.25749077240116,243.9795212802583,241.58482730961643,243.91673278808597,60744800,SPY,equities,1day,data/1day/spy_daily.csv
2019-02-05 00:00:00+00:00,244.3471552639724,245.24403954335247,243.8449022571784,244.9391021728516,79552800,SPY,equities,1day,data/1day/spy_daily.csv
2019-02-06 00:00:00+00:00,244.66113262050564,245.1544081516475,243.88084747780272,244.61627197265625,58347800,SPY,equities,1day,data/1day/spy_daily.csv
2019-02-07 00:00:00+00:00,243.0018440542972,243.54893036100768,240.625106039328,242.2843475341797,95482000,SPY,equities,1day,data/1day/spy_daily.csv
2019-02-08 00:00:00+00:00,241.03763453341455,242.6789206156725,240.21248900649337,242.5802764892578,75788900,SPY,equities,1day,data/1day/spy_daily.csv
2019-02-11 00:00:00+00:00,243.2350520120421,243.49512877232436,242.18568525636323,242.71484375,68021400,SPY,equities,1day,data/1day/spy_daily.csv
2019-02-12 00:00:00+00:00,244.3293001017809,246.21273575207329,244.25753401047317,245.8360595703125,72270200,SPY,equities,1day,data/1day/spy_daily.csv
2019-02-13 00:00:00+00:00,246.6700993460601,247.47728977925644,246.24856261072875,246.63421630859372,65277200,SPY,equities,1day,data/1day/spy_daily.csv
2019-02-14 00:00:00+00:00,245.54896116071745,247.217180046123,244.7327932343543,246.08709716796875,83234400,SPY,equities,1day,data/1day/spy_daily.csv
2019-02-15 00:00:00+00:00,247.86292170536063,248.8046666036504,247.65665584220744,248.76878356933597,97088700,SPY,equities,1day,data/1day/spy_daily.csv
2019-02-19 00:00:00+00:00,247.97052244661785,249.85395713440005,247.9615448471062,249.19924926757807,59120800,SPY,equities,1day,data/1day/spy_daily.csv
2019-02-20 00:00:00+00:00,249.16344775941977,250.1590036553677,248.66119469559095,249.7015838623047,76610800,SPY,equities,1day,data/1day/spy_daily.csv
2019-02-21 00:00:00+00:00,249.0648167306851,249.4235650279196,247.8540172781206,248.81369018554688,64214700,SPY,equities,1day,data/1day/spy_daily.csv
2019-02-22 00:00:00+00:00,249.4324756341498,250.55358099161677,248.79569545491475,250.35629272460935,78114600,SPY,equities,1day,data/1day/spy_daily.csv
2019-02-25 00:00:00+00:00,251.78236284814005,252.3025437474752,250.61639672707835,250.69711303710935,69030700,SPY,equities,1day,data/1day/spy_daily.csv
2019-02-26 00:00:00+00:00,250.3473357536427,251.39667512709303,250.1410424974036,250.5177459716797,56844100,SPY,equities,1day,data/1day/spy_daily.csv
2019-02-27 00:00:00+00:00,249.8001474541523,250.75982000158209,248.86740770538404,250.41004943847656,56921600,SPY,equities,1day,data/1day/spy_daily.csv
2019-02-28 00:00:00+00:00,250.19492848121223,250.6344205615989,249.62093655135067,249.9438018798828,69268300,SPY,equities,1day,data/1day/spy_daily.csv
2019-03-01 00:00:00+00:00,251.522276590362,251.9169079368331,250.0693281650552,251.5043487548828,78880500,SPY,equities,1day,data/1day/spy_daily.csv
2019-03-04 00:00:00+00:00,252.56263402289468,252.80478293969955,248.2934558328238,250.5894775390625,106494600,SPY,equities,1day,data/1day/spy_daily.csv
2019-03-05 00:00:00+00:00,250.71505459790112,250.9123702463741,249.7015709203233,250.2486572265625,59114600,SPY,equities,1day,data/1day/spy_daily.csv
2019-03-06 00:00:00+00:00,250.3652768643572,250.3742544670684,248.41007542510283,248.73294067382807,75039800,SPY,equities,1day,data/1day/spy_daily.csv
2019-03-07 00:00:00+00:00,248.28453071144236,248.4280355197575,245.8091480375507,246.6522216796875,94885100,SPY,equities,1day,data/1day/spy_daily.csv
2019-03-08 00:00:00+00:00,244.79563530822645,246.32929999963557,244.32926526420027,246.1588897705078,85795800,SPY,equities,1day,data/1day/spy_daily.csv
2019-03-11 00:00:00+00:00,246.8763843074404,249.88990245570324,246.84947887292867,249.7284698486328,65098900,SPY,equities,1day,data/1day/spy_daily.csv
2019-03-12 00:00:00+00:00,250.2846190108476,251.19048123258585,250.09628090510128,250.67027282714844,79667500,SPY,equities,1day,data/1day/spy_daily.csv
2019-03-13 00:00:00+00:00,251.5581754968613,253.26225058005173,251.3967154844014,252.32948303222656,80639200,SPY,equities,1day,data/1day/spy_daily.csv
2019-03-14 00:00:00+00:00,252.35636785176976,252.77790462897,251.7285651728112,252.16802978515625,67518400,SPY,equities,1day,data/1day/spy_daily.csv
2019-03-15 00:00:00+00:00,252.72023115792376,254.2246100494532,252.53103603472823,253.4138641357422,81309000,SPY,equities,1day,data/1day/spy_daily.csv
2019-03-18 00:00:00+00:00,253.63003730487665,254.62997826920076,253.4048285956763,254.3326873779297,62199800,SPY,equities,1day,data/1day/spy_daily.csv
2019-03-19 00:00:00+00:00,255.3957541907001,256.1614419912601,253.5039950847136,254.39581298828125,90268100,SPY,equities,1day,data/1day/spy_daily.csv
2019-03-20 00:00:00+00:00,254.1796048177356,255.38672040889543,252.52207173026375,253.6300811767578,84609200,SPY,equities,1day,data/1day/spy_daily.csv
2019-03-21 00:00:00+00:00,252.81033924719029,256.9001102183948,252.76528100389675,256.4947509765625,79550400,SPY,equities,1day,data/1day/spy_daily.csv
2019-03-22 00:00:00+00:00,255.13437412051695,255.6568460874526,251.49499467306416,251.5580596923828,122659300,SPY,equities,1day,data/1day/spy_daily.csv
2019-03-25 00:00:00+00:00,251.21581875244797,252.40492739274285,250.10780944374943,251.3689727783203,85575200,SPY,equities,1day,data/1day/spy_daily.csv
2019-03-26 00:00:00+00:00,253.125593361551,254.197589107134,251.8374060341025,253.24270629882807,68125900,SPY,equities,1day,data/1day/spy_daily.csv
2019-03-27 00:00:00+00:00,253.23363752069528,253.8192020876901,250.36898967985053,251.91842651367188,72224700,SPY,equities,1day,data/1day/spy_daily.csv
2019-03-28 00:00:00+00:00,252.54911040671945,253.3238153497246,251.3960426485766,252.87339782714844,56238500,SPY,equities,1day,data/1day/spy_daily.csv
2019-03-29 00:00:00+00:00,254.3868236520501,254.792182930862,253.26077983651035,254.4678955078125,82186800,SPY,equities,1day,data/1day/spy_daily.csv
2019-04-01 00:00:00+00:00,256.46773627787417,257.78294768431635,256.19746928226925,257.48565673828125,77617900,SPY,equities,1day,data/1day/spy_daily.csv
2019-04-02 00:00:00+00:00,257.67482041149606,257.84598124041696,256.81901626689137,257.6117553710937,40070400,SPY,equities,1day,data/1day/spy_daily.csv
2019-04-03 00:00:00+00:00,258.8278968117769,259.22426637741154,257.4135793840035,258.01715087890625,68243200,SPY,equities,1day,data/1day/spy_daily.csv
2019-04-04 00:00:00+00:00,258.34145373384234,258.9540149205968,257.6478206980734,258.7017822265625,48997500,SPY,equities,1day,data/1day/spy_daily.csv
2019-04-05 00:00:00+00:00,259.3684117534433,260.0079968724831,259.08013797058265,259.9539489746094,58621700,SPY,equities,1day,data/1day/spy_daily.csv
2019-04-08 00:00:00+00:00,259.5304909294682,260.26016486067243,258.8728716804163,260.1520690917969,53566300,SPY,equities,1day,data/1day/spy_daily.csv
2019-04-09 00:00:00+00:00,259.1881932281539,259.5124805646764,258.2693516167104,258.81884765625,66142300,SPY,equities,1day,data/1day/spy_daily.csv
2019-04-10 00:00:00+00:00,259.2332389500564,259.7917796584995,258.81886261012613,259.7016906738281,52601500,SPY,equities,1day,data/1day/spy_daily.csv
2019-04-11 00:00:00+00:00,260.1881519539477,260.1971691008526,259.0621082428974,259.629638671875,55093100,SPY,equities,1day,data/1day/spy_daily.csv
2019-04-12 00:00:00+00:00,261.24218510316035,261.66557870970394,259.67474078975937,261.3863220214844,69727800,SPY,equities,1day,data/1day/spy_daily.csv
2019-04-15 00:00:00+00:00,261.45821177024806,261.5573178665121,260.4132403901941,261.2149963378906,49596700,SPY,equities,1day,data/1day/spy_daily.csv
2019-04-16 00:00:00+00:00,262.09798946467595,262.1520373726342,260.7917675426377,261.3863220214844,52153200,SPY,equities,1day,data/1day/spy_daily.csv
2019-04-17 00:00:00+00:00,262.5033773189876,262.53040127590526,260.3323611422352,260.74676513671875,58268300,SPY,equities,1day,data/1day/spy_daily.csv
2019-04-18 00:00:00+00:00,261.3321834981804,261.53036825574327,260.0349791743683,261.2601013183594,68708500,SPY,equities,1day,data/1day/spy_daily.csv
2019-04-22 00:00:00+00:00,260.4944551085593,261.63850560047865,260.404366115119,261.4853515625,40160100,SPY,equities,1day,data/1day/spy_daily.csv
2019-04-23 00:00:00+00:00,261.8546696519358,264.07074319403506,261.62047128318324,263.8365173339844,52246600,SPY,equities,1day,data/1day/spy_daily.csv
2019-04-24 00:00:00+00:00,263.75550302834347,264.0888075995507,263.1069006901307,263.25103759765625,50392900,SPY,equities,1day,data/1day/spy_daily.csv
2019-04-25 00:00:00+00:00,263.1518406646715,263.7463948938671,261.8996946676692,263.0887756347656,57770900,SPY,equities,1day,data/1day/spy_daily.csv
2019-04-26 00:00:00+00:00,263.13393411556547,264.3860805896111,262.3592016461365,264.31402587890625,50916400,SPY,equities,1day,data/1day/spy_daily.csv
2019-04-29 00:00:00+00:00,264.40413661049115,265.25092386020106,264.3140475962291,264.7284240722656,57197700,SPY,equities,1day,data/1day/spy_daily.csv
2019-04-30 00:00:00+00:00,264.3860229636108,265.15173811806574,262.9717330802613,264.86346435546875,81111700,SPY,equities,1day,data/1day/spy_daily.csv
2019-05-01 00:00:00+00:00,265.494021561834,265.7012234534964,262.86357196651386,262.8725891113281,71671900,SPY,equities,1day,data/1day/spy_daily.csv
2019-05-02 00:00:00+00:00,262.7554710821664,263.67434011390185,260.8096647395023,262.3050537109375,65030200,SPY,equities,1day,data/1day/spy_daily.csv
2019-05-03 00:00:00+00:00,263.78246458162147,265.15172364225464,262.4131780296907,264.8724670410156,56543700,SPY,equities,1day,data/1day/spy_daily.csv
2019-05-06 00:00:00+00:00,260.56648365013655,264.22387098797896,260.25118595039874,263.782470703125,107198100,SPY,equities,1day,data/1day/spy_daily.csv
2019-05-07 00:00:00+00:00,261.3772656569941,261.97182004663614,257.46764511719874,259.3774108886719,144729900,SPY,equities,1day,data/1day/spy_daily.csv
2019-05-08 00:00:00+00:00,259.0171203613281,260.72870158715085,258.4225658845317,259.0171203613281,91568300,SPY,equities,1day,data/1day/spy_daily.csv
2019-05-09 00:00:00+00:00,256.9452108156126,258.83694257192565,255.20657814304812,258.2333984375,103471100,SPY,equities,1day,data/1day/spy_daily.csv
2019-05-10 00:00:00+00:00,257.2964978336447,260.28727674235887,254.3057189249305,259.53057861328125,112429300,SPY,equities,1day,data/1day/spy_daily.csv
2019-05-13 00:00:00+00:00,254.41381166197624,255.3776841385173,252.17071400422503,253.00848388671875,127290500,SPY,equities,1day,data/1day/spy_daily.csv
2019-05-14 00:00:00+00:00,254.02638949207804,256.82799993876176,253.90028691900855,255.29656982421875,77003200,SPY,equities,1day,data/1day/spy_daily.csv
2019-05-15 00:00:00+00:00,253.66606386562464,257.4315466698513,253.45886196816204,256.7919616699219,73956400,SPY,equities,1day,data/1day/spy_daily.csv
2019-05-16 00:00:00+00:00,257.4947203827888,260.5305304916225,257.4226656657311,259.1702880859375,76749600,SPY,equities,1day,data/1day/spy_daily.csv
2019-05-17 00:00:00+00:00,256.8640305664134,259.98091106448203,256.84599627721246,257.4945983886719,100353000,SPY,equities,1day,data/1day/spy_daily.csv
2019-05-20 00:00:00+00:00,255.89117764922895,257.6027585823994,255.0443905838486,255.79209899902344,62877600,SPY,equities,1day,data/1day/spy_daily.csv
2019-05-21 00:00:00+00:00,257.48564741091906,258.4765713763025,257.2334147189398,258.0982360839844,46847100,SPY,equities,1day,data/1day/spy_daily.csv
2019-05-22 00:00:00+00:00,257.1433982670718,258.2604250284997,256.82810047403143,257.3055419921875,49482500,SPY,equities,1day,data/1day/spy_daily.csv
2019-05-23 00:00:00+00:00,255.0803557751254,255.1253865134005,252.74719721183564,254.16151428222656,98733800,SPY,equities,1day,data/1day/spy_daily.csv
2019-05-24 00:00:00+00:00,255.6028919720907,256.01729582994847,254.11651984904475,254.73809814453125,55268100,SPY,equities,1day,data/1day/spy_daily.csv
2019-05-28 00:00:00+00:00,255.01735333950248,255.97223615216205,252.35088968290407,252.368896484375,70029400,SPY,equities,1day,data/1day/spy_daily.csv
2019-05-29 00:00:00+00:00,251.25185573751625,251.65721493237672,249.2700080360927,250.67530822753903,104972900,SPY,equities,1day,data/1day/spy_daily.csv
2019-05-30 00:00:00+00:00,251.43202479119464,252.26982217173116,250.26095037557215,251.35997009277344,62523800,SPY,equities,1day,data/1day/spy_daily.csv
2019-05-31 00:00:00+00:00,248.81060617412783,249.6393588730026,247.94578489099905,247.97280883789065,86862800,SPY,equities,1day,data/1day/spy_daily.csv
2019-06-03 00:00:00+00:00,248.0088636931881,249.1258902150911,246.0090090383389,247.34225463867188,96428000,SPY,equities,1day,data/1day/spy_daily.csv
2019-06-04 00:00:00+00:00,249.639346792,252.84631662733304,249.18892937140492,252.7111968994141,77231900,SPY,equities,1day,data/1day/spy_daily.csv
2019-06-05 00:00:00+00:00,254.3327076460896,254.92726198471507,252.5220481739072,254.90023803710935,71169700,SPY,equities,1day,data/1day/spy_daily.csv
2019-06-06 00:00:00+00:00,255.19752776383675,257.2333959536874,254.54892553301983,256.5577697753906,69430400,SPY,equities,1day,data/1day/spy_daily.csv
2019-06-07 00:00:00+00:00,257.5757458007118,260.2061961055513,257.4045849508437,259.12518310546875,74272200,SPY,equities,1day,data/1day/spy_daily.csv
2019-06-10 00:00:00+00:00,260.67456793234,261.98078942020163,260.2241505215321,260.3142395019531,60799100,SPY,equities,1day,data/1day/spy_daily.csv
2019-06-11 00:00:00+00:00,262.133839562428,262.5031850306238,259.6024966505913,260.2510986328125,58641300,SPY,equities,1day,data/1day/spy_daily.csv
2019-06-12 00:00:00+00:00,260.0169567355007,260.5754698846852,259.2782656388976,259.791748046875,47096300,SPY,equities,1day,data/1day/spy_daily.csv
2019-06-13 00:00:00+00:00,260.7015343443188,261.22403382067426,259.99888443817497,260.8636779785156,48945200,SPY,equities,1day,data/1day/spy_daily.csv
2019-06-14 00:00:00+00:00,260.5754699707031,261.179013861294,259.809754930864,260.5754699707031,52324700,SPY,equities,1day,data/1day/spy_daily.csv
2019-06-17 00:00:00+00:00,260.80977186822014,261.44036744347824,260.5034912289338,260.6746520996094,39205700,SPY,equities,1day,data/1day/spy_daily.csv
2019-06-18 00:00:00+00:00,262.4941979970836,264.45801075765166,262.13384217680857,263.4040222167969,85434800,SPY,equities,1day,data/1day/spy_daily.csv
2019-06-19 00:00:00+00:00,263.539314052238,264.5302382227046,262.5664241793389,263.9987487792969,78674400,SPY,equities,1day,data/1day/spy_daily.csv
2019-06-20 00:00:00+00:00,266.68313673041985,266.926352224848,264.06170421417744,266.5209655761719,116570000,SPY,equities,1day,data/1day/spy_daily.csv
2019-06-21 00:00:00+00:00,266.2513495642616,267.5095862098621,265.91642385913804,266.1336669921875,83309500,SPY,equities,1day,data/1day/spy_daily.csv
2019-06-24 00:00:00+00:00,266.34178300435536,266.6585865868795,265.65380982514523,265.8077087402344,47582700,SPY,equities,1day,data/1day/spy_daily.csv
2019-06-25 00:00:00+00:00,265.8620215575545,265.8891769398379,263.0920620646163,263.20068359375,82028700,SPY,equities,1day,data/1day/spy_daily.csv
2019-06-26 00:00:00+00:00,264.0968777608522,264.6037967215319,262.8295803591529,262.9382019042969,51584900,SPY,equities,1day,data/1day/spy_daily.csv
2019-06-27 00:00:00+00:00,263.69861212653933,264.37752449052414,263.31843667271613,263.87060546875,40355200,SPY,equities,1day,data/1day/spy_daily.csv
2019-06-28 00:00:00+00:00,264.8482514760384,265.72631265254813,264.33229902696894,265.2284545898437,59350900,SPY,equities,1day,data/1day/spy_daily.csv
2019-07-01 00:00:00+00:00,268.5595410665901,268.7768117440282,266.4322774281771,267.63623046875,78705600,SPY,equities,1day,data/1day/spy_daily.csv
2019-07-02 00:00:00+00:00,267.59102884896026,268.38762376676675,266.74918415742064,268.33331298828125,61504500,SPY,equities,1day,data/1day/spy_daily.csv
2019-07-03 00:00:00+00:00,269.01213090582485,270.4966986632992,268.867293005705,270.47857666015625,40898900,SPY,equities,1day,data/1day/spy_daily.csv
2019-07-05 00:00:00+00:00,269.24755717482327,270.33382786024254,267.9531044059566,270.1708679199219,51677300,SPY,equities,1day,data/1day/spy_daily.csv
2019-07-08 00:00:00+00:00,268.85827258499256,269.98979283576267,268.1431440515041,268.686279296875,45841800,SPY,equities,1day,data/1day/spy_daily.csv
2019-07-09 00:00:00+00:00,267.52763883202334,269.31994946484144,267.47332806284766,269.021240234375,41101300,SPY,equities,1day,data/1day/spy_daily.csv
2019-07-10 00:00:00+00:00,270.0894280343671,271.2571649910291,269.555353643339,270.3066711425781,58448500,SPY,equities,1day,data/1day/spy_daily.csv
2019-07-11 00:00:00+00:00,270.9493686208283,271.18470609038985,269.93553071345565,270.9403076171875,50826100,SPY,equities,1day,data/1day/spy_daily.csv
2019-07-12 00:00:00+00:00,271.42906689299434,272.22566152144543,271.12129671836635,272.1532287597656,40326000,SPY,equities,1day,data/1day/spy_daily.csv
2019-07-15 00:00:00+00:00,272.5877609929242,272.5877609929242,271.7368555478473,272.2437744140625,33900000,SPY,equities,1day,data/1day/spy_daily.csv
2019-07-16 00:00:00+00:00,272.15328696925974,272.3614966723665,271.0579829333727,271.3657531738281,36650100,SPY,equities,1day,data/1day/spy_daily.csv
2019-07-17 00:00:00+00:00,271.3385669621736,271.5014992547846,269.5190734863281,269.5190734863281,36036300,SPY,equities,1day,data/1day/spy_daily.csv
2019-07-18 00:00:00+00:00,269.0212274934216,270.88597081349883,268.5776803578232,270.5057678222656,51392600,SPY,equities,1day,data/1day/spy_daily.csv
2019-07-19 00:00:00+00:00,271.6010788909573,271.6282342722078,268.8311195033801,269.00311279296875,58678600,SPY,equities,1day,data/1day/spy_daily.csv
2019-07-22 00:00:00+00:00,269.40141995777003,270.2070757552025,268.88546764229045,269.6639404296875,43638100,SPY,equities,1day,data/1day/spy_daily.csv
2019-07-23 00:00:00+00:00,270.7864433136411,271.5920715332031,269.953632082453,271.5920715332031,44564500,SPY,equities,1day,data/1day/spy_daily.csv
2019-07-24 00:00:00+00:00,270.8317017841682,272.8684387207031,270.7411746175419,272.8684387207031,47213200,SPY,equities,1day,data/1day/spy_daily.csv
2019-07-25 00:00:00+00:00,272.4157552597237,272.470066019694,270.75919420561445,271.5648498535156,55394100,SPY,equities,1day,data/1day/spy_daily.csv
2019-07-26 00:00:00+00:00,272.2529093648894,273.5835786563894,272.1261658014066,273.3844299316406,45084100,SPY,equities,1day,data/1day/spy_daily.csv
2019-07-29 00:00:00+00:00,273.2667081377991,273.38439067984694,272.33433642966406,272.8865051269531,38126500,SPY,equities,1day,data/1day/spy_daily.csv
2019-07-30 00:00:00+00:00,271.4833604302327,272.623941541799,271.103157518043,272.2165832519531,45849000,SPY,equities,1day,data/1day/spy_daily.csv
2019-07-31 00:00:00+00:00,272.460970250692,272.65108551133346,267.2197892073229,269.2384033203125,104245200,SPY,equities,1day,data/1day/spy_daily.csv
2019-08-01 00:00:00+00:00,269.3924186711607,272.3524664915724,266.09741756218915,266.8940124511719,142646600,SPY,equities,1day,data/1day/spy_daily.csv
2019-08-02 00:00:00+00:00,265.9977948047816,266.24219324196565,263.32739587533223,264.8843688964844,116749700,SPY,equities,1day,data/1day/spy_daily.csv
2019-08-05 00:00:00+00:00,260.7837510641993,260.892372596246,255.01752786298675,256.9184875488281,178745400,SPY,equities,1day,data/1day/spy_daily.csv
2019-08-06 00:00:00+00:00,258.8104261086006,260.73854147453096,257.3349189459399,260.5212707519531,120711700,SPY,equities,1day,data/1day/spy_daily.csv
2019-08-07 00:00:00+00:00,257.44345126444256,261.4445185495751,255.30715454545975,260.6750793457031,140572300,SPY,equities,1day,data/1day/spy_daily.csv
2019-08-08 00:00:00+00:00,262.1687766333647,265.7896423339844,261.61660787402644,265.7896423339844,87713900,SPY,equities,1day,data/1day/spy_daily.csv
2019-08-09 00:00:00+00:00,264.8482175889276,265.4456637627405,262.19594001239,263.9792175292969,93730000,SPY,equities,1day,data/1day/spy_daily.csv
2019-08-12 00:00:00+00:00,262.4764691718785,263.9700703060593,259.81513146006324,260.765625,65527600,SPY,equities,1day,data/1day/spy_daily.csv
2019-08-13 00:00:00+00:00,260.46695627826205,266.26939667676976,260.1229696286607,264.821044921875,94299800,SPY,equities,1day,data/1day/spy_daily.csv
2019-08-14 00:00:00+00:00,260.76563897648515,261.372118364232,256.86415934036023,256.9908752441406,135622100,SPY,equities,1day,data/1day/spy_daily.csv
2019-08-15 00:00:00+00:00,257.8780400292399,258.5660133001021,255.62406014182483,257.6698303222656,99556600,SPY,equities,1day,data/1day/spy_daily.csv
2019-08-16 00:00:00+00:00,259.3263824546937,261.90622687818694,257.72413188114456,261.47174072265625,83018300,SPY,equities,1day,data/1day/spy_daily.csv
2019-08-19 00:00:00+00:00,264.4951712812332,265.30079947919467,263.81625900906977,264.62188720703125,53571800,SPY,equities,1day,data/1day/spy_daily.csv
2019-08-20 00:00:00+00:00,264.114903213662,264.64897742124305,262.46743083392226,262.5941467285156,51596400,SPY,equities,1day,data/1day/spy_daily.csv
2019-08-21 00:00:00+00:00,264.7575936082407,265.1015524936121,264.0696205874962,264.7304382324219,49524700,SPY,equities,1day,data/1day/spy_daily.csv
2019-08-22 00:00:00+00:00,265.4366399163249,266.07027488099453,262.874861793045,264.6490783691406,51666400,SPY,equities,1day,data/1day/spy_daily.csv
2019-08-23 00:00:00+00:00,263.345498828672,265.01109325696694,256.6016273506525,257.850830078125,149161500,SPY,equities,1day,data/1day/spy_daily.csv
2019-08-26 00:00:00+00:00,260.0414831645936,260.7023010253906,258.5116653687146,260.7023010253906,72423800,SPY,equities,1day,data/1day/spy_daily.csv
2019-08-27 00:00:00+00:00,262.0963526786402,262.46749470133955,258.9190344141973,259.6794128417969,66668900,SPY,equities,1day,data/1day/spy_daily.csv
2019-08-28 00:00:00+00:00,259.0185898937804,261.6708668645928,258.21293417482644,261.5079345703125,59696700,SPY,equities,1day,data/1day/spy_daily.csv
2019-08-29 00:00:00+00:00,264.0697022845135,265.3732159770952,263.0648978183525,264.8481750488281,57899400,SPY,equities,1day,data/1day/spy_daily.csv
2019-08-30 00:00:00+00:00,266.3326606557337,266.35075503127933,263.798066829308,264.7304382324219,62901200,SPY,equities,1day,data/1day/spy_daily.csv
2019-09-03 00:00:00+00:00,263.0286238647804,263.9428732540828,261.8518264713707,263.1824951171875,69101400,SPY,equities,1day,data/1day/spy_daily.csv
2019-09-04 00:00:00+00:00,265.3550498382295,266.1878331457817,264.60370503630537,266.16973876953125,46887300,SPY,equities,1day,data/1day/spy_daily.csv
2019-09-05 00:00:00+00:00,268.6591809547892,270.50580250609715,266.13361948386745,269.591552734375,83258100,SPY,equities,1day,data/1day/spy_daily.csv
2019-09-06 00:00:00+00:00,269.9082401787068,270.44231425088213,269.2293282458571,269.7995910644531,49584300,SPY,equities,1day,data/1day/spy_daily.csv
2019-09-09 00:00:00+00:00,270.78645251784974,270.876952059632,268.9941140653553,269.935546875,51260300,SPY,equities,1day,data/1day/spy_daily.csv
2019-09-10 00:00:00+00:00,269.175066700084,269.9354725918967,267.91683059042794,269.8721008300781,57947100,SPY,equities,1day,data/1day/spy_daily.csv
2019-09-11 00:00:00+00:00,270.1799147938697,271.8726648838631,269.5281579417055,271.79119873046875,68821100,SPY,equities,1day,data/1day/spy_daily.csv
2019-09-12 00:00:00+00:00,272.69641910988423,273.791723132966,271.9360407085292,272.7326354980469,72908700,SPY,equities,1day,data/1day/spy_daily.csv
2019-09-13 00:00:00+00:00,273.1761455816851,273.5291931620798,272.180402229938,272.5515441894531,62104800,SPY,equities,1day,data/1day/spy_daily.csv
2019-09-16 00:00:00+00:00,271.4200714477773,272.5968692967688,271.0670514305876,271.7097473144531,58191200,SPY,equities,1day,data/1day/spy_daily.csv
2019-09-17 00:00:00+00:00,271.5106135645232,272.48823513713944,271.338620235774,272.3977355957031,41475500,SPY,equities,1day,data/1day/spy_daily.csv
2019-09-18 00:00:00+00:00,272.00841165390426,272.6692294359746,269.9716751697908,272.56060791015625,73375800,SPY,equities,1day,data/1day/spy_daily.csv
2019-09-19 00:00:00+00:00,272.9498693706403,273.9456128239517,272.20758537589813,272.5425109863281,76560500,SPY,equities,1day,data/1day/spy_daily.csv
2019-09-20 00:00:00+00:00,273.14644672050537,273.4283852992772,270.4637424467602,271.2549133300781,89565000,SPY,equities,1day,data/1day/spy_daily.csv
2019-09-23 00:00:00+00:00,270.5909570013887,271.90959322004414,270.336327054296,271.191162109375,43476800,SPY,equities,1day,data/1day/spy_daily.csv
2019-09-24 00:00:00+00:00,272.28244316672976,272.6734770496111,268.09921319736446,269.06317138671875,94869400,SPY,equities,1day,data/1day/spy_daily.csv
2019-09-25 00:00:00+00:00,269.14503076538426,271.1002280559697,267.66270975241423,270.6546325683594,71854000,SPY,equities,1day,data/1day/spy_daily.csv
2019-09-26 00:00:00+00:00,270.66377525710146,270.87291876039774,268.6812968846937,270.0908508300781,56179700,SPY,equities,1day,data/1day/spy_daily.csv
2019-09-27 00:00:00+00:00,270.84550766263965,270.9546585387981,267.0806211361253,268.6356811523437,84746600,SPY,equities,1day,data/1day/spy_daily.csv
2019-09-30 00:00:00+00:00,269.1540552559003,270.59088936551007,269.1085965366539,269.8815612792969,51662400,SPY,equities,1day,data/1day/spy_daily.csv
2019-10-01 00:00:00+00:00,270.7637324178549,271.4184990741899,266.4532014526551,266.67144775390625,88242400,SPY,equities,1day,data/1day/spy_daily.csv
2019-10-02 00:00:00+00:00,265.0889879385326,265.0980907812051,260.66933580048186,261.9606628417969,122539500,SPY,equities,1day,data/1day/spy_daily.csv
2019-10-03 00:00:00+00:00,261.7334246319195,264.1342448983291,259.01433776802537,264.1069641113281,85278800,SPY,equities,1day,data/1day/spy_daily.csv
2019-10-04 00:00:00+00:00,264.7617829260246,267.93556870041675,264.70719358868433,267.6809387207031,65091200,SPY,equities,1day,data/1day/spy_daily.csv
2019-10-07 00:00:00+00:00,266.8806484903429,268.50847634083834,266.2440597044821,266.5259704589844,59610500,SPY,equities,1day,data/1day/spy_daily.csv
2019-10-08 00:00:00+00:00,264.67080858188825,265.4074176476115,262.35183047463295,262.3882141113281,95708100,SPY,equities,1day,data/1day/spy_daily.csv
2019-10-09 00:00:00+00:00,264.4070675955947,265.81662125732413,263.7795817068035,264.87994384765625,62359400,SPY,equities,1day,data/1day/spy_daily.csv
2019-10-10 00:00:00+00:00,264.7980929946163,267.55356355823847,264.634408268678,266.67144775390625,55296300,SPY,equities,1day,data/1day/spy_daily.csv
2019-10-11 00:00:00+00:00,269.4269323090313,271.67314311799345,269.30873405810314,269.43603515625,98720400,SPY,equities,1day,data/1day/spy_daily.csv
2019-10-14 00:00:00+00:00,269.1177195999643,269.79069193177,268.79035015685406,269.13592529296875,40394800,SPY,equities,1day,data/1day/spy_daily.csv
2019-10-15 00:00:00+00:00,270.1817208062417,272.54615738895194,270.06349481421915,271.8004455566406,46754500,SPY,equities,1day,data/1day/spy_daily.csv
2019-10-16 00:00:00+00:00,271.3366718475405,272.0551029660115,270.927460009867,271.36395263671875,48928200,SPY,equities,1day,data/1day/spy_daily.csv
2019-10-17 00:00:00+00:00,272.5279376213477,273.03719744331266,271.4730343465405,272.1641845703125,45736600,SPY,equities,1day,data/1day/spy_daily.csv
2019-10-18 00:00:00+00:00,271.6276364478253,272.2733001769917,270.1180349628478,270.9728698730469,64304000,SPY,equities,1day,data/1day/spy_daily.csv
2019-10-21 00:00:00+00:00,272.29151006181155,273.009913309205,271.85498975437696,272.8098449707031,39048600,SPY,equities,1day,data/1day/spy_daily.csv
2019-10-22 00:00:00+00:00,273.3464634980912,273.6374771193446,271.82778646373816,271.9187316894531,48594700,SPY,equities,1day,data/1day/spy_daily.csv
2019-10-23 00:00:00+00:00,271.664068797207,272.76443096306724,271.45489757866204,272.7098693847656,34352200,SPY,equities,1day,data/1day/spy_daily.csv
2019-10-24 00:00:00+00:00,273.64650791287386,273.79201468518664,272.3278718686874,273.1554260253906,35453100,SPY,equities,1day,data/1day/spy_daily.csv
2019-10-25 00:00:00+00:00,272.58252524376513,274.8196608389771,272.527963668524,274.2740173339844,45205400,SPY,equities,1day,data/1day/spy_daily.csv
2019-10-28 00:00:00+00:00,275.49248542748745,276.3200392949273,275.4652046517507,275.8198547363281,42147000,SPY,equities,1day,data/1day/spy_daily.csv
2019-10-29 00:00:00+00:00,275.5471936478828,276.6657615536214,275.4198647916236,275.7381591796875,44284900,SPY,equities,1day,data/1day/spy_daily.csv
2019-10-30 00:00:00+00:00,275.9381708137291,276.95669044401245,274.6286376454852,276.5838623046875,49643900,SPY,equities,1day,data/1day/spy_daily.csv
2019-10-31 00:00:00+00:00,276.5747934558149,276.5747934558149,274.39224715798696,275.8472595214844,69053800,SPY,equities,1day,data/1day/spy_daily.csv
2019-11-01 00:00:00+00:00,277.2931841211673,278.4481076482956,277.1294716644442,278.40264892578125,71141500,SPY,equities,1day,data/1day/spy_daily.csv
2019-11-04 00:00:00+00:00,279.95779117686374,280.0941951369652,279.1484147592851,279.5212707519531,60606900,SPY,equities,1day,data/1day/spy_daily.csv
2019-11-05 00:00:00+00:00,279.7212960070464,280.02141242557303,278.9210225610841,279.2120361328125,42933200,SPY,equities,1day,data/1day/spy_daily.csv
2019-11-06 00:00:00+00:00,279.2121229113042,279.5485953164355,278.33000682774275,279.2757873535156,46487100,SPY,equities,1day,data/1day/spy_daily.csv
2019-11-07 00:00:00+00:00,280.6125821321642,281.59471848215986,279.7850276994163,280.2579040527344,54272300,SPY,equities,1day,data/1day/spy_daily.csv
2019-11-08 00:00:00+00:00,279.9122492128996,281.0035361826021,279.2120238547651,280.948974609375,49032100,SPY,equities,1day,data/1day/spy_daily.csv
2019-11-11 00:00:00+00:00,279.5667737483614,280.5852937140423,279.43034202761794,280.4125061035156,35797300,SPY,equities,1day,data/1day/spy_daily.csv
2019-11-12 00:00:00+00:00,280.7761908966361,281.9038337622453,280.2305474042965,281.0035400390625,46484600,SPY,equities,1day,data/1day/spy_daily.csv
2019-11-13 00:00:00+00:00,280.0122678945048,281.49458856771133,279.78491877904554,281.0944519042969,53917700,SPY,equities,1day,data/1day/spy_daily.csv
2019-11-14 00:00:00+00:00,280.8125701165942,281.585562739211,280.17598142677315,281.5036926269531,51219900,SPY,equities,1day,data/1day/spy_daily.csv
2019-11-15 00:00:00+00:00,282.8405183461568,283.5862302129895,282.1493958072757,283.540771484375,62023600,SPY,equities,1day,data/1day/spy_daily.csv
2019-11-18 00:00:00+00:00,283.30437394705217,283.9864215228647,282.8496755631772,283.7499694824219,49228000,SPY,equities,1day,data/1day/spy_daily.csv
2019-11-19 00:00:00+00:00,284.3500771269776,284.35917997236,283.02236607228707,283.66802978515625,67804700,SPY,equities,1day,data/1day/spy_daily.csv
2019-11-20 00:00:00+00:00,283.0769908741344,283.5953536303308,281.05812918125986,282.6131896972656,79406200,SPY,equities,1day,data/1day/spy_daily.csv
2019-11-21 00:00:00+00:00,282.72232699674834,282.83145015014986,281.3582320740642,282.1584777832031,54664700,SPY,equities,1day,data/1day/spy_daily.csv
2019-11-22 00:00:00+00:00,282.9041146409001,283.0405185464772,281.77647201802966,282.785888671875,44850200,SPY,equities,1day,data/1day/spy_daily.csv
2019-11-25 00:00:00+00:00,283.7136140549297,284.9776611328125,283.7136140549297,284.9776611328125,48647200,SPY,equities,1day,data/1day/spy_daily.csv
2019-11-26 00:00:00+00:00,285.0139498893716,285.80512037479554,284.69565557558855,285.62322998046875,37569000,SPY,equities,1day,data/1day/spy_daily.csv
2019-11-27 00:00:00+00:00,286.1052554908473,286.8964538574219,285.88700918425144,286.8964538574219,44444600,SPY,equities,1day,data/1day/spy_daily.csv
2019-11-29 00:00:00+00:00,286.3325849809778,286.5781398116173,285.60507884056364,285.8324279785156,36592700,SPY,equities,1day,data/1day/spy_daily.csv
2019-12-02 00:00:00+00:00,286.0870611165764,286.1507255365374,282.9769404159021,283.40435791015625,75767800,SPY,equities,1day,data/1day/spy_daily.csv
2019-12-03 00:00:00+00:00,280.6852412775978,281.585562739211,279.30296850429954,281.5036926269531,73941700,SPY,equities,1day,data/1day/spy_daily.csv
2019-12-04 00:00:00+00:00,282.5495695093345,283.84089729888063,282.20399431837325,283.2406921386719,49080000,SPY,equities,1day,data/1day/spy_daily.csv
2019-12-05 00:00:00+00:00,283.94096278551194,283.95914072993565,282.4404359166549,283.7499694824219,40709000,SPY,equities,1day,data/1day/spy_daily.csv
2019-12-06 00:00:00+00:00,285.6595665320762,286.74175036904404,285.65046368808675,286.34161376953125,48927000,SPY,equities,1day,data/1day/spy_daily.csv
2019-12-09 00:00:00+00:00,285.9507272644938,286.6236720044926,285.3687000009152,285.44146728515625,34838500,SPY,equities,1day,data/1day/spy_daily.csv
2019-12-10 00:00:00+00:00,285.38674905100623,286.0505905779489,284.4682499215874,285.1230163574219,52649800,SPY,equities,1day,data/1day/spy_daily.csv
2019-12-11 00:00:00+00:00,285.5778171170683,286.1871250585876,285.04127644599606,285.9324951171875,53429100,SPY,equities,1day,data/1day/spy_daily.csv
2019-12-12 00:00:00+00:00,285.9414997537219,289.17894867633004,285.70507556448115,288.3968811035156,96389600,SPY,equities,1day,data/1day/spy_daily.csv
2019-12-13 00:00:00+00:00,288.16046262508945,289.7973929659032,287.3874700546423,288.5697021484375,81503900,SPY,equities,1day,data/1day/spy_daily.csv
2019-12-16 00:00:00+00:00,290.2975246549638,291.14325666014565,288.5060126076282,290.5521545410156,82749700,SPY,equities,1day,data/1day/spy_daily.csv
2019-12-17 00:00:00+00:00,290.9341390505021,291.2342276828815,290.5340023722772,290.6158447265625,61097700,SPY,equities,1day,data/1day/spy_daily.csv
2019-12-18 00:00:00+00:00,291.0069196668361,291.23426882282587,290.5795021434722,290.6340637207031,48133000,SPY,equities,1day,data/1day/spy_daily.csv
2019-12-19 00:00:00+00:00,290.8249757300014,291.89808464078646,290.5703458322475,291.8253173828125,85310500,SPY,equities,1day,data/1day/spy_daily.csv
2019-12-20 00:00:00+00:00,292.85803523538505,294.237984386414,291.8802179923732,293.10479736328125,147142100,SPY,equities,1day,data/1day/spy_daily.csv
2019-12-23 00:00:00+00:00,293.8907694771096,293.9455993190284,293.4064206141374,293.5526428222656,52990000,SPY,equities,1day,data/1day/spy_daily.csv
2019-12-24 00:00:00+00:00,293.7810258479753,293.82670807350945,293.2601146095581,293.56170654296875,20270000,SPY,equities,1day,data/1day/spy_daily.csv
2019-12-26 00:00:00+00:00,293.9455534880805,295.1335982854988,293.93643377520567,295.1244506835937,30911200,SPY,equities,1day,data/1day/spy_daily.csv
2019-12-27 00:00:00+00:00,295.85550805385674,295.9103378824698,294.52126907589263,295.0513000488281,42528800,SPY,equities,1day,data/1day/spy_daily.csv
2019-12-30 00:00:00+00:00,295.13363895615134,295.2707135584656,292.940333762988,293.4246826171875,49729100,SPY,equities,1day,data/1day/spy_daily.csv
2019-12-31 00:00:00+00:00,292.9219585916766,294.38415221906047,292.5746844676578,294.13739013671875,57077300,SPY,equities,1day,data/1day/spy_daily.csv
2020-01-02 00:00:00+00:00,295.672721478946,296.90644827655234,294.7497063085325,296.8881530761719,59151200,SPY,equities,1day,data/1day/spy_daily.csv
2020-01-03 00:00:00+00:00,293.4977411082979,295.7641429457349,293.4429112798059,294.6400756835937,77709700,SPY,equities,1day,data/1day/spy_daily.csv
2020-01-06 00:00:00+00:00,292.8854243272233,295.8463743777095,292.76661707449347,295.7641296386719,55653900,SPY,equities,1day,data/1day/spy_daily.csv
2020-01-07 00:00:00+00:00,295.19752718117184,295.67275622250656,294.4847115081981,294.9325256347656,40496400,SPY,equities,1day,data/1day/spy_daily.csv
2020-01-08 00:00:00+00:00,295.1243238398234,297.7197037636209,294.8775896957046,296.5042724609375,68296000,SPY,equities,1day,data/1day/spy_daily.csv
2020-01-09 00:00:00+00:00,298.0670758368869,298.5879870903448,297.48218715461246,298.5148620605469,48473300,SPY,equities,1day,data/1day/spy_daily.csv
2020-01-10 00:00:00+00:00,299.0997799160431,299.2551218137174,297.1897996894312,297.6558532714844,53029300,SPY,equities,1day,data/1day/spy_daily.csv
2020-01-13 00:00:00+00:00,298.2773407979504,299.712092126062,297.8478217931054,299.7029724121094,47086800,SPY,equities,1day,data/1day/spy_daily.csv
2020-01-14 00:00:00+00:00,299.264269511989,300.31521183370324,298.68852837435486,299.2460021972656,62832800,SPY,equities,1day,data/1day/spy_daily.csv
2020-01-15 00:00:00+00:00,299.15459569341715,300.68073912701385,299.07235094750735,299.9222412109375,72056600,SPY,equities,1day,data/1day/spy_daily.csv
2020-01-16 00:00:00+00:00,301.3021641332184,302.4170837402344,301.0736972292317,302.4170837402344,54050300,SPY,equities,1day,data/1day/spy_daily.csv
2020-01-17 00:00:00+00:00,303.12999249847564,303.5686312399201,302.3531992084545,303.35845947265625,95846000,SPY,equities,1day,data/1day/spy_daily.csv
2020-01-21 00:00:00+00:00,302.3987408156773,303.56849006392315,302.32564368910903,302.7642822265625,77742400,SPY,equities,1day,data/1day/spy_daily.csv
2020-01-22 00:00:00+00:00,303.62331742525095,304.2721834050225,302.64550043407195,302.80084228515625,48914900,SPY,equities,1day,data/1day/spy_daily.csv
2020-01-23 00:00:00+00:00,302.1520504997015,303.55941441938006,301.0371309067921,303.1481628417969,51963000,SPY,equities,1day,data/1day/spy_daily.csv
2020-01-24 00:00:00+00:00,303.80620806071624,303.88845281451574,299.1637441044687,300.4523010253906,87578400,SPY,equities,1day,data/1day/spy_daily.csv
2020-01-27 00:00:00+00:00,295.2065895983411,297.11656914672125,294.86846311743926,295.6361083984375,84062500,SPY,equities,1day,data/1day/spy_daily.csv
2020-01-28 00:00:00+00:00,297.06185926917453,299.6115581923156,295.7276201151106,298.7342529296875,63834000,SPY,equities,1day,data/1day/spy_daily.csv
2020-01-29 00:00:00+00:00,300.0958733171972,300.3243402372707,298.28640527016483,298.4874572753906,53888900,SPY,equities,1day,data/1day/spy_daily.csv
2020-01-30 00:00:00+00:00,296.42206872649126,299.6663153017545,295.67271852206113,299.45611572265625,75491800,SPY,equities,1day,data/1day/spy_daily.csv
2020-01-31 00:00:00+00:00,298.8347496867189,298.9901194730198,293.1048090217675,294.0186767578125,113845600,SPY,equities,1day,data/1day/spy_daily.csv
2020-02-03 00:00:00+00:00,295.499090784858,298.067056481467,295.3802835359217,296.2027587890625,69083000,SPY,equities,1day,data/1day/spy_daily.csv
2020-02-04 00:00:00+00:00,299.81256511181664,301.5854705749679,299.4927058581297,300.71728515625,62573200,SPY,equities,1day,data/1day/spy_daily.csv
2020-02-05 00:00:00+00:00,303.6507933581962,304.4001715229161,302.1886274326312,304.1899719238281,65951100,SPY,equities,1day,data/1day/spy_daily.csv
2020-02-06 00:00:00+00:00,305.1494930421346,305.4053748205114,304.1350856388759,305.2134704589844,50359700,SPY,equities,1day,data/1day/spy_daily.csv
2020-02-07 00:00:00+00:00,304.15341594950706,305.22262540475447,303.038496381652,303.5868225097656,64139400,SPY,equities,1day,data/1day/spy_daily.csv
2020-02-10 00:00:00+00:00,302.7004442781708,305.9172489243438,302.6638817568983,305.853271484375,42070000,SPY,equities,1day,data/1day/spy_daily.csv
2020-02-11 00:00:00+00:00,307.20577615157714,307.9916890041701,305.85324188570775,306.38330078125,54864500,SPY,equities,1day,data/1day/spy_daily.csv
2020-02-12 00:00:00+00:00,307.81806277084456,308.5674410211826,307.4525212476893,308.3572692871094,43992700,SPY,equities,1day,data/1day/spy_daily.csv
2020-02-13 00:00:00+00:00,306.9315460120865,308.99689562686603,306.6573968990736,308.0281982421875,54501900,SPY,equities,1day,data/1day/spy_daily.csv
2020-02-14 00:00:00+00:00,308.4394837726626,308.6405357740244,307.24231936560784,308.521728515625,64582200,SPY,equities,1day,data/1day/spy_daily.csv
2020-02-18 00:00:00+00:00,307.52563255819723,308.58572245034776,306.33758779968736,307.7266845703125,57226200,SPY,equities,1day,data/1day/spy_daily.csv
2020-02-19 00:00:00+00:00,308.6953514933789,309.8742206443196,308.41205476200304,309.1979675292969,48814700,SPY,equities,1day,data/1day/spy_daily.csv
2020-02-20 00:00:00+00:00,308.64963919276863,309.4721423570291,304.9393389090685,307.9277038574219,74163400,SPY,equities,1day,data/1day/spy_daily.csv
2020-02-21 00:00:00+00:00,306.57514878327885,306.8858604042742,303.93405817128195,304.7565612792969,113788200,SPY,equities,1day,data/1day/spy_daily.csv
2020-02-24 00:00:00+00:00,295.3071556336412,304.8296393108705,293.5707850824369,294.649169921875,161088400,SPY,equities,1day,data/1day/spy_daily.csv
2020-02-25 00:00:00+00:00,296.0383078861717,296.6505836333486,284.8434284508616,285.7207336425781,218913200,SPY,equities,1day,data/1day/spy_daily.csv
2020-02-26 00:00:00+00:00,287.1188970838777,290.71038982346295,283.938655892988,284.66973876953125,194773800,SPY,equities,1day,data/1day/spy_daily.csv
2020-02-27 00:00:00+00:00,279.1500591654127,284.72465849868144,271.88482666015625,271.88482666015625,284353500,SPY,equities,1day,data/1day/spy_daily.csv
2020-02-28 00:00:00+00:00,263.833594623337,272.23204033235453,260.9457695802284,270.742431640625,384975800,SPY,equities,1day,data/1day/spy_daily.csv
2020-03-02 00:00:00+00:00,272.5244912250123,282.53135414421934,269.0974871963839,282.4673767089844,238703600,SPY,equities,1day,data/1day/spy_daily.csv
2020-03-03 00:00:00+00:00,282.8420313278847,286.8082134931983,271.93959720140725,274.3796081542969,300139100,SPY,equities,1day,data/1day/spy_daily.csv
2020-03-04 00:00:00+00:00,279.7532286727096,286.1320364629317,277.20352949945715,285.9126892089844,176613400,SPY,equities,1day,data/1day/spy_daily.csv
2020-03-05 00:00:00+00:00,278.71131965746457,281.9007083018828,274.1693970755827,276.4083557128906,186366800,SPY,equities,1day,data/1day/spy_daily.csv
2020-03-06 00:00:00+00:00,267.9002831419246,273.0453622263488,265.23180535005173,271.83905029296875,228667200,SPY,equities,1day,data/1day/spy_daily.csv
2020-03-09 00:00:00+00:00,251.5876955068561,259.71199044908684,249.89706305118028,250.60987854003903,309417300,SPY,equities,1day,data/1day/spy_daily.csv
2020-03-10 00:00:00+00:00,260.1233095601224,263.6690927281698,249.9428102284353,263.5777282714844,276444100,SPY,equities,1day,data/1day/spy_daily.csv
2020-03-11 00:00:00+00:00,256.52265940769087,257.65584636432993,247.54847242990883,250.7287139892578,255316300,SPY,equities,1day,data/1day/spy_daily.csv
2020-03-12 00:00:00+00:00,233.9501784025559,243.692013396784,226.3467909111045,226.73976135253903,392220700,SPY,equities,1day,data/1day/spy_daily.csv
2020-03-13 00:00:00+00:00,240.4295024882784,248.09686755677936,227.11445443510044,246.12290954589844,329566100,SPY,equities,1day,data/1day/spy_daily.csv
2020-03-16 00:00:00+00:00,220.4065938164684,234.7725944345364,216.9156266338003,219.191162109375,297240000,SPY,equities,1day,data/1day/spy_daily.csv
2020-03-17 00:00:00+00:00,223.9341197847928,234.10548499816915,216.65060754197967,231.02574157714844,262070500,SPY,equities,1day,data/1day/spy_daily.csv
2020-03-18 00:00:00+00:00,215.90127325057983,226.9773468065231,208.38014496942637,219.32827758789065,327597100,SPY,equities,1day,data/1day/spy_daily.csv
2020-03-19 00:00:00+00:00,218.64281290463057,226.07256060162743,212.2183250976438,219.79428100585935,289322000,SPY,equities,1day,data/1day/spy_daily.csv
2020-03-20 00:00:00+00:00,222.94364621592396,224.72697702090403,210.0466887261092,210.3224639892578,347158800,SPY,equities,1day,data/1day/spy_daily.csv
2020-03-23 00:00:00+00:00,209.761700043424,211.1313607703038,200.63362552870024,204.9448699951172,326025200,SPY,equities,1day,data/1day/spy_daily.csv
2020-03-24 00:00:00+00:00,215.4886054086695,224.38687102789407,214.91868012837568,223.5135803222656,235494500,SPY,equities,1day,data/1day/spy_daily.csv
2020-03-25 00:00:00+00:00,225.0946316027737,235.64753271475615,220.3881202388159,226.8595733642578,299430300,SPY,equities,1day,data/1day/spy_daily.csv
2020-03-26 00:00:00+00:00,229.3691040304488,241.57661392737845,228.93705947674567,240.10585021972656,257632800,SPY,equities,1day,data/1day/spy_daily.csv
2020-03-27 00:00:00+00:00,232.8162972428731,239.74737193984004,230.77558000293203,232.9541778564453,224341200,SPY,equities,1day,data/1day/spy_daily.csv
2020-03-30 00:00:00+00:00,235.0500322552145,241.2365231887897,233.05528002333395,240.5195159912109,171369500,SPY,equities,1day,data/1day/spy_daily.csv
2020-03-31 00:00:00+00:00,239.5175912111788,242.0638803670456,235.52808599757387,236.9345245361328,194881100,SPY,equities,1day,data/1day/spy_daily.csv
2020-04-01 00:00:00+00:00,227.95348423990177,236.85174851191036,224.20297754937036,226.27127075195312,189554600,SPY,equities,1day,data/1day/spy_daily.csv
2020-04-02 00:00:00+00:00,225.38880648912132,232.2739157624669,224.8372560253544,231.49256896972656,177660400,SPY,equities,1day,data/1day/spy_daily.csv
2020-04-03 00:00:00+00:00,230.50895788891836,232.8622275477319,225.41636693712172,228.14651489257807,135561200,SPY,equities,1day,data/1day/spy_daily.csv
2020-04-06 00:00:00+00:00,237.01725559130563,245.43751218467892,228.12819082195605,243.47032165527344,188061200,SPY,equities,1day,data/1day/spy_daily.csv
2020-04-07 00:00:00+00:00,252.06522220219827,252.8190070197748,243.4979121190788,243.7185211181641,201427200,SPY,equities,1day,data/1day/spy_daily.csv
2020-04-08 00:00:00+00:00,246.319917218224,253.7106259149399,243.82878088383265,251.89971923828125,153774500,SPY,equities,1day,data/1day/spy_daily.csv
2020-04-09 00:00:00+00:00,255.1630636276637,258.49074168826115,253.22347737304003,255.73301696777344,189999200,SPY,equities,1day,data/1day/spy_daily.csv
2020-04-13 00:00:00+00:00,254.7585125499528,255.09862729601355,249.49125052132217,253.3980255126953,114839100,SPY,equities,1day,data/1day/spy_daily.csv
2020-04-14 00:00:00+00:00,258.2885455898214,261.89195738074227,253.26029231760305,260.8716125488281,134143400,SPY,equities,1day,data/1day/spy_daily.csv
2020-04-15 00:00:00+00:00,255.15390934862907,261.0094741207393,253.2142948960848,255.3285675048828,121775000,SPY,equities,1day,data/1day/spy_daily.csv
2020-04-16 00:00:00+00:00,256.6062535871755,257.4151905782351,253.49003955687044,256.560302734375,131798300,SPY,equities,1day,data/1day/spy_daily.csv
2020-04-17 00:00:00+00:00,262.3330800222529,264.098007563754,259.5937309187142,263.4913330078125,146684800,SPY,equities,1day,data/1day/spy_daily.csv
2020-04-20 00:00:00+00:00,259.786828884741,263.6292797051415,258.6286036617239,258.8492126464844,100109300,SPY,equities,1day,data/1day/spy_daily.csv
2020-04-21 00:00:00+00:00,254.38175000112423,255.585954309376,250.052101663824,250.98974609375,126385700,SPY,equities,1day,data/1day/spy_daily.csv
2020-04-22 00:00:00+00:00,255.87087162422512,258.30685593615,254.5471616484955,256.560302734375,92951600,SPY,equities,1day,data/1day/spy_daily.csv
2020-04-23 00:00:00+00:00,257.83803449166567,261.00942882801934,256.2385632888214,256.5419006347656,104709700,SPY,equities,1day,data/1day/spy_daily.csv
2020-04-24 00:00:00+00:00,258.0586450832086,260.7887931290741,256.00872668784143,260.11773681640625,85063200,SPY,equities,1day,data/1day/spy_daily.csv
2020-04-27 00:00:00+00:00,262.09412629154366,264.98973134296574,261.6345055515394,263.8682556152344,77896600,SPY,equities,1day,data/1day/spy_daily.csv
2020-04-28 00:00:00+00:00,267.5177371605155,267.8670535312036,262.3516027595808,262.65496826171875,105270000,SPY,equities,1day,data/1day/spy_daily.csv
2020-04-29 00:00:00+00:00,267.9864429070405,271.0659071925588,266.9568970325676,269.53076171875,118745600,SPY,equities,1day,data/1day/spy_daily.csv
2020-04-30 00:00:00+00:00,268.1519504463422,269.63194396115506,265.28392123731965,267.02130126953125,122901700,SPY,equities,1day,data/1day/spy_daily.csv
2020-05-01 00:00:00+00:00,262.26877941171466,267.18672684650835,258.78484641412496,259.9523010253906,125180000,SPY,equities,1day,data/1day/spy_daily.csv
2020-05-04 00:00:00+00:00,258.0677820162113,260.97258776035505,256.58781705500485,260.66925048828125,80873200,SPY,equities,1day,data/1day/spy_daily.csv
2020-05-05 00:00:00+00:00,263.4914287350549,265.89063587333334,260.7980294956221,263.0777587890625,79569900,SPY,equities,1day,data/1day/spy_daily.csv
2020-05-06 00:00:00+00:00,264.77830538088773,265.1643710660051,260.8623279708527,261.2943725585937,73632600,SPY,equities,1day,data/1day/spy_daily.csv
2020-05-07 00:00:00+00:00,264.5117413329673,266.3778004537861,263.9418160920804,264.4473876953125,75250400,SPY,equities,1day,data/1day/spy_daily.csv
2020-05-08 00:00:00+00:00,267.5820163579853,269.2918202089729,266.4513391653479,268.822998046875,76452400,SPY,equities,1day,data/1day/spy_daily.csv
2020-05-11 00:00:00+00:00,266.89254797828886,270.2569749098558,266.4697047839562,268.87811279296875,79514200,SPY,equities,1day,data/1day/spy_daily.csv
2020-05-12 00:00:00+00:00,270.0639458677684,270.47758767684087,263.3810427599695,263.5189514160156,95870800,SPY,equities,1day,data/1day/spy_daily.csv
2020-05-13 00:00:00+00:00,262.9581454558485,263.99689253994427,256.4315270763484,258.8583374023437,144721100,SPY,equities,1day,data/1day/spy_daily.csv
2020-05-14 00:00:00+00:00,256.4224143490226,262.08491700872327,250.94371509495167,261.95623779296875,121977900,SPY,equities,1day,data/1day/spy_daily.csv
2020-05-15 00:00:00+00:00,259.56619361268525,263.2063817576998,258.6193760782768,263.1604309082031,111146300,SPY,equities,1day,data/1day/spy_daily.csv
2020-05-18 00:00:00+00:00,269.383615942956,272.78481952214645,269.0619039731258,271.1761474609375,119703800,SPY,equities,1day,data/1day/spy_daily.csv
2020-05-19 00:00:00+00:00,270.5787293388812,272.28850498888653,268.3725554456711,268.39093017578125,95189300,SPY,equities,1day,data/1day/spy_daily.csv
2020-05-20 00:00:00+00:00,271.93000339041674,273.81443707877554,271.70019303559144,272.9503479003906,85861700,SPY,equities,1day,data/1day/spy_daily.csv
2020-05-21 00:00:00+00:00,272.8217031855584,273.6306402253111,269.97204881480235,271.0659484863281,78293900,SPY,equities,1day,data/1day/spy_daily.csv
2020-05-22 00:00:00+00:00,270.78095292638466,271.75534659131654,269.5399713937195,271.5806884765625,63958200,SPY,equities,1day,data/1day/spy_daily.csv
2020-05-26 00:00:00+00:00,277.54650948578575,277.7855211925788,271.5990173560349,274.9266662597656,88951400,SPY,equities,1day,data/1day/spy_daily.csv
2020-05-27 00:00:00+00:00,277.7212610283213,279.05417253749494,272.8952427443175,279.01739501953125,104817400,SPY,equities,1day,data/1day/spy_daily.csv
2020-05-28 00:00:00+00:00,280.0469129571108,282.0600540546706,277.8315376106127,278.5025939941406,90405200,SPY,equities,1day,data/1day/spy_daily.csv
2020-05-29 00:00:00+00:00,278.03369646881987,280.3317995595068,275.28517414932355,279.7434997558594,119090800,SPY,equities,1day,data/1day/spy_daily.csv
2020-06-01 00:00:00+00:00,279.10013797282943,281.48097041759445,278.5853649065574,280.874267578125,55758300,SPY,equities,1day,data/1day/spy_daily.csv
2020-06-02 00:00:00+00:00,281.7934518574034,283.2458690404746,280.46056860288843,283.19989013671875,74267200,SPY,equities,1day,data/1day/spy_daily.csv
2020-06-03 00:00:00+00:00,285.18541958591584,287.92476883249293,284.909658409725,286.96875,92567600,SPY,equities,1day,data/1day/spy_daily.csv
2020-06-04 00:00:00+00:00,285.98515548879453,287.7225350605196,284.1190967189892,286.2149658203125,75794400,SPY,equities,1day,data/1day/spy_daily.csv
2020-06-05 00:00:00+00:00,291.6110119068838,295.324727633124,291.5466582645759,293.55059814453125,150524700,SPY,equities,1day,data/1day/spy_daily.csv
2020-06-08 00:00:00+00:00,294.35949682860377,297.2918792842742,293.817147742069,297.0988464355469,73641200,SPY,equities,1day,data/1day/spy_daily.csv
2020-06-09 00:00:00+00:00,294.43300601196165,297.17235545339963,293.5689168610725,294.8834533691406,77479200,SPY,equities,1day,data/1day/spy_daily.csv
2020-06-10 00:00:00+00:00,295.462583123064,296.3542484031599,292.5209994219378,293.2380065917969,95000800,SPY,equities,1day,data/1day/spy_daily.csv
2020-06-11 00:00:00+00:00,286.306935800571,286.94121464894255,275.7816379696527,276.3331604003906,209243600,SPY,equities,1day,data/1day/spy_daily.csv
2020-06-12 00:00:00+00:00,283.3469673510181,284.1191267802548,274.48549461766504,279.6424255371094,194678900,SPY,equities,1day,data/1day/spy_daily.csv
2020-06-15 00:00:00+00:00,273.9523032994072,283.38372874328377,272.7756754665918,282.2530517578125,135782700,SPY,equities,1day,data/1day/spy_daily.csv
2020-06-16 00:00:00+00:00,290.0022973807095,290.14937937635153,282.82302403325144,287.685791015625,137627500,SPY,equities,1day,data/1day/spy_daily.csv
2020-06-17 00:00:00+00:00,288.7061588750805,289.0003228615567,285.75537372521586,286.49078369140625,83398900,SPY,equities,1day,data/1day/spy_daily.csv
2020-06-18 00:00:00+00:00,284.9741181202328,287.079161339161,284.5144972868028,286.6011657714844,80828700,SPY,equities,1day,data/1day/spy_daily.csv
2020-06-19 00:00:00+00:00,290.0689696801593,290.26285198086515,283.0150463816413,284.96319580078125,135549600,SPY,equities,1day,data/1day/spy_daily.csv
2020-06-22 00:00:00+00:00,284.36304192298934,287.18829677421513,283.2181755111513,286.7912902832031,74649400,SPY,equities,1day,data/1day/spy_daily.csv
2020-06-23 00:00:00+00:00,289.44113788217754,290.37366646344435,287.7053543820457,288.1116027832031,68471200,SPY,equities,1day,data/1day/spy_daily.csv
2020-06-24 00:00:00+00:00,286.07107366384247,286.6896879902903,278.92484547295174,280.7621765136719,132813500,SPY,equities,1day,data/1day/spy_daily.csv
2020-06-25 00:00:00+00:00,280.18985933823365,284.03997787072643,278.16785889819096,283.772216796875,89468000,SPY,equities,1day,data/1day/spy_daily.csv
2020-06-26 00:00:00+00:00,282.6733996882287,282.8857657278593,276.45045766240185,277.0321044921875,127961000,SPY,equities,1day,data/1day/spy_daily.csv
2020-06-29 00:00:00+00:00,278.287747613272,281.2422470855587,275.9979872766672,281.103759765625,79773300,SPY,equities,1day,data/1day/spy_daily.csv
2020-06-30 00:00:00+00:00,280.6699529958901,286.4035844678509,280.5130100144226,284.7047119140625,113394800,SPY,equities,1day,data/1day/spy_daily.csv
2020-07-01 00:00:00+00:00,285.8218083059018,287.9638397462947,285.3601650563241,286.69891357421875,72396500,SPY,equities,1day,data/1day/spy_daily.csv
2020-07-02 00:00:00+00:00,290.1335885242947,291.4816073233506,287.61303399713563,288.2778015136719,69344200,SPY,equities,1day,data/1day/spy_daily.csv
2020-07-06 00:00:00+00:00,292.1001687186121,293.30967187564966,291.35230884827496,292.7279968261719,61713800,SPY,equities,1day,data/1day/spy_daily.csv
2020-07-07 00:00:00+00:00,291.1861571430053,293.16197598302176,289.3303419029436,289.7088928222656,82910000,SPY,equities,1day,data/1day/spy_daily.csv
2020-07-08 00:00:00+00:00,290.47526805974866,292.03562512101786,288.7118149369094,291.9248352050781,54638600,SPY,equities,1day,data/1day/spy_daily.csv
2020-07-09 00:00:00+00:00,292.5340635505369,292.7741270342519,286.8466158684542,290.2627868652344,83354200,SPY,equities,1day,data/1day/spy_daily.csv
2020-07-10 00:00:00+00:00,290.1982140439162,293.49435402565143,288.767131059591,293.2265930175781,57550400,SPY,equities,1day,data/1day/spy_daily.csv
2020-07-13 00:00:00+00:00,295.5718172886501,297.95388491153363,290.0320963106647,290.6876220703125,102997500,SPY,equities,1day,data/1day/spy_daily.csv
2020-07-14 00:00:00+00:00,289.2657551792314,295.2302084419288,288.0654935599894,294.45465087890625,93657000,SPY,equities,1day,data/1day/spy_daily.csv
2020-07-15 00:00:00+00:00,297.6768588380392,298.2585339487308,294.777725167758,297.1598205566406,87196500,SPY,equities,1day,data/1day/spy_daily.csv
2020-07-16 00:00:00+00:00,295.2578352089557,296.6335232521369,294.61152330631586,296.1811218261719,54622500,SPY,equities,1day,data/1day/spy_daily.csv
2020-07-17 00:00:00+00:00,297.18749364064047,297.8245636451662,295.2116468030746,297.0397644042969,62774900,SPY,equities,1day,data/1day/spy_daily.csv
2020-07-20 00:00:00+00:00,296.7719656553359,300.18813689215324,296.02410586279206,299.4402770996094,56308800,SPY,equities,1day,data/1day/spy_daily.csv
2020-07-21 00:00:00+00:00,301.406866255897,301.8500257092292,299.089408300806,300.07733154296875,57292200,SPY,equities,1day,data/1day/spy_daily.csv
2020-07-22 00:00:00+00:00,299.71733865104954,302.099434231955,299.6065487498866,301.7854919433594,57792900,SPY,equities,1day,data/1day/spy_daily.csv
2020-07-23 00:00:00+00:00,301.42540716743423,302.12711406913473,296.8182155953633,298.1846618652344,75738000,SPY,equities,1day,data/1day/spy_daily.csv
2020-07-24 00:00:00+00:00,296.32879697000857,297.2889945895657,294.7591987366895,296.26416015625,73766600,SPY,equities,1day,data/1day/spy_daily.csv
2020-07-27 00:00:00+00:00,296.95666037009426,298.6001093174505,296.1626192778823,298.4246826171875,48293000,SPY,equities,1day,data/1day/spy_daily.csv
2020-07-28 00:00:00+00:00,297.6953657023095,298.81256305317737,296.2365849092078,296.53204345703125,57495000,SPY,equities,1day,data/1day/spy_daily.csv
2020-07-29 00:00:00+00:00,297.40906485580297,300.7421440189425,297.37212550366144,300.1789245605469,48454200,SPY,equities,1day,data/1day/spy_daily.csv
2020-07-30 00:00:00+00:00,297.2059723944225,299.5234309444589,295.1193636875488,299.1079406738281,61861700,SPY,equities,1day,data/1day/spy_daily.csv
2020-07-31 00:00:00+00:00,300.8991548415424,301.57316433195354,296.67972751036586,301.4715881347656,84986800,SPY,equities,1day,data/1day/spy_daily.csv
2020-08-03 00:00:00+00:00,303.13343702102367,304.3336982264849,302.58870135537785,303.5673828125,53077900,SPY,equities,1day,data/1day/spy_daily.csv
2020-08-04 00:00:00+00:00,302.7087180143602,304.7399597167969,302.7087180143602,304.7399597167969,41917900,SPY,equities,1day,data/1day/spy_daily.csv
2020-08-05 00:00:00+00:00,306.04177121558547,306.89120717639355,305.77401024648213,306.6326599121094,42697700,SPY,equities,1day,data/1day/spy_daily.csv
2020-08-06 00:00:00+00:00,306.0510592360944,308.8024353334043,305.7279032834886,308.6824035644531,43679400,SPY,equities,1day,data/1day/spy_daily.csv
2020-08-07 00:00:00+00:00,307.71297454516787,309.1902388250722,306.8081434818142,308.9040222167969,57308300,SPY,equities,1day,data/1day/spy_daily.csv
2020-08-10 00:00:00+00:00,309.35638535667545,310.0119109096436,307.41747799040013,309.8272705078125,44282100,SPY,equities,1day,data/1day/spy_daily.csv
2020-08-11 00:00:00+00:00,311.0091648796552,311.64623502713425,306.54046013928667,307.26983642578125,69601100,SPY,equities,1day,data/1day/spy_daily.csv
2020-08-12 00:00:00+00:00,309.70729014184826,312.3294209653016,309.67959266815404,311.5538635253906,53774400,SPY,equities,1day,data/1day/spy_daily.csv
2020-08-13 00:00:00+00:00,310.78753741033046,312.3017411953798,310.06737487698325,310.9906616210937,41816100,SPY,equities,1day,data/1day/spy_daily.csv
2020-08-14 00:00:00+00:00,310.6029323819641,311.5354611163136,309.8735278815379,310.9999389648437,47260400,SPY,equities,1day,data/1day/spy_daily.csv
2020-08-17 00:00:00+00:00,312.01558200184786,312.384891132188,311.0092026466669,311.9878845214844,35481000,SPY,equities,1day,data/1day/spy_daily.csv
2020-08-18 00:00:00+00:00,312.38480129876183,313.0865081681524,310.7875052531915,312.66180419921875,38733900,SPY,equities,1day,data/1day/spy_daily.csv
2020-08-19 00:00:00+00:00,313.04031505654325,313.5573533060185,310.7967353479484,311.3599548339844,68054200,SPY,equities,1day,data/1day/spy_daily.csv
2020-08-20 00:00:00+00:00,309.6334275776199,312.80953621709097,309.5041820857971,312.3294372558594,42207800,SPY,equities,1day,data/1day/spy_daily.csv
2020-08-21 00:00:00+00:00,311.9970225596553,313.658927181265,311.6553828469121,313.4373474121094,55106600,SPY,equities,1day,data/1day/spy_daily.csv
2020-08-24 00:00:00+00:00,315.8748181437234,316.68731488840734,313.4096586142327,316.61346435546875,48588700,SPY,equities,1day,data/1day/spy_daily.csv
2020-08-25 00:00:00+00:00,317.176730204558,317.8045584997105,316.0133797579977,317.7214660644531,38463400,SPY,equities,1day,data/1day/spy_daily.csv
2020-08-26 00:00:00+00:00,318.3122748541858,321.1744405717904,317.7675391796588,320.9067077636719,50790200,SPY,equities,1day,data/1day/spy_daily.csv
2020-08-27 00:00:00+00:00,321.7746114341692,323.05796511433385,319.94649388256835,321.6083984375,58034100,SPY,equities,1day,data/1day/spy_daily.csv
2020-08-28 00:00:00+00:00,322.6332894034035,323.81509518897934,321.4422417348515,323.6858215332031,48588900,SPY,equities,1day,data/1day/spy_daily.csv
2020-08-31 00:00:00+00:00,323.47343998768525,324.350545281418,322.2823924798507,322.5132141113281,66099200,SPY,equities,1day,data/1day/spy_daily.csv
2020-09-01 00:00:00+00:00,323.3442345333608,325.6524513348711,322.4486452873158,325.5509033203125,54908700,SPY,equities,1day,data/1day/spy_daily.csv
2020-09-02 00:00:00+00:00,327.4621164118237,331.22911386665123,326.3172217084211,330.2596740722656,69540000,SPY,equities,1day,data/1day/spy_daily.csv
2020-09-03 00:00:00+00:00,328.57000776099846,329.04089295769626,316.30876246960275,318.8939819335937,148011100,SPY,equities,1day,data/1day/spy_daily.csv
2020-09-04 00:00:00+00:00,319.5772736024122,321.1468443007785,309.18105492482806,316.2903747558594,139156300,SPY,equities,1day,data/1day/spy_daily.csv
2020-09-08 00:00:00+00:00,310.8797876425356,316.3548979684875,307.3436127666007,307.6482849121094,114465300,SPY,equities,1day,data/1day/spy_daily.csv
2020-09-09 00:00:00+00:00,311.65539056693245,316.1887312996784,310.78749888094603,313.7235717773437,91462300,SPY,equities,1day,data/1day/spy_daily.csv
2020-09-10 00:00:00+00:00,315.5978402401596,316.25336585308577,307.3159581046872,308.27618408203125,90569500,SPY,equities,1day,data/1day/spy_daily.csv
2020-09-11 00:00:00+00:00,310.0581908632135,311.1199650853296,305.607941568055,308.4331970214844,84680200,SPY,equities,1day,data/1day/spy_daily.csv
2020-09-14 00:00:00+00:00,311.5999249612927,314.2682362405836,308.5807885105292,312.4955139160156,65605700,SPY,equities,1day,data/1day/spy_daily.csv
2020-09-15 00:00:00+00:00,314.9515071825437,315.7824594521563,312.50480343116857,314.07440185546875,52920900,SPY,equities,1day,data/1day/spy_daily.csv
2020-09-16 00:00:00+00:00,315.3116463788061,316.7427294770832,312.5510000169259,312.8280029296875,82096000,SPY,equities,1day,data/1day/spy_daily.csv
2020-09-17 00:00:00+00:00,307.97150659133644,311.79392701921023,307.4452264147787,310.0765991210937,91523300,SPY,equities,1day,data/1day/spy_daily.csv
2020-09-18 00:00:00+00:00,310.8820717692347,310.9933051269488,304.02240791405023,306.5067138671875,105877900,SPY,equities,1day,data/1day/spy_daily.csv
2020-09-21 00:00:00+00:00,301.9182622311076,303.2438406391325,298.23813995696975,303.09552001953125,99450800,SPY,equities,1day,data/1day/spy_daily.csv
2020-09-22 00:00:00+00:00,304.57868073084774,306.7385377490843,302.06653750783966,306.1823425292969,63612100,SPY,equities,1day,data/1day/spy_daily.csv
2020-09-23 00:00:00+00:00,306.7384904056228,307.01660211722344,298.58105607201094,299.0816345214844,93112200,SPY,equities,1day,data/1day/spy_daily.csv
2020-09-24 00:00:00+00:00,297.7652958983576,302.937845386202,296.448968406663,299.8788146972656,76681300,SPY,equities,1day,data/1day/spy_daily.csv
2020-09-25 00:00:00+00:00,299.0260243217955,305.51490229744024,298.1546867340451,304.7269897460937,71069400,SPY,equities,1day,data/1day/spy_daily.csv
2020-09-28 00:00:00+00:00,308.8890949296322,310.50203534951567,307.8972169129009,309.78826904296875,64584600,SPY,equities,1day,data/1day/spy_daily.csv
2020-09-29 00:00:00+00:00,309.58440474277614,310.3259795662108,307.4059898011958,308.1012268066406,51304000,SPY,equities,1day,data/1day/spy_daily.csv
2020-09-30 00:00:00+00:00,308.7685789335807,313.5888989589638,308.5739205412977,310.4371643066406,104081100,SPY,equities,1day,data/1day/spy_daily.csv
2020-10-01 00:00:00+00:00,313.03276987437926,314.0060903303923,310.54846318932005,312.43023681640625,88698700,SPY,equities,1day,data/1day/spy_daily.csv
2020-10-02 00:00:00+00:00,307.48007849386664,312.40235285633963,307.0073084094654,309.4638061523437,89431100,SPY,equities,1day,data/1day/spy_daily.csv
2020-10-05 00:00:00+00:00,311.5217221973405,315.1369481213368,311.47538439020013,314.9515686035156,45713100,SPY,equities,1day,data/1day/spy_daily.csv
2020-10-06 00:00:00+00:00,315.0906262164625,317.18561572731545,309.9644141027496,310.4742431640625,90128900,SPY,equities,1day,data/1day/spy_daily.csv
2020-10-07 00:00:00+00:00,313.4313231405762,316.6850408176242,313.40351479672364,315.8785705566406,56999600,SPY,equities,1day,data/1day/spy_daily.csv
2020-10-08 00:00:00+00:00,317.8160134938171,318.74299616214427,316.8982814154723,318.6781005859375,45242500,SPY,equities,1day,data/1day/spy_daily.csv
2020-10-09 00:00:00+00:00,320.3280798824177,321.9873865273389,319.7070174310904,321.5238952636719,59528600,SPY,equities,1day,data/1day/spy_daily.csv
2020-10-12 00:00:00+00:00,324.063844968693,328.1703711128486,323.5725453203997,326.69647216796875,80388500,SPY,equities,1day,data/1day/spy_daily.csv
2020-10-13 00:00:00+00:00,326.55742954167613,326.7335584990035,323.6003527814088,324.5644226074219,73255500,SPY,equities,1day,data/1day/spy_daily.csv
2020-10-14 00:00:00+00:00,325.1391219343617,326.23295452878085,321.7927285846741,322.5250244140625,57727900,SPY,equities,1day,data/1day/spy_daily.csv
2020-10-15 00:00:00+00:00,318.6131625602973,322.6084550653457,318.07552513157503,322.1264343261719,60357700,SPY,equities,1day,data/1day/spy_daily.csv
2020-10-16 00:00:00+00:00,323.4797769752981,325.13908342610574,321.7556032550044,321.9317321777344,89501900,SPY,equities,1day,data/1day/spy_daily.csv
2020-10-19 00:00:00+00:00,323.1923793228003,323.8227205092484,316.138057465811,317.0372314453125,68425600,SPY,equities,1day,data/1day/spy_daily.csv
2020-10-20 00:00:00+00:00,318.381366603576,321.55165885307974,317.6212625367953,318.3072204589844,60051900,SPY,equities,1day,data/1day/spy_daily.csv
2020-10-21 00:00:00+00:00,318.26087876428136,320.43004263717467,317.39879185718223,317.7047119140625,63575000,SPY,equities,1day,data/1day/spy_daily.csv
2020-10-22 00:00:00+00:00,317.91790278181213,320.0314217004003,315.77657552045014,319.4474182128906,55399300,SPY,equities,1day,data/1day/spy_daily.csv
2020-10-23 00:00:00+00:00,320.6710241280496,320.7266408105194,318.0754846485953,320.531982421875,49143900,SPY,equities,1day,data/1day/spy_daily.csv
2020-10-26 00:00:00+00:00,317.14853512100905,317.9364759234132,311.1138698437013,314.6086120605469,91473000,SPY,equities,1day,data/1day/spy_daily.csv
2020-10-27 00:00:00+00:00,314.9516089389828,315.285309087353,313.31083167503937,313.5240478515625,65994100,SPY,equities,1day,data/1day/spy_daily.csv
2020-10-28 00:00:00+00:00,307.8509855863759,313.5519240012724,302.31689728174496,302.8081970214844,127094300,SPY,equities,1day,data/1day/spy_daily.csv
2020-10-29 00:00:00+00:00,303.0398684553781,309.0559761451705,301.35275342695843,305.8857116699219,90597700,SPY,equities,1day,data/1day/spy_daily.csv
2020-10-30 00:00:00+00:00,304.30987072993145,305.61691969344054,299.0446159372506,302.6969299316406,120287300,SPY,equities,1day,data/1day/spy_daily.csv
2020-11-02 00:00:00+00:00,306.089599609375,308.0918566976093,303.34571133877967,306.089599609375,86068300,SPY,equities,1day,data/1day/spy_daily.csv
2020-11-03 00:00:00+00:00,309.3248216610703,313.55185999385526,306.173086523715,311.49395751953125,93294200,SPY,equities,1day,data/1day/spy_daily.csv
2020-11-04 00:00:00+00:00,315.9712924400372,322.5343454427772,314.79403465889675,318.45562744140625,126959700,SPY,equities,1day,data/1day/spy_daily.csv
2020-11-05 00:00:00+00:00,323.7393687910326,326.4739785623512,323.3871109043666,324.6663513183594,82039700,SPY,equities,1day,data/1day/spy_daily.csv
2020-11-06 00:00:00+00:00,324.37891645062587,325.8435643582199,322.2653978925801,324.5921325683594,74973000,SPY,equities,1day,data/1day/spy_daily.csv
2020-11-09 00:00:00+00:00,337.3938694274252,337.7739357009492,328.20746815703154,328.67095947265625,172304200,SPY,equities,1day,data/1day/spy_daily.csv
2020-11-10 00:00:00+00:00,327.6791073823705,329.24571041717456,324.9167170262264,328.18896484375,85552000,SPY,equities,1day,data/1day/spy_daily.csv
2020-11-11 00:00:00+00:00,330.37649720254603,331.45180010151614,329.13434427337086,330.6268005371094,58649000,SPY,equities,1day,data/1day/spy_daily.csv
2020-11-12 00:00:00+00:00,329.6164079973696,330.67318157201504,325.6118653025927,327.4194641113281,67546200,SPY,equities,1day,data/1day/spy_daily.csv
2020-11-13 00:00:00+00:00,329.32901662727664,332.69396715892105,328.809908762868,331.952392578125,62892200,SPY,equities,1day,data/1day/spy_daily.csv
2020-11-16 00:00:00+00:00,334.622140095063,336.2906972148393,333.33362089104185,336.0960388183594,74541100,SPY,equities,1day,data/1day/spy_daily.csv
2020-11-17 00:00:00+00:00,333.685888669106,335.4935158436268,332.174902681352,334.2884216308594,66111000,SPY,equities,1day,data/1day/spy_daily.csv
2020-11-18 00:00:00+00:00,334.55722235747817,335.10413858036725,330.22820208953993,330.2652893066406,70591300,SPY,equities,1day,data/1day/spy_daily.csv
2020-11-19 00:00:00+00:00,329.6350378724161,332.0266406757399,328.29090170656616,331.6558532714844,59940900,SPY,equities,1day,data/1day/spy_daily.csv
2020-11-20 00:00:00+00:00,331.3962999206507,331.6002372367879,329.3105889421292,329.3847351074219,70417300,SPY,equities,1day,data/1day/spy_daily.csv
2020-11-23 00:00:00+00:00,331.1923723183577,332.61993357318823,328.958340654461,331.3592224121094,63230600,SPY,equities,1day,data/1day/spy_daily.csv
2020-11-24 00:00:00+00:00,333.9083515604822,337.2454941499389,333.05554351994675,336.6985778808594,62415900,SPY,equities,1day,data/1day/spy_daily.csv
2020-11-25 00:00:00+00:00,336.6150956654206,336.64290400355594,335.0855804894668,336.1794128417969,45330900,SPY,equities,1day,data/1day/spy_daily.csv
2020-11-27 00:00:00+00:00,337.2732938319882,337.5884644727242,336.1052868833564,337.11572265625,28514100,SPY,equities,1day,data/1day/spy_daily.csv
2020-11-30 00:00:00+00:00,336.33708795881,336.6059208367198,332.9443565005629,335.6233215332031,83872700,SPY,equities,1day,data/1day/spy_daily.csv
2020-12-01 00:00:00+00:00,338.8770642217867,340.8329840925718,338.2837817293062,339.294189453125,74231400,SPY,equities,1day,data/1day/spy_daily.csv
2020-12-02 00:00:00+00:00,338.1818385379717,340.16556682393974,337.60711378492744,340.00799560546875,45927000,SPY,equities,1day,data/1day/spy_daily.csv
2020-12-03 00:00:00+00:00,339.90594329021474,341.3056959465208,338.81211070717654,339.91522216796875,62882000,SPY,equities,1day,data/1day/spy_daily.csv
2020-12-04 00:00:00+00:00,340.49915721669635,342.84442138671875,340.4064533255807,342.84442138671875,50749900,SPY,equities,1day,data/1day/spy_daily.csv
2020-12-07 00:00:00+00:00,342.0750580514984,342.6312531867265,340.8699921662204,342.13995361328125,48944300,SPY,equities,1day,data/1day/spy_daily.csv
2020-12-08 00:00:00+00:00,340.87005554580287,343.7066201446968,340.82371772977626,343.14117431640625,42458900,SPY,equities,1day,data/1day/spy_daily.csv
2020-12-09 00:00:00+00:00,343.79939937232746,343.95697061274456,339.2293807718933,340.06365966796875,74098300,SPY,equities,1day,data/1day/spy_daily.csv
2020-12-10 00:00:00+00:00,338.6916205245105,340.99979809475724,337.82025463669373,339.95233154296875,57735400,SPY,equities,1day,data/1day/spy_daily.csv
2020-12-11 00:00:00+00:00,338.255910570185,339.9615549854479,336.7356739717107,339.5536804199219,57698600,SPY,equities,1day,data/1day/spy_daily.csv
2020-12-14 00:00:00+00:00,341.7227861576118,342.7980607861549,337.8572573213051,338.03338623046875,69216200,SPY,equities,1day,data/1day/spy_daily.csv
2020-12-15 00:00:00+00:00,340.5733910132798,342.6034851074219,339.2014749129828,342.6034851074219,63865300,SPY,equities,1day,data/1day/spy_daily.csv
2020-12-16 00:00:00+00:00,342.81672473642504,344.0588780721469,341.93607991779965,343.14117431640625,58420500,SPY,equities,1day,data/1day/spy_daily.csv
2020-12-17 00:00:00+00:00,344.7818226124563,345.26384325744056,343.9567947299327,345.0599060058594,64119500,SPY,equities,1day,data/1day/spy_daily.csv
2020-12-18 00:00:00+00:00,345.3485390064458,345.5161002847388,341.67133885477017,343.6821594238281,136542300,SPY,equities,1day,data/1day/spy_daily.csv
2020-12-21 00:00:00+00:00,339.7629543638441,352.3212438699424,337.0260063626711,342.4533386230469,96386700,SPY,equities,1day,data/1day/spy_daily.csv
2020-12-22 00:00:00+00:00,342.7791972943252,342.8909048278069,340.7497680098052,341.8761901855469,47949000,SPY,equities,1day,data/1day/spy_daily.csv
2020-12-23 00:00:00+00:00,342.84430466406303,344.0917525684816,341.8575170917641,342.183349609375,46201400,SPY,equities,1day,data/1day/spy_daily.csv
2020-12-24 00:00:00+00:00,342.6581766510882,343.5425753213041,342.0717120912017,343.5146484375,26457900,SPY,equities,1day,data/1day/spy_daily.csv
2020-12-28 00:00:00+00:00,346.0653750550092,346.85667458893,345.4416652223988,346.4656982421875,39000400,SPY,equities,1day,data/1day/spy_daily.csv
2020-12-29 00:00:00+00:00,347.9923570664862,348.1692367590177,345.21816415032754,345.8046569824219,53680500,SPY,equities,1day,data/1day/spy_daily.csv
2020-12-30 00:00:00+00:00,346.6239282532309,347.3314471151924,345.90711937087656,346.298095703125,49455300,SPY,equities,1day,data/1day/spy_daily.csv
2020-12-31 00:00:00+00:00,346.10265005654054,348.7837445893019,345.5906477076508,348.0576171875,78520700,SPY,equities,1day,data/1day/spy_daily.csv
2021-01-04 00:00:00+00:00,349.38880113928235,349.5191455225328,339.6233135802176,343.3191223144531,110210800,SPY,equities,1day,data/1day/spy_daily.csv
2021-01-05 00:00:00+00:00,342.6767868774276,346.7728905061342,342.6302231348059,345.6836853027344,66426200,SPY,equities,1day,data/1day/spy_daily.csv
2021-01-06 00:00:00+00:00,344.17558324644114,350.9434912559952,343.62633562425066,347.7503662109375,107997700,SPY,equities,1day,data/1day/spy_daily.csv
2021-01-07 00:00:00+00:00,350.12425147477427,353.66178899148537,349.9473717579539,352.91705322265625,68766800,SPY,equities,1day,data/1day/spy_daily.csv
2021-01-08 00:00:00+00:00,354.3041791798379,355.14201412513074,351.0552285052697,354.92791748046875,71677200,SPY,equities,1day,data/1day/spy_daily.csv
2021-01-11 00:00:00+00:00,351.7532974365892,354.29472820622965,351.6322715123508,352.5352783203125,51034700,SPY,equities,1day,data/1day/spy_daily.csv
2021-01-12 00:00:00+00:00,352.72153817176564,353.6245167279708,350.3662482704432,352.6098022460937,52547700,SPY,equities,1day,data/1day/spy_daily.csv
2021-01-13 00:00:00+00:00,352.5354151126377,354.55552607698144,351.7534339254866,353.5594482421875,45303600,SPY,equities,1day,data/1day/spy_daily.csv
2021-01-14 00:00:00+00:00,354.3041217359534,354.8068339855644,351.9861054675014,352.3212280273437,49989100,SPY,equities,1day,data/1day/spy_daily.csv
2021-01-15 00:00:00+00:00,350.7014344796534,351.5020240301078,347.8900242126763,349.7518920898437,107160000,SPY,equities,1day,data/1day/spy_daily.csv
2021-01-19 00:00:00+00:00,352.2094901876076,353.0380349056388,350.72930885602966,352.4980773925781,51233300,SPY,equities,1day,data/1day/spy_daily.csv
2021-01-20 00:00:00+00:00,354.78819724418975,358.21405551285824,354.397220924243,357.376220703125,61836100,SPY,equities,1day,data/1day/spy_daily.csv
2021-01-21 00:00:00+00:00,357.934790375537,358.36304045364824,356.7804413524632,357.7020568847656,47840100,SPY,equities,1day,data/1day/spy_daily.csv
2021-01-22 00:00:00+00:00,355.8495421566286,357.59970272379945,355.46785578529006,356.43603515625,52860500,SPY,equities,1day,data/1day/spy_daily.csv
2021-01-25 00:00:00+00:00,357.1714012989788,358.19540580199936,352.3212155048195,357.8416748046875,70402000,SPY,equities,1day,data/1day/spy_daily.csv
2021-01-26 00:00:00+00:00,358.79118922289314,359.20080235621367,357.0503476112028,357.2830810546875,42665300,SPY,equities,1day,data/1day/spy_daily.csv
2021-01-27 00:00:00+00:00,353.95965704196203,354.0527561056327,346.3166983590229,348.5509338378906,123351100,SPY,equities,1day,data/1day/spy_daily.csv
2021-01-28 00:00:00+00:00,350.3661884679812,355.551495917981,349.9286769089569,351.5484924316406,94198100,SPY,equities,1day,data/1day/spy_daily.csv
2021-01-29 00:00:00+00:00,349.6867018282273,350.6548810290884,342.83501362114134,344.5107116699219,126765100,SPY,equities,1day,data/1day/spy_daily.csv
2021-02-01 00:00:00+00:00,347.9086469202224,351.27862337041176,344.7993308471236,350.24530029296875,75817600,SPY,equities,1day,data/1day/spy_daily.csv
2021-02-02 00:00:00+00:00,353.4291069607294,356.75254834286187,350.32910906965094,355.1978759765625,64450700,SPY,equities,1day,data/1day/spy_daily.csv
2021-02-03 00:00:00+00:00,356.0263594026921,357.19934519602856,354.20173693182824,355.47711181640625,52427100,SPY,equities,1day,data/1day/spy_daily.csv
2021-02-04 00:00:00+00:00,356.5104983071963,359.56396087599126,355.5888826824537,359.5174255371094,47142600,SPY,equities,1day,data/1day/spy_daily.csv
2021-02-05 00:00:00+00:00,361.3885805309923,361.6399224767463,359.47085881489795,360.9324035644531,48669800,SPY,equities,1day,data/1day/spy_daily.csv
2021-02-08 00:00:00+00:00,362.38465454642807,363.5855673167599,361.5282112076279,363.5390319824219,38365200,SPY,equities,1day,data/1day/spy_daily.csv
2021-02-09 00:00:00+00:00,362.7011552001997,363.892777905269,362.29157040764335,363.2969665527344,35551100,SPY,equities,1day,data/1day/spy_daily.csv
2021-02-10 00:00:00+00:00,365.03775424929336,365.1867070653073,360.7368446725787,363.1386413574219,59154400,SPY,equities,1day,data/1day/spy_daily.csv
2021-02-11 00:00:00+00:00,364.21864417530406,364.6375758796247,361.2955259066719,363.7252502441406,42913300,SPY,equities,1day,data/1day/spy_daily.csv
2021-02-12 00:00:00+00:00,362.9245980037026,365.7639351240039,362.8501073798465,365.52191162109375,50593300,SPY,equities,1day,data/1day/spy_daily.csv
2021-02-16 00:00:00+00:00,366.7507370926893,366.9462536805359,364.4885743748941,365.2053833007813,50972400,SPY,equities,1day,data/1day/spy_daily.csv
2021-02-17 00:00:00+00:00,363.45530428971625,365.5405875852445,362.44056111873977,365.2892456054688,52290600,SPY,equities,1day,data/1day/spy_daily.csv
2021-02-18 00:00:00+00:00,362.6825067811136,364.4792022514831,360.96027351668073,363.7344665527344,59712800,SPY,equities,1day,data/1day/spy_daily.csv
2021-02-19 00:00:00+00:00,364.99130695342166,365.2798942259746,362.645335047699,363.0921936035156,83241000,SPY,equities,1day,data/1day/spy_daily.csv
2021-02-22 00:00:00+00:00,360.3272738044918,362.71046232062,360.02936813751376,360.2993469238281,67414200,SPY,equities,1day,data/1day/spy_daily.csv
2021-02-23 00:00:00+00:00,358.0930892269746,362.0868041909318,353.9411313866223,360.7369384765625,107284100,SPY,equities,1day,data/1day/spy_daily.csv
2021-02-24 00:00:00+00:00,359.6477223454717,365.1402557134538,358.6609345710552,364.7120056152344,72433900,SPY,equities,1day,data/1day/spy_daily.csv
2021-02-25 00:00:00+00:00,363.4459432788632,364.8144173836967,354.4810443890207,355.9239807128906,146670500,SPY,equities,1day,data/1day/spy_daily.csv
2021-02-26 00:00:00+00:00,357.8044418312601,358.9494723193458,352.1071310412466,354.0899963378906,152701600,SPY,equities,1day,data/1day/spy_daily.csv
2021-03-01 00:00:00+00:00,358.9588307931296,363.92072482785227,354.2855524299561,362.6732482910156,105348800,SPY,equities,1day,data/1day/spy_daily.csv
2021-03-02 00:00:00+00:00,362.8966935413863,363.12942703807903,359.34051889355743,359.8432312011719,79595300,SPY,equities,1day,data/1day/spy_daily.csv
2021-03-03 00:00:00+00:00,359.1450818527897,360.11323288180216,354.9744867706238,355.076904296875,119940200,SPY,equities,1day,data/1day/spy_daily.csv
2021-03-04 00:00:00+00:00,354.89061115902405,357.4786061819684,346.19569221992555,350.68280029296875,183433000,SPY,equities,1day,data/1day/spy_daily.csv
2021-03-05 00:00:00+00:00,354.18320354797186,358.1862374930648,346.9033199879318,357.13427734375,152039600,SPY,equities,1day,data/1day/spy_daily.csv
2021-03-08 00:00:00+00:00,358.0931192185623,360.9045300115116,355.0769017844145,355.3561706542969,123149200,SPY,equities,1day,data/1day/spy_daily.csv
2021-03-09 00:00:00+00:00,359.2008783576128,362.9804680067196,358.69816605856334,360.4297180175781,113633600,SPY,equities,1day,data/1day/spy_daily.csv
2021-03-10 00:00:00+00:00,362.7756658021816,364.3675549570112,361.3606563767608,362.6732482910156,109899400,SPY,equities,1day,data/1day/spy_daily.csv
2021-03-11 00:00:00+00:00,365.14010892092347,368.3238860347193,364.683932122285,366.3503112792969,86245000,SPY,equities,1day,data/1day/spy_daily.csv
2021-03-12 00:00:00+00:00,364.9913223888349,366.9835064968317,364.1814143051709,366.8438720703125,64653600,SPY,equities,1day,data/1day/spy_daily.csv
2021-03-15 00:00:00+00:00,367.09516616349055,369.29218502366257,364.9540294764912,369.0315246582031,73427200,SPY,equities,1day,data/1day/spy_daily.csv
2021-03-16 00:00:00+00:00,369.64592676134737,370.3534171995116,367.7933490003447,368.5660400390625,73722500,SPY,equities,1day,data/1day/spy_daily.csv
2021-03-17 00:00:00+00:00,367.28135513431295,370.6234044689322,366.1362961951031,369.8228149414063,97959300,SPY,equities,1day,data/1day/spy_daily.csv
2021-03-18 00:00:00+00:00,367.23478757465904,369.3200702632121,363.76239416037566,364.4419860839844,115349100,SPY,equities,1day,data/1day/spy_daily.csv
2021-03-19 00:00:00+00:00,364.1412265877475,365.7196598344972,361.5914432269456,363.76763916015625,113624500,SPY,equities,1day,data/1day/spy_daily.csv
2021-03-22 00:00:00+00:00,364.28139952570655,368.0546989422797,364.2253628242193,366.6723937988281,73778600,SPY,equities,1day,data/1day/spy_daily.csv
2021-03-23 00:00:00+00:00,366.0372793939017,367.4849416365864,363.0018346568089,363.786376953125,90686600,SPY,equities,1day,data/1day/spy_daily.csv
2021-03-24 00:00:00+00:00,365.1874361477227,366.8219067698672,361.8904765471702,361.9371643066406,97588600,SPY,equities,1day,data/1day/spy_daily.csv
2021-03-25 00:00:00+00:00,360.4987270317707,364.76700718739,358.55602665416086,363.97314453125,116128600,SPY,equities,1day,data/1day/spy_daily.csv
2021-03-26 00:00:00+00:00,365.1219613549917,370.2401983720078,364.5242270663124,369.8385925292969,114409100,SPY,equities,1day,data/1day/spy_daily.csv
2021-03-29 00:00:00+00:00,368.3628933197625,370.5577590931056,366.877863754709,369.65179443359375,108107600,SPY,equities,1day,data/1day/spy_daily.csv
2021-03-30 00:00:00+00:00,368.3815491232856,369.3435503732095,367.07395025683695,368.6710815429688,76262200,SPY,equities,1day,data/1day/spy_daily.csv
2021-03-31 00:00:00+00:00,369.2408018270159,371.7251997987825,369.21278347970974,370.1654357910156,112734200,SPY,equities,1day,data/1day/spy_daily.csv
2021-04-01 00:00:00+00:00,372.0987781059756,374.2189375105821,371.893300729822,374.1628723144531,99682900,SPY,equities,1day,data/1day/spy_daily.csv
2021-04-05 00:00:00+00:00,376.8247498461712,380.0750207457854,376.7500437520767,379.5332946777344,91684800,SPY,equities,1day,data/1day/spy_daily.csv
2021-04-06 00:00:00+00:00,378.9729228929124,380.3551993878055,378.6366742165215,379.3091430664063,62021000,SPY,equities,1day,data/1day/spy_daily.csv
2021-04-07 00:00:00+00:00,379.1410247193097,380.0936770263506,378.68338221439245,379.74810791015625,55836300,SPY,equities,1day,data/1day/spy_daily.csv
2021-04-08 00:00:00+00:00,380.9997041454603,381.606787435984,380.0657210822236,381.5507507324219,57863100,SPY,equities,1day,data/1day/spy_daily.csv
2021-04-09 00:00:00+00:00,381.429291282708,384.4927540631885,381.30786894490393,384.3246154785156,61104600,SPY,equities,1day,data/1day/spy_daily.csv
2021-04-12 00:00:00+00:00,383.7268976917543,384.7355867285504,383.11981447960585,384.4647521972656,56704900,SPY,equities,1day,data/1day/spy_daily.csv
2021-04-13 00:00:00+00:00,384.3620630681728,386.2300292636302,383.9791265777558,385.604248046875,56551000,SPY,equities,1day,data/1day/spy_daily.csv
2021-04-14 00:00:00+00:00,385.57622623649513,386.6316316879288,383.74562736217496,384.287353515625,61659900,SPY,equities,1day,data/1day/spy_daily.csv
2021-04-15 00:00:00+00:00,386.4261388821726,388.6863904096903,386.3794511307246,388.41552734375,60229800,SPY,equities,1day,data/1day/spy_daily.csv
2021-04-16 00:00:00+00:00,389.7044877170517,390.32092004547286,388.2848435231427,389.7138366699219,82037300,SPY,equities,1day,data/1day/spy_daily.csv
2021-04-19 00:00:00+00:00,388.7797715143714,389.2280651111477,386.4728323712962,387.799072265625,78498500,SPY,equities,1day,data/1day/spy_daily.csv
2021-04-20 00:00:00+00:00,386.5849297445035,387.6870229087903,383.4840991609738,384.9598083496094,81851800,SPY,equities,1day,data/1day/spy_daily.csv
2021-04-21 00:00:00+00:00,384.343304744254,388.80774177837327,384.20318450969165,388.6022644042969,66793000,SPY,equities,1day,data/1day/spy_daily.csv
2021-04-22 00:00:00+00:00,388.4341732421304,389.26540322576255,383.9884053881031,385.0531311035156,97582800,SPY,equities,1day,data/1day/spy_daily.csv
2021-04-23 00:00:00+00:00,385.6135482901479,390.63838128168265,385.53884219304297,389.2280578613281,73209200,SPY,equities,1day,data/1day/spy_daily.csv
2021-04-26 00:00:00+00:00,389.8818882565418,390.61039389838606,389.2934743721866,390.0406494140625,52182400,SPY,equities,1day,data/1day/spy_daily.csv
2021-04-27 00:00:00+00:00,390.3394793906885,390.53563632822335,388.8170826531687,389.95654296875,51303100,SPY,equities,1day,data/1day/spy_daily.csv
2021-04-28 00:00:00+00:00,390.22741885643023,391.3482098113674,389.37749094113417,389.844482421875,51238900,SPY,equities,1day,data/1day/spy_daily.csv
2021-04-29 00:00:00+00:00,392.5717326349584,392.94532012603673,388.9478741154117,392.3288879394531,78544300,SPY,equities,1day,data/1day/spy_daily.csv
2021-04-30 00:00:00+00:00,390.05926790428015,390.909195730544,388.8544220293682,389.75103759765625,85527000,SPY,equities,1day,data/1day/spy_daily.csv
2021-05-03 00:00:00+00:00,391.740486180178,392.1234226337819,390.09669546817264,390.5917053222656,68128300,SPY,equities,1day,data/1day/spy_daily.csv
2021-05-04 00:00:00+00:00,388.6022800331591,389.0972898402204,384.49276088924864,388.1819763183594,101591200,SPY,equities,1day,data/1day/spy_daily.csv
2021-05-05 00:00:00+00:00,389.8257412338787,390.0592369312489,387.7429493522956,388.3033447265625,60162200,SPY,equities,1day,data/1day/spy_daily.csv
2021-05-06 00:00:00+00:00,388.3781723084249,391.5350396849246,386.3701143834206,391.404296875,74321400,SPY,equities,1day,data/1day/spy_daily.csv
2021-05-07 00:00:00+00:00,392.1701049666309,394.9066681025146,391.4882871687611,394.25286865234375,67733800,SPY,equities,1day,data/1day/spy_daily.csv
2021-05-10 00:00:00+00:00,394.60777566622943,394.8319224415391,390.2273935803773,390.3488159179688,81852400,SPY,equities,1day,data/1day/spy_daily.csv
2021-05-11 00:00:00+00:00,385.8283439259152,387.8550708690353,382.9890279126543,386.8650512695313,116888000,SPY,equities,1day,data/1day/spy_daily.csv
2021-05-12 00:00:00+00:00,384.08181415543856,385.3520172707222,377.3291072473696,378.6460266113281,134811000,SPY,equities,1day,data/1day/spy_daily.csv
2021-05-13 00:00:00+00:00,380.1965023474464,385.1279319103437,380.1497860913207,383.194580078125,106394000,SPY,equities,1day,data/1day/spy_daily.csv
2021-05-14 00:00:00+00:00,385.9311255020592,389.9285717889335,385.90310715086446,389.0786437988281,82201600,SPY,equities,1day,data/1day/spy_daily.csv
2021-05-17 00:00:00+00:00,387.9671376698497,388.9011204907853,386.0711251805724,388.0885314941406,65129200,SPY,equities,1day,data/1day/spy_daily.csv
2021-05-18 00:00:00+00:00,388.3500945443385,388.5929392293489,384.5861444411635,384.7449340820313,59810200,SPY,equities,1day,data/1day/spy_daily.csv
2021-05-19 00:00:00+00:00,380.0563698240923,383.9136956201269,378.57131179138,383.7362365722656,106467100,SPY,equities,1day,data/1day/spy_daily.csv
2021-05-20 00:00:00+00:00,384.6142002311314,389.1253542262279,384.4928063797059,387.8644714355469,78022200,SPY,equities,1day,data/1day/spy_daily.csv
2021-05-21 00:00:00+00:00,389.3494858539395,390.5916991966437,387.0892629717918,387.5469055175781,76578700,SPY,equities,1day,data/1day/spy_daily.csv
2021-05-24 00:00:00+00:00,389.7884757512618,392.5717554519268,389.545631041642,391.4976806640625,51376700,SPY,equities,1day,data/1day/spy_daily.csv
2021-05-25 00:00:00+00:00,392.5810186375285,392.9359366989268,390.0499329669356,390.6289978027344,57451400,SPY,equities,1day,data/1day/spy_daily.csv
2021-05-26 00:00:00+00:00,391.2174888575059,391.9086272170112,390.180781318248,391.404296875,43088600,SPY,equities,1day,data/1day/spy_daily.csv
2021-05-27 00:00:00+00:00,392.4316202322079,392.9452994425397,391.3294987126263,391.6097106933594,56707700,SPY,equities,1day,data/1day/spy_daily.csv
2021-05-28 00:00:00+00:00,393.1788390804018,393.4403531898839,392.07674594064906,392.3102416992188,58520200,SPY,equities,1day,data/1day/spy_daily.csv
2021-06-01 00:00:00+00:00,394.67320566118025,394.81329741149153,391.525687491623,391.9646606445313,54216600,SPY,equities,1day,data/1day/spy_daily.csv
2021-06-02 00:00:00+00:00,392.6184219876301,393.4216621744855,391.60973290730567,392.5810546875,49097100,SPY,equities,1day,data/1day/spy_daily.csv
2021-06-03 00:00:00+00:00,390.26480554943856,392.2635143648258,388.7984453863478,391.1240539550781,58138800,SPY,equities,1day,data/1day/spy_daily.csv
2021-06-04 00:00:00+00:00,392.9733282256469,395.0000837788047,391.1894173616605,394.7012023925781,55938800,SPY,equities,1day,data/1day/spy_daily.csv
2021-06-07 00:00:00+00:00,394.6918553053636,394.8693143478423,393.3842848630719,394.3182678222656,51555000,SPY,equities,1day,data/1day/spy_daily.csv
2021-06-08 00:00:00+00:00,395.1774759507784,395.27087993776814,392.57168428200526,394.40228271484375,47134300,SPY,equities,1day,data/1day/spy_daily.csv
2021-06-09 00:00:00+00:00,395.2429578336774,395.317692442625,393.58981802271103,393.81396484375,48436300,SPY,equities,1day,data/1day/spy_daily.csv
2021-06-10 00:00:00+00:00,395.0374784616624,396.5972427580908,393.720558888761,395.6445617675781,51020100,SPY,equities,1day,data/1day/spy_daily.csv
2021-06-11 00:00:00+00:00,396.195554371816,396.4103521952226,394.90665341979326,396.29827880859375,45570800,SPY,equities,1day,data/1day/spy_daily.csv
2021-06-14 00:00:00+00:00,396.4103860815458,397.2883323557152,395.1682012696967,397.18560791015625,42358500,SPY,equities,1day,data/1day/spy_daily.csv
2021-06-15 00:00:00+00:00,397.3350079519186,397.3723467449024,395.5791155832376,396.4570617675781,51508500,SPY,equities,1day,data/1day/spy_daily.csv
2021-06-16 00:00:00+00:00,396.5971548550764,396.82130162532735,392.1981034715285,394.2434997558594,80386100,SPY,equities,1day,data/1day/spy_daily.csv
2021-06-17 00:00:00+00:00,393.832609480347,395.0934636810587,391.6377438115296,394.11279296875,90949700,SPY,equities,1day,data/1day/spy_daily.csv
2021-06-18 00:00:00+00:00,390.82940868218697,391.5228080642645,388.5899013988071,388.7960510253906,118676300,SPY,equities,1day,data/1day/spy_daily.csv
2021-06-21 00:00:00+00:00,390.5576558078238,394.5494491775668,389.74243684552914,394.3620300292969,72822000,SPY,equities,1day,data/1day/spy_daily.csv
2021-06-22 00:00:00+00:00,394.352679752593,397.3043454678535,393.6311417670724,396.4703674316406,57700300,SPY,equities,1day,data/1day/spy_daily.csv
2021-06-23 00:00:00+00:00,396.5453114225933,397.3511507786434,395.9081321276498,395.9924621582031,49445400,SPY,equities,1day,data/1day/spy_daily.csv
2021-06-24 00:00:00+00:00,398.13831292432985,398.756733186704,397.88529422084855,398.3350830078125,45110300,SPY,equities,1day,data/1day/spy_daily.csv
2021-06-25 00:00:00+00:00,399.0846801731096,400.1997582443463,398.75671098813206,399.7499694824219,58129500,SPY,equities,1day,data/1day/spy_daily.csv
2021-06-28 00:00:00+00:00,400.274777553691,400.72453776466034,399.07536933086,400.5558776855469,53159600,SPY,equities,1day,data/1day/spy_daily.csv
2021-06-29 00:00:00+00:00,400.9400528954754,401.57723223614346,400.237273994288,400.7713928222656,35970500,SPY,equities,1day,data/1day/spy_daily.csv
2021-06-30 00:00:00+00:00,400.3122456149289,401.78340305544015,400.2841356012442,401.1087341308594,64827900,SPY,equities,1day,data/1day/spy_daily.csv
2021-07-01 00:00:00+00:00,401.8677812471256,403.4888684869052,401.8021816752853,403.3295593261719,53441000,SPY,equities,1day,data/1day/spy_daily.csv
2021-07-02 00:00:00+00:00,404.49143596219454,406.7684327334074,403.4138187727541,406.412353515625,57697700,SPY,equities,1day,data/1day/spy_daily.csv
2021-07-06 00:00:00+00:00,406.4686076794865,406.6841368547064,402.9359824093808,405.672119140625,68710400,SPY,equities,1day,data/1day/spy_daily.csv
2021-07-07 00:00:00+00:00,406.35615449938257,407.38690265779184,404.3415272693066,407.1057739257813,63549500,SPY,equities,1day,data/1day/spy_daily.csv
2021-07-08 00:00:00+00:00,401.7834199082824,404.5476952865336,400.60274209170535,403.7886962890625,97595200,SPY,equities,1day,data/1day/spy_daily.csv
2021-07-09 00:00:00+00:00,405.2972933549247,408.3988887478352,403.59187628680496,408.0990295410156,76238600,SPY,equities,1day,data/1day/spy_daily.csv
2021-07-12 00:00:00+00:00,408.01468314938586,409.8138097220538,407.583653429449,409.560791015625,52889600,SPY,equities,1day,data/1day/spy_daily.csv
2021-07-13 00:00:00+00:00,408.7736811446095,410.2729485190576,407.9022421705888,408.1646118164063,52911300,SPY,equities,1day,data/1day/spy_daily.csv
2021-07-14 00:00:00+00:00,409.8606803722424,410.34795874869207,407.5274633950544,408.7737121582031,64130400,SPY,equities,1day,data/1day/spy_daily.csv
2021-07-15 00:00:00+00:00,407.43375298751454,408.10842192602513,405.4753457373174,407.3775329589844,55126400,SPY,equities,1day,data/1day/spy_daily.csv
2021-07-16 00:00:00+00:00,408.5582649361013,408.6051054340391,403.7887412422356,404.1822814941406,75874700,SPY,equities,1day,data/1day/spy_daily.csv
2021-07-19 00:00:00+00:00,399.3564143570752,404.24775614946304,395.4021110031052,398.2132263183594,147987000,SPY,equities,1day,data/1day/spy_daily.csv
2021-07-20 00:00:00+00:00,398.87849813382,405.1941563775408,398.0820097768181,403.9197692871094,99608200,SPY,equities,1day,data/1day/spy_daily.csv
2021-07-21 00:00:00+00:00,405.1192467876088,407.33067265477706,403.8729980876093,407.1900939941406,64724400,SPY,equities,1day,data/1day/spy_daily.csv
2021-07-22 00:00:00+00:00,407.3681472338477,408.28645534613815,406.3842681533673,408.0428161621094,47878500,SPY,equities,1day,data/1day/spy_daily.csv
2021-07-23 00:00:00+00:00,409.9731072389194,412.5780733348413,409.2890873803712,412.2407531738281,63766600,SPY,equities,1day,data/1day/spy_daily.csv
2021-07-26 00:00:00+00:00,411.65041860813767,413.2621261186514,411.60357811733337,413.2527465820313,43719200,SPY,equities,1day,data/1day/spy_daily.csv
2021-07-27 00:00:00+00:00,412.2126221686252,412.24073218061153,408.539418557589,411.3692932128906,67397100,SPY,equities,1day,data/1day/spy_daily.csv
2021-07-28 00:00:00+00:00,411.9970804846023,412.5780397787504,409.7763038167769,411.2005920410156,52472400,SPY,equities,1day,data/1day/spy_daily.csv
2021-07-29 00:00:00+00:00,412.1282460330738,413.98356380892966,412.1188664980787,412.9059753417969,47435300,SPY,equities,1day,data/1day/spy_daily.csv
2021-07-30 00:00:00+00:00,410.338588975124,412.35321630587856,410.20738984106623,410.90081787109375,68951200,SPY,equities,1day,data/1day/spy_daily.csv
2021-08-02 00:00:00+00:00,412.6155830148607,413.1684323698136,409.68264755521176,410.0387268066406,58783300,SPY,equities,1day,data/1day/spy_daily.csv
2021-08-03 00:00:00+00:00,410.8352061543172,413.49639234731455,408.642539261414,413.3745727539063,58053900,SPY,equities,1day,data/1day/spy_daily.csv
2021-08-04 00:00:00+00:00,412.0908364864167,413.34646478534535,411.1069573898092,411.3412170410156,46732200,SPY,equities,1day,data/1day/spy_daily.csv
2021-08-05 00:00:00+00:00,412.5030891792091,414.0304665079831,412.1844995210822,413.9461364746094,38969700,SPY,equities,1day,data/1day/spy_daily.csv
2021-08-06 00:00:00+00:00,414.2647883063957,415.0518973321597,413.98365955681214,414.6302185058594,46930000,SPY,equities,1day,data/1day/spy_daily.csv
2021-08-09 00:00:00+00:00,414.6020873502762,414.920677039973,413.5244986888596,414.2928771972656,41222600,SPY,equities,1day,data/1day/spy_daily.csv
2021-08-10 00:00:00+00:00,414.74262797605,415.52038600343246,414.0586081210977,414.8082275390625,43339300,SPY,equities,1day,data/1day/spy_daily.csv
2021-08-11 00:00:00+00:00,415.8764482884493,415.93266831269824,414.75199061117655,415.8389587402344,44034300,SPY,equities,1day,data/1day/spy_daily.csv
2021-08-12 00:00:00+00:00,415.6889964080685,417.2257532062454,414.7894474947777,417.0851745605469,38909400,SPY,equities,1day,data/1day/spy_daily.csv
2021-08-13 00:00:00+00:00,417.5349995492506,417.86296875743454,417.0477498031309,417.84423828125,39470300,SPY,equities,1day,data/1day/spy_daily.csv
2021-08-16 00:00:00+00:00,416.5417182820602,418.95926500085824,414.98623095911614,418.8280944824219,73740000,SPY,equities,1day,data/1day/spy_daily.csv
2021-08-17 00:00:00+00:00,416.2700627013434,416.9447317088072,413.0935163801424,416.0826721191406,92673900,SPY,equities,1day,data/1day/spy_daily.csv
2021-08-18 00:00:00+00:00,415.0705996443618,416.6354666486862,411.2849843863083,411.5285949707031,89351900,SPY,equities,1day,data/1day/spy_daily.csv
2021-08-19 00:00:00+00:00,408.8018064511608,413.3652083057249,408.66125638495504,412.165771484375,92812200,SPY,equities,1day,data/1day/spy_daily.csv
2021-08-20 00:00:00+00:00,412.51246706573465,415.7733427277286,412.0251887466631,415.44537353515625,72008700,SPY,equities,1day,data/1day/spy_daily.csv
2021-08-23 00:00:00+00:00,417.132066923601,420.00878201499984,415.5203595410852,419.099853515625,54973000,SPY,equities,1day,data/1day/spy_daily.csv
2021-08-24 00:00:00+00:00,419.7651672363281,420.2992860816183,419.2498074638783,419.7651672363281,38744700,SPY,equities,1day,data/1day/spy_daily.csv
2021-08-25 00:00:00+00:00,419.952566221922,421.1613253238744,419.5777279368879,420.6459655761719,40529700,SPY,equities,1day,data/1day/spy_daily.csv
2021-08-26 00:00:00+00:00,420.3648902398338,420.599149899653,418.0691627312955,418.1628723144531,57829600,SPY,equities,1day,data/1day/spy_daily.csv
2021-08-27 00:00:00+00:00,418.9686457566805,422.27639048792906,418.91242573488046,421.9015808105469,77235100,SPY,equities,1day,data/1day/spy_daily.csv
2021-08-30 00:00:00+00:00,422.5763107047628,424.544097540426,422.332671511008,423.7569885253906,48357400,SPY,equities,1day,data/1day/spy_daily.csv
2021-08-31 00:00:00+00:00,423.6632387027082,424.0005588501911,422.5294300788062,423.1291198730469,59300200,SPY,equities,1day,data/1day/spy_daily.csv
2021-09-01 00:00:00+00:00,424.0661623524176,424.5815221145776,423.11974426960506,423.35400390625,48721400,SPY,equities,1day,data/1day/spy_daily.csv
2021-09-02 00:00:00+00:00,424.7783442513679,425.4623641266029,423.45711639620544,424.6565246582031,42501000,SPY,equities,1day,data/1day/spy_daily.csv
2021-09-03 00:00:00+00:00,423.52271669627993,425.068824666954,423.119768365232,424.5534362792969,47170500,SPY,equities,1day,data/1day/spy_daily.csv
2021-09-07 00:00:00+00:00,424.20663733137576,424.3003468886767,422.3606705775006,423.0353393554688,51671500,SPY,equities,1day,data/1day/spy_daily.csv
2021-09-08 00:00:00+00:00,422.5012890564802,423.23217791852863,420.5990735119181,422.52001953125,56181900,SPY,equities,1day,data/1day/spy_daily.csv
2021-09-09 00:00:00+00:00,422.3233470875626,424.07560485445447,420.4680001952441,420.7116394042969,57970400,SPY,equities,1day,data/1day/spy_daily.csv
2021-09-10 00:00:00+00:00,422.64186111668704,423.0635112920505,417.27262011455633,417.3944396972656,89948200,SPY,equities,1day,data/1day/spy_daily.csv
2021-09-13 00:00:00+00:00,420.3929414709391,420.655311091556,416.1481298650124,418.4626159667969,83738600,SPY,equities,1day,data/1day/spy_daily.csv
2021-09-14 00:00:00+00:00,419.9056608987367,420.11181049925545,415.314178264794,416.2043762207031,78197100,SPY,equities,1day,data/1day/spy_daily.csv
2021-09-15 00:00:00+00:00,416.62603163088704,420.1774153681429,415.5203331214561,419.6807861328125,78792200,SPY,equities,1day,data/1day/spy_daily.csv
2021-09-16 00:00:00+00:00,419.15605298019295,420.1305523944603,416.0638088883506,419.0155029296875,77786700,SPY,equities,1day,data/1day/spy_daily.csv
2021-09-17 00:00:00+00:00,418.2428908298914,418.6658919018536,414.5767094129711,414.9339294433594,118425000,SPY,equities,1day,data/1day/spy_daily.csv
2021-09-20 00:00:00+00:00,408.8048283528595,410.384089550766,403.1457660287209,408.0151977539063,166445500,SPY,equities,1day,data/1day/spy_daily.csv
2021-09-21 00:00:00+00:00,410.3559031370975,411.6531636956014,407.1033708429469,407.6297912597656,92526100,SPY,equities,1day,data/1day/spy_daily.csv
2021-09-22 00:00:00+00:00,409.9046690416803,413.6460407463108,407.74258725869817,411.6061401367188,102350100,SPY,equities,1day,data/1day/spy_daily.csv
2021-09-23 00:00:00+00:00,413.4768249344985,418.2146371474796,413.2418148065021,416.6071472167969,76396000,SPY,equities,1day,data/1day/spy_daily.csv
2021-09-24 00:00:00+00:00,414.9714643868074,418.0078054106592,414.7552447526697,417.2933654785156,62094800,SPY,equities,1day,data/1day/spy_daily.csv
2021-09-27 00:00:00+00:00,416.25933916263614,417.4249802239827,415.4038988493783,416.09954833984375,61371100,SPY,equities,1day,data/1day/spy_daily.csv
2021-09-28 00:00:00+00:00,413.32642918282806,413.655449110857,406.98115550934745,407.7143859863281,130436300,SPY,equities,1day,data/1day/spy_daily.csv
2021-09-29 00:00:00+00:00,409.0961944642292,410.83527498638745,407.8365437384503,408.4005737304688,82329200,SPY,equities,1day,data/1day/spy_daily.csv
2021-09-30 00:00:00+00:00,409.8764511666684,410.58148154628566,403.07056708218,403.4089965820313,140506000,SPY,equities,1day,data/1day/spy_daily.csv
2021-10-01 00:00:00+00:00,405.138703737529,409.8858972411242,401.613551525623,408.2032165527344,129240100,SPY,equities,1day,data/1day/spy_daily.csv
2021-10-04 00:00:00+00:00,407.03752756364304,407.9399583912579,400.7956450105568,402.93896484375,128570000,SPY,equities,1day,data/1day/spy_daily.csv
2021-10-05 00:00:00+00:00,404.4429698005577,409.3781818674235,403.6439584161272,407.1315002441406,90682500,SPY,equities,1day,data/1day/spy_daily.csv
2021-10-06 00:00:00+00:00,403.5312059070278,409.0304489893108,401.90495407806975,408.8236389160156,113032200,SPY,equities,1day,data/1day/spy_daily.csv
2021-10-07 00:00:00+00:00,412.1044146962141,415.19712763222657,411.9258046861997,412.3582153320313,72437500,SPY,equities,1day,data/1day/spy_daily.csv
2021-10-08 00:00:00+00:00,413.1290299205683,413.5144499873672,410.9763290353788,411.6061401367188,74557400,SPY,equities,1day,data/1day/spy_daily.csv
2021-10-11 00:00:00+00:00,410.9480912711501,413.86222243707743,408.5603804682312,408.6261901855469,65233300,SPY,equities,1day,data/1day/spy_daily.csv
2021-10-12 00:00:00+00:00,409.54736960058153,409.9515800440045,406.8306393669295,407.6202697753906,71181200,SPY,equities,1day,data/1day/spy_daily.csv
2021-10-13 00:00:00+00:00,408.6449413530447,409.9045920067545,405.66502944424553,409.0867614746094,72974000,SPY,equities,1day,data/1day/spy_daily.csv
2021-10-14 00:00:00+00:00,412.7529748558683,416.1183359496485,412.2829546004724,415.9679260253906,70236800,SPY,equities,1day,data/1day/spy_daily.csv
2021-10-15 00:00:00+00:00,418.0830234599393,419.50249383265776,417.4625932709582,419.1358642578125,66260200,SPY,equities,1day,data/1day/spy_daily.csv
2021-10-18 00:00:00+00:00,417.349747161472,420.7150792484789,416.6917073911921,420.3766784667969,62213200,SPY,equities,1day,data/1day/spy_daily.csv
2021-10-19 00:00:00+00:00,422.0030022074686,423.6856540804756,421.39195292020696,423.619873046875,46996800,SPY,equities,1day,data/1day/spy_daily.csv
2021-10-20 00:00:00+00:00,424.0804103805355,425.5844806876447,423.9676101278594,425.2836608886719,49571600,SPY,equities,1day,data/1day/spy_daily.csv
2021-10-21 00:00:00+00:00,424.6820942267509,426.618575397613,424.2496836213109,426.3929748535156,41305400,SPY,equities,1day,data/1day/spy_daily.csv
2021-10-22 00:00:00+00:00,425.96052042413305,427.4081907045908,424.0052202839226,425.95111083984375,58845100,SPY,equities,1day,data/1day/spy_daily.csv
2021-10-25 00:00:00+00:00,427.0416324269042,428.5644935725112,425.26497065295007,428.2354736328125,45214500,SPY,equities,1day,data/1day/spy_daily.csv
2021-10-26 00:00:00+00:00,429.7865499138608,430.99918156529145,428.2448696453988,428.6208801269531,56075100,SPY,equities,1day,data/1day/spy_daily.csv
2021-10-27 00:00:00+00:00,429.0815570599391,429.74897787469854,426.6468265828863,426.7220458984375,72438000,SPY,equities,1day,data/1day/spy_daily.csv
2021-10-28 00:00:00+00:00,428.1508854588699,430.9146071296096,428.14150456050857,430.8394165039063,51437900,SPY,equities,1day,data/1day/spy_daily.csv
2021-10-29 00:00:00+00:00,428.53631168742606,432.005063860842,428.2449013910372,431.7136535644531,70162400,SPY,equities,1day,data/1day/spy_daily.csv
2021-11-01 00:00:00+00:00,432.70065934906575,433.07669852419264,430.7265971184563,432.4562683105469,48433600,SPY,equities,1day,data/1day/spy_daily.csv
2021-11-02 00:00:00+00:00,432.6254507202016,434.51494135185385,432.4938312768331,434.2047119140625,48908400,SPY,equities,1day,data/1day/spy_daily.csv
2021-11-03 00:00:00+00:00,433.6407307983925,437.2598929585616,433.198910555134,436.8556823730469,52509800,SPY,equities,1day,data/1day/spy_daily.csv
2021-11-04 00:00:00+00:00,437.4573179238719,438.99899841219184,437.1095074616392,438.9143981933594,52847100,SPY,equities,1day,data/1day/spy_daily.csv
2021-11-05 00:00:00+00:00,441.14219466561576,442.4300455313022,438.9237129061649,440.4371643066406,66390600,SPY,equities,1day,data/1day/spy_daily.csv
2021-11-08 00:00:00+00:00,441.5370820452728,442.0353024166088,440.1270211428771,440.813232421875,50405200,SPY,equities,1day,data/1day/spy_daily.csv
2021-11-09 00:00:00+00:00,441.1798516736207,441.4148618185051,437.9461097849906,439.3561706542969,51149100,SPY,equities,1day,data/1day/spy_daily.csv
2021-11-10 00:00:00+00:00,437.6640350330447,439.35612511347824,434.3363123816006,435.8215637207031,69429700,SPY,equities,1day,data/1day/spy_daily.csv
2021-11-11 00:00:00+00:00,437.3163073295594,437.3915266474943,435.9438559987734,435.962646484375,34848500,SPY,equities,1day,data/1day/spy_daily.csv
2021-11-12 00:00:00+00:00,437.2316954723227,439.8073976316151,436.2822452510813,439.2527770996094,53466700,SPY,equities,1day,data/1day/spy_daily.csv
2021-11-15 00:00:00+00:00,440.5406680944853,440.70045894132767,438.2751666643262,439.4031982421875,46980500,SPY,equities,1day,data/1day/spy_daily.csv
2021-11-16 00:00:00+00:00,439.1400121634308,442.2797446939039,439.0648215292093,441.1423034667969,48857500,SPY,equities,1day,data/1day/spy_daily.csv
2021-11-17 00:00:00+00:00,440.8790082432791,441.0576182388675,439.4501569663317,440.0705871582031,47858300,SPY,equities,1day,data/1day/spy_daily.csv
2021-11-18 00:00:00+00:00,441.10469867386576,441.8285483890944,438.3785863209398,441.5653381347656,50625600,SPY,equities,1day,data/1day/spy_daily.csv
2021-11-19 00:00:00+00:00,441.4524364328998,442.7027064508368,440.4090051747564,440.775634765625,57315600,SPY,equities,1day,data/1day/spy_daily.csv
2021-11-22 00:00:00+00:00,442.65567024625074,445.1467717517106,439.32791895320247,439.5347290039063,72762000,SPY,equities,1day,data/1day/spy_daily.csv
2021-11-23 00:00:00+00:00,439.2057132997234,440.9729939884895,436.6018115031317,440.1175537109375,73206500,SPY,equities,1day,data/1day/spy_daily.csv
2021-11-24 00:00:00+00:00,438.1153217416672,441.4148734428188,437.2974910059745,441.2926635742188,61858800,SPY,equities,1day,data/1day/spy_daily.csv
2021-11-26 00:00:00+00:00,434.61840245701467,436.084863615736,430.32240968502606,431.4504699707031,112669600,SPY,equities,1day,data/1day/spy_daily.csv
2021-11-29 00:00:00+00:00,436.24460804442816,438.5852997432788,434.0449166850697,436.7428283691406,86268800,SPY,equities,1day,data/1day/spy_daily.csv
2021-11-30 00:00:00+00:00,434.29876746658414,436.2070487821844,428.0004838225912,428.2449035644531,148559600,SPY,equities,1day,data/1day/spy_daily.csv
2021-12-01 00:00:00+00:00,433.9603470803366,436.80866888995706,423.290880760792,423.48828125,131939200,SPY,equities,1day,data/1day/spy_daily.csv
2021-12-02 00:00:00+00:00,423.7044938415965,431.54442870471775,423.3096641820062,429.97454833984375,127637800,SPY,equities,1day,data/1day/spy_daily.csv
2021-12-03 00:00:00+00:00,431.6383868949673,432.7006085078322,422.0029722635854,426.233154296875,137331600,SPY,equities,1day,data/1day/spy_daily.csv
2021-12-06 00:00:00+00:00,428.7807081333176,433.16130061518345,426.3647969926562,431.2812194824219,98977500,SPY,equities,1day,data/1day/spy_daily.csv
2021-12-07 00:00:00+00:00,436.5642266881175,440.7662090115453,431.1495840464495,440.2021789550781,95484700,SPY,equities,1day,data/1day/spy_daily.csv
2021-12-08 00:00:00+00:00,440.5969864571496,441.8190276116101,438.8390866538285,441.3677978515625,72238800,SPY,equities,1day,data/1day/spy_daily.csv
2021-12-09 00:00:00+00:00,440.0799397869197,441.471210008513,438.1904779520681,438.3878784179688,61272600,SPY,equities,1day,data/1day/spy_daily.csv
2021-12-10 00:00:00+00:00,441.095267653136,442.66511941343407,438.53835603543934,442.51470947265625,77159800,SPY,equities,1day,data/1day/spy_daily.csv
2021-12-13 00:00:00+00:00,441.997668765506,442.3454791791736,438.3126971846737,438.5947265625,87724700,SPY,equities,1day,data/1day/spy_daily.csv
2021-12-14 00:00:00+00:00,435.32340883194223,437.814510746309,432.6536969041149,435.57720947265625,97264100,SPY,equities,1day,data/1day/spy_daily.csv
2021-12-15 00:00:00+00:00,435.6335428118317,442.6274171238725,433.114212690749,442.3830261230469,116899300,SPY,equities,1day,data/1day/spy_daily.csv
2021-12-16 00:00:00+00:00,444.23497726904446,444.5169779638093,436.930843709259,438.48193359375,116568600,SPY,equities,1day,data/1day/spy_daily.csv
2021-12-17 00:00:00+00:00,435.400025670144,438.40929266529145,432.1077672413191,433.8152160644531,135511600,SPY,equities,1day,data/1day/spy_daily.csv
2021-12-20 00:00:00+00:00,428.73062942371416,429.5984890492109,425.57986657914137,429.2023010253906,107134800,SPY,equities,1day,data/1day/spy_daily.csv
2021-12-21 00:00:00+00:00,432.6265140421514,436.9658975460039,430.45683668449686,436.8244018554688,69806300,SPY,equities,1day,data/1day/spy_daily.csv
2021-12-22 00:00:00+00:00,436.56976321936594,441.3053352382026,436.3716404397457,441.192138671875,58890200,SPY,equities,1day,data/1day/spy_daily.csv
2021-12-23 00:00:00+00:00,442.1920654168208,445.4371678906433,442.08831149730497,443.937255859375,56439700,SPY,equities,1day,data/1day/spy_daily.csv
2021-12-27 00:00:00+00:00,445.3145747017814,450.267126346224,445.2674190586824,450.219970703125,56808600,SPY,equities,1day,data/1day/spy_daily.csv
2021-12-28 00:00:00+00:00,450.6538676577589,451.6821081838997,449.0879146544429,449.8520202636719,47274600,SPY,equities,1day,data/1day/spy_daily.csv
2021-12-29 00:00:00+00:00,449.9558796383576,451.4463493259037,448.9559380833534,450.4275512695313,54503000,SPY,equities,1day,data/1day/spy_daily.csv
2021-12-30 00:00:00+00:00,450.8519578886304,451.8613419081985,448.72002207295793,449.1822509765625,55329000,SPY,equities,1day,data/1day/spy_daily.csv
2021-12-31 00:00:00+00:00,448.6917271226337,449.8425780707584,447.7766831616036,448.05023193359375,65237400,SPY,equities,1day,data/1day/spy_daily.csv
2022-01-03 00:00:00+00:00,449.3142919985144,450.77649102777576,447.0031187538817,450.6444091796875,72668200,SPY,equities,1day,data/1day/spy_daily.csv
2022-01-04 00:00:00+00:00,452.0689260726104,452.7858761115812,448.6351430318022,450.4935302734375,71178700,SPY,equities,1day,data/1day/spy_daily.csv
2022-01-05 00:00:00+00:00,450.12563049513625,450.8991788038624,441.7487385385624,441.8430786132813,104538900,SPY,equities,1day,data/1day/spy_daily.csv
2022-01-06 00:00:00+00:00,441.380853389721,444.1448419921144,439.0602084439973,441.4280090332031,86858900,SPY,equities,1day,data/1day/spy_daily.csv
2022-01-07 00:00:00+00:00,441.4374335019172,442.61661242591146,438.3243838694435,439.6828002929688,85111600,SPY,equities,1day,data/1day/spy_daily.csv
2022-01-10 00:00:00+00:00,436.4847981906603,439.3525400552865,430.73040038903787,439.1355895996094,119362000,SPY,equities,1day,data/1day/spy_daily.csv
2022-01-11 00:00:00+00:00,438.8715061877595,443.2297465587139,435.8716533501861,443.1354064941406,74303100,SPY,equities,1day,data/1day/spy_daily.csv
2022-01-12 00:00:00+00:00,444.8711475087788,446.38994479619777,442.3712941726711,444.33343505859375,67605400,SPY,equities,1day,data/1day/spy_daily.csv
2022-01-13 00:00:00+00:00,445.4372244689905,446.0881335750446,437.1829715327748,438.2112121582031,91173100,SPY,equities,1day,data/1day/spy_daily.csv
2022-01-14 00:00:00+00:00,435.0604719206195,438.7395048053525,433.843551078094,438.3904724121094,95890900,SPY,equities,1day,data/1day/spy_daily.csv
2022-01-18 00:00:00+00:00,433.6925742478842,433.9001108941868,429.51357096718334,430.626708984375,109709100,SPY,equities,1day,data/1day/spy_daily.csv
2022-01-19 00:00:00+00:00,432.1738074172843,433.5699368723863,425.88169585972383,426.1552734375,109357600,SPY,equities,1day,data/1day/spy_daily.csv
2022-01-20 00:00:00+00:00,428.04193941787696,432.749212360242,419.3160155840139,421.43853759765625,122379700,SPY,equities,1day,data/1day/spy_daily.csv
2022-01-21 00:00:00+00:00,420.3159019813411,422.6742594656553,413.13707561758935,413.1653747558594,202271200,SPY,equities,1day,data/1day/spy_daily.csv
2022-01-24 00:00:00+00:00,407.5525662882195,415.42948785761394,396.9210986643511,414.9200744628906,251783900,SPY,equities,1day,data/1day/spy_daily.csv
2022-01-25 00:00:00+00:00,408.52419175491247,414.8068607349304,402.9490301538802,409.8543090820313,167997300,SPY,equities,1day,data/1day/spy_daily.csv
2022-01-26 00:00:00+00:00,415.7502159505603,418.8821222815148,404.5621506367216,408.8260803222656,186391100,SPY,equities,1day,data/1day/spy_daily.csv
2022-01-27 00:00:00+00:00,413.4295686804275,416.5708886311564,405.1187180219956,406.8072814941406,149878300,SPY,equities,1day,data/1day/spy_daily.csv
2022-01-28 00:00:00+00:00,408.1657129140467,416.95767810367454,403.5810789597359,416.9105224609375,164457400,SPY,equities,1day,data/1day/spy_daily.csv
2022-01-31 00:00:00+00:00,416.2406674122429,424.7684964246404,414.891693794857,424.4194641113281,152251400,SPY,equities,1day,data/1day/spy_daily.csv
2022-02-01 00:00:00+00:00,425.1458547347863,427.9287283515847,421.6177608084225,427.2872619628906,123155400,SPY,equities,1day,data/1day/spy_daily.csv
2022-02-02 00:00:00+00:00,429.6927977248774,432.1643521308704,427.38159553014776,431.43798828125,117361000,SPY,equities,1day,data/1day/spy_daily.csv
2022-02-03 00:00:00+00:00,425.40063739567904,427.3061803398797,420.4574993371218,421.2970886230469,118024400,SPY,equities,1day,data/1day/spy_daily.csv
2022-02-04 00:00:00+00:00,421.06118368926354,427.1268727004783,418.6839407358892,423.2780456542969,118454400,SPY,equities,1day,data/1day/spy_daily.csv
2022-02-07 00:00:00+00:00,424.0421998784849,425.4383293530502,420.5895604027736,421.919677734375,84472900,SPY,equities,1day,data/1day/spy_daily.csv
2022-02-08 00:00:00+00:00,421.4196773714475,426.31563040935833,419.99522006477935,425.3911437988281,81012000,SPY,equities,1day,data/1day/spy_daily.csv
2022-02-09 00:00:00+00:00,429.4285639873432,431.9378596021176,429.23047003549135,431.61712646484375,92589900,SPY,equities,1day,data/1day/spy_daily.csv
2022-02-10 00:00:00+00:00,425.76845767621467,431.7775484247765,421.86303233721947,423.8629150390625,140103700,SPY,equities,1day,data/1day/spy_daily.csv
2022-02-11 00:00:00+00:00,423.947845988049,426.0231836326423,414.0710421144383,415.5049133300781,153214600,SPY,equities,1day,data/1day/spy_daily.csv
2022-02-14 00:00:00+00:00,414.9955162101405,416.5803257355876,410.674988617769,414.146484375,123006300,SPY,equities,1day,data/1day/spy_daily.csv
2022-02-15 00:00:00+00:00,418.58972050435466,420.9952343328552,418.0708644315541,420.825439453125,88482700,SPY,equities,1day,data/1day/spy_daily.csv
2022-02-16 00:00:00+00:00,418.7783495538221,422.6743616661116,416.90110575473415,421.2970886230469,84863600,SPY,equities,1day,data/1day/spy_daily.csv
2022-02-17 00:00:00+00:00,418.1084506831646,421.2686552268729,411.6937303344617,412.2974548339844,102259100,SPY,equities,1day,data/1day/spy_daily.csv
2022-02-18 00:00:00+00:00,412.5522091171069,413.8068715126111,407.3544084156553,409.62786865234375,132642900,SPY,equities,1day,data/1day/spy_daily.csv
2022-02-22 00:00:00+00:00,407.4205273459961,410.8259826372978,401.7321399493936,405.2319641113281,124391800,SPY,equities,1day,data/1day/spy_daily.csv
2022-02-23 00:00:00+00:00,408.14686816140767,408.7128798332859,397.4776589824186,398.0436706542969,132578000,SPY,equities,1day,data/1day/spy_daily.csv
2022-02-24 00:00:00+00:00,387.7328468581733,404.4677720037459,387.3744006844994,404.0338134765625,213942900,SPY,equities,1day,data/1day/spy_daily.csv
2022-02-25 00:00:00+00:00,405.26959895160047,413.0333227139032,403.6187485934904,412.9484252929688,121804500,SPY,equities,1day,data/1day/spy_daily.csv
2022-02-28 00:00:00+00:00,407.5525226744369,413.37296233027865,406.29788900505855,411.8919067382813,145615000,SPY,equities,1day,data/1day/spy_daily.csv
2022-03-01 00:00:00+00:00,410.39193496566537,412.40126010398416,402.91120331174136,405.6186218261719,137785900,SPY,equities,1day,data/1day/spy_daily.csv
2022-03-02 00:00:00+00:00,407.8732634005898,414.8068411449072,407.1186004140651,413.0805358886719,117726500,SPY,equities,1day,data/1day/spy_daily.csv
2022-03-03 00:00:00+00:00,415.51437058927706,416.1180952528959,409.22225892771945,411.0240478515625,105501700,SPY,equities,1day,data/1day/spy_daily.csv
2022-03-04 00:00:00+00:00,407.2884145484183,408.81662588103086,403.63768107861074,407.68463134765625,113978200,SPY,equities,1day,data/1day/spy_daily.csv
2022-03-07 00:00:00+00:00,407.0997895778944,407.8072970528567,395.6004324484227,395.6664733886719,137896600,SPY,equities,1day,data/1day/spy_daily.csv
2022-03-08 00:00:00+00:00,395.84562657872834,403.0055972451965,391.6005826334159,392.6665649414063,164772700,SPY,equities,1day,data/1day/spy_daily.csv
2022-03-09 00:00:00+00:00,401.05283573374976,405.175239820648,398.8642731796688,403.1942138671875,116990800,SPY,equities,1day,data/1day/spy_daily.csv
2022-03-10 00:00:00+00:00,398.5813710564199,402.269846539242,396.6192298055696,401.3736877441406,93972700,SPY,equities,1day,data/1day/spy_daily.csv
2022-03-11 00:00:00+00:00,403.8640420157582,404.4772092709991,395.7607282684723,396.2701416015625,95636300,SPY,equities,1day,data/1day/spy_daily.csv
2022-03-14 00:00:00+00:00,397.0436722577172,400.4962825052735,392.23261691926257,393.3740539550781,95729200,SPY,equities,1day,data/1day/spy_daily.csv
2022-03-15 00:00:00+00:00,395.9871173439881,402.6565598796408,394.7136272071247,402.0245361328125,106219100,SPY,equities,1day,data/1day/spy_daily.csv
2022-03-16 00:00:00+00:00,405.5338702310641,410.9958072800131,400.7322274388574,410.939208984375,144954800,SPY,equities,1day,data/1day/spy_daily.csv
2022-03-17 00:00:00+00:00,409.0241959507284,416.0804138183594,408.64686440877273,416.0804138183594,102676900,SPY,equities,1day,data/1day/spy_daily.csv
2022-03-18 00:00:00+00:00,414.4678791360529,420.9593028336933,413.7297868077792,420.6375732421875,106345500,SPY,equities,1day,data/1day/spy_daily.csv
2022-03-21 00:00:00+00:00,420.4672258759616,422.4733213729706,417.00386088702027,420.5145568847656,88349800,SPY,equities,1day,data/1day/spy_daily.csv
2022-03-22 00:00:00+00:00,421.9055997031732,426.3720129518308,421.9055997031732,425.4352111816406,74650400,SPY,equities,1day,data/1day/spy_daily.csv
2022-03-23 00:00:00+00:00,422.8991946168003,424.39429439850414,419.8711071405114,419.9562683105469,79426100,SPY,equities,1day,data/1day/spy_daily.csv
2022-03-24 00:00:00+00:00,421.9812404653612,426.2962456583462,420.86464457725936,426.2867736816406,64736900,SPY,equities,1day,data/1day/spy_daily.csv
2022-03-25 00:00:00+00:00,426.9208242937579,428.6430492710812,424.337486827773,428.3686218261719,77101300,SPY,equities,1day,data/1day/spy_daily.csv
2022-03-28 00:00:00+00:00,427.7724596050413,431.4156188964844,425.8799123240818,431.4156188964844,68529800,SPY,equities,1day,data/1day/spy_daily.csv
2022-03-29 00:00:00+00:00,435.3047660404294,437.2446442247765,432.61735251287416,436.7525634765625,86581500,SPY,equities,1day,data/1day/spy_daily.csv
2022-03-30 00:00:00+00:00,435.6076294590831,436.4214398536475,431.9455548784965,434.0557556152344,79666900,SPY,equities,1day,data/1day/spy_daily.csv
2022-03-31 00:00:00+00:00,433.2893025074121,434.112556051826,426.9208697553412,427.3750915527344,121699900,SPY,equities,1day,data/1day/spy_daily.csv
2022-04-01 00:00:00+00:00,428.95539653095295,429.09733183282185,425.00945074906633,428.58636474609375,89048800,SPY,equities,1day,data/1day/spy_daily.csv
2022-04-04 00:00:00+00:00,428.78500420961205,432.3619176230425,427.96175071510544,432.2578125,59601000,SPY,equities,1day,data/1day/spy_daily.csv
2022-04-05 00:00:00+00:00,430.7627409154782,433.2325015603828,425.6528684021026,426.7978515625,74214500,SPY,equities,1day,data/1day/spy_daily.csv
2022-04-06 00:00:00+00:00,422.88029691792224,424.81067460735846,419.6440279336592,422.5301513671875,106898000,SPY,equities,1day,data/1day/spy_daily.csv
2022-04-07 00:00:00+00:00,421.65006696641547,426.4760682966739,419.7007455820255,424.6592102050781,78097200,SPY,equities,1day,data/1day/spy_daily.csv
2022-04-08 00:00:00+00:00,423.9022463943376,426.4193379958125,421.9813118666309,423.5237426757813,79272700,SPY,equities,1day,data/1day/spy_daily.csv
2022-04-11 00:00:00+00:00,420.2495891457632,421.09178658035466,415.7832051098399,416.2847290039063,89770500,SPY,equities,1day,data/1day/spy_daily.csv
2022-04-12 00:00:00+00:00,419.2749398176844,421.801503312204,413.1904068352256,414.7423095703125,84363600,SPY,equities,1day,data/1day/spy_daily.csv
2022-04-13 00:00:00+00:00,414.4962904899716,420.2496221966037,414.3164961668285,419.49261474609375,74070400,SPY,equities,1day,data/1day/spy_daily.csv
2022-04-14 00:00:00+00:00,419.7197436710521,420.8363687322028,414.1651209368808,414.2692260742188,97869500,SPY,equities,1day,data/1day/spy_daily.csv
2022-04-18 00:00:00+00:00,413.34180271144544,416.123849633217,412.2062627473825,414.4394836425781,66002500,SPY,equities,1day,data/1day/spy_daily.csv
2022-04-19 00:00:00+00:00,414.3354018558752,421.8488175877449,414.1650795150678,421.1296691894531,77821000,SPY,equities,1day,data/1day/spy_daily.csv
2022-04-20 00:00:00+00:00,422.9086378808468,423.523709985774,419.6534541721469,420.8173522949219,65224400,SPY,equities,1day,data/1day/spy_daily.csv
2022-04-21 00:00:00+00:00,424.4415858110535,425.8326092144807,413.6162130786086,414.5246276855469,85417300,SPY,equities,1day,data/1day/spy_daily.csv
2022-04-22 00:00:00+00:00,413.43644206750025,414.54356611501663,402.5826816695929,403.15045166015625,132471800,SPY,equities,1day,data/1day/spy_daily.csv
2022-04-25 00:00:00+00:00,400.9078614410856,405.6581458514601,396.3373424974704,405.4878234863281,119647700,SPY,equities,1day,data/1day/spy_daily.csv
2022-04-26 00:00:00+00:00,402.9517630250616,403.1505013169256,393.71615029439,393.7445373535156,103996300,SPY,equities,1day,data/1day/spy_daily.csv
2022-04-27 00:00:00+00:00,394.82323647876274,400.1980931391152,392.7130645715548,394.85162353515625,122030000,SPY,equities,1day,data/1day/spy_daily.csv
2022-04-28 00:00:00+00:00,399.6019576141651,406.55707558525125,395.1639313315665,404.8253784179688,105449100,SPY,equities,1day,data/1day/spy_daily.csv
2022-04-29 00:00:00+00:00,400.8320856724879,402.9895886209459,389.1172122790781,389.8647766113281,145491100,SPY,equities,1day,data/1day/spy_daily.csv
2022-05-02 00:00:00+00:00,389.93099434604335,393.5741537158079,383.259747710453,392.2115173339844,158312500,SPY,equities,1day,data/1day/spy_daily.csv
2022-05-03 00:00:00+00:00,392.713130893499,396.4225083192769,391.15175589422336,394.009521484375,100028200,SPY,equities,1day,data/1day/spy_daily.csv
2022-05-04 00:00:00+00:00,394.67183940897127,406.5759792490273,391.48290152050896,406.0082092285156,144247900,SPY,equities,1day,data/1day/spy_daily.csv
2022-05-05 00:00:00+00:00,401.7404848718178,402.16631958492377,387.4423032298884,391.5775146484375,172929100,SPY,equities,1day,data/1day/spy_daily.csv
2022-05-06 00:00:00+00:00,389.013137919738,392.5143334096191,383.9316525873715,389.240234375,151770800,SPY,equities,1day,data/1day/spy_daily.csv
2022-05-09 00:00:00+00:00,383.3354711443122,384.575087347115,375.1975117716512,376.7778015136719,155586100,SPY,equities,1day,data/1day/spy_daily.csv
2022-05-10 00:00:00+00:00,382.7582797214909,384.2628515965621,373.60782825671424,377.6484069824219,132497200,SPY,equities,1day,data/1day/spy_daily.csv
2022-05-11 00:00:00+00:00,376.6831078492176,382.3323619309161,370.901361613005,371.64892578125,142361000,SPY,equities,1day,data/1day/spy_daily.csv
2022-05-12 00:00:00+00:00,368.45055253884505,374.5350849474075,364.4572767318207,371.260986328125,125090800,SPY,equities,1day,data/1day/spy_daily.csv
2022-05-13 00:00:00+00:00,375.396274457315,381.5186671529909,374.35536749244255,380.1371154785156,104174400,SPY,equities,1day,data/1day/spy_daily.csv
2022-05-16 00:00:00+00:00,378.4905892750784,382.26621234005705,376.2384531036934,378.59466552734375,78622400,SPY,equities,1day,data/1day/spy_daily.csv
2022-05-17 00:00:00+00:00,384.6886388298432,386.61904522716617,380.9508462343475,386.3824768066406,83029700,SPY,equities,1day,data/1day/spy_daily.csv
2022-05-18 00:00:00+00:00,381.8214956417476,382.1053662434467,369.56723782398416,370.8068542480469,117674500,SPY,equities,1day,data/1day/spy_daily.csv
2022-05-19 00:00:00+00:00,367.7409001168937,372.96434969897865,366.3120175133911,368.5357666015625,98510700,SPY,equities,1day,data/1day/spy_daily.csv
2022-05-20 00:00:00+00:00,372.1221617156701,375.69907542713753,360.09503013105126,368.6966552734375,131432200,SPY,equities,1day,data/1day/spy_daily.csv
2022-05-23 00:00:00+00:00,371.72471605038334,376.3614806717681,369.406362617675,375.5950012207031,76414900,SPY,equities,1day,data/1day/spy_daily.csv
2022-05-24 00:00:00+00:00,371.469222937356,373.9200684973476,366.17008413397616,372.727783203125,91448800,SPY,equities,1day,data/1day/spy_daily.csv
2022-05-25 00:00:00+00:00,371.2326698997725,377.9890786519279,370.8352510778718,376.0208129882813,91472900,SPY,equities,1day,data/1day/spy_daily.csv
2022-05-26 00:00:00+00:00,377.2509075043551,385.1712128882923,377.04272615796106,383.5341491699219,82168300,SPY,equities,1day,data/1day/spy_daily.csv
2022-05-27 00:00:00+00:00,385.9944682150054,393.0631331726297,385.7957588445441,392.9495849609375,84768700,SPY,equities,1day,data/1day/spy_daily.csv
2022-05-31 00:00:00+00:00,391.33149711527295,394.08515718858496,388.00062391684565,390.7448120117188,95937000,SPY,equities,1day,data/1day/spy_daily.csv
2022-06-01 00:00:00+00:00,392.8644826922193,393.876973650232,385.06716741079504,387.5842590332031,86585800,SPY,equities,1day,data/1day/spy_daily.csv
2022-06-02 00:00:00+00:00,387.42340710258367,395.0125120967157,385.1712709822698,394.9652099609375,79609600,SPY,equities,1day,data/1day/spy_daily.csv
2022-06-03 00:00:00+00:00,390.2433012195324,391.7952040806544,387.5085850110212,388.4832458496094,71874300,SPY,equities,1day,data/1day/spy_daily.csv
2022-06-06 00:00:00+00:00,392.4953952002465,394.2270633255332,388.4926471442496,389.6660461425781,57508900,SPY,equities,1day,data/1day/spy_daily.csv
2022-06-07 00:00:00+00:00,386.1743226865664,393.8580609068562,385.71062891259504,393.4038391113281,59272400,SPY,equities,1day,data/1day/spy_daily.csv
2022-06-08 00:00:00+00:00,391.6911028688164,393.4795741929143,388.33184246632624,389.126708984375,64350000,SPY,equities,1day,data/1day/spy_daily.csv
2022-06-09 00:00:00+00:00,387.34775033174,389.6188018901755,379.8721923828125,379.8721923828125,86289800,SPY,equities,1day,data/1day/spy_daily.csv
2022-06-10 00:00:00+00:00,373.6645386433497,374.5161791416106,368.8101502618891,368.8574523925781,132893900,SPY,equities,1day,data/1day/spy_daily.csv
2022-06-13 00:00:00+00:00,359.4421255713329,361.2968142205228,353.2440145637145,354.8526916503906,170004900,SPY,equities,1day,data/1day/spy_daily.csv
2022-06-14 00:00:00+00:00,356.6032310706992,357.6346658846879,350.679548775885,353.7833251953125,104011800,SPY,equities,1day,data/1day/spy_daily.csv
2022-06-15 00:00:00+00:00,357.08582684228884,363.27446487884,352.1273619331276,358.8269958496094,125666800,SPY,equities,1day,data/1day/spy_daily.csv
2022-06-16 00:00:00+00:00,350.6038951062925,351.0107858866292,344.51933296816924,346.9512634277344,134473300,SPY,equities,1day,data/1day/spy_daily.csv
2022-06-17 00:00:00+00:00,347.3665544750161,351.0444479219139,344.19235133733406,347.6991577148437,111113900,SPY,equities,1day,data/1day/spy_daily.csv
2022-06-21 00:00:00+00:00,353.4298843377524,357.839545770176,353.35383919081494,356.4520263671875,76811900,SPY,equities,1day,data/1day/spy_daily.csv
2022-06-22 00:00:00+00:00,352.22296583921377,359.92089960070416,351.80480446926504,355.80584716796875,90059400,SPY,equities,1day,data/1day/spy_daily.csv
2022-06-23 00:00:00+00:00,357.9441431467789,360.02540799730696,354.3802877819863,359.29364013671875,79292100,SPY,equities,1day,data/1day/spy_daily.csv
2022-06-24 00:00:00+00:00,362.4677899153683,370.7264318390768,362.4392802368001,370.7169189453125,98050300,SPY,equities,1day,data/1day/spy_daily.csv
2022-06-27 00:00:00+00:00,371.6387840560035,371.9333937461517,368.20799359853146,369.3009033203125,66009600,SPY,equities,1day,data/1day/spy_daily.csv
2022-06-28 00:00:00+00:00,370.859544492515,373.64409647087297,361.64102718888944,361.7550659179688,86548900,SPY,equities,1day,data/1day/spy_daily.csv
2022-06-29 00:00:00+00:00,362.3062847809654,363.2946397490487,359.63577158326706,361.46044921875,65676000,SPY,equities,1day,data/1day/spy_daily.csv
2022-06-30 00:00:00+00:00,357.56389907239446,361.7645084605366,354.0665767146873,358.5237731933594,112508300,SPY,equities,1day,data/1day/spy_daily.csv
2022-07-01 00:00:00+00:00,357.8681111996678,362.7529830546203,355.2451042734922,362.3157958984375,74839700,SPY,equities,1day,data/1day/spy_daily.csv
2022-07-05 00:00:00+00:00,357.221845993929,363.0190563072348,354.38975859425415,363.0000305175781,81438000,SPY,equities,1day,data/1day/spy_daily.csv
2022-07-06 00:00:00+00:00,363.14252639295074,366.715894004098,360.7571393570924,364.2259521484375,70426200,SPY,equities,1day,data/1day/spy_daily.csv
2022-07-07 00:00:00+00:00,366.003076280143,370.479269112684,364.2449023769217,369.6809692382813,64525900,SPY,equities,1day,data/1day/spy_daily.csv
2022-07-08 00:00:00+00:00,368.0463936451257,371.24913544426704,366.51632594229847,369.3769226074219,72397800,SPY,equities,1day,data/1day/spy_daily.csv
2022-07-11 00:00:00+00:00,366.6969906578774,367.66634894711177,364.4636353318297,365.1574096679688,58366900,SPY,equities,1day,data/1day/spy_daily.csv
2022-07-12 00:00:00+00:00,364.606143035298,366.99155941529256,360.17745545859367,361.9261169433594,62219200,SPY,equities,1day,data/1day/spy_daily.csv
2022-07-13 00:00:00+00:00,356.48050078741414,362.96197129328345,356.0623395287953,360.0253295898437,84224600,SPY,equities,1day,data/1day/spy_daily.csv
2022-07-14 00:00:00+00:00,355.064490796516,360.234458871572,352.6220841639683,359.15106201171875,89704800,SPY,equities,1day,data/1day/spy_daily.csv
2022-07-15 00:00:00+00:00,363.5606860012762,366.12667298735175,361.6504796031944,366.01263427734375,79060400,SPY,equities,1day,data/1day/spy_daily.csv
2022-07-18 00:00:00+00:00,369.1013562443131,369.7761047012278,361.7645652536722,362.9905395507813,63203600,SPY,equities,1day,data/1day/spy_daily.csv
2022-07-19 00:00:00+00:00,366.9154789894388,373.3684403556091,366.2597563730755,372.7982177734375,78506000,SPY,equities,1day,data/1day/spy_daily.csv
2022-07-20 00:00:00+00:00,372.9882531545896,376.5901301444603,371.61973073634647,375.174072265625,71843800,SPY,equities,1day,data/1day/spy_daily.csv
2022-07-21 00:00:00+00:00,374.59436051631593,379.0420438107076,372.1899479274369,378.9945373535156,64903900,SPY,equities,1day,data/1day/spy_daily.csv
2022-07-22 00:00:00+00:00,379.1181717855212,380.315607393985,373.2544293512537,375.478271484375,72197300,SPY,equities,1day,data/1day/spy_daily.csv
2022-07-25 00:00:00+00:00,376.1055673883999,376.7898288353561,373.6916410334808,375.93450927734375,53631500,SPY,equities,1day,data/1day/spy_daily.csv
2022-07-26 00:00:00+00:00,374.2903039017584,374.4993845551237,370.59341339787153,371.48675537109375,52946400,SPY,equities,1day,data/1day/spy_daily.csv
2022-07-27 00:00:00+00:00,374.78449853292,382.8815960228277,374.4898888264092,381.1329345703125,82342100,SPY,equities,1day,data/1day/spy_daily.csv
2022-07-28 00:00:00+00:00,381.9407350618802,386.60698374585616,378.38636390787866,385.9132385253906,73966600,SPY,equities,1day,data/1day/spy_daily.csv
2022-07-29 00:00:00+00:00,387.3482404042619,392.52772101696127,386.5784500823875,391.5393371582031,87003700,SPY,equities,1day,data/1day/spy_daily.csv
2022-08-01 00:00:00+00:00,388.8403630121632,392.8889118778882,388.1275919584921,390.37994384765625,69997500,SPY,equities,1day,data/1day/spy_daily.csv
2022-08-02 00:00:00+00:00,388.8118546493413,392.49926155328086,386.6260350117583,387.8044738769531,63435400,SPY,equities,1day,data/1day/spy_daily.csv
2022-08-03 00:00:00+00:00,389.9332960683664,395.0462453718832,389.6481992309968,393.8773193359375,67820600,SPY,equities,1day,data/1day/spy_daily.csv
2022-08-04 00:00:00+00:00,393.80123040665455,394.48549174301655,391.96703995040895,393.6111755371094,45656600,SPY,equities,1day,data/1day/spy_daily.csv
2022-08-05 00:00:00+00:00,389.3250785328146,393.59219220020464,389.2680591655284,392.9459533691406,56814900,SPY,equities,1day,data/1day/spy_daily.csv
2022-08-08 00:00:00+00:00,394.63757214293867,396.8899240250277,391.3873233872075,392.48974609375,53886100,SPY,equities,1day,data/1day/spy_daily.csv
2022-08-09 00:00:00+00:00,391.75793150673337,392.2616218295309,389.8572089297277,390.9311218261719,44931800,SPY,equities,1day,data/1day/spy_daily.csv
2022-08-10 00:00:00+00:00,397.9923437821938,399.28485036063125,396.03460162898654,399.1422729492188,68665700,SPY,equities,1day,data/1day/spy_daily.csv
2022-08-11 00:00:00+00:00,401.993357133819,403.85608634972215,398.40099222133176,399.1422729492188,59489700,SPY,equities,1day,data/1day/spy_daily.csv
2022-08-12 00:00:00+00:00,401.0810138483799,406.0038788583054,400.130652464098,405.89935302734375,61694500,SPY,equities,1day,data/1day/spy_daily.csv
2022-08-15 00:00:00+00:00,403.6849557261061,408.0946460440883,403.6279363687809,407.5719299316406,54048300,SPY,equities,1day,data/1day/spy_daily.csv
2022-08-16 00:00:00+00:00,406.4980264419351,410.2994714282671,405.6902135817948,408.3702392578125,59289000,SPY,equities,1day,data/1day/spy_daily.csv
2022-08-17 00:00:00+00:00,404.76839107782297,408.1801847177208,403.4664007169476,405.4716491699219,63563400,SPY,equities,1day,data/1day/spy_daily.csv
2022-08-18 00:00:00+00:00,405.6712159722093,407.33434826924736,404.3787385083909,406.6501159667969,49023200,SPY,equities,1day,data/1day/spy_daily.csv
2022-08-19 00:00:00+00:00,403.88460030221233,404.1507003354797,400.3112321388549,401.1855773925781,68016900,SPY,equities,1day,data/1day/spy_daily.csv
2022-08-22 00:00:00+00:00,396.3481983345936,396.5192854235156,391.9290237582037,392.8318786621094,77695600,SPY,equities,1day,data/1day/spy_daily.csv
2022-08-23 00:00:00+00:00,392.4041873745743,394.7991164880296,391.3302744311885,391.8815002441406,49105200,SPY,equities,1day,data/1day/spy_daily.csv
2022-08-24 00:00:00+00:00,391.6533959625738,394.50447996842576,390.9691636437866,393.135986328125,49177800,SPY,equities,1day,data/1day/spy_daily.csv
2022-08-25 00:00:00+00:00,394.6280649029338,398.73363317866927,393.53515507562247,398.6861267089844,50942300,SPY,equities,1day,data/1day/spy_daily.csv
2022-08-26 00:00:00+00:00,398.5720522592657,399.1137361754967,385.13392912672487,385.1909484863281,103087000,SPY,equities,1day,data/1day/spy_daily.csv
2022-08-29 00:00:00+00:00,382.2353030427063,385.6946028813485,381.284941800932,382.6439514160156,65370800,SPY,equities,1day,data/1day/spy_daily.csv
2022-08-30 00:00:00+00:00,383.803441896294,384.0410322368263,376.3430994030369,378.4433898925781,85652400,SPY,equities,1day,data/1day/spy_daily.csv
2022-08-31 00:00:00+00:00,380.0780598042512,381.323031023057,375.4308072476335,375.5638427734375,76029700,SPY,equities,1day,data/1day/spy_daily.csv
2022-09-01 00:00:00+00:00,373.3874742240931,377.084364690228,370.678938652205,376.74224853515625,78740100,SPY,equities,1day,data/1day/spy_daily.csv
2022-09-02 00:00:00+00:00,380.4106586214813,381.6271200488621,370.9545511254495,372.7697448730469,99632100,SPY,equities,1day,data/1day/spy_daily.csv
2022-09-06 00:00:00+00:00,373.6155413307237,374.55638973388335,369.1393477426086,371.3631896972656,76637400,SPY,equities,1day,data/1day/spy_daily.csv
2022-09-07 00:00:00+00:00,371.04956742201074,378.80451936163286,370.8310028776724,378.0347290039063,70964200,SPY,equities,1day,data/1day/spy_daily.csv
2022-09-08 00:00:00+00:00,375.7633824847431,380.9618311489722,374.5564050265275,380.5056762695313,80821700,SPY,equities,1day,data/1day/spy_daily.csv
2022-09-09 00:00:00+00:00,382.7484910278691,387.2817328762808,382.48239103068937,386.4169006347656,76706900,SPY,equities,1day,data/1day/spy_daily.csv
2022-09-12 00:00:00+00:00,388.4887439909732,391.2923218090903,388.1846213728781,390.5700378417969,69256300,SPY,equities,1day,data/1day/spy_daily.csv
2022-09-13 00:00:00+00:00,381.883702988719,383.0906805107276,372.4656471755256,373.5870666503906,122947100,SPY,equities,1day,data/1day/spy_daily.csv
2022-09-14 00:00:00+00:00,374.8890216332583,376.53315711649486,371.7053054907733,375.0125732421875,85023700,SPY,equities,1day,data/1day/spy_daily.csv
2022-09-15 00:00:00+00:00,373.4539971854713,376.3050813057856,369.4814936051546,370.7549743652344,87633800,SPY,equities,1day,data/1day/spy_daily.csv
2022-09-16 00:00:00+00:00,366.57147330224217,368.58495903524056,364.6342868550473,367.926513671875,103084800,SPY,equities,1day,data/1day/spy_daily.csv
2022-09-19 00:00:00+00:00,364.77747715242447,370.77978515625,364.7011196171956,370.77978515625,73278500,SPY,equities,1day,data/1day/spy_daily.csv
2022-09-20 00:00:00+00:00,367.4493811490609,368.4609000016925,363.7659311992638,366.5237426757813,77274900,SPY,equities,1day,data/1day/spy_daily.csv
2022-09-21 00:00:00+00:00,368.4513220499561,371.50498233585387,360.1206054997159,360.1301574707031,106746600,SPY,equities,1day,data/1day/spy_daily.csv
2022-09-22 00:00:00+00:00,359.35721571534805,360.9985532046951,356.36083780125125,357.10516357421875,89472600,SPY,equities,1day,data/1day/spy_daily.csv
2022-09-23 00:00:00+00:00,353.6315801864885,353.6697589480902,346.675007940967,351.12188720703125,122346900,SPY,equities,1day,data/1day/spy_daily.csv
2022-09-26 00:00:00+00:00,349.652370039799,353.2785667174396,346.4269485005134,347.6484069824219,92581200,SPY,equities,1day,data/1day/spy_daily.csv
2022-09-27 00:00:00+00:00,351.18870108949443,353.459857136267,344.3657100991575,346.76092529296875,108294100,SPY,equities,1day,data/1day/spy_daily.csv
2022-09-28 00:00:00+00:00,347.71519752115427,355.27296245080464,346.01660643811806,353.5839233398437,110802200,SPY,equities,1day,data/1day/spy_daily.csv
2022-09-29 00:00:00+00:00,350.034073262893,350.32034122123895,343.2492605532847,346.19793701171875,112952300,SPY,equities,1day,data/1day/spy_daily.csv
2022-09-30 00:00:00+00:00,345.25318357199444,349.17522920833704,340.7109004194997,340.844482421875,153711200,SPY,equities,1day,data/1day/spy_daily.csv
2022-10-03 00:00:00+00:00,344.5660544284427,351.69441640615145,342.7815832218094,349.8431396484375,89756500,SPY,equities,1day,data/1day/spy_daily.csv
2022-10-04 00:00:00+00:00,355.3683600338881,360.71225105913686,349.80500664731017,360.6836242675781,103602800,SPY,equities,1day,data/1day/spy_daily.csv
2022-10-05 00:00:00+00:00,356.3131384107271,362.1055067151951,353.9847287224127,359.8439025878906,88065700,SPY,equities,1day,data/1day/spy_daily.csv
2022-10-06 00:00:00+00:00,358.441111032702,361.3993391526018,355.6355688484854,356.1318054199219,82333500,SPY,equities,1day,data/1day/spy_daily.csv
2022-10-07 00:00:00+00:00,352.09528992858685,356.21772325997466,344.43254027693825,346.19793701171875,107789500,SPY,equities,1day,data/1day/spy_daily.csv
2022-10-10 00:00:00+00:00,347.3143728510966,347.5529391640192,341.31206538570666,343.5545654296875,76042800,SPY,equities,1day,data/1day/spy_daily.csv
2022-10-11 00:00:00+00:00,341.8559472852013,346.4268856317471,339.441657555121,341.3788146972656,92482800,SPY,equities,1day,data/1day/spy_daily.csv
2022-10-12 00:00:00+00:00,341.7891284680159,343.36365998856354,340.0046283480796,340.25274658203125,76991800,SPY,equities,1day,data/1day/spy_daily.csv
2022-10-13 00:00:00+00:00,333.2389867095814,350.7020596679561,332.1892890254387,349.23248291015625,147254500,SPY,equities,1day,data/1day/spy_daily.csv
2022-10-14 00:00:00+00:00,351.6944872171797,353.3263019525563,340.63455517563204,341.27392578125,123737000,SPY,equities,1day,data/1day/spy_daily.csv
2022-10-17 00:00:00+00:00,347.3621566992135,351.1505914925585,340.9399400894957,350.04364013671875,93168200,SPY,equities,1day,data/1day/spy_daily.csv
2022-10-18 00:00:00+00:00,357.97349374132114,358.2788655814361,350.711520738244,354.15643310546875,97162900,SPY,equities,1day,data/1day/spy_daily.csv
2022-10-19 00:00:00+00:00,352.1143397058649,354.8435535760599,348.8316647816131,351.6467590332031,79746900,SPY,equities,1day,data/1day/spy_daily.csv
2022-10-20 00:00:00+00:00,351.1982293100266,355.6260339289677,347.9346294295258,348.69805908203125,88283100,SPY,equities,1day,data/1day/spy_daily.csv
2022-10-21 00:00:00+00:00,348.42137072610865,357.65865261101857,346.913644240023,357.1719970703125,131038400,SPY,equities,1day,data/1day/spy_daily.csv
2022-10-24 00:00:00+00:00,358.698788584184,362.6780584769711,356.0459031598392,361.54248046875,85436900,SPY,equities,1day,data/1day/spy_daily.csv
2022-10-25 00:00:00+00:00,361.46614520779,367.6306906199361,361.351638036336,367.3157958984375,78846300,SPY,equities,1day,data/1day/spy_daily.csv
2022-10-26 00:00:00+00:00,364.1667615739445,369.8541752707496,363.9091203967855,364.5484619140625,104087300,SPY,equities,1day,data/1day/spy_daily.csv
2022-10-27 00:00:00+00:00,365.5503911743671,367.3921160917615,361.9814193866082,362.6017150878906,81971800,SPY,equities,1day,data/1day/spy_daily.csv
2022-10-28 00:00:00+00:00,362.4967797320248,371.70543468470186,362.3154669828309,371.2283020019531,100302000,SPY,equities,1day,data/1day/spy_daily.csv
2022-10-31 00:00:00+00:00,368.7663054799875,370.6366574184391,367.6402793522776,368.54681396484375,96631300,SPY,equities,1day,data/1day/spy_daily.csv
2022-11-01 00:00:00+00:00,372.2970465066368,372.5356128113788,365.7603239323339,366.9340515136719,85407600,SPY,equities,1day,data/1day/spy_daily.csv
2022-11-02 00:00:00+00:00,366.34247921682703,370.8561650178264,357.6205086522629,357.7254638671875,126990400,SPY,equities,1day,data/1day/spy_daily.csv
2022-11-03 00:00:00+00:00,354.4809460886305,357.0861009438969,351.9235219733596,354.0419921875,87100100,SPY,equities,1day,data/1day/spy_daily.csv
2022-11-04 00:00:00+00:00,359.7580535469761,361.5425251743016,353.0781957888094,359.1377868652344,103505200,SPY,equities,1day,data/1day/spy_daily.csv
2022-11-07 00:00:00+00:00,360.435515659066,363.1647293889321,358.3552244250396,362.5730895996094,68286900,SPY,equities,1day,data/1day/spy_daily.csv
2022-11-08 00:00:00+00:00,363.6800782301254,367.50669186220006,360.445133617555,364.5293884277344,84641100,SPY,equities,1day,data/1day/spy_daily.csv
2022-11-09 00:00:00+00:00,362.5539523085774,363.7086341105511,356.5229895570527,357.01922607421875,78495500,SPY,equities,1day,data/1day/spy_daily.csv
2022-11-10 00:00:00+00:00,370.3026114178393,376.9729451885855,368.00285783726986,376.6389465332031,141455800,SPY,equities,1day,data/1day/spy_daily.csv
2022-11-11 00:00:00+00:00,377.49783406496215,381.0858811736513,375.608378149284,380.2843017578125,93839900,SPY,equities,1day,data/1day/spy_daily.csv
2022-11-14 00:00:00+00:00,378.5189238202029,381.8779276043328,376.7726017987613,377.0493469238281,71903500,SPY,equities,1day,data/1day/spy_daily.csv
2022-11-15 00:00:00+00:00,382.8035164099832,383.91046764433503,376.4481060648525,380.2651672363281,93194500,SPY,equities,1day,data/1day/spy_daily.csv
2022-11-16 00:00:00+00:00,378.63332609915625,379.5875912517951,376.73434776440064,377.3641662597656,68508500,SPY,equities,1day,data/1day/spy_daily.csv
2022-11-17 00:00:00+00:00,372.6024423322201,376.88711357873,372.2970995512615,376.2095642089844,74496300,SPY,equities,1day,data/1day/spy_daily.csv
2022-11-18 00:00:00+00:00,379.549479637366,379.6162851991159,375.06445009963727,377.9176940917969,92922500,SPY,equities,1day,data/1day/spy_daily.csv
2022-11-21 00:00:00+00:00,376.5912488015893,377.7172747970653,374.7017931399619,376.5435180664063,51243200,SPY,equities,1day,data/1day/spy_daily.csv
2022-11-22 00:00:00+00:00,378.4902502119182,381.7729251703146,377.077927085489,381.6106872558594,60429000,SPY,equities,1day,data/1day/spy_daily.csv
2022-11-23 00:00:00+00:00,381.2766761134872,384.5020973782574,381.0476617682043,384.0154418945313,68261600,SPY,equities,1day,data/1day/spy_daily.csv
2022-11-25 00:00:00+00:00,383.4524327547151,384.4830556409012,383.1757167709756,383.9295654296875,30545400,SPY,equities,1day,data/1day/spy_daily.csv
2022-11-28 00:00:00+00:00,380.8377181509344,382.4790555588377,377.0397319419152,377.80316162109375,67881600,SPY,equities,1day,data/1day/spy_daily.csv
2022-11-29 00:00:00+00:00,377.93671115122805,379.1295426207394,375.3124819183031,377.15423583984375,52310000,SPY,equities,1day,data/1day/spy_daily.csv
2022-11-30 00:00:00+00:00,377.4023553187591,389.0348510742188,375.48430196447526,389.0348510742188,144566700,SPY,equities,1day,data/1day/spy_daily.csv
2022-12-01 00:00:00+00:00,390.0749791715559,391.2487358630156,386.2388435135502,388.7485656738281,76398200,SPY,equities,1day,data/1day/spy_daily.csv
2022-12-02 00:00:00+00:00,383.853229920111,389.2066444558519,383.7482747120534,388.3001098632813,85342700,SPY,equities,1day,data/1day/spy_daily.csv
2022-12-05 00:00:00+00:00,385.4754923603679,386.41065374736974,379.9598399084257,381.31488037109375,77289800,SPY,equities,1day,data/1day/spy_daily.csv
2022-12-06 00:00:00+00:00,381.1526671084108,381.69657620844976,373.7284840801718,375.81829833984375,77972200,SPY,equities,1day,data/1day/spy_daily.csv
2022-12-07 00:00:00+00:00,374.9689850432598,377.5455128352498,374.0433465972937,375.1789245605469,65927900,SPY,equities,1day,data/1day/spy_daily.csv
2022-12-08 00:00:00+00:00,377.0683735461837,379.1868143806111,375.2838731198775,378.1180419921875,60737900,SPY,equities,1day,data/1day/spy_daily.csv
2022-12-09 00:00:00+00:00,376.8775715745364,379.4349958041466,375.16942838990695,375.2934875488281,81447700,SPY,equities,1day,data/1day/spy_daily.csv
2022-12-12 00:00:00+00:00,376.0854928029924,380.70416259765625,375.4175245494192,380.70416259765625,75405800,SPY,equities,1day,data/1day/spy_daily.csv
2022-12-13 00:00:00+00:00,391.4586555975836,391.7162967072409,380.8186048744333,383.5859680175781,123782500,SPY,equities,1day,data/1day/spy_daily.csv
2022-12-14 00:00:00+00:00,383.2424937114521,386.9545999060633,378.1848989989114,381.1335754394531,108111300,SPY,equities,1day,data/1day/spy_daily.csv
2022-12-15 00:00:00+00:00,376.2668278226688,377.1733915827472,370.15001236187896,371.8104248046875,117705900,SPY,equities,1day,data/1day/spy_daily.csv
2022-12-16 00:00:00+00:00,369.2517657317392,370.59386612148,365.2829810609633,367.4207458496094,119858000,SPY,equities,1day,data/1day/spy_daily.csv
2022-12-19 00:00:00+00:00,367.6124594366193,367.9479918227815,362.63707790509415,364.30511474609375,79878100,SPY,equities,1day,data/1day/spy_daily.csv
2022-12-20 00:00:00+00:00,363.5478242860952,366.42376617165866,362.224886337841,364.80364990234375,74427200,SPY,equities,1day,data/1day/spy_daily.csv
2022-12-21 00:00:00+00:00,367.4015822948589,371.3895586231339,366.864742140629,370.2583618164063,78167400,SPY,equities,1day,data/1day/spy_daily.csv
2022-12-22 00:00:00+00:00,367.2097701866978,370.23909861779407,359.2721731477049,364.9761352539063,100120900,SPY,equities,1day,data/1day/spy_daily.csv
2022-12-23 00:00:00+00:00,363.950423157118,367.21941379519086,362.39741929068407,367.07562255859375,59857300,SPY,equities,1day,data/1day/spy_daily.csv
2022-12-27 00:00:00+00:00,366.960616093891,367.30571508666856,363.9504494641128,365.6280822753906,51638200,SPY,equities,1day,data/1day/spy_daily.csv
2022-12-28 00:00:00+00:00,365.5609421925815,367.5357824385264,360.8540099500132,361.0840759277344,70911500,SPY,equities,1day,data/1day/spy_daily.csv
2022-12-29 00:00:00+00:00,363.93123576240765,368.4560516488148,363.4039622569558,367.5836791992188,66970900,SPY,equities,1day,data/1day/spy_daily.csv
2022-12-30 00:00:00+00:00,364.89952091921486,366.7592697589564,362.7808893302895,366.615478515625,84022200,SPY,equities,1day,data/1day/spy_daily.csv
2023-01-03 00:00:00+00:00,368.47526883215227,370.450079987651,362.20570711462034,365.0720825195313,74850700,SPY,equities,1day,data/1day/spy_daily.csv
2023-01-04 00:00:00+00:00,367.3344711039099,369.9228305563908,364.28597966385496,367.8905029296875,85934100,SPY,equities,1day,data/1day/spy_daily.csv
2023-01-05 00:00:00+00:00,365.93482035409846,366.0498533403474,363.0972327561213,363.6915893554688,76970500,SPY,equities,1day,data/1day/spy_daily.csv
2023-01-06 00:00:00+00:00,366.787997866155,373.1534294334061,363.7203443233328,372.0317993164063,104189600,SPY,equities,1day,data/1day/spy_daily.csv
2023-01-09 00:00:00+00:00,374.2271061896771,377.4194177778674,371.6387762794701,371.8208923339844,73978100,SPY,equities,1day,data/1day/spy_daily.csv
2023-01-10 00:00:00+00:00,371.2361537559992,374.4955486092587,370.29666890331214,374.4284362792969,65358100,SPY,equities,1day,data/1day/spy_daily.csv
2023-01-11 00:00:00+00:00,376.01019536505663,379.2408316929768,375.1953394078577,379.16412353515625,68881100,SPY,equities,1day,data/1day/spy_daily.csv
2023-01-12 00:00:00+00:00,380.2666300515916,382.0113458697923,376.19237910493234,380.5446166992188,90157700,SPY,equities,1day,data/1day/spy_daily.csv
2023-01-13 00:00:00+00:00,377.3427317250366,382.5961292686462,377.0743116610912,382.02093505859375,63903900,SPY,equities,1day,data/1day/spy_daily.csv
2023-01-17 00:00:00+00:00,382.00176656830166,383.6793992551705,380.6404746013532,381.3211059570313,62677300,SPY,equities,1day,data/1day/spy_daily.csv
2023-01-18 00:00:00+00:00,382.5098268846119,383.5739112290624,375.099473530486,375.30078125,99632300,SPY,equities,1day,data/1day/spy_daily.csv
2023-01-19 00:00:00+00:00,373.2589236026424,374.9077982389386,371.2457875427282,372.5687255859375,86958900,SPY,equities,1day,data/1day/spy_daily.csv
2023-01-20 00:00:00+00:00,373.968357562734,379.6627254739764,372.3194828602261,379.5093383789063,91806400,SPY,equities,1day,data/1day/spy_daily.csv
2023-01-23 00:00:00+00:00,380.3145820381866,385.99935386476415,379.3559346776604,384.0628967285156,84178800,SPY,equities,1day,data/1day/spy_daily.csv
2023-01-24 00:00:00+00:00,382.3852438122681,384.561362674629,381.1965305092897,383.6506652832031,59524900,SPY,equities,1day,data/1day/spy_daily.csv
2023-01-25 00:00:00+00:00,379.57645189598105,384.1300270719384,377.2852705542339,383.7944946289063,84800300,SPY,equities,1day,data/1day/spy_daily.csv
2023-01-26 00:00:00+00:00,386.4594474008895,388.175434067063,383.4876352529639,388.012451171875,72287400,SPY,equities,1day,data/1day/spy_daily.csv
2023-01-27 00:00:00+00:00,386.967565239786,391.2814780074148,386.7566616675893,388.9040222167969,68346200,SPY,equities,1day,data/1day/spy_daily.csv
2023-01-30 00:00:00+00:00,386.14316925803433,388.3768341308349,383.7273882904966,384.0245666503906,74202000,SPY,equities,1day,data/1day/spy_daily.csv
2023-01-31 00:00:00+00:00,384.5421304079371,389.7188190920724,384.1970022260141,389.6708984375,86811800,SPY,equities,1day,data/1day/spy_daily.csv
2023-02-01 00:00:00+00:00,388.4534215519607,396.5635978827124,385.7117046179495,393.812255859375,101459200,SPY,equities,1day,data/1day/spy_daily.csv
2023-02-02 00:00:00+00:00,397.704397771963,401.01174260046105,395.8062948752539,399.5450134277344,101654500,SPY,equities,1day,data/1day/spy_daily.csv
2023-02-03 00:00:00+00:00,394.5696669290932,399.7271944530263,394.090343244796,395.2982482910156,94736800,SPY,equities,1day,data/1day/spy_daily.csv
2023-02-06 00:00:00+00:00,392.8440909429574,394.2820619137646,391.2239746420671,392.8824157714844,60295300,SPY,equities,1day,data/1day/spy_daily.csv
2023-02-07 00:00:00+00:00,391.9620943439746,399.2669816692664,390.7158646278332,398.020751953125,90990700,SPY,equities,1day,data/1day/spy_daily.csv
2023-02-08 00:00:00+00:00,396.0459432619734,397.388043561494,392.97826035827575,393.6684875488281,76227500,SPY,equities,1day,data/1day/spy_daily.csv
2023-02-09 00:00:00+00:00,397.2730427680662,397.4264298512411,389.0286698948832,390.2557373046875,78694900,SPY,equities,1day,data/1day/spy_daily.csv
2023-02-10 00:00:00+00:00,389.0765695741987,391.54989593055205,388.2617427936973,391.16644287109375,70769700,SPY,equities,1day,data/1day/spy_daily.csv
2023-02-13 00:00:00+00:00,391.8183051444725,395.8925559564968,391.358143932513,395.7583312988281,64913500,SPY,equities,1day,data/1day/spy_daily.csv
2023-02-14 00:00:00+00:00,394.2341032958751,397.8865471406861,391.6170149103328,395.57623291015625,88389300,SPY,equities,1day,data/1day/spy_daily.csv
2023-02-15 00:00:00+00:00,393.3808847880114,396.9374577122151,392.5372705702228,396.86077880859375,61555700,SPY,equities,1day,data/1day/spy_daily.csv
2023-02-16 00:00:00+00:00,391.88540381719497,395.8350256682057,391.2622889776,391.396484375,76431500,SPY,equities,1day,data/1day/spy_daily.csv
2023-02-17 00:00:00+00:00,389.2683127319957,390.6583629922171,387.34142233465536,390.418701171875,89257800,SPY,equities,1day,data/1day/spy_daily.csv
2023-02-21 00:00:00+00:00,386.3924096279732,387.4469275943241,382.3277541092348,382.5865783691406,82655900,SPY,equities,1day,data/1day/spy_daily.csv
2023-02-22 00:00:00+00:00,382.9987512663258,384.54218860202,380.6021330632425,382.0592956542969,83742300,SPY,equities,1day,data/1day/spy_daily.csv
2023-02-23 00:00:00+00:00,384.95439045031753,385.567938737912,379.86397585252666,384.0916137695313,96242400,SPY,equities,1day,data/1day/spy_daily.csv
2023-02-24 00:00:00+00:00,379.0683237378521,380.8226354035622,377.36193273433554,379.9886169433594,108194400,SPY,equities,1day,data/1day/spy_daily.csv
2023-02-27 00:00:00+00:00,383.3342043884117,384.6954961186949,380.3432301704229,381.28271484375,80444700,SPY,equities,1day,data/1day/spy_daily.csv
2023-02-28 00:00:00+00:00,380.8034546692743,382.7686698141573,379.7680992642455,379.8735656738281,96438600,SPY,equities,1day,data/1day/spy_daily.csv
2023-03-01 00:00:00+00:00,379.058688324708,380.2857555557943,377.1126357022291,378.4163818359375,99706800,SPY,equities,1day,data/1day/spy_daily.csv
2023-03-02 00:00:00+00:00,376.4415411491154,382.2030196575483,376.1060088085925,381.3594055175781,85127800,SPY,equities,1day,data/1day/spy_daily.csv
2023-03-03 00:00:00+00:00,383.18095697902646,387.7249657020057,382.5290837463958,387.4757080078125,90120000,SPY,equities,1day,data/1day/spy_daily.csv
2023-03-06 00:00:00+00:00,388.3000210358587,390.6007976277676,387.3030490519938,387.7440185546875,72795900,SPY,equities,1day,data/1day/spy_daily.csv
2023-03-07 00:00:00+00:00,387.6961497930768,387.9358116155142,381.1869265041094,381.8004455566406,108310600,SPY,equities,1day,data/1day/spy_daily.csv
2023-03-08 00:00:00+00:00,381.9155020986243,383.1808942679325,380.1899194495063,382.423583984375,74746600,SPY,equities,1day,data/1day/spy_daily.csv
2023-03-09 00:00:00+00:00,383.20961635596575,384.8776823516056,374.38048397400695,375.3678894042969,111945300,SPY,equities,1day,data/1day/spy_daily.csv
2023-03-10 00:00:00+00:00,374.8214838248375,376.901761257044,368.4273229667233,369.9515686035156,189253000,SPY,equities,1day,data/1day/spy_daily.csv
2023-03-13 00:00:00+00:00,366.0210998932848,374.2463095850396,364.90906558564376,369.4242858886719,157790000,SPY,equities,1day,data/1day/spy_daily.csv
2023-03-14 00:00:00+00:00,374.351798026972,377.1798194710275,371.0444528978628,375.5309448242188,149752400,SPY,equities,1day,data/1day/spy_daily.csv
2023-03-15 00:00:00+00:00,369.9323910671056,373.38349766674736,367.8425178859198,373.1821899414063,172996900,SPY,equities,1day,data/1day/spy_daily.csv
2023-03-16 00:00:00+00:00,370.8239545188717,380.0748950855989,370.3158726215868,379.7297668457031,143254200,SPY,equities,1day,data/1day/spy_daily.csv
2023-03-17 00:00:00+00:00,378.39790074611807,379.53341458067706,373.90391958538095,375.2896423339844,140553400,SPY,equities,1day,data/1day/spy_daily.csv
2023-03-20 00:00:00+00:00,376.06913373609086,379.3121292855333,375.3666692245707,378.8983154296875,93055800,SPY,equities,1day,data/1day/spy_daily.csv
2023-03-21 00:00:00+00:00,382.2663494662777,384.35456598955216,380.6689183022078,383.8734130859375,91524200,SPY,equities,1day,data/1day/spy_daily.csv
2023-03-22 00:00:00+00:00,383.7002940562463,387.318544760657,377.29133237000224,377.3298034667969,111746600,SPY,equities,1day,data/1day/spy_daily.csv
2023-03-23 00:00:00+00:00,380.1974645439356,384.2391613901428,375.636143615093,378.349853515625,119351300,SPY,equities,1day,data/1day/spy_daily.csv
2023-03-24 00:00:00+00:00,377.0699305533351,380.9191540535127,374.7219018688471,380.8325500488281,107682400,SPY,equities,1day,data/1day/spy_daily.csv
2023-03-27 00:00:00+00:00,383.1131798497359,383.8830421089812,380.6496793546359,381.5446166992188,74010400,SPY,equities,1day,data/1day/spy_daily.csv
2023-03-28 00:00:00+00:00,380.8518690459743,381.54473060251513,378.8502853088847,380.6882934570313,62871700,SPY,equities,1day,data/1day/spy_daily.csv
2023-03-29 00:00:00+00:00,384.8549788100607,386.4620425314962,383.6520964748452,386.2214660644531,77497900,SPY,equities,1day,data/1day/spy_daily.csv
2023-03-30 00:00:00+00:00,388.85816364557934,389.1083725616801,386.6160039583287,388.4828796386719,69840000,SPY,equities,1day,data/1day/spy_daily.csv
2023-03-31 00:00:00+00:00,389.4067476454537,394.25677808538353,389.3008787149844,393.9584655761719,112062600,SPY,equities,1day,data/1day/spy_daily.csv
2023-04-03 00:00:00+00:00,393.4388073224312,395.8638078292274,393.0442583450311,395.4596557617188,67391100,SPY,equities,1day,data/1day/spy_daily.csv
2023-04-04 00:00:00+00:00,396.1043180036167,396.39302737074536,391.8894138018298,393.2655334472656,66601500,SPY,equities,1day,data/1day/spy_daily.csv
2023-04-05 00:00:00+00:00,392.534243907046,393.2944738697264,390.5807639021192,392.2359313964844,65200200,SPY,equities,1day,data/1day/spy_daily.csv
2023-04-06 00:00:00+00:00,391.43719778873736,394.0450681714436,390.3882877815402,393.7659912109375,63743300,SPY,equities,1day,data/1day/spy_daily.csv
2023-04-10 00:00:00+00:00,391.2831872850261,394.2471058980047,390.6673267809661,394.1701049804688,63681000,SPY,equities,1day,data/1day/spy_daily.csv
2023-04-11 00:00:00+00:00,394.7956849780574,395.6809900883233,393.50619840980073,394.2760314941406,59297900,SPY,equities,1day,data/1day/spy_daily.csv
2023-04-12 00:00:00+00:00,396.34496122221753,396.6336706379783,392.0819527581082,392.6689453125,86420400,SPY,equities,1day,data/1day/spy_daily.csv
2023-04-13 00:00:00+00:00,393.7563729944993,398.2407226034187,392.6112264732372,397.8846740722656,85814800,SPY,equities,1day,data/1day/spy_daily.csv
2023-04-14 00:00:00+00:00,397.2495021524552,399.44355846247794,394.6031608879993,396.9126892089844,78161500,SPY,equities,1day,data/1day/spy_daily.csv
2023-04-17 00:00:00+00:00,396.8261475266993,398.3562106467558,395.59439693756417,398.33697509765625,66436400,SPY,equities,1day,data/1day/spy_daily.csv
2023-04-18 00:00:00+00:00,399.9150951800139,400.0498321097644,397.2206502574761,398.59674072265625,63560000,SPY,equities,1day,data/1day/spy_daily.csv
2023-04-19 00:00:00+00:00,396.6817177607652,399.4338983892375,396.6239817592759,398.52935791015625,55227300,SPY,equities,1day,data/1day/spy_daily.csv
2023-04-20 00:00:00+00:00,395.7098562929952,398.10601828904817,394.8052862710272,396.3546142578125,75840400,SPY,equities,1day,data/1day/spy_daily.csv
2023-04-21 00:00:00+00:00,396.6529041637765,397.1244246963598,394.7090566567866,396.66253662109375,73457400,SPY,equities,1day,data/1day/spy_daily.csv
2023-04-24 00:00:00+00:00,396.4604954748782,397.4998025471622,395.12290521714107,397.0763854980469,64332100,SPY,equities,1day,data/1day/spy_daily.csv
2023-04-25 00:00:00+00:00,395.1035702020275,395.6617241074058,390.7154573508528,390.773193359375,97766700,SPY,equities,1day,data/1day/spy_daily.csv
2023-04-26 00:00:00+00:00,391.3890687387205,392.46684668077467,388.559886957205,389.1180114746094,80447000,SPY,equities,1day,data/1day/spy_daily.csv
2023-04-27 00:00:00+00:00,391.6585449994972,397.1340685308111,391.40833604006144,396.8646240234375,92968400,SPY,equities,1day,data/1day/spy_daily.csv
2023-04-28 00:00:00+00:00,395.9792514788031,400.2615245465103,395.9215154732954,400.25189208984375,89433100,SPY,equities,1day,data/1day/spy_daily.csv
2023-05-01 00:00:00+00:00,399.8091557986487,401.8781072083776,399.6166829091316,399.84765625,62122300,SPY,equities,1day,data/1day/spy_daily.csv
2023-05-02 00:00:00+00:00,399.1356765936417,399.1838095173126,392.4476670524261,395.3538208007813,103998500,SPY,equities,1day,data/1day/spy_daily.csv
2023-05-03 00:00:00+00:00,395.8541741351487,398.26957154429016,392.3994991884123,392.64007568359375,91531800,SPY,equities,1day,data/1day/spy_daily.csv
2023-05-04 00:00:00+00:00,391.5911783811914,391.9183589011733,388.5214198537967,389.8590393066406,94901900,SPY,equities,1day,data/1day/spy_daily.csv
2023-05-05 00:00:00+00:00,393.4966054983239,398.1252956619567,393.2367934138792,397.0763854980469,87891800,SPY,equities,1day,data/1day/spy_daily.csv
2023-05-08 00:00:00+00:00,397.4034393015075,397.6632513030807,395.7771401014263,397.1820983886719,50046800,SPY,equities,1day,data/1day/spy_daily.csv
2023-05-09 00:00:00+00:00,395.63290265005054,396.5567082623412,395.2094856262401,395.4404296875,49220100,SPY,equities,1day,data/1day/spy_daily.csv
2023-05-10 00:00:00+00:00,398.2791988750433,398.914324338217,393.4580365761441,397.28802490234375,96142900,SPY,equities,1day,data/1day/spy_daily.csv
2023-05-11 00:00:00+00:00,396.4219762908843,396.8838643849846,394.5165998009732,396.5951843261719,70157100,SPY,equities,1day,data/1day/spy_daily.csv
2023-05-12 00:00:00+00:00,397.8365368137777,398.0482452964263,393.65050007841785,396.0755004882813,70481500,SPY,equities,1day,data/1day/spy_daily.csv
2023-05-15 00:00:00+00:00,396.6816952493689,397.8460770363183,394.7667161184098,397.4419250488281,54289400,SPY,equities,1day,data/1day/spy_daily.csv
2023-05-16 00:00:00+00:00,396.3352785674829,397.2591133402124,394.7763477684629,394.7859802246094,57705500,SPY,equities,1day,data/1day/spy_daily.csv
2023-05-17 00:00:00+00:00,396.80683197926186,400.1845056184392,395.16129716185526,399.5782775878906,87287000,SPY,equities,1day,data/1day/spy_daily.csv
2023-05-18 00:00:00+00:00,399.2607196795313,403.8509377054382,399.0394081133319,403.4275207519531,97177200,SPY,equities,1day,data/1day/spy_daily.csv
2023-05-19 00:00:00+00:00,404.3321069908471,404.8613635204508,401.6183971431854,402.8405151367188,103793300,SPY,equities,1day,data/1day/spy_daily.csv
2023-05-22 00:00:00+00:00,402.8598103596236,404.5438459115557,401.6184273585124,403.004150390625,60745400,SPY,equities,1day,data/1day/spy_daily.csv
2023-05-23 00:00:00+00:00,401.3585475631552,402.9367433972177,398.0867132485157,398.4812622070313,86383500,SPY,equities,1day,data/1day/spy_daily.csv
2023-05-24 00:00:00+00:00,396.8742131296412,397.2591296170941,394.4299479150844,395.5943298339844,89213700,SPY,equities,1day,data/1day/spy_daily.csv
2023-05-25 00:00:00+00:00,399.1067761340057,400.4732635587891,396.8646161031706,399.0201721191406,90961600,SPY,equities,1day,data/1day/spy_daily.csv
2023-05-26 00:00:00+00:00,399.6744664249901,404.9094124761136,399.5974948803749,404.1876831054688,93830000,SPY,equities,1day,data/1day/spy_daily.csv
2023-05-30 00:00:00+00:00,406.1219465437839,406.6512030272136,402.9559519977229,404.3416748046875,72216000,SPY,equities,1day,data/1day/spy_daily.csv
2023-05-31 00:00:00+00:00,402.513393949465,403.41796403198254,400.5310457347356,402.099609375,110811800,SPY,equities,1day,data/1day/spy_daily.csv
2023-06-01 00:00:00+00:00,402.3304796935779,406.9784337458306,401.0794937409788,405.9198913574219,88865000,SPY,equities,1day,data/1day/spy_daily.csv
2023-06-02 00:00:00+00:00,408.4989090066005,412.5790771690053,407.969652437944,411.7900085449219,91426200,SPY,equities,1day,data/1day/spy_daily.csv
2023-06-05 00:00:00+00:00,412.1363990044285,413.4258854781173,410.2983910805687,411.0008850097656,65460200,SPY,equities,1day,data/1day/spy_daily.csv
2023-06-06 00:00:00+00:00,410.5871518389213,412.4251306253887,409.932761379412,411.8958740234375,64022200,SPY,equities,1day,data/1day/spy_daily.csv
2023-06-07 00:00:00+00:00,412.2902685044504,413.4257822154926,410.0480797122799,410.4714965820313,85373300,SPY,equities,1day,data/1day/spy_daily.csv
2023-06-08 00:00:00+00:00,410.5389787763912,413.40666121292,409.7691457275,412.9543762207031,61952800,SPY,equities,1day,data/1day/spy_daily.csv
2023-06-09 00:00:00+00:00,413.7530790281272,415.7065590310339,412.7041690134876,413.6953430175781,85742800,SPY,equities,1day,data/1day/spy_daily.csv
2023-06-12 00:00:00+00:00,414.6769171108834,417.5253346663892,413.9551876062376,417.4483337402344,76104300,SPY,equities,1day,data/1day/spy_daily.csv
2023-06-13 00:00:00+00:00,418.9110749460117,420.8452901285255,418.247081424966,420.2005615234375,95899700,SPY,equities,1day,data/1day/spy_daily.csv
2023-06-14 00:00:00+00:00,420.5373216552151,422.5100370544421,417.2462224703346,420.7008972167969,100612100,SPY,equities,1day,data/1day/spy_daily.csv
2023-06-15 00:00:00+00:00,419.8829186958016,427.167581376933,419.7867115999943,425.9165954589844,110303100,SPY,equities,1day,data/1day/spy_daily.csv
2023-06-16 00:00:00+00:00,427.9044446994593,428.47431075878063,423.99263976838114,424.4659118652344,114165800,SPY,equities,1day,data/1day/spy_daily.csv
2023-06-20 00:00:00+00:00,422.52444796434224,423.41304154167295,420.1870041214196,422.2636413574219,76160400,SPY,equities,1day,data/1day/spy_daily.csv
2023-06-21 00:00:00+00:00,421.2784731312149,422.0801410350752,419.5108951805997,420.10009765625,76982300,SPY,equities,1day,data/1day/spy_daily.csv
2023-06-22 00:00:00+00:00,419.143925012139,421.7228098726015,418.8058608852143,421.6165771484375,70637200,SPY,equities,1day,data/1day/spy_daily.csv
2023-06-23 00:00:00+00:00,418.1586622892244,420.2159925909701,417.714365486568,418.4291076660156,92074500,SPY,equities,1day,data/1day/spy_daily.csv
2023-06-26 00:00:00+00:00,417.8592143297431,419.78130707914215,416.47801229853,416.719482421875,72823600,SPY,equities,1day,data/1day/spy_daily.csv
2023-06-27 00:00:00+00:00,417.5985365708661,421.9063563429636,417.1445714519084,421.2882080078125,72813700,SPY,equities,1day,data/1day/spy_daily.csv
2023-06-28 00:00:00+00:00,420.20627410375766,422.5147425065915,419.5881259491554,421.5005798339844,75636000,SPY,equities,1day,data/1day/spy_daily.csv
2023-06-29 00:00:00+00:00,421.0852585523664,423.32610840810986,420.679605245235,423.1618957519531,67882300,SPY,equities,1day,data/1day/spy_daily.csv
2023-06-30 00:00:00+00:00,426.3783313417032,429.1407356891044,426.05957423925753,428.1555480957031,104964000,SPY,equities,1day,data/1day/spy_daily.csv
2023-07-03 00:00:00+00:00,427.8078514299053,428.9282469948695,427.5277378004959,428.6481628417969,32793400,SPY,equities,1day,data/1day/spy_daily.csv
2023-07-05 00:00:00+00:00,426.8322751907773,428.7447292814146,426.8226069528998,428.0106506347656,58418400,SPY,equities,1day,data/1day/spy_daily.csv
2023-07-06 00:00:00+00:00,424.4272557113554,425.0840474287703,422.1477622241082,424.6590576171875,80658300,SPY,equities,1day,data/1day/spy_daily.csv
2023-07-07 00:00:00+00:00,423.6641704920447,427.5373607483118,423.3454134187473,423.5868835449219,86134200,SPY,equities,1day,data/1day/spy_daily.csv
2023-07-10 00:00:00+00:00,423.2295437531058,424.8329090465616,422.659677750378,424.6590576171875,62443500,SPY,equities,1day,data/1day/spy_daily.csv
2023-07-11 00:00:00+00:00,425.4220646553444,427.85607282742535,424.4465159485544,427.3634643554688,64463800,SPY,equities,1day,data/1day/spy_daily.csv
2023-07-12 00:00:00+00:00,431.1594330344666,432.2122392972248,429.729919208418,430.8020324707031,91924500,SPY,equities,1day,data/1day/spy_daily.csv
2023-07-13 00:00:00+00:00,432.617887210663,435.0132815571351,432.18325865422753,434.2212524414063,72425200,SPY,equities,1day,data/1day/spy_daily.csv
2023-07-14 00:00:00+00:00,435.1099046958951,435.9598548665001,433.1877822518175,433.9508361816406,69815800,SPY,equities,1day,data/1day/spy_daily.csv
2023-07-17 00:00:00+00:00,433.8059330908804,436.5103868213516,433.7576213779186,435.4575805664063,52680200,SPY,equities,1day,data/1day/spy_daily.csv
2023-07-18 00:00:00+00:00,435.12919667930265,439.3404218148386,434.694538632374,438.69329833984375,80668200,SPY,equities,1day,data/1day/spy_daily.csv
2023-07-19 00:00:00+00:00,439.4852730809636,440.8568068135111,438.6159570947119,439.6687927246094,65891700,SPY,equities,1day,data/1day/spy_daily.csv
2023-07-20 00:00:00+00:00,438.6739839174844,439.5722457578469,436.0371193951603,436.7518615722656,70591600,SPY,equities,1day,data/1day/spy_daily.csv
2023-07-21 00:00:00+00:00,438.47112777830426,438.6739839174844,436.74222281063936,436.7518615722656,71275600,SPY,equities,1day,data/1day/spy_daily.csv
2023-07-24 00:00:00+00:00,437.9012750217946,439.5143085643416,436.86777572408096,438.7029724121094,54023400,SPY,equities,1day,data/1day/spy_daily.csv
2023-07-25 00:00:00+00:00,438.4324765430136,441.156237070321,438.3841648336445,439.9006042480469,55191200,SPY,equities,1day,data/1day/spy_daily.csv
2023-07-26 00:00:00+00:00,438.96370723872633,441.39771546076753,437.91090104233945,439.9682312011719,71052900,SPY,equities,1day,data/1day/spy_daily.csv
2023-07-27 00:00:00+00:00,443.35846818342566,443.7641509737044,436.1433394792144,437.05126953125,92194400,SPY,equities,1day,data/1day/spy_daily.csv
2023-07-28 00:00:00+00:00,440.325676064509,442.16084340685165,437.0513265077095,441.3302001953125,80011800,SPY,equities,1day,data/1day/spy_daily.csv
2023-07-31 00:00:00+00:00,441.8034013690048,442.52781174126136,440.4897885662861,442.1704406738281,62040400,SPY,equities,1day,data/1day/spy_daily.csv
2023-08-01 00:00:00+00:00,440.7023562416477,441.6489298958807,439.9489705091238,440.90521240234375,55291500,SPY,equities,1day,data/1day/spy_daily.csv
2023-08-02 00:00:00+00:00,437.7853626915781,438.0461398306252,434.0184344125547,434.7718200683594,93933400,SPY,equities,1day,data/1day/spy_daily.csv
2023-08-03 00:00:00+00:00,432.7531252299224,435.4092967139093,432.10597229878186,433.52581787109375,64276100,SPY,equities,1day,data/1day/spy_daily.csv
2023-08-04 00:00:00+00:00,435.3416905501172,437.447303112886,431.0435102343316,431.5650939941406,100128900,SPY,equities,1day,data/1day/spy_daily.csv
2023-08-07 00:00:00+00:00,433.4002396932357,435.4865451527169,432.7048045400754,435.3320007324219,58357500,SPY,equities,1day,data/1day/spy_daily.csv
2023-08-08 00:00:00+00:00,432.7917508600607,435.3223827020289,430.07762882885913,433.43890380859375,71361300,SPY,equities,1day,data/1day/spy_daily.csv
2023-08-09 00:00:00+00:00,433.7093468244431,433.8735594892863,429.77820586959297,430.541259765625,78789600,SPY,equities,1day,data/1day/spy_daily.csv
2023-08-10 00:00:00+00:00,432.8979765886809,436.2882265207825,429.52706313111736,430.6957702636719,93005500,SPY,equities,1day,data/1day/spy_daily.csv
2023-08-11 00:00:00+00:00,428.8220297444384,431.4588945081904,428.2231884627009,430.4447021484375,68690900,SPY,equities,1day,data/1day/spy_daily.csv
2023-08-14 00:00:00+00:00,429.5270825673996,432.8207092285156,429.2179937241371,432.8207092285156,47867400,SPY,equities,1day,data/1day/spy_daily.csv
2023-08-15 00:00:00+00:00,431.0434905199487,431.40089107368914,427.2089436634091,427.7788391113281,75707500,SPY,equities,1day,data/1day/spy_daily.csv
2023-08-16 00:00:00+00:00,427.36350074460506,429.0248164729432,424.53347780183,424.6397399902344,80107200,SPY,equities,1day,data/1day/spy_daily.csv
2023-08-17 00:00:00+00:00,426.1078247958852,426.368601907091,420.8824080004751,421.4039916992188,95711300,SPY,equities,1day,data/1day/spy_daily.csv
2023-08-18 00:00:00+00:00,418.5836919301103,422.6404024444025,418.2359890452877,421.6069030761719,98852000,SPY,equities,1day,data/1day/spy_daily.csv
2023-08-21 00:00:00+00:00,422.6210410735604,425.0936930300052,420.4671462190992,424.3499755859375,68719000,SPY,equities,1day,data/1day/spy_daily.csv
2023-08-22 00:00:00+00:00,426.1271477129419,426.1271477129419,422.6403332909712,423.2005310058594,64994200,SPY,equities,1day,data/1day/spy_daily.csv
2023-08-23 00:00:00+00:00,424.263004912033,428.53220964419495,424.1181287339091,427.9140319824219,68441000,SPY,equities,1day,data/1day/spy_daily.csv
2023-08-24 00:00:00+00:00,429.5173761658402,430.0292916211122,421.95451579727023,421.9835205078125,88517300,SPY,equities,1day,data/1day/spy_daily.csv
2023-08-25 00:00:00+00:00,423.7124409886771,426.2430431246683,420.15800790417546,424.95843505859375,102325100,SPY,equities,1day,data/1day/spy_daily.csv
2023-08-28 00:00:00+00:00,427.1510130346192,428.27143803085545,424.95847475635645,427.6532897949219,61595400,SPY,equities,1day,data/1day/spy_daily.csv
2023-08-29 00:00:00+00:00,427.5470082557006,434.1150135078099,427.3634885979469,433.83489990234375,83081900,SPY,equities,1day,data/1day/spy_daily.csv
2023-08-30 00:00:00+00:00,434.1730052474849,436.2593109157671,433.4679017861337,435.621826171875,69053900,SPY,equities,1day,data/1day/spy_daily.csv
2023-08-31 00:00:00+00:00,436.2399468961714,437.3796788770793,434.8007943012341,434.98431396484375,66084600,SPY,equities,1day,data/1day/spy_daily.csv
2023-09-01 00:00:00+00:00,437.7081084262502,438.1910487085468,434.337165211912,435.795654296875,58944100,SPY,equities,1day,data/1day/spy_daily.csv
2023-09-05 00:00:00+00:00,435.3513218599426,435.670049450585,433.8445506606034,433.9121398925781,55166200,SPY,equities,1day,data/1day/spy_daily.csv
2023-09-06 00:00:00+00:00,433.1008518755981,433.2071140684911,428.6674634922226,430.9952392578125,70758500,SPY,equities,1day,data/1day/spy_daily.csv
2023-09-07 00:00:00+00:00,427.991344757898,430.3480958143687,427.6436418854697,429.6719970703125,70355400,SPY,equities,1day,data/1day/spy_daily.csv
2023-09-08 00:00:00+00:00,429.72022009729625,431.85480770691146,429.3628490355431,430.3190612792969,61659700,SPY,equities,1day,data/1day/spy_daily.csv
2023-09-11 00:00:00+00:00,432.9462527649071,433.4581682353376,431.2366549432054,433.1491088867188,60180100,SPY,equities,1day,data/1day/spy_daily.csv
2023-09-12 00:00:00+00:00,431.70030728737913,433.2263855290798,430.1935360444676,430.7730407714844,67565400,SPY,equities,1day,data/1day/spy_daily.csv
2023-09-13 00:00:00+00:00,430.9951854819559,432.4343379531001,429.8940675950137,431.2752990722656,60199300,SPY,equities,1day,data/1day/spy_daily.csv
2023-09-14 00:00:00+00:00,433.747962382289,435.6893621396805,432.4440178145085,434.9939270019531,83430800,SPY,equities,1day,data/1day/spy_daily.csv
2023-09-15 00:00:00+00:00,433.4072542770486,433.7368084981918,429.3168595859164,429.7530212402344,111848900,SPY,equities,1day,data/1day/spy_daily.csv
2023-09-18 00:00:00+00:00,429.4428930184935,431.3039383717458,428.9679515229548,430.0050964355469,55752200,SPY,equities,1day,data/1day/spy_daily.csv
2023-09-19 00:00:00+00:00,429.084142775809,429.6754234765873,426.42830474295727,429.11322021484375,66514600,SPY,equities,1day,data/1day/spy_daily.csv
2023-09-20 00:00:00+00:00,430.3733738455972,430.7901603921495,424.9647327603663,425.1683044433594,82562600,SPY,equities,1day,data/1day/spy_daily.csv
2023-09-21 00:00:00+00:00,422.3185875705256,422.5802845540439,417.98587113932,418.1409606933594,104095800,SPY,equities,1day,data/1day/spy_daily.csv
2023-09-22 00:00:00+00:00,419.16839709834846,420.7677155797648,416.7839285170148,417.2007446289063,100829700,SPY,equities,1day,data/1day/spy_daily.csv
2023-09-25 00:00:00+00:00,415.98915213201,418.9939198820318,415.5529609010411,418.9551696777344,70874500,SPY,equities,1day,data/1day/spy_daily.csv
2023-09-26 00:00:00+00:00,415.91157553365485,416.6191660672769,411.9665682552368,412.8001708984375,96168400,SPY,equities,1day,data/1day/spy_daily.csv
2023-09-27 00:00:00+00:00,413.9729720120895,414.5351752960794,409.3204041006066,412.96490478515625,104705800,SPY,equities,1day,data/1day/spy_daily.csv
2023-09-28 00:00:00+00:00,412.4124874162186,417.0359784928409,411.8212066146307,415.3591003417969,92258300,SPY,equities,1day,data/1day/spy_daily.csv
2023-09-29 00:00:00+00:00,418.4123299989288,418.5867946420908,412.8292247753013,414.35101318359375,115111300,SPY,equities,1day,data/1day/spy_daily.csv
2023-10-02 00:00:00+00:00,413.5174684907983,415.4366685752328,411.42380373877234,414.186279296875,83798600,SPY,equities,1day,data/1day/spy_daily.csv
2023-10-03 00:00:00+00:00,412.0053662589799,414.2444181473067,407.27523825202337,408.6419372558594,103760600,SPY,equities,1day,data/1day/spy_daily.csv
2023-10-04 00:00:00+00:00,409.107224446792,412.3640165843667,407.6435907050373,411.61767578125,87453000,SPY,equities,1day,data/1day/spy_daily.csv
2023-10-05 00:00:00+00:00,411.3268404794052,412.3058303467078,408.23484048426144,411.4625549316406,70142700,SPY,equities,1day,data/1day/spy_daily.csv
2023-10-06 00:00:00+00:00,409.0102345616155,417.888911329126,407.6823154616602,416.3477478027344,113273300,SPY,equities,1day,data/1day/spy_daily.csv
2023-10-09 00:00:00+00:00,414.4479401975877,419.5851817448939,413.8954687983384,419.0133056640625,80374400,SPY,equities,1day,data/1day/spy_daily.csv
2023-10-10 00:00:00+00:00,419.64334789466267,423.7918973624895,419.245936455557,421.1942138671875,78607300,SPY,equities,1day,data/1day/spy_daily.csv
2023-10-11 00:00:00+00:00,422.2604167519184,423.17151977952034,419.8759482263836,422.9195251464844,62451700,SPY,equities,1day,data/1day/spy_daily.csv
2023-10-12 00:00:00+00:00,423.5302119190894,423.90821868639375,417.9858858829249,420.34124755859375,81154200,SPY,equities,1day,data/1day/spy_daily.csv
2023-10-13 00:00:00+00:00,421.8436069564154,423.0455435777595,416.6773175678,418.24755859375,95143100,SPY,equities,1day,data/1day/spy_daily.csv
2023-10-16 00:00:00+00:00,420.4963432402705,423.7143850912576,420.25402134631616,422.6481628417969,75433200,SPY,equities,1day,data/1day/spy_daily.csv
2023-10-17 00:00:00+00:00,419.5173185664215,424.683637482476,419.1683892665842,422.6287231445313,75324700,SPY,equities,1day,data/1day/spy_daily.csv
2023-10-18 00:00:00+00:00,420.85496751569167,421.81455273319096,415.9115950498216,416.9971923828125,93559800,SPY,equities,1day,data/1day/spy_daily.csv
2023-10-19 00:00:00+00:00,417.714450283055,419.5270131332278,412.65476846702256,413.333251953125,121323000,SPY,equities,1day,data/1day/spy_daily.csv
2023-10-20 00:00:00+00:00,412.8971069121286,413.4399055549237,408.1475744172104,408.2542114257813,123919900,SPY,equities,1day,data/1day/spy_daily.csv
2023-10-23 00:00:00+00:00,406.7227609900484,411.4141390664612,404.9683527773846,407.5466613769531,92035100,SPY,equities,1day,data/1day/spy_daily.csv
2023-10-24 00:00:00+00:00,409.6693503095015,411.7727171708306,407.8180076603951,410.6192626953125,78564200,SPY,equities,1day,data/1day/spy_daily.csv
2023-10-25 00:00:00+00:00,408.93271643497314,408.9617938766799,404.21226147565824,404.7259826660156,94223200,SPY,equities,1day,data/1day/spy_daily.csv
2023-10-26 00:00:00+00:00,403.6597612351225,404.5127093243327,398.9587112931171,399.8795166015625,115156800,SPY,equities,1day,data/1day/spy_daily.csv
2023-10-27 00:00:00+00:00,401.4692254760225,401.8666369338055,396.6421626745101,398.0670166015625,107367700,SPY,equities,1day,data/1day/spy_daily.csv
2023-10-30 00:00:00+00:00,400.85854988329856,403.88272225418063,399.5597081383843,402.8262023925781,86562700,SPY,equities,1day,data/1day/spy_daily.csv
2023-10-31 00:00:00+00:00,403.3980688820503,405.67590044700427,401.4885713038088,405.3560485839844,79665200,SPY,equities,1day,data/1day/spy_daily.csv
2023-11-01 00:00:00+00:00,406.32535052662286,410.4932751362608,405.7922246289102,409.6790771484375,98068100,SPY,equities,1day,data/1day/spy_daily.csv
2023-11-02 00:00:00+00:00,413.4786898388463,417.6854240377106,413.4593147358308,417.53033447265625,94938900,SPY,equities,1day,data/1day/spy_daily.csv
2023-11-03 00:00:00+00:00,419.837246175809,422.8904962063887,419.71123405468535,421.3396301269531,100167800,SPY,equities,1day,data/1day/spy_daily.csv
2023-11-06 00:00:00+00:00,422.0955934752631,422.7547018208165,420.360560713014,422.308837890625,67831700,SPY,equities,1day,data/1day/spy_daily.csv
2023-11-07 00:00:00+00:00,422.308896123232,424.1505365569555,421.1651439105342,423.51080322265625,64256100,SPY,equities,1day,data/1day/spy_daily.csv
2023-11-08 00:00:00+00:00,424.1117277828973,424.635151307966,421.51404441898217,423.8209533691406,61746000,SPY,equities,1day,data/1day/spy_daily.csv
2023-11-09 00:00:00+00:00,424.9647429571584,425.0035227425126,420.0892276547656,420.5157165527344,83174400,SPY,equities,1day,data/1day/spy_daily.csv
2023-11-10 00:00:00+00:00,422.5899824315263,427.38793789386506,420.5059906051338,427.0777587890625,89462200,SPY,equities,1day,data/1day/spy_daily.csv
2023-11-13 00:00:00+00:00,425.7402075090933,427.7756878254619,424.9550869115658,426.6707153320313,52236100,SPY,equities,1day,data/1day/spy_daily.csv
2023-11-14 00:00:00+00:00,432.61237797424354,436.2375035396276,432.38943121379657,434.9483642578125,97176900,SPY,equities,1day,data/1day/spy_daily.csv
2023-11-15 00:00:00+00:00,436.2860492849091,437.51706352995177,435.0162848317492,435.8692626953125,77327600,SPY,equities,1day,data/1day/spy_daily.csv
2023-11-16 00:00:00+00:00,435.4233234108849,436.7221650858265,434.35710126569217,436.4023132324219,66665800,SPY,equities,1day,data/1day/spy_daily.csv
2023-11-17 00:00:00+00:00,436.4119730300388,437.5557547047121,435.4911676985958,436.9450988769531,83133200,SPY,equities,1day,data/1day/spy_daily.csv
2023-11-20 00:00:00+00:00,436.6931403604103,441.1518692274426,436.6834380187307,440.30859375,69936200,SPY,equities,1day,data/1day/spy_daily.csv
2023-11-21 00:00:00+00:00,439.2616751507019,440.1825100512239,438.0791432901761,439.3489074707031,49244600,SPY,equities,1day,data/1day/spy_daily.csv
2023-11-22 00:00:00+00:00,441.00650736003314,442.3635041592452,439.949987367064,441.0452575683594,59394900,SPY,equities,1day,data/1day/spy_daily.csv
2023-11-24 00:00:00+00:00,441.09364165847086,441.510428157678,440.76408747907647,441.3165588378906,29737400,SPY,equities,1day,data/1day/spy_daily.csv
2023-11-27 00:00:00+00:00,440.6866129172609,441.5008109728584,440.134111871577,440.5218505859375,50506000,SPY,equities,1day,data/1day/spy_daily.csv
2023-11-28 00:00:00+00:00,440.1340769627191,442.25681906014256,439.5719031999821,440.9579772949219,62115000,SPY,equities,1day,data/1day/spy_daily.csv
2023-11-29 00:00:00+00:00,443.10979527762873,444.2438747206066,440.2504147680835,440.6477966308594,63146000,SPY,equities,1day,data/1day/spy_daily.csv
2023-11-30 00:00:00+00:00,441.4911150141487,442.7318019261052,439.41682540648986,442.3828430175781,79752700,SPY,equities,1day,data/1day/spy_daily.csv
2023-12-01 00:00:00+00:00,441.7721644254671,445.5330047536573,441.1809132340256,444.9999084472656,89183400,SPY,equities,1day,data/1day/spy_daily.csv
2023-12-04 00:00:00+00:00,441.6073900887256,445.019271433423,440.3860783753154,442.6639099121094,72430900,SPY,equities,1day,data/1day/spy_daily.csv
2023-12-05 00:00:00+00:00,441.27787936550914,443.5363064434526,440.89984300542426,442.5767211914063,69793500,SPY,equities,1day,data/1day/spy_daily.csv
2023-12-06 00:00:00+00:00,444.7188464003096,444.7479238454249,440.35705215116445,440.7932434082031,69124700,SPY,equities,1day,data/1day/spy_daily.csv
2023-12-07 00:00:00+00:00,442.8771496276889,444.8060222628319,442.2761961180648,444.1566162109375,66995400,SPY,equities,1day,data/1day/spy_daily.csv
2023-12-08 00:00:00+00:00,443.4102636541943,446.5992278993257,443.16794177253433,446.0661315917969,83194400,SPY,equities,1day,data/1day/spy_daily.csv
2023-12-11 00:00:00+00:00,445.57182828523526,447.97567223110514,445.3585838256798,447.8011779785156,65002200,SPY,equities,1day,data/1day/spy_daily.csv
2023-12-12 00:00:00+00:00,447.45223299144266,449.9433091863663,446.4538679612237,449.8463745117188,68327600,SPY,equities,1day,data/1day/spy_daily.csv
2023-12-13 00:00:00+00:00,450.22434675999136,456.3017983886153,449.8657151135784,456.0497741699219,93278000,SPY,equities,1day,data/1day/spy_daily.csv
2023-12-14 00:00:00+00:00,457.9883386207796,459.1805728813377,454.83815428105993,457.5133972167969,119026000,SPY,equities,1day,data/1day/spy_daily.csv
2023-12-15 00:00:00+00:00,456.9158501916579,458.09346468799856,454.911024624647,456.7601318359375,141553700,SPY,equities,1day,data/1day/spy_daily.csv
2023-12-18 00:00:00+00:00,458.3659614924249,460.3123963762856,457.3051580447496,459.3294372558594,70375300,SPY,equities,1day,data/1day/spy_daily.csv
2023-12-19 00:00:00+00:00,459.8743983485583,462.2004020971749,459.7965540277921,462.1225280761719,55761800,SPY,equities,1day,data/1day/spy_daily.csv
2023-12-20 00:00:00+00:00,461.26613266046417,463.15417688283,455.2905929826461,455.71881103515625,102921000,SPY,equities,1day,data/1day/spy_daily.csv
2023-12-21 00:00:00+00:00,458.7065536605437,460.3123861642949,456.28325178797456,460.0398864746094,86667500,SPY,equities,1day,data/1day/spy_daily.csv
2023-12-22 00:00:00+00:00,461.1688449044697,462.6481545594909,459.0667211740831,460.9644775390625,67160400,SPY,equities,1day,data/1day/spy_daily.csv
2023-12-26 00:00:00+00:00,461.37315728833744,463.8159126462135,461.29528326802847,462.9108276367188,55387000,SPY,equities,1day,data/1day/spy_daily.csv
2023-12-27 00:00:00+00:00,462.70651395388256,463.893840449239,462.1712562282074,463.7478637695313,68000300,SPY,equities,1day,data/1day/spy_daily.csv
2023-12-28 00:00:00+00:00,464.1079178321579,464.7599568571368,463.5045277970175,463.9230041503906,77158100,SPY,equities,1day,data/1day/spy_daily.csv
2023-12-29 00:00:00+00:00,463.7283148554509,464.2538605283432,460.6237492048473,462.5799255371094,122283100,SPY,equities,1day,data/1day/spy_daily.csv
2024-01-02 00:00:00+00:00,459.5143743882812,460.9839423046435,457.8890881092372,459.9912414550781,123623700,SPY,equities,1day,data/1day/spy_daily.csv
2024-01-03 00:00:00+00:00,457.8306496986943,458.5703044192496,455.6311985932203,456.2345886230469,103585900,SPY,equities,1day,data/1day/spy_daily.csv
2024-01-04 00:00:00+00:00,455.75774684908487,458.346508982876,454.5412249647981,454.76507568359375,84232200,SPY,equities,1day,data/1day/spy_daily.csv
2024-01-05 00:00:00+00:00,454.9694028721213,457.8404061456365,453.9377947813522,455.3879089355469,86118900,SPY,equities,1day,data/1day/spy_daily.csv
2024-01-08 00:00:00+00:00,455.8841825939242,462.03492319132073,455.75765959014376,461.8889465332031,74879100,SPY,equities,1day,data/1day/spy_daily.csv
2024-01-09 00:00:00+00:00,459.23211686361327,462.2101599071882,458.72605447786,461.1882934570313,65931400,SPY,equities,1day,data/1day/spy_daily.csv
2024-01-10 00:00:00+00:00,461.4607928330298,464.66268658164086,461.1785514545196,463.7965087890625,67310600,SPY,equities,1day,data/1day/spy_daily.csv
2024-01-11 00:00:00+00:00,464.79894328451786,465.314747372644,459.61170706620095,463.5921630859375,77940700,SPY,equities,1day,data/1day/spy_daily.csv
2024-01-12 00:00:00+00:00,465.04220480545,465.7818595429952,462.502121615046,463.9132690429688,58026400,SPY,equities,1day,data/1day/spy_daily.csv
2024-01-16 00:00:00+00:00,462.531291886232,463.8451115616692,460.3902018147457,462.2101135253906,85014900,SPY,equities,1day,data/1day/spy_daily.csv
2024-01-17 00:00:00+00:00,459.1834557597096,460.1274778564824,457.28566988777015,459.640869140625,68843900,SPY,equities,1day,data/1day/spy_daily.csv
2024-01-18 00:00:00+00:00,461.3147724636552,464.2830735453687,459.7673604180853,463.7283325195313,91856200,SPY,equities,1day,data/1day/spy_daily.csv
2024-01-19 00:00:00+00:00,464.85732943436926,469.79154925027024,463.7770722736198,469.5093078613281,110834500,SPY,equities,1day,data/1day/spy_daily.csv
2024-01-22 00:00:00+00:00,471.0469830334159,472.2245678207362,469.8499148891261,470.5019836425781,75844900,SPY,equities,1day,data/1day/spy_daily.csv
2024-01-23 00:00:00+00:00,471.0469649925702,472.1174803762762,469.956966252641,471.8741760253906,49945300,SPY,equities,1day,data/1day/spy_daily.csv
2024-01-24 00:00:00+00:00,474.745153487513,475.6794338281553,471.89363377790727,472.3899841308594,81765000,SPY,equities,1day,data/1day/spy_daily.csv
2024-01-25 00:00:00+00:00,474.52132983790426,475.23178923650255,472.3900110425858,474.9592895507813,72525000,SPY,equities,1day,data/1day/spy_daily.csv
2024-01-26 00:00:00+00:00,474.5310679998513,476.02008943226616,473.5092016110277,474.35589599609375,76641600,SPY,equities,1day,data/1day/spy_daily.csv
2024-01-29 00:00:00+00:00,474.66734997690736,478.2585246858996,474.1223505896568,478.1125183105469,61322800,SPY,equities,1day,data/1day/spy_daily.csv
2024-01-30 00:00:00+00:00,477.4214974259143,478.4531054335183,476.9835377414516,477.74267578125,58618400,SPY,equities,1day,data/1day/spy_daily.csv
2024-01-31 00:00:00+00:00,475.533524505223,475.9811962338904,469.92778226707486,469.947265625,126011100,SPY,equities,1day,data/1day/spy_daily.csv
2024-02-01 00:00:00+00:00,471.6503810358882,476.1271872790658,470.8425939142762,476.0979919433594,91891600,SPY,equities,1day,data/1day/spy_daily.csv
2024-02-02 00:00:00+00:00,476.5359125482952,482.7644982110768,476.1952805049677,481.1100463867188,99228200,SPY,equities,1day,data/1day/spy_daily.csv
2024-02-05 00:00:00+00:00,480.4774390948485,481.13921979443177,477.1003735510861,479.3582153320313,75757100,SPY,equities,1day,data/1day/spy_daily.csv
2024-02-06 00:00:00+00:00,480.30226806860526,481.08085985334736,478.8716372206463,480.7499694824219,55918600,SPY,equities,1day,data/1day/spy_daily.csv
2024-02-07 00:00:00+00:00,482.9981222525648,485.1781199523761,482.0930074037672,484.7596435546875,70556500,SPY,equities,1day,data/1day/spy_daily.csv
2024-02-08 00:00:00+00:00,484.7595543310949,485.3532026417727,483.9420553441325,484.9736633300781,52343600,SPY,equities,1day,data/1day/spy_daily.csv
2024-02-09 00:00:00+00:00,485.47980263839474,488.2145413726089,485.1391705814137,487.776611328125,63979400,SPY,equities,1day,data/1day/spy_daily.csv
2024-02-12 00:00:00+00:00,487.7473831666172,490.0149666672007,486.84226840178366,487.5624694824219,56502300,SPY,equities,1day,data/1day/spy_daily.csv
2024-02-13 00:00:00+00:00,481.2852192494293,483.776653518952,477.5772631803255,480.8472595214844,113099200,SPY,equities,1day,data/1day/spy_daily.csv
2024-02-14 00:00:00+00:00,483.4846542902519,485.7035886541278,481.158650574048,485.2169799804688,68387800,SPY,equities,1day,data/1day/spy_daily.csv
2024-02-15 00:00:00+00:00,485.91772783399097,488.74979405458623,485.4408311080291,488.56488037109375,61683000,SPY,equities,1day,data/1day/spy_daily.csv
2024-02-16 00:00:00+00:00,488.2632150838705,489.401862888149,485.3922116760664,486.1318664550781,75532900,SPY,equities,1day,data/1day/spy_daily.csv
2024-02-20 00:00:00+00:00,484.3897857981468,485.0613082082836,481.20737545898015,483.45550537109375,71736700,SPY,equities,1day,data/1day/spy_daily.csv
2024-02-21 00:00:00+00:00,482.1513947924328,484.0491509708409,480.3411949189208,483.8934326171875,59293400,SPY,equities,1day,data/1day/spy_daily.csv
2024-02-22 00:00:00+00:00,490.5113782634583,494.87137380271713,489.5478727097178,493.9078979492188,76402500,SPY,equities,1day,data/1day/spy_daily.csv
2024-02-23 00:00:00+00:00,495.6304262293698,496.4674086571224,493.51856105397593,494.24847412109375,61321800,SPY,equities,1day,data/1day/spy_daily.csv
2024-02-26 00:00:00+00:00,494.6863927584272,495.1243524687159,492.3117399253592,492.4382629394531,50386700,SPY,equities,1day,data/1day/spy_daily.csv
2024-02-27 00:00:00+00:00,493.1292978892794,493.5769696039291,491.2315119659273,493.3531188964844,48854500,SPY,equities,1day,data/1day/spy_daily.csv
2024-02-28 00:00:00+00:00,491.7959350516518,493.2849564837583,491.4358493661455,492.7010498046875,56506600,SPY,equities,1day,data/1day/spy_daily.csv
2024-02-29 00:00:00+00:00,494.4625780610965,496.0878345083775,491.815425510208,494.4722900390625,83924800,SPY,equities,1day,data/1day/spy_daily.csv
2024-03-01 00:00:00+00:00,495.3481852022985,499.5427199698066,494.9394208408344,499.114501953125,76844800,SPY,equities,1day,data/1day/spy_daily.csv
2024-03-04 00:00:00+00:00,498.3165563504212,500.4284215717115,498.2873313148722,498.5792846679688,49799300,SPY,equities,1day,data/1day/spy_daily.csv
2024-03-05 00:00:00+00:00,496.5744172633029,497.02211863397577,491.3871817921508,493.5963745117188,72855600,SPY,equities,1day,data/1day/spy_daily.csv
2024-03-06 00:00:00+00:00,496.87609616392615,498.3554055143098,494.8031681983377,496.0975341796875,68382400,SPY,equities,1day,data/1day/spy_daily.csv
2024-03-07 00:00:00+00:00,499.39677730974256,502.0731250869525,496.155946823752,501.0220336914063,58652100,SPY,equities,1day,data/1day/spy_daily.csv
2024-03-08 00:00:00+00:00,501.6546542384204,504.340684322384,497.4406063327474,498.0148010253906,86532500,SPY,equities,1day,data/1day/spy_daily.csv
2024-03-11 00:00:00+00:00,496.8080772887865,498.17057584105015,494.8810959575729,497.5866394042969,62557200,SPY,equities,1day,data/1day/spy_daily.csv
2024-03-12 00:00:00+00:00,499.6984700657358,503.5232071984046,497.1778109434511,502.9393005371094,73114400,SPY,equities,1day,data/1day/spy_daily.csv
2024-03-13 00:00:00+00:00,503.2604525888654,503.4356245987712,500.7106276661075,502.1509704589844,55104100,SPY,equities,1day,data/1day/spy_daily.csv
2024-03-14 00:00:00+00:00,503.1242146399968,503.2799627018452,498.1121802332152,501.1583557128906,110171800,SPY,equities,1day,data/1day/spy_daily.csv
2024-03-15 00:00:00+00:00,498.0880174407595,499.5426370968139,496.0476768950372,497.717041015625,107646300,SPY,equities,1day,data/1day/spy_daily.csv
2024-03-18 00:00:00+00:00,501.7879780994152,503.2327960119457,500.2650442068728,500.675048828125,88893300,SPY,equities,1day,data/1day/spy_daily.csv
2024-03-19 00:00:00+00:00,499.9819809876235,503.7404859733711,498.9764238973626,503.4573974609375,60755300,SPY,equities,1day,data/1day/spy_daily.csv
2024-03-20 00:00:00+00:00,503.5158951541575,508.250640692195,502.8422864064855,508.1139526367188,69594600,SPY,equities,1day,data/1day/spy_daily.csv
2024-03-21 00:00:00+00:00,510.9549729947349,511.6578381638752,509.5100952830968,509.7932434082031,60256100,SPY,equities,1day,data/1day/spy_daily.csv
2024-03-22 00:00:00+00:00,509.7053025616341,510.19342318455074,508.5923732409752,508.8267211914063,79070800,SPY,equities,1day,data/1day/spy_daily.csv
2024-03-25 00:00:00+00:00,507.45018520809214,508.57288646937474,507.2646969888812,507.4209289550781,48512100,SPY,equities,1day,data/1day/spy_daily.csv
2024-03-26 00:00:00+00:00,508.8462213354942,509.1879415331935,506.0835014250274,506.4837341308594,65463700,SPY,equities,1day,data/1day/spy_daily.csv
2024-03-27 00:00:00+00:00,509.3148686626399,510.77923060858313,507.1475819984231,510.7401428222656,82999800,SPY,equities,1day,data/1day/spy_daily.csv
2024-03-28 00:00:00+00:00,510.7792051650659,512.1459071621757,510.359428578344,510.64251708984375,96294900,SPY,equities,1day,data/1day/spy_daily.csv
2024-04-01 00:00:00+00:00,511.38439386416735,511.9213145540173,508.5922990238964,509.7540283203125,62477500,SPY,equities,1day,data/1day/spy_daily.csv
2024-04-02 00:00:00+00:00,505.9272505110376,506.6496594947848,504.2090563956192,506.5130310058594,74230300,SPY,equities,1day,data/1day/spy_daily.csv
2024-04-03 00:00:00+00:00,505.41957743973774,508.5728771082824,505.3707772955882,507.0694274902344,59155800,SPY,equities,1day,data/1day/spy_daily.csv
2024-04-04 00:00:00+00:00,511.081829234757,511.4234898322039,500.57746403679687,500.8800964355469,96858100,SPY,equities,1day,data/1day/spy_daily.csv
2024-04-05 00:00:00+00:00,502.2370828649808,508.0749863325785,501.7977623960231,506.11273193359375,74546500,SPY,equities,1day,data/1day/spy_daily.csv
2024-04-08 00:00:00+00:00,506.8156796872345,507.8211772121714,505.58560615213537,506.3958435058594,48401800,SPY,equities,1day,data/1day/spy_daily.csv
2024-04-09 00:00:00+00:00,508.1335859775692,508.3776462974431,502.1296782746543,506.9816284179688,68049200,SPY,equities,1day,data/1day/spy_daily.csv
2024-04-10 00:00:00+00:00,501.2802817017724,503.8966008078219,499.9233518012494,501.9050903320313,82652800,SPY,equities,1day,data/1day/spy_daily.csv
2024-04-11 00:00:00+00:00,503.4281365798111,507.1378418249456,499.913691523377,505.6930236816406,70099000,SPY,equities,1day,data/1day/spy_daily.csv
2024-04-12 00:00:00+00:00,502.1491879340928,503.56474960986543,496.9848635757255,498.71282958984375,92561100,SPY,equities,1day,data/1day/spy_daily.csv
2024-04-15 00:00:00+00:00,502.89118522807627,503.0571295651305,491.61558034670605,492.4649353027344,92101400,SPY,equities,1day,data/1day/spy_daily.csv
2024-04-16 00:00:00+00:00,492.9432762462562,494.4662102656471,490.2781268160622,491.5667724609375,73484000,SPY,equities,1day,data/1day/spy_daily.csv
2024-04-17 00:00:00+00:00,494.0268584590965,494.1928325755386,487.26151394107353,488.6575317382813,75910300,SPY,equities,1day,data/1day/spy_daily.csv
2024-04-18 00:00:00+00:00,490.0535829309475,492.1524956151033,486.71482481856754,487.6520080566406,74548100,SPY,equities,1day,data/1day/spy_daily.csv
2024-04-19 00:00:00+00:00,487.5739105371773,488.569665842459,482.1264679213276,483.3955993652344,102212600,SPY,equities,1day,data/1day/spy_daily.csv
2024-04-22 00:00:00+00:00,486.00221013520326,490.4441260798556,483.65923689240304,487.8473205566406,67961000,SPY,equities,1day,data/1day/spy_daily.csv
2024-04-23 00:00:00+00:00,489.85833417865257,494.0659315908711,487.6617913619136,493.6363830566406,64633600,SPY,equities,1day,data/1day/spy_daily.csv
2024-04-24 00:00:00+00:00,494.5247711017317,495.3155241402407,491.1762707245871,493.402099609375,55928100,SPY,equities,1day,data/1day/spy_daily.csv
2024-04-25 00:00:00+00:00,487.3201124495616,492.2891769636512,485.67026231159537,491.5277099609375,69122400,SPY,equities,1day,data/1day/spy_daily.csv
2024-04-26 00:00:00+00:00,494.3197628446228,497.7658932650639,493.6852119906925,496.1843872070313,64306100,SPY,equities,1day,data/1day/spy_daily.csv
2024-04-29 00:00:00+00:00,497.9709059194509,498.61522873285696,495.1983842873063,497.9416198730469,46415400,SPY,equities,1day,data/1day/spy_daily.csv
2024-04-30 00:00:00+00:00,496.4772740416634,497.45351534342734,490.0536193847656,490.0536193847656,77483600,SPY,equities,1day,data/1day/spy_daily.csv
2024-05-01 00:00:00+00:00,489.4678380773352,496.1160385437577,487.9937042701267,488.4623107910156,80242800,SPY,equities,1day,data/1day/spy_daily.csv
2024-05-02 00:00:00+00:00,492.1720003799534,493.8706803453591,487.6812848525579,493.0310974121094,62550200,SPY,equities,1day,data/1day/spy_daily.csv
2024-05-03 00:00:00+00:00,499.01550940056416,500.3724693233871,496.4772760472205,499.1424255371094,72756700,SPY,equities,1day,data/1day/spy_daily.csv
2024-05-06 00:00:00+00:00,501.5440196872848,504.336055793308,501.1046991398925,504.2970275878906,47264700,SPY,equities,1day,data/1day/spy_daily.csv
2024-05-07 00:00:00+00:00,505.2634287213709,506.2494419365131,504.1798152133592,504.8534240722656,52561300,SPY,equities,1day,data/1day/spy_daily.csv
2024-05-08 00:00:00+00:00,503.01802238309904,505.439081357784,502.90087821239047,504.9021606445313,42047200,SPY,equities,1day,data/1day/spy_daily.csv
2024-05-09 00:00:00+00:00,505.0876186308662,507.8503975923716,504.4335537860316,507.8113098144531,43643700,SPY,equities,1day,data/1day/spy_daily.csv
2024-05-10 00:00:00+00:00,509.4124711158648,510.2227680798631,507.2452440275092,508.4655456542969,52233200,SPY,equities,1day,data/1day/spy_daily.csv
2024-05-13 00:00:00+00:00,510.1446966337389,510.25206888586143,507.39168877313017,508.5338745117188,36716400,SPY,equities,1day,data/1day/spy_daily.csv
2024-05-14 00:00:00+00:00,508.72906418826113,511.3844713761404,508.19214341702855,510.8670349121094,57535900,SPY,equities,1day,data/1day/spy_daily.csv
2024-05-15 00:00:00+00:00,513.3370109807618,517.4860367605042,512.7024302627835,517.1931762695312,59504900,SPY,equities,1day,data/1day/spy_daily.csv
2024-05-16 00:00:00+00:00,517.2906355349904,518.891685229184,515.9824462519231,516.12890625,50244800,SPY,equities,1day,data/1day/spy_daily.csv
2024-05-17 00:00:00+00:00,516.2461019816988,516.9392546781255,514.7915121402848,516.8709106445312,59187600,SPY,equities,1day,data/1day/spy_daily.csv
2024-05-20 00:00:00+00:00,516.9880819887991,518.930792527948,516.5975616577482,517.4664306640625,37764200,SPY,equities,1day,data/1day/spy_daily.csv
2024-05-21 00:00:00+00:00,516.7049957755823,518.8917666350982,516.4999636631139,518.7355346679688,33437000,SPY,equities,1day,data/1day/spy_daily.csv
2024-05-22 00:00:00+00:00,518.0424072439434,518.7550442398426,515.064823969773,517.2418823242188,48390000,SPY,equities,1day,data/1day/spy_daily.csv
2024-05-23 00:00:00+00:00,520.2976177568495,520.404990006262,512.253338882305,513.4639282226562,57211200,SPY,equities,1day,data/1day/spy_daily.csv
2024-05-24 00:00:00+00:00,515.3089561408403,517.6715030328614,514.3620306627067,516.8612060546875,41291100,SPY,equities,1day,data/1day/spy_daily.csv
2024-05-28 00:00:00+00:00,517.6715045678355,517.9057929513657,514.5865486245773,517.222412109375,36269600,SPY,equities,1day,data/1day/spy_daily.csv
2024-05-29 00:00:00+00:00,513.1905202395113,514.7817983278129,512.8878878194378,513.6005249023438,45190300,SPY,equities,1day,data/1day/spy_daily.csv
2024-05-30 00:00:00+00:00,512.0581358054062,512.7219727781743,508.9439234921737,510.1934814453125,46377600,SPY,equities,1day,data/1day/spy_daily.csv
2024-05-31 00:00:00+00:00,511.15011057316815,514.967187107586,506.0443290343577,514.8402709960938,90785800,SPY,equities,1day,data/1day/spy_daily.csv
2024-06-03 00:00:00+00:00,516.4511771729021,516.7342656913833,510.1836653006741,515.2601318359375,46835700,SPY,equities,1day,data/1day/spy_daily.csv
2024-06-04 00:00:00+00:00,513.9521037960388,516.5781957237731,512.4877415965971,515.8362426757812,34632700,SPY,equities,1day,data/1day/spy_daily.csv
2024-06-05 00:00:00+00:00,518.1596136281009,521.9864628385163,516.1680432425981,521.9669189453125,47610400,SPY,equities,1day,data/1day/spy_daily.csv
2024-06-06 00:00:00+00:00,522.2694966184689,522.6990451286446,520.0241537818829,521.9570922851562,30808500,SPY,equities,1day,data/1day/spy_daily.csv
2024-06-07 00:00:00+00:00,520.9809726213325,524.1342729417532,519.8875869921925,521.3226928710938,43224500,SPY,equities,1day,data/1day/spy_daily.csv
2024-06-10 00:00:00+00:00,520.5122296802525,523.2554648254413,519.9167369014993,522.9332885742188,35686100,SPY,equities,1day,data/1day/spy_daily.csv
2024-06-11 00:00:00+00:00,521.3811694677967,524.2513211148034,519.4091430834137,524.1927490234375,36383400,SPY,equities,1day,data/1day/spy_daily.csv
2024-06-12 00:00:00+00:00,528.7615900630306,531.1924214122917,527.4631724257194,528.4979858398438,63251300,SPY,equities,1day,data/1day/spy_daily.csv
2024-06-13 00:00:00+00:00,530.2454535391702,530.4211698122318,526.7700371068663,529.5620727539062,44760900,SPY,equities,1day,data/1day/spy_daily.csv
2024-06-14 00:00:00+00:00,528.0293342324846,529.9134725597781,527.0237772162169,529.8842163085938,40089900,SPY,equities,1day,data/1day/spy_daily.csv
2024-06-17 00:00:00+00:00,529.2009324320882,535.4977011129996,528.7420680092554,534.1016235351562,55839500,SPY,equities,1day,data/1day/spy_daily.csv
2024-06-18 00:00:00+00:00,534.16013957423,535.585473259027,533.7403629842298,535.4585571289062,41376400,SPY,equities,1day,data/1day/spy_daily.csv
2024-06-20 00:00:00+00:00,536.385998334327,537.0498352385172,532.2272010481894,534.0039672851562,70328200,SPY,equities,1day,data/1day/spy_daily.csv
2024-06-21 00:00:00+00:00,533.1803062748603,534.4045446160707,531.828742363983,533.2880249023438,64338600,SPY,equities,1day,data/1day/spy_daily.csv
2024-06-24 00:00:00+00:00,533.1117619254674,535.6777608035513,531.4369822915095,531.5545043945312,45528700,SPY,equities,1day,data/1day/spy_daily.csv
2024-06-25 00:00:00+00:00,532.7787868983022,533.9638712753774,531.2607431275164,533.6015014648438,37936200,SPY,equities,1day,data/1day/spy_daily.csv
2024-06-26 00:00:00+00:00,532.4848968900385,534.9823310545671,531.8385253727439,534.2673950195312,38550600,SPY,equities,1day,data/1day/spy_daily.csv
2024-06-27 00:00:00+00:00,534.1304113442721,535.6876691801702,533.3860646945234,535.1098022460938,35041500,SPY,equities,1day,data/1day/spy_daily.csv
2024-06-28 00:00:00+00:00,535.8833782760337,538.9391321933387,531.7601817698417,533.0039672851562,76144500,SPY,equities,1day,data/1day/spy_daily.csv
2024-07-01 00:00:00+00:00,534.3849539324244,534.6298016081159,531.3390631933655,534.1009521484375,40297800,SPY,equities,1day,data/1day/spy_daily.csv
2024-07-02 00:00:00+00:00,532.4946896868087,537.6952514648438,532.4457321114778,537.6952514648438,40434800,SPY,equities,1day,data/1day/spy_daily.csv
2024-07-03 00:00:00+00:00,537.3819778344747,540.4572795070011,537.3428237195677,540.0949096679688,32789900,SPY,equities,1day,data/1day/spy_daily.csv
2024-07-05 00:00:00+00:00,540.3985036534809,543.6108745288857,539.7618756957023,543.2093505859375,41488400,SPY,equities,1day,data/1day/spy_daily.csv
2024-07-08 00:00:00+00:00,543.9927968223914,544.786100933334,542.7685583933277,543.8361206054688,36110500,SPY,equities,1day,data/1day/spy_daily.csv
2024-07-09 00:00:00+00:00,544.7959245684453,545.6969473479489,544.0711849559792,544.364990234375,27289700,SPY,equities,1day,data/1day/spy_daily.csv
2024-07-10 00:00:00+00:00,545.5892370725392,550.0944108163902,545.2954317896393,549.7516479492188,38701200,SPY,equities,1day,data/1day/spy_daily.csv
2024-07-11 00:00:00+00:00,549.8690906630567,550.7407626908513,544.3747234457534,545.0112915039062,53054200,SPY,equities,1day,data/1day/spy_daily.csv
2024-07-12 00:00:00+00:00,546.1376877405125,552.0531865568831,545.667599292853,548.4490356445312,53084400,SPY,equities,1day,data/1day/spy_daily.csv
2024-07-15 00:00:00+00:00,550.4469707289841,553.1990561394715,548.0964091939553,549.957275390625,40584300,SPY,equities,1day,data/1day/spy_daily.csv
2024-07-16 00:00:00+00:00,551.2697107807569,553.5124942578993,550.5155607141872,553.2186889648438,36475300,SPY,equities,1day,data/1day/spy_daily.csv
2024-07-17 00:00:00+00:00,547.2834441243654,548.9582235359038,545.1385763631698,545.4617919921875,57119000,SPY,equities,1day,data/1day/spy_daily.csv
2024-07-18 00:00:00+00:00,546.9994291163081,547.9886231424467,539.0859366844549,541.2699584960938,56270400,SPY,equities,1day,data/1day/spy_daily.csv
2024-07-19 00:00:00+00:00,541.0350233261719,542.6608454522978,536.6179614633988,537.6757202148438,65509100,SPY,equities,1day,data/1day/spy_daily.csv
2024-07-22 00:00:00+00:00,541.6030366708314,543.826272604696,539.6638622867013,543.2190551757812,43346700,SPY,equities,1day,data/1day/spy_daily.csv
2024-07-23 00:00:00+00:00,543.111291105197,545.2659625762393,541.8773090500791,542.3670043945312,34439600,SPY,equities,1day,data/1day/spy_daily.csv
2024-07-24 00:00:00+00:00,537.5483166712224,537.8519253696913,529.1549319575545,530.0755615234375,74515300,SPY,equities,1day,data/1day/spy_daily.csv
2024-07-25 00:00:00+00:00,530.1930703849662,536.1771923025162,526.373482961852,527.3136596679688,61158300,SPY,equities,1day,data/1day/spy_daily.csv
2024-07-26 00:00:00+00:00,531.1040247828195,535.9128068838628,530.3302678617441,533.219482421875,53763800,SPY,equities,1day,data/1day/spy_daily.csv
2024-07-29 00:00:00+00:00,534.7668786438925,535.775619885458,531.534841817287,533.5328369140625,39515800,SPY,equities,1day,data/1day/spy_daily.csv
2024-07-30 00:00:00+00:00,535.001925487195,536.0596840862061,527.4214517116767,530.8297119140625,46853600,SPY,equities,1day,data/1day/spy_daily.csv
2024-07-31 00:00:00+00:00,537.6658891932146,542.0927543010554,536.2947780748914,539.4581909179688,65663400,SPY,equities,1day,data/1day/spy_daily.csv
2024-08-01 00:00:00+00:00,541.1819427118934,543.4345294348678,528.3127341764186,531.8189697265625,76428700,SPY,equities,1day,data/1day/spy_daily.csv
2024-08-02 00:00:00+00:00,524.7084754222695,525.922910112736,517.7058092355505,521.917236328125,82789100,SPY,equities,1day,data/1day/spy_daily.csv
2024-08-05 00:00:00+00:00,501.0954700551791,512.7893973566776,499.7536796951889,506.7171630859375,146267400,SPY,equities,1day,data/1day/spy_daily.csv
2024-08-06 00:00:00+00:00,508.5192484468351,518.8322619792666,507.1970948142372,511.388916015625,84826300,SPY,equities,1day,data/1day/spy_daily.csv
2024-08-07 00:00:00+00:00,517.5785847252098,520.63433876445,507.3733501679388,507.97076416015625,70698300,SPY,equities,1day,data/1day/spy_daily.csv
2024-08-08 00:00:00+00:00,513.1125407389065,520.3404486814812,511.08525465156777,519.7136840820312,63276600,SPY,equities,1day,data/1day/spy_daily.csv
2024-08-09 00:00:00+00:00,518.8910375919244,523.4941863094633,517.66679909137,522.0054931640625,45619600,SPY,equities,1day,data/1day/spy_daily.csv
2024-08-12 00:00:00+00:00,523.2003538167259,524.6889871074426,520.0075304089534,522.2797241210938,42542100,SPY,equities,1day,data/1day/spy_daily.csv
2024-08-13 00:00:00+00:00,525.4724436986064,531.1039393955512,525.2275960596088,530.8688354492188,52333100,SPY,equities,1day,data/1day/spy_daily.csv
2024-08-14 00:00:00+00:00,531.6622865517797,533.7288466275766,528.9885687226673,532.5437622070312,42446900,SPY,equities,1day,data/1day/spy_daily.csv
2024-08-15 00:00:00+00:00,538.1751988274788,541.9556326474029,537.5679813653051,541.671630859375,60846800,SPY,equities,1day,data/1day/spy_daily.csv
2024-08-16 00:00:00+00:00,540.0555939415091,543.5814362683599,539.8989177341498,542.8860473632812,44430700,SPY,equities,1day,data/1day/spy_daily.csv
2024-08-19 00:00:00+00:00,543.2973511166235,548.0767822265625,542.4452860411917,548.0767822265625,39121800,SPY,equities,1day,data/1day/spy_daily.csv
2024-08-20 00:00:00+00:00,547.6263456901657,549.2815184001456,545.8438474042439,547.1856079101562,33732300,SPY,equities,1day,data/1day/spy_daily.csv
2024-08-21 00:00:00+00:00,548.2335818085938,550.5253226989936,543.2974141481618,549.0660400390625,41514600,SPY,equities,1day,data/1day/spy_daily.csv
2024-08-22 00:00:00+00:00,550.9660777475402,551.5732952522009,543.5422788578662,544.7567138671875,56121500,SPY,equities,1day,data/1day/spy_daily.csv
2024-08-23 00:00:00+00:00,547.9984691071246,551.4850973665338,545.8045838781815,550.5448608398438,50639400,SPY,equities,1day,data/1day/spy_daily.csv
2024-08-26 00:00:00+00:00,551.5733022984582,552.2882384520825,547.5284135216066,549.2325439453125,35788600,SPY,equities,1day,data/1day/spy_daily.csv
2024-08-27 00:00:00+00:00,547.9593482100599,550.4763897351174,546.8134777136145,549.9866943359375,32693900,SPY,equities,1day,data/1day/spy_daily.csv
2024-08-28 00:00:00+00:00,549.6438223396717,550.0747565964821,543.6009392739261,546.7937622070312,41066000,SPY,equities,1day,data/1day/spy_daily.csv
2024-08-29 00:00:00+00:00,548.7623394799141,552.0628809883677,545.6968421488655,546.8427124023438,38715200,SPY,equities,1day,data/1day/spy_daily.csv
2024-08-30 00:00:00+00:00,549.2128659703031,552.5721684331874,545.6576734390724,552.0628662109375,62700100,SPY,equities,1day,data/1day/spy_daily.csv
2024-09-03 00:00:00+00:00,548.9191307501956,549.25214992284,538.1850458833093,540.7020874023438,60600100,SPY,equities,1day,data/1day/spy_daily.csv
2024-09-04 00:00:00+00:00,538.860671959339,543.003474698696,538.135932544414,539.59521484375,47224900,SPY,equities,1day,data/1day/spy_daily.csv
2024-09-05 00:00:00+00:00,539.5365467142444,542.3865472945482,535.8246177750381,538.2828979492188,44264300,SPY,equities,1day,data/1day/spy_daily.csv
2024-09-06 00:00:00+00:00,538.6061519080256,540.2319142524223,528.3225490242058,529.2235717773438,68493800,SPY,equities,1day,data/1day/spy_daily.csv
2024-09-09 00:00:00+00:00,533.4251872668898,536.4221205223048,531.4957564364314,535.1488647460938,40445800,SPY,equities,1day,data/1day/spy_daily.csv
2024-09-10 00:00:00+00:00,537.0586665381934,537.8324234437913,532.1813200114981,537.4797973632812,36394600,SPY,equities,1day,data/1day/spy_daily.csv
2024-09-11 00:00:00+00:00,537.3916279053534,543.914342923255,528.8317637255883,542.9937133789062,75248600,SPY,equities,1day,data/1day/spy_daily.csv
2024-09-12 00:00:00+00:00,543.5716351743016,547.8711746400817,541.3483991843773,547.5675659179688,51819600,SPY,equities,1day,data/1day/spy_daily.csv
2024-09-13 00:00:00+00:00,548.1747815451495,551.4263657909838,547.9201304028155,550.4273681640625,39310500,SPY,equities,1day,data/1day/spy_daily.csv
2024-09-16 00:00:00+00:00,550.1629297590999,551.5046902542234,548.360884321784,551.2402954101562,36656100,SPY,equities,1day,data/1day/spy_daily.csv
2024-09-17 00:00:00+00:00,553.4537083801224,554.9032473896473,549.2325364902464,551.465576171875,49321000,SPY,equities,1day,data/1day/spy_daily.csv
2024-09-18 00:00:00+00:00,552.1217580784818,556.969754476821,549.2717571625421,549.8300170898438,59044900,SPY,equities,1day,data/1day/spy_daily.csv
2024-09-19 00:00:00+00:00,559.2419958687066,561.0734520318479,556.372387764013,559.2125854492188,75315500,SPY,equities,1day,data/1day/spy_daily.csv
2024-09-20 00:00:00+00:00,557.843155111916,559.2872468563713,555.2201175162944,558.2459106445312,77503100,SPY,equities,1day,data/1day/spy_daily.csv
2024-09-23 00:00:00+00:00,559.3166000053709,560.2891611214185,558.0983802646348,559.6407470703125,44116900,SPY,equities,1day,data/1day/spy_daily.csv
2024-09-24 00:00:00+00:00,560.4365555490466,561.3010677532865,557.6072537825559,561.2421264648438,46805700,SPY,equities,1day,data/1day/spy_daily.csv
2024-09-25 00:00:00+00:00,561.0849426444706,561.8217386948093,558.8941616149112,560.0042724609375,38428600,SPY,equities,1day,data/1day/spy_daily.csv
2024-09-26 00:00:00+00:00,564.2678851150425,564.5920921622151,559.866775948692,562.2244873046875,48336000,SPY,equities,1day,data/1day/spy_daily.csv
2024-09-27 00:00:00+00:00,563.295359810012,564.1107043094071,560.3776161208616,561.4091186523438,42100900,SPY,equities,1day,data/1day/spy_daily.csv
2024-09-30 00:00:00+00:00,560.3775886747461,564.2678934162012,558.078818569817,563.6588134765625,63557400,SPY,equities,1day,data/1day/spy_daily.csv
2024-10-01 00:00:00+00:00,563.3052513338224,563.9536055755817,556.0355051968223,558.609375,72668800,SPY,equities,1day,data/1day/spy_daily.csv
2024-10-02 00:00:00+00:00,557.715374727311,559.866821742494,555.3183290115846,558.8450927734375,38097800,SPY,equities,1day,data/1day/spy_daily.csv
2024-10-03 00:00:00+00:00,557.3715020969081,559.7685478192003,555.5344286086627,557.8234252929688,40846500,SPY,equities,1day,data/1day/spy_daily.csv
2024-10-04 00:00:00+00:00,562.273664576873,563.2658929623027,558.09848649286,562.892578125,42939100,SPY,equities,1day,data/1day/spy_daily.csv
2024-10-07 00:00:00+00:00,561.2421538745174,561.8905680396737,556.6543868115797,557.8037719726562,49964700,SPY,equities,1day,data/1day/spy_daily.csv
2024-10-08 00:00:00+00:00,560.377637870892,563.67853004462,559.5033520489247,563.0792236328125,37398700,SPY,equities,1day,data/1day/spy_daily.csv
2024-10-09 00:00:00+00:00,563.0693978961492,567.5393423690588,562.4701514366566,566.9793701171875,37912200,SPY,equities,1day,data/1day/spy_daily.csv
2024-10-10 00:00:00+00:00,565.6334738441669,567.4116060358193,564.3759797176003,565.9871215820312,44138100,SPY,equities,1day,data/1day/spy_daily.csv
2024-10-11 00:00:00+00:00,565.9084606662699,570.1131388058892,565.7709110163313,569.3763427734375,42268000,SPY,equities,1day,data/1day/spy_daily.csv
2024-10-14 00:00:00+00:00,570.9874382986001,574.9661849382893,570.5060744728205,574.0328979492188,36217200,SPY,equities,1day,data/1day/spy_daily.csv
2024-10-15 00:00:00+00:00,574.2981924836022,574.6027324678581,568.3546560789198,569.5728759765625,54203600,SPY,equities,1day,data/1day/spy_daily.csv
2024-10-16 00:00:00+00:00,569.57286786976,572.5691599226542,568.767296964022,572.0484619140625,30725400,SPY,equities,1day,data/1day/spy_daily.csv
2024-10-17 00:00:00+00:00,575.5949797580469,575.8013042765577,571.9109988172407,572.09765625,34393700,SPY,equities,1day,data/1day/spy_daily.csv
2024-10-18 00:00:00+00:00,573.787292295603,575.0840605235142,572.3235337539761,574.2981567382812,37416800,SPY,equities,1day,data/1day/spy_daily.csv
2024-10-21 00:00:00+00:00,573.5711395635755,574.5535342943244,570.378356688641,573.3550415039062,36439000,SPY,equities,1day,data/1day/spy_daily.csv
2024-10-22 00:00:00+00:00,570.8204817447413,574.2097557683464,570.1622940232531,573.050537109375,34183800,SPY,equities,1day,data/1day/spy_daily.csv
2024-10-23 00:00:00+00:00,571.0267196890029,571.4688092704015,564.3071139493308,567.8142700195312,49314600,SPY,equities,1day,data/1day/spy_daily.csv
2024-10-24 00:00:00+00:00,569.7693209618997,569.8479293354313,566.4193810527883,569.0423583984375,34979900,SPY,equities,1day,data/1day/spy_daily.csv
2024-10-25 00:00:00+00:00,571.2723713678375,574.1704478252901,567.9027646254573,568.8458251953125,47268200,SPY,equities,1day,data/1day/spy_daily.csv
2024-10-28 00:00:00+00:00,572.3235609618828,572.4512770786239,570.299830137409,570.6043701171875,30174700,SPY,equities,1day,data/1day/spy_daily.csv
2024-10-29 00:00:00+00:00,569.6415908764491,572.6477165136779,568.2466070737139,571.52783203125,42899700,SPY,equities,1day,data/1day/spy_daily.csv
2024-10-30 00:00:00+00:00,571.0562011429839,573.0504911915006,569.0914117169528,569.7987670898438,41435800,SPY,equities,1day,data/1day/spy_daily.csv
2024-10-31 00:00:00+00:00,565.4271839715354,565.4959588071013,558.4325373559277,558.6290283203125,60182500,SPY,equities,1day,data/1day/spy_daily.csv
2024-11-01 00:00:00+00:00,561.2617936558026,565.4173043933644,560.5741053167588,560.9866943359375,45667500,SPY,equities,1day,data/1day/spy_daily.csv
2024-11-04 00:00:00+00:00,561.1241962515347,562.4209644478059,557.892139281839,559.7783203125,38217000,SPY,equities,1day,data/1day/spy_daily.csv
2024-11-05 00:00:00+00:00,560.6919638738422,566.586332309216,560.4758658123077,566.5470581054688,39478300,SPY,equities,1day,data/1day/spy_daily.csv
2024-11-06 00:00:00+00:00,578.8270705681771,581.5089893813079,575.0841485043231,580.6346435546875,68182000,SPY,equities,1day,data/1day/spy_daily.csv
2024-11-07 00:00:00+00:00,582.6387178727699,586.145874462509,582.5601095007273,585.1241455078125,47233200,SPY,equities,1day,data/1day/spy_daily.csv
2024-11-08 00:00:00+00:00,585.674356571417,589.0832980878612,585.674356571417,587.6588134765625,46444900,SPY,equities,1day,data/1day/spy_daily.csv
2024-11-11 00:00:00+00:00,589.2501303160354,589.6037779981073,586.4896037587446,588.2186279296875,37586800,SPY,equities,1day,data/1day/spy_daily.csv
2024-11-12 00:00:00+00:00,588.1400498376755,588.739296212128,583.9059310932324,586.3914184570312,43006100,SPY,equities,1day,data/1day/spy_daily.csv
2024-11-13 00:00:00+00:00,586.8531544283672,588.6803942959151,584.4856094336134,586.6763305664062,47388600,SPY,equities,1day,data/1day/spy_daily.csv
2024-11-14 00:00:00+00:00,586.8040077565071,587.2853715644612,582.2162413093224,582.9038696289062,38904100,SPY,equities,1day,data/1day/spy_daily.csv
2024-11-15 00:00:00+00:00,579.3376997503724,579.8092899193914,573.5808819337783,575.4376220703125,75988800,SPY,equities,1day,data/1day/spy_daily.csv
2024-11-18 00:00:00+00:00,575.8993966406199,579.1118465214918,575.0349444617987,577.7954711914062,37001700,SPY,equities,1day,data/1day/spy_daily.csv
2024-11-19 00:00:00+00:00,574.4161003090796,580.6346163861505,573.7480790226593,579.9076538085938,49412000,SPY,equities,1day,data/1day/spy_daily.csv
2024-11-20 00:00:00+00:00,579.9861823753545,580.3889378159292,574.3374129030207,580.1040649414062,50032600,SPY,equities,1day,data/1day/spy_daily.csv
2024-11-21 00:00:00+00:00,582.953055915256,584.6427460672937,577.1077952881657,583.21826171875,46750300,SPY,equities,1day,data/1day/spy_daily.csv
2024-11-22 00:00:00+00:00,583.2084735757152,585.654687007179,582.7075025920674,585.0259399414062,38226400,SPY,equities,1day,data/1day/spy_daily.csv
2024-11-25 00:00:00+00:00,588.9653932145126,590.2817687658602,584.7214401695627,587.0104370117188,42441400,SPY,equities,1day,data/1day/spy_daily.csv
2024-11-26 00:00:00+00:00,588.2580948562286,590.7435829064132,587.5409657169781,590.0755615234375,45621300,SPY,equities,1day,data/1day/spy_daily.csv
2024-11-27 00:00:00+00:00,589.8887838542881,590.2718722436573,586.7647756879834,588.2874755859375,34000200,SPY,equities,1day,data/1day/spy_daily.csv
2024-11-29 00:00:00+00:00,589.1028810382705,592.7279205050064,588.8278416543462,591.9420166015625,30177400,SPY,equities,1day,data/1day/spy_daily.csv
2024-12-02 00:00:00+00:00,592.354515594293,593.6807844427898,591.8633182342458,593.0029296875,31746000,SPY,equities,1day,data/1day/spy_daily.csv
2024-12-03 00:00:00+00:00,592.7672106157903,593.5236138358292,591.73570807165,593.2780151367188,26906600,SPY,equities,1day,data/1day/spy_daily.csv
2024-12-04 00:00:00+00:00,594.9677449089698,597.2075737883222,594.2997236656325,596.9619750976562,42787600,SPY,equities,1day,data/1day/spy_daily.csv
2024-12-05 00:00:00+00:00,596.9620090763937,597.7675800229049,595.6259665136723,595.9796142578125,28762200,SPY,equities,1day,data/1day/spy_daily.csv
2024-12-06 00:00:00+00:00,596.7458327264936,598.3471408675985,596.3332437457798,597.1093139648438,31241500,SPY,equities,1day,data/1day/spy_daily.csv
2024-12-09 00:00:00+00:00,596.9915028268559,597.1584931551176,593.445071963169,594.0344848632812,34742700,SPY,equities,1day,data/1day/spy_daily.csv
2024-12-10 00:00:00+00:00,594.7123228135097,595.134745373381,591.529373321926,592.1875610351562,37234500,SPY,equities,1day,data/1day/spy_daily.csv
2024-12-11 00:00:00+00:00,595.1152087702993,597.7185192678439,594.8401094183695,596.765625,28677700,SPY,equities,1day,data/1day/spy_daily.csv
2024-12-12 00:00:00+00:00,595.9010621562538,596.4708079758578,593.690673828125,593.690673828125,31543800,SPY,equities,1day,data/1day/spy_daily.csv
2024-12-13 00:00:00+00:00,595.7242008087076,596.4413297893211,592.1973772710232,593.57275390625,35904700,SPY,equities,1day,data/1day/spy_daily.csv
2024-12-16 00:00:00+00:00,595.3312295236393,597.0799209921157,594.5551592425911,596.1072998046875,43695200,SPY,equities,1day,data/1day/spy_daily.csv
2024-12-17 00:00:00+00:00,593.5530906608857,594.5158183353977,592.2759894688432,593.6513061523438,55773500,SPY,equities,1day,data/1day/spy_daily.csv
2024-12-18 00:00:00+00:00,593.3467745348553,595.7339866328443,575.5752867073982,575.9584350585938,108248700,SPY,equities,1day,data/1day/spy_daily.csv
2024-12-19 00:00:00+00:00,580.948961299734,582.5601031255708,575.5359564813775,575.7815551757812,85919500,SPY,equities,1day,data/1day/spy_daily.csv
2024-12-20 00:00:00+00:00,573.451443984787,587.2315284125533,572.6036951737447,582.6973266601562,125716700,SPY,equities,1day,data/1day/spy_daily.csv
2024-12-23 00:00:00+00:00,582.4410536479828,586.7879698949739,579.257197549177,586.1867065429688,57635800,SPY,equities,1day,data/1day/spy_daily.csv
2024-12-24 00:00:00+00:00,587.5369625170155,592.7414929129372,586.9553724289615,592.7020263671875,33160100,SPY,equities,1day,data/1day/spy_daily.csv
2024-12-26 00:00:00+00:00,590.9279213446937,593.8652919269226,589.5282423631364,592.7416381835938,41219100,SPY,equities,1day,data/1day/spy_daily.csv
2024-12-27 00:00:00+00:00,588.9958679237085,589.2324867459512,582.3128451341881,586.5020751953125,64969300,SPY,equities,1day,data/1day/spy_daily.csv
2024-12-30 00:00:00+00:00,579.4839049805771,583.278830614674,576.0536238226567,579.8091430664062,56578800,SPY,equities,1day,data/1day/spy_daily.csv
2024-12-31 00:00:00+00:00,581.4749602926895,582.194563069081,576.0634704063194,577.6997680664062,57052700,SPY,equities,1day,data/1day/spy_daily.csv
2025-01-02 00:00:00+00:00,580.9623534016539,582.6774635941151,572.1994566718678,576.2802734375,50204000,SPY,equities,1day,data/1day/spy_daily.csv
2025-01-03 00:00:00+00:00,579.129057366777,584.1265095290074,578.0447499447286,583.48583984375,37888500,SPY,equities,1day,data/1day/spy_daily.csv
2025-01-06 00:00:00+00:00,587.7440676720806,591.1250155334773,585.1122021784661,586.8470458984375,47679400,SPY,equities,1day,data/1day/spy_daily.csv
2025-01-07 00:00:00+00:00,588.8776099950986,589.2029082453815,578.3897946667151,580.2133178710938,60393100,SPY,equities,1day,data/1day/spy_daily.csv
2025-01-08 00:00:00+00:00,580.282291853868,582.1354148697908,576.8323377526707,581.0609741210938,47304700,SPY,equities,1day,data/1day/spy_daily.csv
2025-01-10 00:00:00+00:00,577.5026413332764,577.5716476388544,570.2774344732991,572.189697265625,73105000,SPY,equities,1day,data/1day/spy_daily.csv
2025-01-13 00:00:00+00:00,567.5372072518853,573.4316812597856,567.1231694250464,573.0768432617188,47910100,SPY,equities,1day,data/1day/spy_daily.csv
2025-01-14 00:00:00+00:00,576.0042498383493,576.635112947905,570.0801769152397,573.8652954101562,48420600,SPY,equities,1day,data/1day/spy_daily.csv
2025-01-15 00:00:00+00:00,581.8889144514343,585.4472807831376,580.7750674581439,584.3038940429688,56900200,SPY,equities,1day,data/1day/spy_daily.csv
2025-01-16 00:00:00+00:00,585.6740294157521,585.8514484014332,582.4803673486446,583.1802368164062,43319700,SPY,equities,1day,data/1day/spy_daily.csv
2025-01-17 00:00:00+00:00,588.4241484532391,590.789794988304,587.093415874996,589.0352783203125,58070600,SPY,equities,1day,data/1day/spy_daily.csv
2025-01-21 00:00:00+00:00,592.0810894520482,594.4369296257112,590.1096871636119,594.4270629882812,42532900,SPY,equities,1day,data/1day/spy_daily.csv
2025-01-22 00:00:00+00:00,597.2559708830788,599.1288269666036,596.7039806946324,597.7685546875,48196000,SPY,equities,1day,data/1day/spy_daily.csv
2025-01-23 00:00:00+00:00,597.1377185948221,601.03125,596.8617535693179,601.03125,41152100,SPY,equities,1day,data/1day/spy_daily.csv
2025-01-24 00:00:00+00:00,601.0903888692611,602.0465502262632,598.1234189150732,599.2766723632812,34604700,SPY,equities,1day,data/1day/spy_daily.csv
2025-01-27 00:00:00+00:00,586.3050090037989,591.1152363343746,586.1374566222338,590.7998046875,70361100,SPY,equities,1day,data/1day/spy_daily.csv
2025-01-28 00:00:00+00:00,592.0318399526346,596.7139205737208,588.7100317776161,595.8760986328125,44433300,SPY,equities,1day,data/1day/spy_daily.csv
2025-01-29 00:00:00+00:00,595.0874967960807,595.4916679771449,590.6518414168764,593.204833984375,37177400,SPY,equities,1day,data/1day/spy_daily.csv
2025-01-30 00:00:00+00:00,595.3241578254683,597.9263634423098,592.130435189581,596.388671875,39281300,SPY,equities,1day,data/1day/spy_daily.csv
2025-01-31 00:00:00+00:00,598.8134974486875,601.2383441338676,592.4557124803268,593.2147216796875,66566900,SPY,equities,1day,data/1day/spy_daily.csv
2025-02-03 00:00:00+00:00,584.1954832564219,591.7065212004032,582.0466619706364,589.2225952148438,65857200,SPY,equities,1day,data/1day/spy_daily.csv
2025-02-04 00:00:00+00:00,589.2817005882882,593.6877555909119,588.7395770202528,593.1752319335938,33457800,SPY,equities,1day,data/1day/spy_daily.csv
2025-02-05 00:00:00+00:00,592.0515554519985,595.7282015036632,590.021013481686,595.580322265625,30653100,SPY,equities,1day,data/1day/spy_daily.csv
2025-02-06 00:00:00+00:00,597.3250313642651,597.778475552574,594.013089933138,597.6503295898438,35771500,SPY,equities,1day,data/1day/spy_daily.csv
2025-02-07 00:00:00+00:00,598.2122352633725,599.4344951653416,591.4700123634921,592.1797485351562,50788500,SPY,equities,1day,data/1day/spy_daily.csv
2025-02-10 00:00:00+00:00,595.3930719758379,596.8420237335293,594.1214790365186,596.2012939453125,26048700,SPY,equities,1day,data/1day/spy_daily.csv
2025-02-11 00:00:00+00:00,593.9343010016065,597.1969698690995,593.8160216596527,596.6548461914062,30056700,SPY,equities,1day,data/1day/spy_daily.csv
2025-02-12 00:00:00+00:00,590.6321148502618,595.9055917033094,589.9519786805068,594.7326049804688,45076100,SPY,equities,1day,data/1day/spy_daily.csv
2025-02-13 00:00:00+00:00,595.8366046698266,601.2185545419917,594.5749384975967,601.0115356445312,40921300,SPY,equities,1day,data/1day/spy_daily.csv
2025-02-14 00:00:00+00:00,601.2186143347305,602.2535886001177,600.3610590723445,600.9820556640625,26910400,SPY,equities,1day,data/1day/spy_daily.csv
2025-02-18 00:00:00+00:00,602.1450746766837,602.746337890625,599.6808220007749,602.746337890625,26749000,SPY,equities,1day,data/1day/spy_daily.csv
2025-02-19 00:00:00+00:00,601.3566081495158,604.4615308486234,600.8440242708047,604.1658325195312,31011100,SPY,equities,1day,data/1day/spy_daily.csv
2025-02-20 00:00:00+00:00,602.7956695963146,602.9336821985821,598.3403412349714,601.6522827148438,36554000,SPY,equities,1day,data/1day/spy_daily.csv
2025-02-21 00:00:00+00:00,601.435409514207,601.5734221193063,590.8982614234848,591.361572265625,76519800,SPY,equities,1day,data/1day/spy_daily.csv
2025-02-24 00:00:00+00:00,593.4118748152965,594.4074426853949,587.960918125522,588.670654296875,50737200,SPY,equities,1day,data/1day/spy_daily.csv
2025-02-25 00:00:00+00:00,588.6114660308307,589.3408752561445,581.129967827771,585.7430419921875,58266500,SPY,equities,1day,data/1day/spy_daily.csv
2025-02-26 00:00:00+00:00,587.4088352242034,591.006668217937,583.3970246238699,586.0386962890625,43321600,SPY,equities,1day,data/1day/spy_daily.csv
2025-02-27 00:00:00+00:00,588.3157098294636,589.4690234968429,576.290203877955,576.6844482421875,74196700,SPY,equities,1day,data/1day/spy_daily.csv
2025-02-28 00:00:00+00:00,577.1871598716435,586.2161558854355,574.1117771132394,585.6838989257812,88744100,SPY,equities,1day,data/1day/spy_daily.csv
2025-03-03 00:00:00+00:00,587.6553155599406,588.798762606637,571.6081318173137,575.4227905273438,74249200,SPY,equities,1day,data/1day/spy_daily.csv
2025-03-04 00:00:00+00:00,571.4208567458912,577.0196322682823,564.0675042327628,568.611572265625,109648200,SPY,equities,1day,data/1day/spy_daily.csv
2025-03-05 00:00:00+00:00,568.4440493526719,576.5169448984452,564.8856823224501,574.7229614257812,71230500,SPY,equities,1day,data/1day/spy_daily.csv
2025-03-06 00:00:00+00:00,567.2513477016495,571.874289065213,561.9680033325571,564.52099609375,80094900,SPY,equities,1day,data/1day/spy_daily.csv
2025-03-07 00:00:00+00:00,562.7368186254731,569.1340095542192,557.5421542389136,567.6849975585938,81158800,SPY,equities,1day,data/1day/spy_daily.csv
2025-03-10 00:00:00+00:00,559.4741670846696,561.3962362827218,547.6457527585567,552.5643920898438,99326600,SPY,equities,1day,data/1day/spy_daily.csv
2025-03-11 00:00:00+00:00,551.4012280579012,555.9551623983707,544.1267490127518,547.970947265625,88102100,SPY,equities,1day,data/1day/spy_daily.csv
2025-03-12 00:00:00+00:00,554.1316472627199,555.0582088315019,545.7729200294035,550.8788452148438,69588200,SPY,equities,1day,data/1day/spy_daily.csv
2025-03-13 00:00:00+00:00,550.5042540653316,551.1153839968962,541.8202288918889,543.5353393554688,74079400,SPY,equities,1day,data/1day/spy_daily.csv
2025-03-14 00:00:00+00:00,548.1582415612112,555.7678855775432,543.6043071486545,554.762451171875,62660300,SPY,equities,1day,data/1day/spy_daily.csv
2025-03-17 00:00:00+00:00,554.742702735982,561.5637976935186,554.3089918436672,559.0404052734375,49008700,SPY,equities,1day,data/1day/spy_daily.csv
2025-03-18 00:00:00+00:00,556.7240271713574,556.9409127203818,551.0661118946721,552.9981079101562,66041400,SPY,equities,1day,data/1day/spy_daily.csv
2025-03-19 00:00:00+00:00,554.7821880592443,562.7860764826731,553.5993346617712,559.0206909179688,66556000,SPY,equities,1day,data/1day/spy_daily.csv
2025-03-20 00:00:00+00:00,555.2750258330774,562.4114922780789,554.5554231088431,557.4041137695312,62958200,SPY,equities,1day,data/1day/spy_daily.csv
2025-03-21 00:00:00+00:00,552.9413897854555,558.4877939738346,551.7055567482902,557.5880737304688,83763000,SPY,equities,1day,data/1day/spy_daily.csv
2025-03-24 00:00:00+00:00,564.3307537296456,568.6314886589248,563.7375780431137,567.5736083984375,58766800,SPY,equities,1day,data/1day/spy_daily.csv
2025-03-25 00:00:00+00:00,568.7797678649376,569.8771730865459,567.1880294433175,568.93798828125,38355700,SPY,equities,1day,data/1day/spy_daily.csv
2025-03-26 00:00:00+00:00,568.6710483477373,569.7981425644431,560.7617168790538,562.1458740234375,51848300,SPY,equities,1day,data/1day/spy_daily.csv
2025-03-27 00:00:00+00:00,560.7517966033342,564.4296669577193,558.5371935416607,560.6529541015625,42164200,SPY,equities,1day,data/1day/spy_daily.csv
2025-03-28 00:00:00+00:00,559.120558969836,559.8521624781242,548.7790863172526,549.3623657226562,71662700,SPY,equities,1day,data/1day/spy_daily.csv
2025-03-31 00:00:00+00:00,543.5984015371023,554.3550955683165,540.6719276036363,553.050048828125,95328200,SPY,equities,1day,data/1day/spy_daily.csv
2025-04-01 00:00:00+00:00,551.1320571376683,556.559825628618,547.4047657676659,554.6121215820312,54609600,SPY,equities,1day,data/1day/spy_daily.csv
2025-04-02 00:00:00+00:00,548.7593065231022,560.9891058051336,548.5220362276616,558.1220092773438,76014500,SPY,equities,1day,data/1day/spy_daily.csv
2025-04-03 00:00:00+00:00,538.9318440966172,541.7594150841727,530.6171875,530.6171875,125986000,SPY,equities,1day,data/1day/spy_daily.csv
2025-04-04 00:00:00+00:00,517.7349036725598,519.9099817661254,499.3358369172059,499.5533447265625,217965100,SPY,equities,1day,data/1day/spy_daily.csv
2025-04-07 00:00:00+00:00,483.64569927250346,517.2405628900261,476.33944038650816,498.6635437011719,256611400,SPY,equities,1day,data/1day/spy_daily.csv
2025-04-08 00:00:00+00:00,515.9454474877983,519.0300819148135,483.6160734043612,490.8531188964844,165816600,SPY,equities,1day,data/1day/spy_daily.csv
2025-04-09 00:00:00+00:00,487.8475554203815,542.4021606445312,487.4619610383351,542.4021606445312,241867300,SPY,equities,1day,data/1day/spy_daily.csv
2025-04-10 00:00:00+00:00,526.1385259148457,527.4534689848499,503.5475251856576,518.6345825195312,162331200,SPY,equities,1day,data/1day/spy_daily.csv
2025-04-11 00:00:00+00:00,517.0823733080597,530.3502582115377,514.1756919605745,527.8884887695312,97866300,SPY,equities,1day,data/1day/spy_daily.csv
2025-04-14 00:00:00+00:00,537.883883195208,538.1113174755011,527.8093712828247,533.009765625,68034000,SPY,equities,1day,data/1day/spy_daily.csv
2025-04-15 00:00:00+00:00,533.5535570239268,537.0732068479572,530.7259857198238,531.5169067382812,56892900,SPY,equities,1day,data/1day/spy_daily.csv
2025-04-16 00:00:00+00:00,525.6541840661512,531.7938245981206,514.3932584360665,519.702392578125,83484800,SPY,equities,1day,data/1day/spy_daily.csv
2025-04-17 00:00:00+00:00,521.6599483491107,525.1499093262158,517.9721816819745,520.44384765625,79868100,SPY,equities,1day,data/1day/spy_daily.csv
2025-04-21 00:00:00+00:00,515.2533065114334,515.7872249375157,502.6972625032136,508.0558471679688,69368100,SPY,equities,1day,data/1day/spy_daily.csv
2025-04-22 00:00:00+00:00,514.2449494916972,523.3011070538847,513.305704354498,521.2743530273438,75948100,SPY,equities,1day,data/1day/spy_daily.csv
2025-04-23 00:00:00+00:00,534.3049123051696,539.2482437222484,527.8291602174767,529.3516845703125,90590700,SPY,equities,1day,data/1day/spy_daily.csv
2025-04-24 00:00:00+00:00,530.6369834977514,541.2256220112762,529.3814182452572,540.4940185546875,64150400,SPY,equities,1day,data/1day/spy_daily.csv
2025-04-25 00:00:00+00:00,540.4544620384363,544.8045575926888,537.5279880397045,544.3992309570312,61119600,SPY,equities,1day,data/1day/spy_daily.csv
2025-04-28 00:00:00+00:00,545.1407910444296,547.2762839575454,538.8429907853031,544.6068725585938,47613800,SPY,equities,1day,data/1day/spy_daily.csv
2025-04-29 00:00:00+00:00,542.6888178923871,549.1547344204944,542.3329124899421,548.0375366210938,47775100,SPY,equities,1day,data/1day/spy_daily.csv
2025-04-30 00:00:00+00:00,541.3640897959557,550.2126665027023,535.3826699025942,548.2550659179688,93101500,SPY,equities,1day,data/1day/spy_daily.csv
2025-05-01 00:00:00+00:00,554.0189932525213,557.6770710508032,551.5374308999284,552.1405029296875,63186100,SPY,equities,1day,data/1day/spy_daily.csv
2025-05-02 00:00:00+00:00,558.3294653880318,561.9381212948161,556.0061238656243,560.3364868164062,60717300,SPY,equities,1day,data/1day/spy_daily.csv
2025-05-05 00:00:00+00:00,556.194064255589,560.2278400664005,555.3339293144951,557.1234130859375,38659200,SPY,equities,1day,data/1day/spy_daily.csv
2025-05-06 00:00:00+00:00,551.6066009560054,556.9651555946843,550.6476235760448,552.4667358398438,48264700,SPY,equities,1day,data/1day/spy_daily.csv
2025-05-07 00:00:00+00:00,553.8014947566288,557.4298834610689,549.738030089525,554.7901611328125,55588000,SPY,equities,1day,data/1day/spy_daily.csv
2025-05-08 00:00:00+00:00,558.8338365158501,563.8463828556478,555.3339788688671,558.6558837890625,65130800,SPY,equities,1day,data/1day/spy_daily.csv
2025-05-09 00:00:00+00:00,560.0596697605964,561.068128702691,556.381860066797,557.9439697265625,37603400,SPY,equities,1day,data/1day/spy_daily.csv
2025-05-12 00:00:00+00:00,574.8798371188,576.3925257137258,570.5000520977247,576.3826293945312,78993600,SPY,equities,1day,data/1day/spy_daily.csv
2025-05-13 00:00:00+00:00,576.7978469712151,582.4036289948938,576.234360216526,580.1890258789062,67947200,SPY,equities,1day,data/1day/spy_daily.csv
2025-05-14 00:00:00+00:00,581.1479585868793,582.3046813078995,578.9036666864055,580.9304809570312,66283500,SPY,equities,1day,data/1day/spy_daily.csv
2025-05-15 00:00:00+00:00,578.9235156986,584.2721745648568,578.4687074145315,583.7680053710938,71268100,SPY,equities,1day,data/1day/spy_daily.csv
2025-05-16 00:00:00+00:00,584.5489375445604,587.7621029517821,582.6012939394769,587.4655151367188,76052100,SPY,equities,1day,data/1day/spy_daily.csv
2025-05-19 00:00:00+00:00,581.4346564328234,588.7903364922698,581.4346564328234,588.108154296875,68168500,SPY,equities,1day,data/1day/spy_daily.csv
2025-05-20 00:00:00+00:00,586.3681900028125,587.3172711404261,582.9176935296509,586.130859375,60614500,SPY,equities,1day,data/1day/spy_daily.csv
2025-05-21 00:00:00+00:00,581.7708648204313,585.8639582409971,575.2258980125081,576.2540893554688,95197700,SPY,equities,1day,data/1day/spy_daily.csv
2025-05-22 00:00:00+00:00,576.0563267018498,579.971467292194,574.8204937262445,576.4815063476562,70860400,SPY,equities,1day,data/1day/spy_daily.csv
2025-05-23 00:00:00+00:00,569.4520392436427,575.2159811048424,569.0763411937487,572.5465698242188,76029000,SPY,equities,1day,data/1day/spy_daily.csv
2025-05-27 00:00:00+00:00,579.4277528567243,584.6083553931982,571.8743267058999,584.4501953125,72588500,SPY,equities,1day,data/1day/spy_daily.csv
2025-05-28 00:00:00+00:00,584.8555180607121,586.051826179252,580.3373051792158,581.0689086914062,68445500,SPY,equities,1day,data/1day/spy_daily.csv
2025-05-29 00:00:00+00:00,586.3385054465637,586.4769332279744,579.4277368161022,583.3626098632812,69973300,SPY,equities,1day,data/1day/spy_daily.csv
2025-05-30 00:00:00+00:00,582.2552747565533,584.430352826958,576.6297607292682,582.7100830078125,90601200,SPY,equities,1day,data/1day/spy_daily.csv
2025-06-02 00:00:00+00:00,581.0985213264464,586.0714814983527,578.4291102147669,585.992431640625,61630500,SPY,equities,1day,data/1day/spy_daily.csv
2025-06-03 00:00:00+00:00,585.6266079138771,590.3128764026674,585.1421107506463,589.3341064453125,63606200,SPY,equities,1day,data/1day/spy_daily.csv
2025-06-04 00:00:00+00:00,590.1943197189499,591.1730898063917,588.7409487228937,589.1759643554688,57314200,SPY,equities,1day,data/1day/spy_daily.csv
2025-06-05 00:00:00+00:00,590.8566609128592,592.2111289512687,584.3512195951713,586.3285522460938,92278700,SPY,equities,1day,data/1day/spy_daily.csv
2025-06-06 00:00:00+00:00,591.8749474768216,594.0203968199735,590.0953601848463,592.3495483398438,66588700,SPY,equities,1day,data/1day/spy_daily.csv
2025-06-09 00:00:00+00:00,592.9230088207169,594.4356974397457,591.7069684086109,592.8834838867188,53016400,SPY,equities,1day,data/1day/spy_daily.csv
2025-06-10 00:00:00+00:00,593.4172416440205,596.6304070325093,592.3001042710282,596.244873046875,66247000,SPY,equities,1day,data/1day/spy_daily.csv
2025-06-11 00:00:00+00:00,597.3423765043648,598.2025114763902,592.4781545343917,594.54443359375,73658200,SPY,equities,1day,data/1day/spy_daily.csv
2025-06-12 00:00:00+00:00,593.2096852350186,596.9072875976562,592.7252483956809,596.9072875976562,64129000,SPY,equities,1day,data/1day/spy_daily.csv
2025-06-13 00:00:00+00:00,591.7168252456129,595.0288334634262,588.731033484191,590.2338256835938,89506000,SPY,equities,1day,data/1day/spy_daily.csv
2025-06-16 00:00:00+00:00,593.5952983788304,597.5993850121447,593.4172853343232,595.8494262695312,79984100,SPY,equities,1day,data/1day/spy_daily.csv
2025-06-17 00:00:00+00:00,593.4074922933922,594.9300168530282,589.9965810836336,590.7578735351562,82209400,SPY,equities,1day,data/1day/spy_daily.csv
2025-06-18 00:00:00+00:00,591.6575507239553,594.4060120669617,589.7098464455568,590.6688842773438,76605000,SPY,equities,1day,data/1day/spy_daily.csv
2025-06-20 00:00:00+00:00,593.3471074282096,594.4180406328666,587.8735160730708,589.2816162109375,94051400,SPY,equities,1day,data/1day/spy_daily.csv
2025-06-23 00:00:00+00:00,590.0351674928282,595.4889076465048,586.9116980815279,595.1022338867188,87426000,SPY,equities,1day,data/1day/spy_daily.csv
2025-06-24 00:00:00+00:00,599.2471080685161,602.7374608387837,598.3348024442159,601.676513671875,67735300,SPY,equities,1day,data/1day/spy_daily.csv
2025-06-25 00:00:00+00:00,602.7969444947229,603.4910690166892,600.4468830082857,602.0136108398438,62114800,SPY,equities,1day,data/1day/spy_daily.csv
2025-06-26 00:00:00+00:00,603.8678512919777,607.1599344481853,603.2530708764845,606.7236328125,78548400,SPY,equities,1day,data/1day/spy_daily.csv
2025-06-27 00:00:00+00:00,607.7252035075089,611.2056913389495,605.692457719191,609.7380981445312,86258400,SPY,equities,1day,data/1day/spy_daily.csv
2025-06-30 00:00:00+00:00,612.1873634601734,614.0118537505704,609.867018033134,612.6533813476562,92502500,SPY,equities,1day,data/1day/spy_daily.csv
2025-07-01 00:00:00+00:00,611.1758893553448,613.625146088841,610.3429883405835,612.455078125,70030100,SPY,equities,1day,data/1day/spy_daily.csv
2025-07-02 00:00:00+00:00,612.0484833566157,615.2711481262035,611.4237773441516,615.2315063476562,66510400,SPY,equities,1day,data/1day/spy_daily.csv
2025-07-03 00:00:00+00:00,617.214676143094,621.0124795190609,617.194824993195,620.0803833007812,51065800,SPY,equities,1day,data/1day/spy_daily.csv
2025-07-07 00:00:00+00:00,618.1169852960921,618.7813935886118,612.6731706581298,615.4595336914062,74814500,SPY,equities,1day,data/1day/spy_daily.csv
2025-07-08 00:00:00+00:00,616.1238907210633,616.8775081543645,614.3093261623386,615.1224365234375,59024600,SPY,equities,1day,data/1day/spy_daily.csv
2025-07-09 00:00:00+00:00,617.5319680301938,619.4655183729625,615.6875662931247,618.8110961914062,66113300,SPY,equities,1day,data/1day/spy_daily.csv
2025-07-10 00:00:00+00:00,618.9499658515675,621.5974919629854,617.7699723301522,620.5563354492188,57529000,SPY,equities,1day,data/1day/spy_daily.csv
2025-07-11 00:00:00+00:00,617.5022136064131,619.6043777491163,616.3024294765994,618.3748168945312,63670200,SPY,equities,1day,data/1day/spy_daily.csv
2025-07-14 00:00:00+00:00,617.9186632768227,619.9018415613931,616.5701165685465,619.5548095703125,51898500,SPY,equities,1day,data/1day/spy_daily.csv
2025-07-15 00:00:00+00:00,622.2420420602726,622.5791484786782,616.8279435196437,616.9072875976562,74317300,SPY,equities,1day,data/1day/spy_daily.csv
2025-07-16 00:00:00+00:00,618.4937831556223,619.4754466932056,612.8516386863737,618.9697265625,88987500,SPY,equities,1day,data/1day/spy_daily.csv
2025-07-17 00:00:00+00:00,619.1482908768893,623.1146474859103,618.9301097920578,622.7576293945312,68885700,SPY,equities,1day,data/1day/spy_daily.csv
2025-07-18 00:00:00+00:00,624.0069566966004,624.1755098834977,621.190877778705,622.3014526367188,65621600,SPY,equities,1day,data/1day/spy_daily.csv
2025-07-21 00:00:00+00:00,623.4815063476562,626.2281670376054,623.0551302914085,623.4815063476562,63375000,SPY,equities,1day,data/1day/spy_daily.csv
2025-07-22 00:00:00+00:00,623.8087114591411,624.4334174667899,620.9232136557434,623.5707397460938,60046300,SPY,equities,1day,data/1day/spy_daily.csv
2025-07-23 00:00:00+00:00,626.2381323551606,628.8757934570312,624.4334327911965,628.8757934570312,70511000,SPY,equities,1day,data/1day/spy_daily.csv
2025-07-24 00:00:00+00:00,629.2624021105368,630.7994135925716,628.6575473006669,629.0839233398438,71307100,SPY,equities,1day,data/1day/spy_daily.csv
2025-07-25 00:00:00+00:00,629.748350781943,632.2173979677802,629.5004535059064,631.7413940429688,56865400,SPY,equities,1day,data/1day/spy_daily.csv
2025-07-28 00:00:00+00:00,632.1182610848412,632.6735486135409,630.1945756243812,631.5828247070312,54917100,SPY,equities,1day,data/1day/spy_daily.csv
2025-07-29 00:00:00+00:00,632.9809077241022,633.2982235137306,629.0046860832861,629.9169311523438,60556300,SPY,equities,1day,data/1day/spy_daily.csv
2025-07-30 00:00:00+00:00,630.5713386132512,632.3165451544952,626.2281734095909,629.1236572265625,80418900,SPY,equities,1day,data/1day/spy_daily.csv
2025-07-31 00:00:00+00:00,634.0816044685715,634.4682782312485,625.4646925404661,626.763671875,103385200,SPY,equities,1day,data/1day/spy_daily.csv
2025-08-01 00:00:00+00:00,621.0322789916852,621.0719812920488,614.0812292944926,616.4907836914062,140103600,SPY,equities,1day,data/1day/spy_daily.csv
2025-08-04 00:00:00+00:00,620.4075271113948,625.9108344398344,620.3183179857707,625.8612670898438,73218000,SPY,equities,1day,data/1day/spy_daily.csv
2025-08-05 00:00:00+00:00,626.476110377079,627.2892207726588,621.7660617410078,622.688232421875,68051400,SPY,equities,1day,data/1day/spy_daily.csv
2025-08-06 00:00:00+00:00,623.7590952688204,628.1121858315174,622.8468502662965,627.457763671875,64357500,SPY,equities,1day,data/1day/spy_daily.csv
2025-08-07 00:00:00+00:00,630.8886206499576,631.6223868787783,623.8185857342208,626.9321899414062,74205800,SPY,equities,1day,data/1day/spy_daily.csv
2025-08-08 00:00:00+00:00,628.727047311219,632.2868791777582,628.4097315038053,631.82080078125,64051600,SPY,equities,1day,data/1day/spy_daily.csv
2025-08-11 00:00:00+00:00,632.0984361099556,633.5758942477272,629.3219380955197,630.5713500976562,58742300,SPY,equities,1day,data/1day/spy_daily.csv
2025-08-12 00:00:00+00:00,632.9214074238032,637.4430514601922,631.4340237207567,637.284423828125,64730800,SPY,equities,1day,data/1day/spy_daily.csv
2025-08-13 00:00:00+00:00,639.4856719739724,640.7549350171026,637.2744477443421,639.4658813476562,60092800,SPY,equities,1day,data/1day/spy_daily.csv
2025-08-14 00:00:00+00:00,637.3835851461316,640.1897994624859,636.9374184340268,639.5254516601562,59327500,SPY,equities,1day,data/1day/spy_daily.csv
2025-08-15 00:00:00+00:00,640.5566774831647,640.6558727131268,637.11589211782,638.0281372070312,68592500,SPY,equities,1day,data/1day/spy_daily.csv
2025-08-18 00:00:00+00:00,637.4529805837014,638.5834067295413,636.7787072305159,637.8892822265625,43804900,SPY,equities,1day,data/1day/spy_daily.csv
2025-08-19 00:00:00+00:00,637.7108075589789,638.6924711313014,633.1098193903536,634.4286499023438,69750700,SPY,equities,1day,data/1day/spy_daily.csv
2025-08-20 00:00:00+00:00,634.0221697813646,634.2799321395609,627.626407225106,632.7429809570312,88890300,SPY,equities,1day,data/1day/spy_daily.csv
2025-08-21 00:00:00+00:00,630.9283690027011,632.604096553562,628.4791123479844,630.2044677734375,54805800,SPY,equities,1day,data/1day/spy_daily.csv
2025-08-22 00:00:00+00:00,632.3958390332336,641.0623176031913,631.8901189367884,639.88232421875,84083200,SPY,equities,1day,data/1day/spy_daily.csv
2025-08-25 00:00:00+00:00,638.6230864860744,639.8625729858918,636.9472983174492,637.0662841796875,51274300,SPY,equities,1day,data/1day/spy_daily.csv
2025-08-26 00:00:00+00:00,636.798516612414,640.0806740325912,636.1738106528877,639.7335815429688,51581600,SPY,equities,1day,data/1day/spy_daily.csv
2025-08-27 00:00:00+00:00,639.148612992103,641.9250504526357,638.9998504138363,641.1912841796875,48341100,SPY,equities,1day,data/1day/spy_daily.csv
2025-08-28 00:00:00+00:00,641.7961126896905,644.0172625669782,639.9121297324674,643.4619750976562,61519500,SPY,equities,1day,data/1day/spy_daily.csv
2025-08-29 00:00:00+00:00,642.0242015644989,642.3911452321481,637.7306640961879,639.6245727539062,74522200,SPY,equities,1day,data/1day/spy_daily.csv
2025-09-02 00:00:00+00:00,632.13804448044,635.1028861742022,629.5797276837342,634.884765625,81983500,SPY,equities,1day,data/1day/spy_daily.csv
2025-09-03 00:00:00+00:00,637.2645539172183,638.7916398746721,635.0731807265284,638.3255615234375,70820900,SPY,equities,1day,data/1day/spy_daily.csv
2025-09-04 00:00:00+00:00,638.999797688006,643.6900550422279,638.09747828346,643.6602783203125,65219200,SPY,equities,1day,data/1day/spy_daily.csv
2025-09-05 00:00:00+00:00,646.0004708304714,646.7243720544352,637.9190556866993,641.796142578125,85178900,SPY,equities,1day,data/1day/spy_daily.csv
2025-09-08 00:00:00+00:00,643.1644862104067,644.3742563254497,641.7861629025881,643.3727416992188,63133100,SPY,equities,1day,data/1day/spy_daily.csv
2025-09-09 00:00:00+00:00,643.5115612591451,645.3856792185645,641.7762803015634,644.8601684570312,66133900,SPY,equities,1day,data/1day/spy_daily.csv
2025-09-10 00:00:00+00:00,648.122479271532,649.0446498954948,645.1576374702139,646.724365234375,78034500,SPY,equities,1day,data/1day/spy_daily.csv
2025-09-11 00:00:00+00:00,648.6778210448584,652.7929404681626,648.092817304151,652.0988159179688,69934400,SPY,equities,1day,data/1day/spy_daily.csv
2025-09-12 00:00:00+00:00,652.0689585463732,653.5662677492645,651.3748946038203,651.8805541992188,72780100,SPY,equities,1day,data/1day/spy_daily.csv
2025-09-15 00:00:00+00:00,654.0918582328915,655.4800466805781,653.7943936028013,655.3511352539062,63772400,SPY,equities,1day,data/1day/spy_daily.csv
2025-09-16 00:00:00+00:00,655.9064595692537,656.213910313041,653.6655188822047,654.4488525390625,61169000,SPY,equities,1day,data/1day/spy_daily.csv
2025-09-17 00:00:00+00:00,654.4587170331596,656.1542956225366,648.7967216101163,653.6356811523438,101952200,SPY,equities,1day,data/1day/spy_daily.csv
2025-09-18 00:00:00+00:00,656.3229972048737,659.2977648370164,654.7166275252608,656.6898803710938,90459200,SPY,equities,1day,data/1day/spy_daily.csv
2025-09-19 00:00:00+00:00,658.5800832029405,660.7874850308027,656.6311583459587,659.9423217773438,97945600,SPY,equities,1day,data/1day/spy_daily.csv
2025-09-22 00:00:00+00:00,658.4508309420254,663.5119788762895,658.4209716621773,663.0645751953125,69452200,SPY,equities,1day,data/1day/spy_daily.csv
2025-09-23 00:00:00+00:00,662.9452156846509,663.5617612775759,658.2320617574377,659.4551391601562,81708900,SPY,equities,1day,data/1day/spy_daily.csv
2025-09-24 00:00:00+00:00,660.7477220570149,660.8471316064555,655.9350982101993,657.3569946289062,68082200,SPY,equities,1day,data/1day/spy_daily.csv
2025-09-25 00:00:00+00:00,654.2149171420698,655.6765652531099,650.7048739536411,654.3242797851562,89622100,SPY,equities,1day,data/1day/spy_daily.csv
2025-09-26 00:00:00+00:00,655.7760789419195,658.619871988132,654.1553026157394,658.072998046875,69179200,SPY,equities,1day,data/1day/spy_daily.csv
2025-09-29 00:00:00+00:00,660.5985670660314,661.5134019828115,658.112721358766,659.9224243164062,73499000,SPY,equities,1day,data/1day/spy_daily.csv
2025-09-30 00:00:00+00:00,659.1766647693167,662.8756347075731,657.8641309647478,662.4082641601562,86288000,SPY,equities,1day,data/1day/spy_daily.csv
2025-10-01 00:00:00+00:00,659.4152702620313,665.5801794564833,659.3059076216911,664.6654052734375,72545400,SPY,equities,1day,data/1day/spy_daily.csv
2025-10-02 00:00:00+00:00,666.6540464714482,666.7733621981591,663.004842335434,665.4309692382812,56896000,SPY,equities,1day,data/1day/spy_daily.csv
2025-10-03 00:00:00+00:00,666.1966948783695,668.8714672806448,664.377038831869,665.421142578125,70494400,SPY,equities,1day,data/1day/spy_daily.csv
2025-10-06 00:00:00+00:00,667.8174482099862,668.7024238148077,665.669704301124,667.8074951171875,54623300,SPY,equities,1day,data/1day/spy_daily.csv
2025-10-07 00:00:00+00:00,668.7322238208072,669.1796881705657,663.8898014056139,665.3316040039062,72020100,SPY,equities,1day,data/1day/spy_daily.csv
2025-10-08 00:00:00+00:00,666.4552183740389,669.398481470165,665.6299006256374,669.2990112304688,60702200,SPY,equities,1day,data/1day/spy_daily.csv
2025-10-09 00:00:00+00:00,669.7166839203261,670.1243359074817,665.4211353124821,667.3600463867188,66501900,SPY,equities,1day,data/1day/spy_daily.csv
2025-10-10 00:00:00+00:00,668.324542434099,670.1342452495495,649.14378031214,649.32275390625,159422600,SPY,equities,1day,data/1day/spy_daily.csv
2025-10-13 00:00:00+00:00,656.9095884512618,661.3642043859337,656.0345659370097,659.2860107421875,79560500,SPY,equities,1day,data/1day/spy_daily.csv
2025-10-14 00:00:00+00:00,653.4492417720955,662.0602448848334,649.4718888267987,658.4805908203125,88779600,SPY,equities,1day,data/1day/spy_daily.csv
2025-10-15 00:00:00+00:00,663.0446129876665,666.4352795829697,655.1992699391986,661.4039306640625,81702600,SPY,equities,1day,data/1day/spy_daily.csv
2025-10-16 00:00:00+00:00,663.0445999065358,664.9239136533134,653.3895542222015,656.8995971679688,110563300,SPY,equities,1day,data/1day/spy_daily.csv
2025-10-17 00:00:00+00:00,655.7660892614911,661.9906565438909,654.4138037793879,660.62841796875,96500900,SPY,equities,1day,data/1day/spy_daily.csv
2025-10-20 00:00:00+00:00,663.5418206897375,668.4041493887289,663.4921159142255,667.499267578125,60493400,SPY,equities,1day,data/1day/spy_daily.csv
2025-10-21 00:00:00+00:00,667.638493864759,669.1797060532549,666.1867381348511,667.4893188476562,56249000,SPY,equities,1day,data/1day/spy_daily.csv
2025-10-22 00:00:00+00:00,668.1953369980629,668.1953369980629,659.5445816579371,664.0191040039062,80564000,SPY,equities,1day,data/1day/spy_daily.csv
2025-10-23 00:00:00+00:00,664.3372592841532,668.9012985038863,664.019063764971,667.9566650390625,65604500,SPY,equities,1day,data/1day/spy_daily.csv
2025-10-24 00:00:00+00:00,672.6300829996666,674.628651928334,671.8246714345047,673.4155883789062,74356500,SPY,equities,1day,data/1day/spy_daily.csv
2025-10-27 00:00:00+00:00,678.8645527756448,681.658640907831,678.2580209918731,681.3603515625,63339800,SPY,equities,1day,data/1day/spy_daily.csv
2025-10-28 00:00:00+00:00,683.1600908523567,685.0095454543999,680.9526890414517,683.1700439453125,61738100,SPY,equities,1day,data/1day/spy_daily.csv
2025-10-29 00:00:00+00:00,684.8206562449755,685.795149064121,679.0038013689816,683.4982299804688,85657100,SPY,equities,1day,data/1day/spy_daily.csv
2025-10-30 00:00:00+00:00,680.0279821977349,682.0564104652303,675.9810180664062,675.9810180664062,76335800,SPY,equities,1day,data/1day/spy_daily.csv
2025-10-31 00:00:00+00:00,681.1614116072222,681.2012239761448,675.3942622450203,678.1983032226562,87164100,SPY,equities,1day,data/1day/spy_daily.csv
2025-11-03 00:00:00+00:00,681.7878948104295,681.9171636388411,676.0903560257897,679.4711303710938,57315000,SPY,equities,1day,data/1day/spy_daily.csv
2025-11-04 00:00:00+00:00,672.2820616639051,676.1103005794487,670.7607556049009,671.4169921875,78427000,SPY,equities,1day,data/1day/spy_daily.csv
2025-11-05 00:00:00+00:00,671.1583975728993,677.0051112074705,670.3529860359731,673.7437133789062,74402400,SPY,equities,1day,data/1day/spy_daily.csv
2025-11-06 00:00:00+00:00,672.6399897028363,673.5448715272548,664.9338680034818,666.514892578125,85035300,SPY,equities,1day,data/1day/spy_daily.csv
2025-11-07 00:00:00+00:00,664.1284090392404,667.2805048704689,657.4663915648358,667.1710815429688,100592400,SPY,equities,1day,data/1day/spy_daily.csv
2025-11-10 00:00:00+00:00,673.4056154266486,678.3176487268574,671.2081667723378,677.5818481445312,75842900,SPY,equities,1day,data/1day/spy_daily.csv
2025-11-11 00:00:00+00:00,676.1002762110339,679.6997756663966,674.8871520395073,679.1329956054688,58953400,SPY,equities,1day,data/1day/spy_daily.csv
2025-11-12 00:00:00+00:00,680.9129156193362,681.0819968300743,677.0946904605516,679.5109252929688,62312500,SPY,equities,1day,data/1day/spy_daily.csv
2025-11-13 00:00:00+00:00,676.6472315164618,677.0051787486752,666.7237544337754,668.235107421875,103457800,SPY,equities,1day,data/1day/spy_daily.csv
2025-11-14 00:00:00+00:00,661.612768198211,671.8345335183507,659.5147291242073,668.1256713867188,96846700,SPY,equities,1day,data/1day/spy_daily.csv
2025-11-17 00:00:00+00:00,665.9083353081996,669.8956413839408,658.4209391867944,661.901123046875,90456100,SPY,equities,1day,data/1day/spy_daily.csv
2025-11-18 00:00:00+00:00,658.3512953245886,661.354216097308,652.146634691611,656.3427734375,114467500,SPY,equities,1day,data/1day/spy_daily.csv
2025-11-19 00:00:00+00:00,657.0388554539629,663.5617119214406,655.0203196831769,658.8783569335938,94703000,SPY,equities,1day,data/1day/spy_daily.csv
2025-11-20 00:00:00+00:00,669.1001291109939,671.7351497651099,648.1991802397498,648.8355712890625,165293500,SPY,equities,1day,data/1day/spy_daily.csv
2025-11-21 00:00:00+00:00,651.3412595795126,660.7874729698119,647.1650267848305,655.2987670898438,123956200,SPY,equities,1day,data/1day/spy_daily.csv
2025-11-24 00:00:00+00:00,658.9380055466532,666.2662734630499,657.8442577670318,664.9437866210938,80437900,SPY,equities,1day,data/1day/spy_daily.csv
2025-11-25 00:00:00+00:00,664.8444060411854,672.3815071629971,660.717877921785,671.1982421875,81077100,SPY,equities,1day,data/1day/spy_daily.csv
2025-11-26 00:00:00+00:00,673.7934667684052,677.8404309302599,672.8885849296569,675.8318481445312,71879600,SPY,equities,1day,data/1day/spy_daily.csv
2025-11-28 00:00:00+00:00,677.0051081523229,679.7991961322198,676.6471609574353,679.5208129882812,49212000,SPY,equities,1day,data/1day/spy_daily.csv
2025-12-01 00:00:00+00:00,674.9667014318244,679.1230277654502,674.8970904760725,676.41845703125,61201200,SPY,equities,1day,data/1day/spy_daily.csv
2025-12-02 00:00:00+00:00,678.0591325179204,679.9483994968172,675.4838303983408,677.67138671875,62953800,SPY,equities,1day,data/1day/spy_daily.csv
2025-12-03 00:00:00+00:00,676.7167950740063,681.0321891246488,675.8417725523884,680.0180053710938,57238500,SPY,equities,1day,data/1day/spy_daily.csv
2025-12-04 00:00:00+00:00,681.4199577792665,681.4895687361658,677.4824173401821,680.51513671875,61970300,SPY,equities,1day,data/1day/spy_daily.csv
2025-12-05 00:00:00+00:00,681.5890143183475,684.4925257185774,680.7040993957534,681.8078002929688,79241000,SPY,equities,1day,data/1day/spy_daily.csv
2025-12-08 00:00:00+00:00,682.7027235077143,682.7524282821314,677.7111260885928,679.7594604492188,55231500,SPY,equities,1day,data/1day/spy_daily.csv
2025-12-09 00:00:00+00:00,679.2822138612034,681.5095218770947,678.7253868572307,679.1727905273438,58310100,SPY,equities,1day,data/1day/spy_daily.csv
2025-12-10 00:00:00+00:00,678.6955405173951,685.0692222502689,677.4526176554032,683.6771850585938,85671300,SPY,equities,1day,data/1day/spy_daily.csv
2025-12-11 00:00:00+00:00,681.2609148661827,685.3476304583654,678.3076987410943,685.26806640625,86173700,SPY,equities,1day,data/1day/spy_daily.csv
2025-12-12 00:00:00+00:00,684.2737672143002,684.9797692517327,675.3247225627367,677.9000854492188,113160300,SPY,equities,1day,data/1day/spy_daily.csv
2025-12-15 00:00:00+00:00,681.8574988128718,681.8774049984522,675.4042533093998,676.8758544921875,90811000,SPY,equities,1day,data/1day/spy_daily.csv
2025-12-16 00:00:00+00:00,675.3843754405706,677.2239376857725,671.1584377196804,675.0264282226562,122030600,SPY,equities,1day,data/1day/spy_daily.csv
2025-12-17 00:00:00+00:00,676.0406154817738,676.5874893555698,667.3998140691156,667.5986938476562,110625200,SPY,equities,1day,data/1day/spy_daily.csv
2025-12-18 00:00:00+00:00,673.7635606688432,676.8857972779194,671.0788959983324,672.6399536132812,108650100,SPY,equities,1day,data/1day/spy_daily.csv
2025-12-19 00:00:00+00:00,674.747283458469,679.2350273728672,674.6275542880097,678.7363891601562,103599500,SPY,equities,1day,data/1day/spy_daily.csv
2025-12-22 00:00:00+00:00,682.0772531068674,683.4933686131409,678.7364013691785,682.96484375,69556700,SPY,equities,1day,data/1day/spy_daily.csv
2025-12-23 00:00:00+00:00,682.0572680421344,686.325640311278,682.0074163952171,686.0863037109375,64840000,SPY,equities,1day,data/1day/spy_daily.csv
2025-12-24 00:00:00+00:00,686.0763204450832,688.9484813838191,685.9267046355759,688.4996948242188,39445600,SPY,equities,1day,data/1day/spy_daily.csv
2025-12-26 00:00:00+00:00,688.758988861415,689.7761694005526,687.392725060237,688.4298706054688,41613300,SPY,equities,1day,data/1day/spy_daily.csv
2025-12-29 00:00:00+00:00,685.6674092439482,687.322922191004,684.2014421207446,685.9765625,62559500,SPY,equities,1day,data/1day/spy_daily.csv
2025-12-30 00:00:00+00:00,685.5777200962995,686.6846823672308,684.7100944386586,685.138916015625,47160700,SPY,equities,1day,data/1day/spy_daily.csv
2025-12-31 00:00:00+00:00,685.2685588951464,685.4879304984822,679.8533550408816,680.062744140625,74144800,SPY,equities,1day,data/1day/spy_daily.csv
2026-01-02 00:00:00+00:00,683.842447277036,684.999261161205,677.9684744567207,681.309326171875,89377200,SPY,equities,1day,data/1day/spy_daily.csv
2026-01-05 00:00:00+00:00,684.6701449336617,687.5522884526621,684.5106074856512,685.846923828125,71927200,SPY,equities,1day,data/1day/spy_daily.csv
2026-01-06 00:00:00+00:00,686.0563439630641,690.4344019511112,685.9067890249802,689.92578125,69273800,SPY,equities,1day,data/1day/spy_daily.csv
2026-01-07 00:00:00+00:00,690.3047811958188,692.0699799720542,687.4426026835383,687.701904296875,75588300,SPY,equities,1day,data/1day/spy_daily.csv
2026-01-08 00:00:00+00:00,686.9439569075789,688.7390423054183,685.6175622141362,687.632080078125,64019200,SPY,equities,1day,data/1day/spy_daily.csv
2026-01-09 00:00:00+00:00,688.7489932725086,693.4162394407576,687.3029303433501,692.1796264648438,80125500,SPY,equities,1day,data/1day/spy_daily.csv
2026-01-12 00:00:00+00:00,688.7988836287034,694.1941832506386,688.7490319805348,693.2666625976562,63976000,SPY,equities,1day,data/1day/spy_daily.csv
2026-01-13 00:00:00+00:00,693.595779418591,694.194181802135,689.467040360938,691.8804931640625,78309700,SPY,equities,1day,data/1day/spy_daily.csv
2026-01-14 00:00:00+00:00,689.1180078469732,689.8360176539858,684.1714948792828,688.479736328125,94676700,SPY,equities,1day,data/1day/spy_daily.csv
2026-01-15 00:00:00+00:00,692.678285342935,693.5558934557131,689.3673203481677,690.3546142578125,77862000,SPY,equities,1day,data/1day/spy_daily.csv
2026-01-16 00:00:00+00:00,691.7707369284135,692.359156800422,688.22043529661,689.7761840820312,79289200,SPY,equities,1day,data/1day/spy_daily.csv
2026-01-20 00:00:00+00:00,679.6338820353151,682.9049778344743,674.7272992054969,675.7345581054688,111623300,SPY,equities,1day,data/1day/spy_daily.csv
2026-01-21 00:00:00+00:00,677.7989248999835,686.8641332264262,676.2830453044572,683.5332641601562,127844500,SPY,equities,1day,data/1day/spy_daily.csv
2026-01-22 00:00:00+00:00,687.9711412752974,689.2476843606095,685.0491285530771,687.103515625,77112200,SPY,equities,1day,data/1day/spy_daily.csv
2026-01-23 00:00:00+00:00,686.2757685331861,689.0781127396581,685.2884137823622,687.352783203125,63059600,SPY,equities,1day,data/1day/spy_daily.csv
2026-01-26 00:00:00+00:00,688.609372319757,692.2394730275811,688.0409174669724,690.84326171875,60473800,SPY,equities,1day,data/1day/spy_daily.csv
2026-01-27 00:00:00+00:00,692.2893344912051,694.6329705879123,691.6810104865692,693.5957641601562,55506100,SPY,equities,1day,data/1day/spy_daily.csv
2026-01-28 00:00:00+00:00,695.1515053497095,695.9393926651097,692.0499903412962,693.5259399414062,61172200,SPY,equities,1day,data/1day/spy_daily.csv
2026-01-29 00:00:00+00:00,694.4933553961189,695.1615135683285,682.9648421722587,692.1497192382812,97486200,SPY,equities,1day,data/1day/spy_daily.csv
2026-01-30 00:00:00+00:00,689.9058246991844,692.3192774332931,685.2485609149509,690.0853271484375,101835100,SPY,equities,1day,data/1day/spy_daily.csv
2026-02-02 00:00:00+00:00,687.7019133171445,695.0318708971434,687.5423149981101,693.5159912109375,79286500,SPY,equities,1day,data/1day/spy_daily.csv
2026-02-03 00:00:00+00:00,694.3138377504575,695.0617950648859,682.1670182684101,687.6520385742188,107904600,SPY,equities,1day,data/1day/spy_daily.csv
2026-02-04 00:00:00+00:00,688.4697490630058,689.5667896413613,679.9031787408285,684.3211059570312,105204600,SPY,equities,1day,data/1day/spy_daily.csv
2026-02-05 00:00:00+00:00,679.0854402743204,681.8279505601881,673.9494421186707,675.7744750976562,113610800,SPY,equities,1day,data/1day/spy_daily.csv
2026-02-06 00:00:00+00:00,679.6039887472712,690.4244132010324,678.995603890688,688.739013671875,89127600,SPY,equities,1day,data/1day/spy_daily.csv
2026-02-09 00:00:00+00:00,687.5423060693106,693.9747512796714,686.4652913399738,692.0599975585938,73885200,SPY,equities,1day,data/1day/spy_daily.csv
2026-02-10 00:00:00+00:00,693.0572335194393,694.64286887948,689.7761552680904,690.2349243164062,65185700,SPY,equities,1day,data/1day/spy_daily.csv
2026-02-11 00:00:00+00:00,694.4933668556342,695.2413241987686,687.3029816841566,690.075439453125,76353900,SPY,equities,1day,data/1day/spy_daily.csv
2026-02-12 00:00:00+00:00,692.3491972008484,693.4561594586687,678.5169776231163,679.41455078125,118829000,SPY,equities,1day,data/1day/spy_daily.csv
2026-02-13 00:00:00+00:00,679.833354327075,684.410879804094,675.6747287653898,679.8931884765625,96267500,SPY,equities,1day,data/1day/spy_daily.csv
2026-02-17 00:00:00+00:00,678.287593220413,683.074507822494,673.9394826742099,680.9901733398438,81354700,SPY,equities,1day,data/1day/spy_daily.csv
2026-02-18 00:00:00+00:00,682.157061237011,687.2730943282486,680.9702998190471,684.4208374023438,73570300,SPY,equities,1day,data/1day/spy_daily.csv
2026-02-19 00:00:00+00:00,681.9775120282383,684.311104689823,679.6937101433548,682.61572265625,58649400,SPY,equities,1day,data/1day/spy_daily.csv
2026-02-20 00:00:00+00:00,680.4616860592505,688.1805961724377,679.8732661615737,687.5523071289062,100034000,SPY,equities,1day,data/1day/spy_daily.csv
2026-02-23 00:00:00+00:00,685.9566804858357,688.1207533479937,678.5169762252317,680.531494140625,90558100,SPY,equities,1day,data/1day/spy_daily.csv
2026-02-24 00:00:00+00:00,680.0427976196477,686.4751816677359,678.1479481229125,685.4779052734375,73798700,SPY,equities,1day,data/1day/spy_daily.csv
2026-02-25 00:00:00+00:00,688.3002642742074,691.7907319065998,688.2204651135966,691.26220703125,56369500,SPY,equities,1day,data/1day/spy_daily.csv
2026-02-26 00:00:00+00:00,691.391808867856,691.4117130049051,682.486077089091,687.422607421875,71671000,SPY,equities,1day,data/1day/spy_daily.csv
2026-02-27 00:00:00+00:00,681.2295779636313,684.9892686841309,679.7835149777827,684.1216430664062,83308900,SPY,equities,1day,data/1day/spy_daily.csv
2026-03-02 00:00:00+00:00,676.8515442239554,686.744509644098,676.1734035367807,684.5106201171875,87477200,SPY,equities,1day,data/1day/spy_daily.csv
2026-03-03 00:00:00+00:00,673.221445388408,680.7508704958498,667.8361281509542,678.4771118164062,105003100,SPY,equities,1day,data/1day/spy_daily.csv
2026-03-04 00:00:00+00:00,679.7735096903759,685.2186606854194,677.7689744100875,683.2639770507812,79182200,SPY,equities,1day,data/1day/spy_daily.csv
2026-03-05 00:00:00+00:00,680.2223290726917,683.6629449535216,673.7699188745959,679.4544067382812,106606500,SPY,equities,1day,data/1day/spy_daily.csv
2026-03-06 00:00:00+00:00,671.5758690877306,674.2685275228549,667.9358467743081,670.5487060546875,100687000,SPY,equities,1day,data/1day/spy_daily.csv
2026-03-09 00:00:00+00:00,664.5750801817165,678.0681991431876,660.5859743093405,676.4227294921875,102667700,SPY,equities,1day,data/1day/spy_daily.csv
2026-03-10 00:00:00+00:00,675.87413967305,681.4987932365287,672.9222404542279,675.3356323242188,81505300,SPY,equities,1day,data/1day/spy_daily.csv
2026-03-11 00:00:00+00:00,675.7345715953234,678.2277626375325,671.5061293267642,674.4879760742188,68441700,SPY,equities,1day,data/1day/spy_daily.csv
2026-03-12 00:00:00+00:00,669.3319958917509,669.8207124533001,664.0564256954588,664.2459106445312,108882200,SPY,equities,1day,data/1day/spy_daily.csv
2026-03-13 00:00:00+00:00,667.4472371497842,670.5088831921612,659.5587462493693,660.4862060546875,97200200,SPY,equities,1day,data/1day/spy_daily.csv
2026-03-16 00:00:00+00:00,666.5596317087426,670.239584206393,665.3030536555561,667.2078857421875,82023100,SPY,equities,1day,data/1day/spy_daily.csv
2026-03-17 00:00:00+00:00,670.5586914524959,672.60309589337,667.8760155087483,668.9630126953125,87128000,SPY,equities,1day,data/1day/spy_daily.csv
2026-03-18 00:00:00+00:00,666.5396583763402,667.8959397089973,659.3892034355257,659.6285400390625,82062600,SPY,equities,1day,data/1day/spy_daily.csv
2026-03-19 00:00:00+00:00,655.1806813207687,661.1743225351036,653.3855958813168,658.0029907226562,111272500,SPY,equities,1day,data/1day/spy_daily.csv
2026-03-20 00:00:00+00:00,656.510009765625,656.6900024414062,644.719970703125,648.5700073242188,163617500,SPY,equities,1day,data/1day/spy_daily.csv
2026-03-23 00:00:00+00:00,658.0700073242188,662.6199951171875,653.9400024414062,655.3800048828125,134802700,SPY,equities,1day,data/1day/spy_daily.csv
2026-03-24 00:00:00+00:00,651.3200073242188,657.030029296875,649.8800048828125,653.1799926757812,96457500,SPY,equities,1day,data/1day/spy_daily.csv
2026-03-25 00:00:00+00:00,658.6699829101562,660.8900146484375,654.239990234375,656.8200073242188,90653800,SPY,equities,1day,data/1day/spy_daily.csv
2026-03-26 00:00:00+00:00,652.0599975585938,654.8499755859375,644.8200073242188,645.0900268554688,96494400,SPY,equities,1day,data/1day/spy_daily.csv
2026-03-27 00:00:00+00:00,642.5,642.6599731445312,633.1099853515625,634.0900268554688,103649400,SPY,equities,1day,data/1day/spy_daily.csv
2026-03-30 00:00:00+00:00,640.1099853515625,640.3699951171875,629.280029296875,631.969970703125,99275900,SPY,equities,1day,data/1day/spy_daily.csv
2026-03-31 00:00:00+00:00,638.9400024414062,651.5399780273438,637.97998046875,650.3400268554688,152534100,SPY,equities,1day,data/1day/spy_daily.csv
2026-04-01 00:00:00+00:00,653.9000244140625,658.52001953125,653.0,655.239990234375,97841500,SPY,equities,1day,data/1day/spy_daily.csv
2026-04-02 00:00:00+00:00,646.4199829101562,658.2000122070312,645.1099853515625,655.8300170898438,68358700,SPY,equities,1day,data/1day/spy_daily.csv
2026-04-06 00:00:00+00:00,655.8599853515625,659.719970703125,655.52001953125,658.9299926757812,39105800,SPY,equities,1day,data/1day/spy_daily.csv
2026-04-07 00:00:00+00:00,656.6500244140625,659.6099853515625,651.0599975585938,659.219970703125,69980400,SPY,equities,1day,data/1day/spy_daily.csv
2026-04-08 00:00:00+00:00,676.3900146484375,677.0800170898438,671.4600219726562,676.010009765625,93606100,SPY,equities,1day,data/1day/spy_daily.csv
2026-04-09 00:00:00+00:00,674.8400268554688,681.1599731445312,673.77001953125,679.9099731445312,57134400,SPY,equities,1day,data/1day/spy_daily.csv
2026-04-10 00:00:00+00:00,681.3200073242188,682.030029296875,678.4500122070312,679.4600219726562,42253500,SPY,equities,1day,data/1day/spy_daily.csv
2026-04-13 00:00:00+00:00,677.4099731445312,686.2999877929688,676.5800170898438,686.0999755859375,54185800,SPY,equities,1day,data/1day/spy_daily.csv
2026-04-14 00:00:00+00:00,687.6900024414062,694.5800170898438,687.6599731445312,694.4600219726562,63480500,SPY,equities,1day,data/1day/spy_daily.csv
2026-04-15 00:00:00+00:00,695.260009765625,700.280029296875,694.2000122070312,699.9400024414062,58240400,SPY,equities,1day,data/1day/spy_daily.csv
2026-04-16 00:00:00+00:00,701.0599975585938,702.780029296875,698.530029296875,701.6599731445312,49972400,SPY,equities,1day,data/1day/spy_daily.csv
2026-04-17 00:00:00+00:00,706.1400146484375,712.3900146484375,705.760009765625,710.1400146484375,70661900,SPY,equities,1day,data/1day/spy_daily.csv
2026-04-20 00:00:00+00:00,708.780029296875,709.9099731445312,706.1400146484375,708.719970703125,43546800,SPY,equities,1day,data/1day/spy_daily.csv
2026-04-21 00:00:00+00:00,710.280029296875,711.280029296875,702.6400146484375,704.0800170898438,58941400,SPY,equities,1day,data/1day/spy_daily.csv
2026-04-22 00:00:00+00:00,709.1500244140625,711.4500122070312,708.219970703125,711.2100219726562,42518500,SPY,equities,1day,data/1day/spy_daily.csv
2026-04-23 00:00:00+00:00,709.5,712.3599853515625,702.280029296875,708.4500122070312,56174000,SPY,equities,1day,data/1day/spy_daily.csv
2026-04-24 00:00:00+00:00,710.75,714.469970703125,709.010009765625,713.9400024414062,45182000,SPY,equities,1day,data/1day/spy_daily.csv
2026-04-27 00:00:00+00:00,713.1699829101562,715.6300048828125,712.2999877929688,715.1699829101562,33135900,SPY,equities,1day,data/1day/spy_daily.csv
2026-04-28 00:00:00+00:00,711.8200073242188,712.8800048828125,709.25,711.6900024414062,43117400,SPY,equities,1day,data/1day/spy_daily.csv
2026-04-29 00:00:00+00:00,711.0,712.2000122070312,708.3699951171875,711.5800170898438,41859200,SPY,equities,1day,data/1day/spy_daily.csv
2026-04-30 00:00:00+00:00,714.6300048828125,719.7899780273438,710.4500122070312,718.6599731445312,67240900,SPY,equities,1day,data/1day/spy_daily.csv
2026-05-01 00:00:00+00:00,721.25,724.8699951171875,720.469970703125,720.6500244140625,42888700,SPY,equities,1day,data/1day/spy_daily.csv
