bar_index,strategy,config_source,asset,asset_class,frequency,split,timestamp,gross_equity,net_equity,net_return,drawdown,cost_bps,dataset_note
0,Strategy0 / Baseline,taken_fixed,SPY,equities,5min,full,2026-02-12 14:30:00+00:00,100000.0,99980.0,-0.02,0.0,1.0,Daily data excluded from curve outputs because these are intraday strategies.
1,Strategy0 / Baseline,taken_fixed,SPY,equities,5min,full,2026-02-12 15:00:00+00:00,99341.080361,99301.216145,-0.67892,-0.67892,1.0,Daily data excluded from curve outputs because these are intraday strategies.
2,Strategy0 / Baseline,taken_fixed,SPY,equities,5min,full,2026-02-12 16:00:00+00:00,99341.080361,99281.355902,-0.02,-0.698784,1.0,Daily data excluded from curve outputs because these are intraday strategies.
3,Strategy0 / Baseline,taken_fixed,SPY,equities,5min,full,2026-02-13 14:30:00+00:00,101343.617164,101263.635926,1.996629,0.0,1.0,Daily data excluded from curve outputs because these are intraday strategies.
4,Strategy0 / Baseline,taken_fixed,SPY,equities,5min,full,2026-02-17 15:00:00+00:00,101343.617164,101243.383199,-0.02,-0.02,1.0,Daily data excluded from curve outputs because these are intraday strategies.
5,Strategy0 / Baseline,taken_fixed,SPY,equities,5min,full,2026-02-17 16:00:00+00:00,100928.08982,100807.690284,-0.430342,-0.450256,1.0,Daily data excluded from curve outputs because these are intraday strategies.
6,Strategy0 / Baseline,taken_fixed,SPY,equities,5min,full,2026-02-18 15:00:00+00:00,100928.08982,100787.528746,-0.02,-0.470166,1.0,Daily data excluded from curve outputs because these are intraday strategies.
7,Strategy0 / Baseline,taken_fixed,SPY,equities,5min,full,2026-02-18 17:00:00+00:00,101095.196566,100934.444564,0.145768,-0.325083,1.0,Daily data excluded from curve outputs because these are intraday strategies.
8,Strategy0 / Baseline,taken_fixed,SPY,equities,5min,full,2026-02-18 18:00:00+00:00,101095.196566,100914.257675,-0.02,-0.345018,1.0,Daily data excluded from curve outputs because these are intraday strategies.
9,Strategy0 / Baseline,taken_fixed,SPY,equities,5min,full,2026-02-18 18:30:00+00:00,100799.263106,100598.200551,-0.313194,-0.657132,1.0,Daily data excluded from curve outputs because these are intraday strategies.
10,Strategy0 / Baseline,taken_fixed,SPY,equities,5min,full,2026-02-20 15:00:00+00:00,100799.263106,100578.080911,-0.02,-0.677,1.0,Daily data excluded from curve outputs because these are intraday strategies.
11,Strategy0 / Baseline,taken_fixed,SPY,equities,5min,full,2026-02-20 15:30:00+00:00,100542.710557,100301.464056,-0.275027,-0.950165,1.0,Daily data excluded from curve outputs because these are intraday strategies.
12,Strategy0 / Baseline,taken_fixed,SPY,equities,5min,full,2026-02-20 16:00:00+00:00,100542.710557,100281.403763,-0.02,-0.969975,1.0,Daily data excluded from curve outputs because these are intraday strategies.
13,Strategy0 / Baseline,taken_fixed,SPY,equities,5min,full,2026-02-20 16:30:00+00:00,100073.994477,99792.725146,-0.487307,-1.452556,1.0,Daily data excluded from curve outputs because these are intraday strategies.
14,Strategy0 / Baseline,taken_fixed,SPY,equities,5min,full,2026-02-20 19:00:00+00:00,100073.994477,99772.766601,-0.02,-1.472265,1.0,Daily data excluded from curve outputs because these are intraday strategies.
15,Strategy0 / Baseline,taken_fixed,SPY,equities,5min,full,2026-02-23 14:30:00+00:00,100050.853696,99729.675895,-0.043189,-1.514818,1.0,Daily data excluded from curve outputs because these are intraday strategies.
16,Strategy0 / Baseline,taken_fixed,SPY,equities,5min,full,2026-02-23 15:00:00+00:00,100050.853696,99709.729959,-0.02,-1.534515,1.0,Daily data excluded from curve outputs because these are intraday strategies.
17,Strategy0 / Baseline,taken_fixed,SPY,equities,5min,full,2026-02-23 18:30:00+00:00,100510.64552,100149.487879,0.441038,-1.100245,1.0,Daily data excluded from curve outputs because these are intraday strategies.
18,Strategy0 / Baseline,taken_fixed,SPY,equities,5min,full,2026-02-23 19:00:00+00:00,100510.64552,100129.457982,-0.02,-1.120025,1.0,Daily data excluded from curve outputs because these are intraday strategies.
19,Strategy0 / Baseline,taken_fixed,SPY,equities,5min,full,2026-02-24 15:00:00+00:00,100252.173476,99851.01174,-0.278086,-1.394997,1.0,Daily data excluded from curve outputs because these are intraday strategies.
20,Strategy0 / Baseline,taken_fixed,SPY,equities,5min,full,2026-02-24 15:30:00+00:00,100252.173476,99831.041538,-0.02,-1.414718,1.0,Daily data excluded from curve outputs because these are intraday strategies.
21,Strategy0 / Baseline,taken_fixed,SPY,equities,5min,full,2026-02-24 16:00:00+00:00,100226.189402,99785.096453,-0.046023,-1.460089,1.0,Daily data excluded from curve outputs because these are intraday strategies.
22,Strategy0 / Baseline,taken_fixed,SPY,equities,5min,full,2026-02-24 17:30:00+00:00,100226.189402,99765.139433,-0.02,-1.479797,1.0,Daily data excluded from curve outputs because these are intraday strategies.
23,Strategy0 / Baseline,taken_fixed,SPY,equities,5min,full,2026-02-25 14:30:00+00:00,101213.014929,100731.814567,0.968951,-0.525185,1.0,Daily data excluded from curve outputs because these are intraday strategies.
24,Strategy0 / Baseline,taken_fixed,SPY,equities,5min,full,2026-02-26 14:30:00+00:00,101213.014929,100711.668204,-0.02,-0.54508,1.0,Daily data excluded from curve outputs because these are intraday strategies.
25,Strategy0 / Baseline,taken_fixed,SPY,equities,5min,full,2026-02-26 16:30:00+00:00,102301.220661,101779.513962,1.0603,0.0,1.0,Daily data excluded from curve outputs because these are intraday strategies.
26,Strategy0 / Baseline,taken_fixed,SPY,equities,5min,full,2026-02-26 17:00:00+00:00,102301.220661,101759.158059,-0.02,-0.02,1.0,Daily data excluded from curve outputs because these are intraday strategies.
27,Strategy0 / Baseline,taken_fixed,SPY,equities,5min,full,2026-02-26 19:00:00+00:00,101903.98231,101341.647324,-0.410293,-0.430211,1.0,Daily data excluded from curve outputs because these are intraday strategies.
28,Strategy0 / Baseline,taken_fixed,SPY,equities,5min,full,2026-03-03 15:00:00+00:00,101903.98231,101321.378994,-0.02,-0.450125,1.0,Daily data excluded from curve outputs because these are intraday strategies.
29,Strategy0 / Baseline,taken_fixed,SPY,equities,5min,full,2026-03-03 16:00:00+00:00,101518.090629,100915.300216,-0.400783,-0.849104,1.0,Daily data excluded from curve outputs because these are intraday strategies.
30,Strategy0 / Baseline,taken_fixed,SPY,equities,5min,full,2026-03-04 14:30:00+00:00,101518.090629,100895.117156,-0.02,-0.868934,1.0,Daily data excluded from curve outputs because these are intraday strategies.
31,Strategy0 / Baseline,taken_fixed,SPY,equities,5min,full,2026-03-04 15:00:00+00:00,101157.548482,100514.468093,-0.377272,-1.242928,1.0,Daily data excluded from curve outputs because these are intraday strategies.
32,Strategy0 / Baseline,taken_fixed,SPY,equities,5min,full,2026-03-04 15:30:00+00:00,101157.548482,100494.3652,-0.02,-1.262679,1.0,Daily data excluded from curve outputs because these are intraday strategies.
33,Strategy0 / Baseline,taken_fixed,SPY,equities,5min,full,2026-03-04 17:30:00+00:00,101181.013958,100497.72711,0.003345,-1.259376,1.0,Daily data excluded from curve outputs because these are intraday strategies.
34,Strategy0 / Baseline,taken_fixed,SPY,equities,5min,full,2026-03-04 18:30:00+00:00,101181.013958,100477.627564,-0.02,-1.279124,1.0,Daily data excluded from curve outputs because these are intraday strategies.
35,Strategy0 / Baseline,taken_fixed,SPY,equities,5min,full,2026-03-05 14:30:00+00:00,100531.032469,99807.680546,-0.666762,-1.937358,1.0,Daily data excluded from curve outputs because these are intraday strategies.
36,Strategy0 / Baseline,taken_fixed,SPY,equities,5min,full,2026-03-05 17:30:00+00:00,100531.032469,99787.71901,-0.02,-1.95697,1.0,Daily data excluded from curve outputs because these are intraday strategies.
37,Strategy0 / Baseline,taken_fixed,SPY,equities,5min,full,2026-03-05 20:00:00+00:00,100348.335488,99585.101024,-0.203049,-2.156046,1.0,Daily data excluded from curve outputs because these are intraday strategies.
38,Strategy0 / Baseline,taken_fixed,SPY,equities,5min,full,2026-03-09 19:30:00+00:00,100348.335488,99565.184004,-0.02,-2.175615,1.0,Daily data excluded from curve outputs because these are intraday strategies.
39,Strategy0 / Baseline,taken_fixed,SPY,equities,5min,full,2026-03-10 13:30:00+00:00,100104.726132,99301.710334,-0.264624,-2.434482,1.0,Daily data excluded from curve outputs because these are intraday strategies.
40,Strategy0 / Baseline,taken_fixed,SPY,equities,5min,full,2026-03-12 14:30:00+00:00,100104.726132,99281.849992,-0.02,-2.453995,1.0,Daily data excluded from curve outputs because these are intraday strategies.
41,Strategy0 / Baseline,taken_fixed,SPY,equities,5min,full,2026-03-12 15:00:00+00:00,100060.131218,99217.407627,-0.064909,-2.51731,1.0,Daily data excluded from curve outputs because these are intraday strategies.
42,Strategy0 / Baseline,taken_fixed,SPY,equities,5min,full,2026-03-12 15:30:00+00:00,100060.131218,99197.564145,-0.02,-2.536807,1.0,Daily data excluded from curve outputs because these are intraday strategies.
43,Strategy0 / Baseline,taken_fixed,SPY,equities,5min,full,2026-03-12 16:00:00+00:00,99421.452474,98539.173624,-0.663716,-3.183686,1.0,Daily data excluded from curve outputs because these are intraday strategies.
44,Strategy0 / Baseline,taken_fixed,SPY,equities,5min,full,2026-03-16 14:00:00+00:00,99421.452474,98519.46579,-0.02,-3.203049,1.0,Daily data excluded from curve outputs because these are intraday strategies.
45,Strategy0 / Baseline,taken_fixed,SPY,equities,5min,full,2026-03-16 14:30:00+00:00,99055.489196,98133.87181,-0.391389,-3.581902,1.0,Daily data excluded from curve outputs because these are intraday strategies.
46,Strategy0 / Baseline,taken_fixed,SPY,equities,5min,full,2026-03-17 13:30:00+00:00,99055.489196,98114.245036,-0.02,-3.601185,1.0,Daily data excluded from curve outputs because these are intraday strategies.
47,Strategy0 / Baseline,taken_fixed,SPY,equities,5min,full,2026-03-17 14:00:00+00:00,98982.643623,98021.791184,-0.094231,-3.692023,1.0,Daily data excluded from curve outputs because these are intraday strategies.
48,Strategy0 / Baseline,taken_fixed,SPY,equities,5min,full,2026-03-18 18:30:00+00:00,98982.643623,98002.186825,-0.02,-3.711284,1.0,Daily data excluded from curve outputs because these are intraday strategies.
49,Strategy0 / Baseline,taken_fixed,SPY,equities,5min,full,2026-03-19 13:30:00+00:00,101484.816624,100484.258954,2.53267,-1.272609,1.0,Daily data excluded from curve outputs because these are intraday strategies.
50,Strategy0 / Baseline,taken_fixed,SPY,equities,5min,full,2026-03-20 13:30:00+00:00,101484.816624,100464.162102,-0.02,-1.292354,1.0,Daily data excluded from curve outputs because these are intraday strategies.
51,Strategy0 / Baseline,taken_fixed,SPY,equities,5min,full,2026-03-20 16:00:00+00:00,101905.525688,100864.694193,0.398682,-0.898825,1.0,Daily data excluded from curve outputs because these are intraday strategies.
52,Strategy0 / Baseline,taken_fixed,SPY,equities,5min,full,2026-03-20 16:30:00+00:00,101905.525688,100844.521254,-0.02,-0.918645,1.0,Daily data excluded from curve outputs because these are intraday strategies.
53,Strategy0 / Baseline,taken_fixed,SPY,equities,5min,full,2026-03-20 17:00:00+00:00,101744.827659,100663.68646,-0.17932,-1.096318,1.0,Daily data excluded from curve outputs because these are intraday strategies.
54,Strategy0 / Baseline,taken_fixed,SPY,equities,5min,full,2026-03-20 17:30:00+00:00,101744.827659,100643.553723,-0.02,-1.116099,1.0,Daily data excluded from curve outputs because these are intraday strategies.
55,Strategy0 / Baseline,taken_fixed,SPY,equities,5min,full,2026-03-23 13:30:00+00:00,100113.487439,98992.411059,-1.640585,-2.738373,1.0,Daily data excluded from curve outputs because these are intraday strategies.
56,Strategy0 / Baseline,taken_fixed,SPY,equities,5min,full,2026-03-23 14:30:00+00:00,100113.487439,98972.612577,-0.02,-2.757825,1.0,Daily data excluded from curve outputs because these are intraday strategies.
57,Strategy0 / Baseline,taken_fixed,SPY,equities,5min,full,2026-03-23 16:00:00+00:00,98765.882291,97605.482428,-1.381322,-4.101053,1.0,Daily data excluded from curve outputs because these are intraday strategies.
58,Strategy0 / Baseline,taken_fixed,SPY,equities,5min,full,2026-03-25 13:30:00+00:00,98765.882291,97585.961332,-0.02,-4.120233,1.0,Daily data excluded from curve outputs because these are intraday strategies.
59,Strategy0 / Baseline,taken_fixed,SPY,equities,5min,full,2026-03-25 14:00:00+00:00,97973.344876,96774.065232,-0.83198,-4.917933,1.0,Daily data excluded from curve outputs because these are intraday strategies.
60,Strategy0 / Baseline,taken_fixed,SPY,equities,5min,full,2026-03-26 16:30:00+00:00,97973.344876,96754.710419,-0.02,-4.93695,1.0,Daily data excluded from curve outputs because these are intraday strategies.
61,Strategy0 / Baseline,taken_fixed,SPY,equities,5min,full,2026-03-27 15:00:00+00:00,100556.900435,99318.398325,2.649678,-2.418085,1.0,Daily data excluded from curve outputs because these are intraday strategies.
62,Strategy0 / Baseline,taken_fixed,SPY,equities,5min,full,2026-03-27 16:00:00+00:00,100556.900435,99298.534645,-0.02,-2.437602,1.0,Daily data excluded from curve outputs because these are intraday strategies.
63,Strategy0 / Baseline,taken_fixed,SPY,equities,5min,full,2026-03-30 13:30:00+00:00,100907.56087,99629.265241,0.333067,-2.112654,1.0,Daily data excluded from curve outputs because these are intraday strategies.
64,Strategy0 / Baseline,taken_fixed,SPY,equities,5min,full,2026-03-30 19:30:00+00:00,100907.56087,99609.339388,-0.02,-2.132231,1.0,Daily data excluded from curve outputs because these are intraday strategies.
65,Strategy0 / Baseline,taken_fixed,SPY,equities,5min,full,2026-03-31 13:30:00+00:00,97653.987663,96336.495027,-3.28568,-5.347853,1.0,Daily data excluded from curve outputs because these are intraday strategies.
66,Strategy0 / Baseline,taken_fixed,SPY,equities,5min,full,2026-03-31 14:00:00+00:00,97653.987663,96317.227728,-0.02,-5.366784,1.0,Daily data excluded from curve outputs because these are intraday strategies.
67,Strategy0 / Baseline,taken_fixed,SPY,equities,5min,full,2026-03-31 15:00:00+00:00,96931.275844,95575.397006,-0.770195,-6.095644,1.0,Daily data excluded from curve outputs because these are intraday strategies.
68,Strategy0 / Baseline,taken_fixed,SPY,equities,5min,full,2026-03-31 16:30:00+00:00,96931.275844,95556.281927,-0.02,-6.114425,1.0,Daily data excluded from curve outputs because these are intraday strategies.
69,Strategy0 / Baseline,taken_fixed,SPY,equities,5min,full,2026-04-01 14:00:00+00:00,100709.110629,99314.249889,3.932727,-2.422161,1.0,Daily data excluded from curve outputs because these are intraday strategies.
70,Strategy0 / Baseline,taken_fixed,SPY,equities,5min,full,2026-04-01 15:00:00+00:00,100709.110629,99294.387039,-0.02,-2.441677,1.0,Daily data excluded from curve outputs because these are intraday strategies.
71,Strategy0 / Baseline,taken_fixed,SPY,equities,5min,full,2026-04-01 18:00:00+00:00,100521.587301,99087.042338,-0.208818,-2.645396,1.0,Daily data excluded from curve outputs because these are intraday strategies.
72,Strategy0 / Baseline,taken_fixed,SPY,equities,5min,full,2026-04-06 13:30:00+00:00,100521.587301,99067.224929,-0.02,-2.664867,1.0,Daily data excluded from curve outputs because these are intraday strategies.
73,Strategy0 / Baseline,taken_fixed,SPY,equities,5min,full,2026-04-06 14:00:00+00:00,100241.283075,98767.16332,-0.302887,-2.959683,1.0,Daily data excluded from curve outputs because these are intraday strategies.
74,Strategy0 / Baseline,taken_fixed,SPY,equities,5min,full,2026-04-06 14:30:00+00:00,100241.283075,98747.409887,-0.02,-2.979091,1.0,Daily data excluded from curve outputs because these are intraday strategies.
75,Strategy0 / Baseline,taken_fixed,SPY,equities,5min,full,2026-04-06 15:00:00+00:00,99968.328359,98454.76028,-0.296362,-3.266624,1.0,Daily data excluded from curve outputs because these are intraday strategies.
76,Strategy0 / Baseline,taken_fixed,SPY,equities,5min,full,2026-04-07 14:00:00+00:00,99968.328359,98435.069328,-0.02,-3.28597,1.0,Daily data excluded from curve outputs because these are intraday strategies.
77,Strategy0 / Baseline,taken_fixed,SPY,equities,5min,full,2026-04-07 14:30:00+00:00,99626.403617,98073.525957,-0.367291,-3.641192,1.0,Daily data excluded from curve outputs because these are intraday strategies.
78,Strategy0 / Baseline,taken_fixed,SPY,equities,5min,full,2026-04-07 15:00:00+00:00,99626.403617,98053.911252,-0.02,-3.660464,1.0,Daily data excluded from curve outputs because these are intraday strategies.
79,Strategy0 / Baseline,taken_fixed,SPY,equities,5min,full,2026-04-07 16:00:00+00:00,98554.476463,96962.5877,-1.112983,-4.732707,1.0,Daily data excluded from curve outputs because these are intraday strategies.
80,Strategy0 / Baseline,taken_fixed,SPY,equities,5min,full,2026-04-09 16:00:00+00:00,98554.476463,96943.195183,-0.02,-4.751761,1.0,Daily data excluded from curve outputs because these are intraday strategies.
81,Strategy0 / Baseline,taken_fixed,SPY,equities,5min,full,2026-04-09 18:00:00+00:00,98300.709216,96670.090051,-0.281717,-5.020091,1.0,Daily data excluded from curve outputs because these are intraday strategies.
82,Strategy0 / Baseline,taken_fixed,SPY,equities,5min,full,2026-04-13 19:30:00+00:00,98300.709216,96650.756033,-0.02,-5.039087,1.0,Daily data excluded from curve outputs because these are intraday strategies.
83,Strategy0 / Baseline,taken_fixed,SPY,equities,5min,full,2026-04-14 13:30:00+00:00,99538.337629,97868.806768,1.26026,-3.842332,1.0,Daily data excluded from curve outputs because these are intraday strategies.
84,Strategy0 / Baseline,taken_fixed,SPY,equities,5min,full,2026-04-14 14:30:00+00:00,99538.337629,97849.233007,-0.02,-3.861564,1.0,Daily data excluded from curve outputs because these are intraday strategies.
85,Strategy0 / Baseline,taken_fixed,SPY,equities,5min,full,2026-04-15 13:30:00+00:00,100919.238692,99210.288043,1.390972,-2.524306,1.0,Daily data excluded from curve outputs because these are intraday strategies.
86,Strategy0 / Baseline,taken_fixed,SPY,equities,5min,full,2026-04-17 13:30:00+00:00,100919.238692,99190.445985,-0.02,-2.543801,1.0,Daily data excluded from curve outputs because these are intraday strategies.
87,Strategy0 / Baseline,taken_fixed,SPY,equities,5min,full,2026-04-17 17:30:00+00:00,101721.966206,99973.174865,0.789117,-1.774757,1.0,Daily data excluded from curve outputs because these are intraday strategies.
88,Strategy0 / Baseline,taken_fixed,SPY,equities,5min,full,2026-04-24 16:00:00+00:00,101721.966206,99953.18023,-0.02,-1.794402,1.0,Daily data excluded from curve outputs because these are intraday strategies.
89,Strategy0 / Baseline,taken_fixed,SPY,equities,5min,full,2026-04-24 17:30:00+00:00,101506.324109,99717.590625,-0.2357,-2.025873,1.0,Daily data excluded from curve outputs because these are intraday strategies.
90,Strategy0 / Baseline,taken_fixed,SPY,equities,5min,full,2026-04-24 18:00:00+00:00,101506.324109,99697.647107,-0.02,-2.045467,1.0,Daily data excluded from curve outputs because these are intraday strategies.
91,Strategy0 / Baseline,taken_fixed,SPY,equities,5min,full,2026-04-24 19:00:00+00:00,101546.845992,99718.221357,0.020637,-2.025253,1.0,Daily data excluded from curve outputs because these are intraday strategies.
92,Strategy0 / Baseline,taken_fixed,SPY,equities,5min,full,2026-04-28 15:30:00+00:00,101546.845992,99698.277712,-0.02,-2.044848,1.0,Daily data excluded from curve outputs because these are intraday strategies.
93,Strategy0 / Baseline,taken_fixed,SPY,equities,5min,full,2026-04-28 16:00:00+00:00,101414.818813,99546.337283,-0.1524,-2.194132,1.0,Daily data excluded from curve outputs because these are intraday strategies.
94,Strategy0 / Baseline,taken_fixed,SPY,equities,5min,full,2026-04-29 13:30:00+00:00,101414.818813,99526.428016,-0.02,-2.213693,1.0,Daily data excluded from curve outputs because these are intraday strategies.
95,Strategy0 / Baseline,taken_fixed,SPY,equities,5min,full,2026-04-29 14:00:00+00:00,101250.83434,99342.571054,-0.184732,-2.394335,1.0,Daily data excluded from curve outputs because these are intraday strategies.
96,Strategy0 / Baseline,taken_fixed,SPY,equities,5min,full,2026-04-30 18:00:00+00:00,101250.83434,99322.70254,-0.02,-2.413857,1.0,Daily data excluded from curve outputs because these are intraday strategies.
97,Strategy0 / Baseline,taken_fixed,SPY,equities,5min,full,2026-05-01 15:00:00+00:00,102510.04208,100561.793897,1.247541,-1.196429,1.0,Daily data excluded from curve outputs because these are intraday strategies.
98,Strategy0 / Baseline,taken_fixed,SPY,equities,5min,full,2026-05-01 15:30:00+00:00,102510.04208,100541.681539,-0.02,-1.21619,1.0,Daily data excluded from curve outputs because these are intraday strategies.
99,Strategy0 / Baseline,taken_fixed,SPY,equities,5min,full,2026-05-01 16:30:00+00:00,102168.078462,100179.677978,-0.360053,-1.571864,1.0,Daily data excluded from curve outputs because these are intraday strategies.
0,Strategy1 / Asymmetric Intervals,taken_fixed,SPY,equities,5min,full,2026-02-12 14:30:00+00:00,100000.0,99980.0,-0.02,0.0,1.0,Daily data excluded from curve outputs because these are intraday strategies.
1,Strategy1 / Asymmetric Intervals,taken_fixed,SPY,equities,5min,full,2026-02-12 14:35:00+00:00,99956.833036,99916.84567,-0.063167,-0.063167,1.0,Daily data excluded from curve outputs because these are intraday strategies.
2,Strategy1 / Asymmetric Intervals,taken_fixed,SPY,equities,5min,full,2026-02-12 16:00:00+00:00,99956.833036,99896.862301,-0.02,-0.083154,1.0,Daily data excluded from curve outputs because these are intraday strategies.
3,Strategy1 / Asymmetric Intervals,taken_fixed,SPY,equities,5min,full,2026-02-13 14:30:00+00:00,101971.784801,101891.431702,1.996629,0.0,1.0,Daily data excluded from curve outputs because these are intraday strategies.
4,Strategy1 / Asymmetric Intervals,taken_fixed,SPY,equities,5min,full,2026-02-17 15:00:00+00:00,101971.784801,101871.053416,-0.02,-0.02,1.0,Daily data excluded from curve outputs because these are intraday strategies.
5,Strategy1 / Asymmetric Intervals,taken_fixed,SPY,equities,5min,full,2026-02-17 15:15:00+00:00,101517.629092,101396.614328,-0.465725,-0.485632,1.0,Daily data excluded from curve outputs because these are intraday strategies.
6,Strategy1 / Asymmetric Intervals,taken_fixed,SPY,equities,5min,full,2026-02-17 15:30:00+00:00,101517.629092,101376.335005,-0.02,-0.505535,1.0,Daily data excluded from curve outputs because these are intraday strategies.
7,Strategy1 / Asymmetric Intervals,taken_fixed,SPY,equities,5min,full,2026-02-17 15:45:00+00:00,101043.804665,100882.330075,-0.487298,-0.990369,1.0,Daily data excluded from curve outputs because these are intraday strategies.
8,Strategy1 / Asymmetric Intervals,taken_fixed,SPY,equities,5min,full,2026-02-18 15:00:00+00:00,101043.804665,100862.153609,-0.02,-1.010171,1.0,Daily data excluded from curve outputs because these are intraday strategies.
9,Strategy1 / Asymmetric Intervals,taken_fixed,SPY,equities,5min,full,2026-02-18 16:50:00+00:00,101090.73807,100888.905198,0.026523,-0.983916,1.0,Daily data excluded from curve outputs because these are intraday strategies.
10,Strategy1 / Asymmetric Intervals,taken_fixed,SPY,equities,5min,full,2026-02-18 18:00:00+00:00,101090.73807,100868.727416,-0.02,-1.00372,1.0,Daily data excluded from curve outputs because these are intraday strategies.
11,Strategy1 / Asymmetric Intervals,taken_fixed,SPY,equities,5min,full,2026-02-18 18:20:00+00:00,100906.243003,100664.095502,-0.20287,-1.204553,1.0,Daily data excluded from curve outputs because these are intraday strategies.
12,Strategy1 / Asymmetric Intervals,taken_fixed,SPY,equities,5min,full,2026-02-20 15:00:00+00:00,100906.243003,100643.962683,-0.02,-1.224312,1.0,Daily data excluded from curve outputs because these are intraday strategies.
13,Strategy1 / Asymmetric Intervals,taken_fixed,SPY,equities,5min,full,2026-02-20 15:10:00+00:00,100464.913931,100182.593085,-0.458418,-1.677117,1.0,Daily data excluded from curve outputs because these are intraday strategies.
14,Strategy1 / Asymmetric Intervals,taken_fixed,SPY,equities,5min,full,2026-02-20 16:00:00+00:00,100464.913931,100162.556566,-0.02,-1.696782,1.0,Daily data excluded from curve outputs because these are intraday strategies.
15,Strategy1 / Asymmetric Intervals,taken_fixed,SPY,equities,5min,full,2026-02-20 16:15:00+00:00,100107.253299,99784.934955,-0.377009,-2.067393,1.0,Daily data excluded from curve outputs because these are intraday strategies.
16,Strategy1 / Asymmetric Intervals,taken_fixed,SPY,equities,5min,full,2026-02-20 19:00:00+00:00,100107.253299,99764.977968,-0.02,-2.08698,1.0,Daily data excluded from curve outputs because these are intraday strategies.
17,Strategy1 / Asymmetric Intervals,taken_fixed,SPY,equities,5min,full,2026-02-20 19:40:00+00:00,99693.418922,99331.273362,-0.434726,-2.512634,1.0,Daily data excluded from curve outputs because these are intraday strategies.
18,Strategy1 / Asymmetric Intervals,taken_fixed,SPY,equities,5min,full,2026-02-20 20:00:00+00:00,99693.418922,99311.407108,-0.02,-2.532131,1.0,Daily data excluded from curve outputs because these are intraday strategies.
19,Strategy1 / Asymmetric Intervals,taken_fixed,SPY,equities,5min,full,2026-02-23 14:30:00+00:00,99918.322618,99516.403541,0.206418,-2.33094,1.0,Daily data excluded from curve outputs because these are intraday strategies.
20,Strategy1 / Asymmetric Intervals,taken_fixed,SPY,equities,5min,full,2026-02-23 15:00:00+00:00,99918.322618,99496.50026,-0.02,-2.350474,1.0,Daily data excluded from curve outputs because these are intraday strategies.
21,Strategy1 / Asymmetric Intervals,taken_fixed,SPY,equities,5min,full,2026-02-23 18:20:00+00:00,100365.522274,99923.711177,0.429373,-1.931193,1.0,Daily data excluded from curve outputs because these are intraday strategies.
22,Strategy1 / Asymmetric Intervals,taken_fixed,SPY,equities,5min,full,2026-02-23 19:00:00+00:00,100365.522274,99903.726435,-0.02,-1.950807,1.0,Daily data excluded from curve outputs because these are intraday strategies.
23,Strategy1 / Asymmetric Intervals,taken_fixed,SPY,equities,5min,full,2026-02-24 14:35:00+00:00,100228.081455,99746.332359,-0.157546,-2.105279,1.0,Daily data excluded from curve outputs because these are intraday strategies.
24,Strategy1 / Asymmetric Intervals,taken_fixed,SPY,equities,5min,full,2026-02-24 15:30:00+00:00,100228.081455,99726.383092,-0.02,-2.124858,1.0,Daily data excluded from curve outputs because these are intraday strategies.
25,Strategy1 / Asymmetric Intervals,taken_fixed,SPY,equities,5min,full,2026-02-24 15:50:00+00:00,100075.463084,99553.849968,-0.173006,-2.294189,1.0,Daily data excluded from curve outputs because these are intraday strategies.
26,Strategy1 / Asymmetric Intervals,taken_fixed,SPY,equities,5min,full,2026-02-24 17:30:00+00:00,100075.463084,99533.939198,-0.02,-2.31373,1.0,Daily data excluded from curve outputs because these are intraday strategies.
27,Strategy1 / Asymmetric Intervals,taken_fixed,SPY,equities,5min,full,2026-02-25 14:30:00+00:00,101060.001696,100498.374115,0.968951,-1.367198,1.0,Daily data excluded from curve outputs because these are intraday strategies.
28,Strategy1 / Asymmetric Intervals,taken_fixed,SPY,equities,5min,full,2026-02-26 14:30:00+00:00,101060.001696,100478.27444,-0.02,-1.386925,1.0,Daily data excluded from curve outputs because these are intraday strategies.
29,Strategy1 / Asymmetric Intervals,taken_fixed,SPY,equities,5min,full,2026-02-26 14:35:00+00:00,101084.239824,100482.412065,0.004118,-1.382864,1.0,Daily data excluded from curve outputs because these are intraday strategies.
30,Strategy1 / Asymmetric Intervals,taken_fixed,SPY,equities,5min,full,2026-02-26 15:00:00+00:00,101084.239824,100462.315583,-0.02,-1.402587,1.0,Daily data excluded from curve outputs because these are intraday strategies.
31,Strategy1 / Asymmetric Intervals,taken_fixed,SPY,equities,5min,full,2026-02-26 16:10:00+00:00,101593.640825,100951.522241,0.486955,-0.922462,1.0,Daily data excluded from curve outputs because these are intraday strategies.
32,Strategy1 / Asymmetric Intervals,taken_fixed,SPY,equities,5min,full,2026-02-26 16:30:00+00:00,101593.640825,100931.331936,-0.02,-0.942277,1.0,Daily data excluded from curve outputs because these are intraday strategies.
33,Strategy1 / Asymmetric Intervals,taken_fixed,SPY,equities,5min,full,2026-02-26 19:00:00+00:00,101781.282518,101098.749834,0.165873,-0.777967,1.0,Daily data excluded from curve outputs because these are intraday strategies.
34,Strategy1 / Asymmetric Intervals,taken_fixed,SPY,equities,5min,full,2026-03-03 15:00:00+00:00,101781.282518,101078.530084,-0.02,-0.797812,1.0,Daily data excluded from curve outputs because these are intraday strategies.
35,Strategy1 / Asymmetric Intervals,taken_fixed,SPY,equities,5min,full,2026-03-03 15:55:00+00:00,101841.43587,101118.455699,0.0395,-0.758627,1.0,Daily data excluded from curve outputs because these are intraday strategies.
36,Strategy1 / Asymmetric Intervals,taken_fixed,SPY,equities,5min,full,2026-03-04 14:30:00+00:00,101841.43587,101098.232008,-0.02,-0.778475,1.0,Daily data excluded from curve outputs because these are intraday strategies.
37,Strategy1 / Asymmetric Intervals,taken_fixed,SPY,equities,5min,full,2026-03-04 14:35:00+00:00,101305.444199,100542.12789,-0.550063,-1.324256,1.0,Daily data excluded from curve outputs because these are intraday strategies.
38,Strategy1 / Asymmetric Intervals,taken_fixed,SPY,equities,5min,full,2026-03-04 15:30:00+00:00,101305.444199,100522.019464,-0.02,-1.343992,1.0,Daily data excluded from curve outputs because these are intraday strategies.
39,Strategy1 / Asymmetric Intervals,taken_fixed,SPY,equities,5min,full,2026-03-04 15:35:00+00:00,101085.44182,100281.956682,-0.238816,-1.579598,1.0,Daily data excluded from curve outputs because these are intraday strategies.
40,Strategy1 / Asymmetric Intervals,taken_fixed,SPY,equities,5min,full,2026-03-04 16:00:00+00:00,101085.44182,100261.900291,-0.02,-1.599282,1.0,Daily data excluded from curve outputs because these are intraday strategies.
41,Strategy1 / Asymmetric Intervals,taken_fixed,SPY,equities,5min,full,2026-03-04 16:10:00+00:00,100588.687167,99745.192608,-0.515358,-2.106398,1.0,Daily data excluded from curve outputs because these are intraday strategies.
42,Strategy1 / Asymmetric Intervals,taken_fixed,SPY,equities,5min,full,2026-03-04 16:30:00+00:00,100588.687167,99725.243569,-0.02,-2.125977,1.0,Daily data excluded from curve outputs because these are intraday strategies.
43,Strategy1 / Asymmetric Intervals,taken_fixed,SPY,equities,5min,full,2026-03-04 16:35:00+00:00,100460.671328,99577.308285,-0.148343,-2.271166,1.0,Daily data excluded from curve outputs because these are intraday strategies.
44,Strategy1 / Asymmetric Intervals,taken_fixed,SPY,equities,5min,full,2026-03-04 17:00:00+00:00,100460.671328,99557.392824,-0.02,-2.290712,1.0,Daily data excluded from curve outputs because these are intraday strategies.
45,Strategy1 / Asymmetric Intervals,taken_fixed,SPY,equities,5min,full,2026-03-04 17:25:00+00:00,100186.48635,99263.351203,-0.295349,-2.579295,1.0,Daily data excluded from curve outputs because these are intraday strategies.
46,Strategy1 / Asymmetric Intervals,taken_fixed,SPY,equities,5min,full,2026-03-04 18:30:00+00:00,100186.48635,99243.498533,-0.02,-2.598779,1.0,Daily data excluded from curve outputs because these are intraday strategies.
47,Strategy1 / Asymmetric Intervals,taken_fixed,SPY,equities,5min,full,2026-03-04 20:20:00+00:00,100012.978144,99050.17633,-0.194796,-2.788513,1.0,Daily data excluded from curve outputs because these are intraday strategies.
48,Strategy1 / Asymmetric Intervals,taken_fixed,SPY,equities,5min,full,2026-03-04 20:30:00+00:00,100012.978144,99030.366295,-0.02,-2.807955,1.0,Daily data excluded from curve outputs because these are intraday strategies.
49,Strategy1 / Asymmetric Intervals,taken_fixed,SPY,equities,5min,full,2026-03-04 20:50:00+00:00,100010.105722,99007.688373,-0.0229,-2.830212,1.0,Daily data excluded from curve outputs because these are intraday strategies.
50,Strategy1 / Asymmetric Intervals,taken_fixed,SPY,equities,5min,full,2026-03-05 17:30:00+00:00,100010.105722,98987.886836,-0.02,-2.849646,1.0,Daily data excluded from curve outputs because these are intraday strategies.
51,Strategy1 / Asymmetric Intervals,taken_fixed,SPY,equities,5min,full,2026-03-05 17:35:00+00:00,99814.280317,98772.303019,-0.217788,-3.061228,1.0,Daily data excluded from curve outputs because these are intraday strategies.
52,Strategy1 / Asymmetric Intervals,taken_fixed,SPY,equities,5min,full,2026-03-05 18:00:00+00:00,99814.280317,98752.548558,-0.02,-3.080615,1.0,Daily data excluded from curve outputs because these are intraday strategies.
53,Strategy1 / Asymmetric Intervals,taken_fixed,SPY,equities,5min,full,2026-03-05 18:05:00+00:00,99610.106694,98528.66526,-0.226711,-3.300343,1.0,Daily data excluded from curve outputs because these are intraday strategies.
54,Strategy1 / Asymmetric Intervals,taken_fixed,SPY,equities,5min,full,2026-03-05 18:30:00+00:00,99610.106694,98508.959526,-0.02,-3.319683,1.0,Daily data excluded from curve outputs because these are intraday strategies.
55,Strategy1 / Asymmetric Intervals,taken_fixed,SPY,equities,5min,full,2026-03-05 18:40:00+00:00,99196.448222,98075.681994,-0.439836,-3.744917,1.0,Daily data excluded from curve outputs because these are intraday strategies.
56,Strategy1 / Asymmetric Intervals,taken_fixed,SPY,equities,5min,full,2026-03-05 19:00:00+00:00,99196.448222,98056.066858,-0.02,-3.764168,1.0,Daily data excluded from curve outputs because these are intraday strategies.
57,Strategy1 / Asymmetric Intervals,taken_fixed,SPY,equities,5min,full,2026-03-05 20:00:00+00:00,98845.784076,97685.861632,-0.377544,-4.127501,1.0,Daily data excluded from curve outputs because these are intraday strategies.
58,Strategy1 / Asymmetric Intervals,taken_fixed,SPY,equities,5min,full,2026-03-09 19:30:00+00:00,98845.784076,97666.324459,-0.02,-4.146676,1.0,Daily data excluded from curve outputs because these are intraday strategies.
59,Strategy1 / Asymmetric Intervals,taken_fixed,SPY,equities,5min,full,2026-03-10 13:30:00+00:00,98606.820722,97407.875633,-0.264624,-4.400327,1.0,Daily data excluded from curve outputs because these are intraday strategies.
60,Strategy1 / Asymmetric Intervals,taken_fixed,SPY,equities,5min,full,2026-03-12 14:30:00+00:00,98606.820722,97388.394058,-0.02,-4.419447,1.0,Daily data excluded from curve outputs because these are intraday strategies.
61,Strategy1 / Asymmetric Intervals,taken_fixed,SPY,equities,5min,full,2026-03-12 14:40:00+00:00,98328.354912,97090.506262,-0.305876,-4.711805,1.0,Daily data excluded from curve outputs because these are intraday strategies.
62,Strategy1 / Asymmetric Intervals,taken_fixed,SPY,equities,5min,full,2026-03-12 15:30:00+00:00,98328.354912,97071.088161,-0.02,-4.730863,1.0,Daily data excluded from curve outputs because these are intraday strategies.
63,Strategy1 / Asymmetric Intervals,taken_fixed,SPY,equities,5min,full,2026-03-12 15:35:00+00:00,97723.71771,96447.157669,-0.642756,-5.343211,1.0,Daily data excluded from curve outputs because these are intraday strategies.
64,Strategy1 / Asymmetric Intervals,taken_fixed,SPY,equities,5min,full,2026-03-16 14:00:00+00:00,97723.71771,96427.868238,-0.02,-5.362142,1.0,Daily data excluded from curve outputs because these are intraday strategies.
65,Strategy1 / Asymmetric Intervals,taken_fixed,SPY,equities,5min,full,2026-03-16 14:25:00+00:00,97709.335874,96394.203704,-0.034912,-5.395182,1.0,Daily data excluded from curve outputs because these are intraday strategies.
66,Strategy1 / Asymmetric Intervals,taken_fixed,SPY,equities,5min,full,2026-03-17 13:30:00+00:00,97709.335874,96374.924863,-0.02,-5.414103,1.0,Daily data excluded from curve outputs because these are intraday strategies.
67,Strategy1 / Asymmetric Intervals,taken_fixed,SPY,equities,5min,full,2026-03-17 13:40:00+00:00,97729.373147,96375.683144,0.000787,-5.413359,1.0,Daily data excluded from curve outputs because these are intraday strategies.
68,Strategy1 / Asymmetric Intervals,taken_fixed,SPY,equities,5min,full,2026-03-18 18:30:00+00:00,97729.373147,96356.408007,-0.02,-5.432276,1.0,Daily data excluded from curve outputs because these are intraday strategies.
69,Strategy1 / Asymmetric Intervals,taken_fixed,SPY,equities,5min,full,2026-03-18 18:35:00+00:00,97700.368333,96308.137713,-0.050096,-5.47965,1.0,Daily data excluded from curve outputs because these are intraday strategies.
70,Strategy1 / Asymmetric Intervals,taken_fixed,SPY,equities,5min,full,2026-03-18 19:00:00+00:00,97700.368333,96288.876085,-0.02,-5.498554,1.0,Daily data excluded from curve outputs because these are intraday strategies.
71,Strategy1 / Asymmetric Intervals,taken_fixed,SPY,equities,5min,full,2026-03-19 13:30:00+00:00,100092.991035,98661.762487,2.464341,-3.169716,1.0,Daily data excluded from curve outputs because these are intraday strategies.
72,Strategy1 / Asymmetric Intervals,taken_fixed,SPY,equities,5min,full,2026-03-20 13:30:00+00:00,100092.991035,98642.030135,-0.02,-3.189082,1.0,Daily data excluded from curve outputs because these are intraday strategies.
73,Strategy1 / Asymmetric Intervals,taken_fixed,SPY,equities,5min,full,2026-03-20 13:40:00+00:00,99731.620781,98261.003748,-0.386272,-3.563036,1.0,Daily data excluded from curve outputs because these are intraday strategies.
74,Strategy1 / Asymmetric Intervals,taken_fixed,SPY,equities,5min,full,2026-03-20 14:00:00+00:00,99731.620781,98241.351548,-0.02,-3.582323,1.0,Daily data excluded from curve outputs because these are intraday strategies.
75,Strategy1 / Asymmetric Intervals,taken_fixed,SPY,equities,5min,full,2026-03-20 16:00:00+00:00,99551.595028,98041.71353,-0.203212,-3.778255,1.0,Daily data excluded from curve outputs because these are intraday strategies.
76,Strategy1 / Asymmetric Intervals,taken_fixed,SPY,equities,5min,full,2026-03-20 16:30:00+00:00,99551.595028,98022.105187,-0.02,-3.797499,1.0,Daily data excluded from curve outputs because these are intraday strategies.
77,Strategy1 / Asymmetric Intervals,taken_fixed,SPY,equities,5min,full,2026-03-20 17:00:00+00:00,99395.394583,97846.331561,-0.17932,-3.97001,1.0,Daily data excluded from curve outputs because these are intraday strategies.
78,Strategy1 / Asymmetric Intervals,taken_fixed,SPY,equities,5min,full,2026-03-20 17:30:00+00:00,99395.394583,97826.762294,-0.02,-3.989216,1.0,Daily data excluded from curve outputs because these are intraday strategies.
79,Strategy1 / Asymmetric Intervals,taken_fixed,SPY,equities,5min,full,2026-03-23 13:30:00+00:00,97809.711982,96221.831478,-1.640585,-5.564354,1.0,Daily data excluded from curve outputs because these are intraday strategies.
80,Strategy1 / Asymmetric Intervals,taken_fixed,SPY,equities,5min,full,2026-03-23 14:30:00+00:00,97809.711982,96202.587112,-0.02,-5.583241,1.0,Daily data excluded from curve outputs because these are intraday strategies.
81,Strategy1 / Asymmetric Intervals,taken_fixed,SPY,equities,5min,full,2026-03-23 15:35:00+00:00,97311.965667,95685.699828,-0.53729,-6.090534,1.0,Daily data excluded from curve outputs because these are intraday strategies.
82,Strategy1 / Asymmetric Intervals,taken_fixed,SPY,equities,5min,full,2026-03-25 13:30:00+00:00,97311.965667,95666.562688,-0.02,-6.109315,1.0,Daily data excluded from curve outputs because these are intraday strategies.
83,Strategy1 / Asymmetric Intervals,taken_fixed,SPY,equities,5min,full,2026-03-25 13:40:00+00:00,97085.744216,95421.253169,-0.256421,-6.350071,1.0,Daily data excluded from curve outputs because these are intraday strategies.
84,Strategy1 / Asymmetric Intervals,taken_fixed,SPY,equities,5min,full,2026-03-26 16:30:00+00:00,97085.744216,95402.168918,-0.02,-6.368801,1.0,Daily data excluded from curve outputs because these are intraday strategies.
85,Strategy1 / Asymmetric Intervals,taken_fixed,SPY,equities,5min,full,2026-03-27 13:40:00+00:00,99533.277068,97830.131831,2.544977,-3.985909,1.0,Daily data excluded from curve outputs because these are intraday strategies.
86,Strategy1 / Asymmetric Intervals,taken_fixed,SPY,equities,5min,full,2026-03-27 14:00:00+00:00,99533.277068,97810.565804,-0.02,-4.005112,1.0,Daily data excluded from curve outputs because these are intraday strategies.
87,Strategy1 / Asymmetric Intervals,taken_fixed,SPY,equities,5min,full,2026-03-27 14:15:00+00:00,99209.02192,97466.813393,-0.351447,-4.342483,1.0,Daily data excluded from curve outputs because these are intraday strategies.
88,Strategy1 / Asymmetric Intervals,taken_fixed,SPY,equities,5min,full,2026-03-27 14:30:00+00:00,99209.02192,97447.320031,-0.02,-4.361615,1.0,Daily data excluded from curve outputs because these are intraday strategies.
89,Strategy1 / Asymmetric Intervals,taken_fixed,SPY,equities,5min,full,2026-03-27 15:00:00+00:00,98867.744475,97086.621378,-0.370147,-4.715618,1.0,Daily data excluded from curve outputs because these are intraday strategies.
90,Strategy1 / Asymmetric Intervals,taken_fixed,SPY,equities,5min,full,2026-03-27 16:00:00+00:00,98867.744475,97067.204053,-0.02,-4.734675,1.0,Daily data excluded from curve outputs because these are intraday strategies.
91,Strategy1 / Asymmetric Intervals,taken_fixed,SPY,equities,5min,full,2026-03-30 13:30:00+00:00,99210.525243,97390.502824,0.333067,-4.417377,1.0,Daily data excluded from curve outputs because these are intraday strategies.
92,Strategy1 / Asymmetric Intervals,taken_fixed,SPY,equities,5min,full,2026-03-30 19:30:00+00:00,99210.525243,97371.024724,-0.02,-4.436494,1.0,Daily data excluded from curve outputs because these are intraday strategies.
93,Strategy1 / Asymmetric Intervals,taken_fixed,SPY,equities,5min,full,2026-03-30 19:40:00+00:00,98812.974526,96954.079312,-0.428203,-4.845699,1.0,Daily data excluded from curve outputs because these are intraday strategies.
94,Strategy1 / Asymmetric Intervals,taken_fixed,SPY,equities,5min,full,2026-03-31 14:00:00+00:00,98812.974526,96934.688496,-0.02,-4.86473,1.0,Daily data excluded from curve outputs because these are intraday strategies.
95,Strategy1 / Asymmetric Intervals,taken_fixed,SPY,equities,5min,full,2026-03-31 14:40:00+00:00,98170.620993,96273.076496,-0.682534,-5.514061,1.0,Daily data excluded from curve outputs because these are intraday strategies.
96,Strategy1 / Asymmetric Intervals,taken_fixed,SPY,equities,5min,full,2026-03-31 16:30:00+00:00,98170.620993,96253.821881,-0.02,-5.532958,1.0,Daily data excluded from curve outputs because these are intraday strategies.
97,Strategy1 / Asymmetric Intervals,taken_fixed,SPY,equities,5min,full,2026-04-01 13:40:00+00:00,101772.102164,99835.331991,3.720902,-2.017932,1.0,Daily data excluded from curve outputs because these are intraday strategies.
98,Strategy1 / Asymmetric Intervals,taken_fixed,SPY,equities,5min,full,2026-04-01 15:00:00+00:00,101772.102164,99815.364925,-0.02,-2.037528,1.0,Daily data excluded from curve outputs because these are intraday strategies.
99,Strategy1 / Asymmetric Intervals,taken_fixed,SPY,equities,5min,full,2026-04-01 17:55:00+00:00,101835.940012,99859.226932,0.043943,-1.994481,1.0,Daily data excluded from curve outputs because these are intraday strategies.
100,Strategy1 / Asymmetric Intervals,taken_fixed,SPY,equities,5min,full,2026-04-06 13:30:00+00:00,101835.940012,99839.255087,-0.02,-2.014082,1.0,Daily data excluded from curve outputs because these are intraday strategies.
101,Strategy1 / Asymmetric Intervals,taken_fixed,SPY,equities,5min,full,2026-04-06 13:35:00+00:00,101600.597706,99583.991998,-0.255674,-2.264606,1.0,Daily data excluded from curve outputs because these are intraday strategies.
102,Strategy1 / Asymmetric Intervals,taken_fixed,SPY,equities,5min,full,2026-04-06 14:30:00+00:00,101600.597706,99564.0752,-0.02,-2.284153,1.0,Daily data excluded from curve outputs because these are intraday strategies.
103,Strategy1 / Asymmetric Intervals,taken_fixed,SPY,equities,5min,full,2026-04-06 14:35:00+00:00,101192.320251,99135.966585,-0.429983,-2.704315,1.0,Daily data excluded from curve outputs because these are intraday strategies.
104,Strategy1 / Asymmetric Intervals,taken_fixed,SPY,equities,5min,full,2026-04-07 14:00:00+00:00,101192.320251,99116.139392,-0.02,-2.723774,1.0,Daily data excluded from curve outputs because these are intraday strategies.
105,Strategy1 / Asymmetric Intervals,taken_fixed,SPY,equities,5min,full,2026-04-07 14:20:00+00:00,100890.501369,98794.557646,-0.324449,-3.039386,1.0,Daily data excluded from curve outputs because these are intraday strategies.
106,Strategy1 / Asymmetric Intervals,taken_fixed,SPY,equities,5min,full,2026-04-07 15:00:00+00:00,100890.501369,98774.798735,-0.02,-3.058778,1.0,Daily data excluded from curve outputs because these are intraday strategies.
107,Strategy1 / Asymmetric Intervals,taken_fixed,SPY,equities,5min,full,2026-04-07 16:00:00+00:00,99810.693459,97675.451827,-1.112983,-4.137718,1.0,Daily data excluded from curve outputs because these are intraday strategies.
108,Strategy1 / Asymmetric Intervals,taken_fixed,SPY,equities,5min,full,2026-04-09 16:00:00+00:00,99810.693459,97655.916736,-0.02,-4.15689,1.0,Daily data excluded from curve outputs because these are intraday strategies.
109,Strategy1 / Asymmetric Intervals,taken_fixed,SPY,equities,5min,full,2026-04-09 16:45:00+00:00,99569.172757,97394.913155,-0.267269,-4.413049,1.0,Daily data excluded from curve outputs because these are intraday strategies.
110,Strategy1 / Asymmetric Intervals,taken_fixed,SPY,equities,5min,full,2026-04-09 17:00:00+00:00,99569.172757,97375.434172,-0.02,-4.432166,1.0,Daily data excluded from curve outputs because these are intraday strategies.
111,Strategy1 / Asymmetric Intervals,taken_fixed,SPY,equities,5min,full,2026-04-09 18:00:00+00:00,99274.234809,97061.080125,-0.322827,-4.740685,1.0,Daily data excluded from curve outputs because these are intraday strategies.
112,Strategy1 / Asymmetric Intervals,taken_fixed,SPY,equities,5min,full,2026-04-13 19:30:00+00:00,99274.234809,97041.667909,-0.02,-4.759737,1.0,Daily data excluded from curve outputs because these are intraday strategies.
113,Strategy1 / Asymmetric Intervals,taken_fixed,SPY,equities,5min,full,2026-04-13 19:45:00+00:00,99265.732631,97013.759097,-0.02876,-4.787127,1.0,Daily data excluded from curve outputs because these are intraday strategies.
114,Strategy1 / Asymmetric Intervals,taken_fixed,SPY,equities,5min,full,2026-04-14 14:30:00+00:00,99265.732631,96994.356345,-0.02,-4.80617,1.0,Daily data excluded from curve outputs because these are intraday strategies.
115,Strategy1 / Asymmetric Intervals,taken_fixed,SPY,equities,5min,full,2026-04-15 13:30:00+00:00,100634.569214,98343.52029,1.390972,-3.482051,1.0,Daily data excluded from curve outputs because these are intraday strategies.
116,Strategy1 / Asymmetric Intervals,taken_fixed,SPY,equities,5min,full,2026-04-17 13:30:00+00:00,100634.569214,98323.851586,-0.02,-3.501354,1.0,Daily data excluded from curve outputs because these are intraday strategies.
117,Strategy1 / Asymmetric Intervals,taken_fixed,SPY,equities,5min,full,2026-04-17 13:35:00+00:00,100665.365583,98334.977026,0.011315,-3.490435,1.0,Daily data excluded from curve outputs because these are intraday strategies.
118,Strategy1 / Asymmetric Intervals,taken_fixed,SPY,equities,5min,full,2026-04-17 14:00:00+00:00,100665.365583,98315.31003,-0.02,-3.509737,1.0,Daily data excluded from curve outputs because these are intraday strategies.
119,Strategy1 / Asymmetric Intervals,taken_fixed,SPY,equities,5min,full,2026-04-17 17:20:00+00:00,100858.154976,98488.397803,0.176054,-3.339863,1.0,Daily data excluded from curve outputs because these are intraday strategies.
120,Strategy1 / Asymmetric Intervals,taken_fixed,SPY,equities,5min,full,2026-04-24 16:00:00+00:00,100858.154976,98468.700123,-0.02,-3.359195,1.0,Daily data excluded from curve outputs because these are intraday strategies.
121,Strategy1 / Asymmetric Intervals,taken_fixed,SPY,equities,5min,full,2026-04-24 16:15:00+00:00,100703.675001,98294.557304,-0.176851,-3.530105,1.0,Daily data excluded from curve outputs because these are intraday strategies.
122,Strategy1 / Asymmetric Intervals,taken_fixed,SPY,equities,5min,full,2026-04-24 16:30:00+00:00,100703.675001,98274.898393,-0.02,-3.549399,1.0,Daily data excluded from curve outputs because these are intraday strategies.
123,Strategy1 / Asymmetric Intervals,taken_fixed,SPY,equities,5min,full,2026-04-24 16:40:00+00:00,100539.807066,98091.408252,-0.186711,-3.729483,1.0,Daily data excluded from curve outputs because these are intraday strategies.
124,Strategy1 / Asymmetric Intervals,taken_fixed,SPY,equities,5min,full,2026-04-24 17:00:00+00:00,100539.807066,98071.78997,-0.02,-3.748737,1.0,Daily data excluded from curve outputs because these are intraday strategies.
125,Strategy1 / Asymmetric Intervals,taken_fixed,SPY,equities,5min,full,2026-04-24 17:05:00+00:00,100476.574964,97988.956157,-0.084462,-3.830033,1.0,Daily data excluded from curve outputs because these are intraday strategies.
126,Strategy1 / Asymmetric Intervals,taken_fixed,SPY,equities,5min,full,2026-04-24 18:00:00+00:00,100476.574964,97969.358366,-0.02,-3.849267,1.0,Daily data excluded from curve outputs because these are intraday strategies.
127,Strategy1 / Asymmetric Intervals,taken_fixed,SPY,equities,5min,full,2026-04-24 18:15:00+00:00,100376.356043,97849.565617,-0.122276,-3.966836,1.0,Daily data excluded from curve outputs because these are intraday strategies.
128,Strategy1 / Asymmetric Intervals,taken_fixed,SPY,equities,5min,full,2026-04-24 18:30:00+00:00,100376.356043,97829.995704,-0.02,-3.986043,1.0,Daily data excluded from curve outputs because these are intraday strategies.
129,Strategy1 / Asymmetric Intervals,taken_fixed,SPY,equities,5min,full,2026-04-24 18:40:00+00:00,100354.427584,97788.505631,-0.04241,-4.026763,1.0,Daily data excluded from curve outputs because these are intraday strategies.
130,Strategy1 / Asymmetric Intervals,taken_fixed,SPY,equities,5min,full,2026-04-28 15:30:00+00:00,100354.427584,97768.94793,-0.02,-4.045957,1.0,Daily data excluded from curve outputs because these are intraday strategies.
131,Strategy1 / Asymmetric Intervals,taken_fixed,SPY,equities,5min,full,2026-04-28 15:35:00+00:00,100299.319063,97694.296641,-0.076355,-4.119223,1.0,Daily data excluded from curve outputs because these are intraday strategies.
132,Strategy1 / Asymmetric Intervals,taken_fixed,SPY,equities,5min,full,2026-04-29 13:30:00+00:00,100299.319063,97674.757782,-0.02,-4.138399,1.0,Daily data excluded from curve outputs because these are intraday strategies.
133,Strategy1 / Asymmetric Intervals,taken_fixed,SPY,equities,5min,full,2026-04-29 13:35:00+00:00,100183.786052,97539.712926,-0.13826,-4.270937,1.0,Daily data excluded from curve outputs because these are intraday strategies.
134,Strategy1 / Asymmetric Intervals,taken_fixed,SPY,equities,5min,full,2026-04-30 18:00:00+00:00,100183.786052,97520.204983,-0.02,-4.290083,1.0,Daily data excluded from curve outputs because these are intraday strategies.
135,Strategy1 / Asymmetric Intervals,taken_fixed,SPY,equities,5min,full,2026-05-01 14:35:00+00:00,101561.428731,98878.068093,1.392392,-2.957426,1.0,Daily data excluded from curve outputs because these are intraday strategies.
136,Strategy1 / Asymmetric Intervals,taken_fixed,SPY,equities,5min,full,2026-05-01 15:30:00+00:00,101561.428731,98858.292479,-0.02,-2.976834,1.0,Daily data excluded from curve outputs because these are intraday strategies.
137,Strategy1 / Asymmetric Intervals,taken_fixed,SPY,equities,5min,full,2026-05-01 16:05:00+00:00,101364.594654,98641.726111,-0.219067,-3.189381,1.0,Daily data excluded from curve outputs because these are intraday strategies.
0,Strategy2 / EMA Filter,taken_fixed,SPY,equities,5min,full,2026-02-12 14:30:00+00:00,100000.0,99980.0,-0.02,0.0,1.0,Daily data excluded from curve outputs because these are intraday strategies.
1,Strategy2 / EMA Filter,taken_fixed,SPY,equities,5min,full,2026-02-12 15:00:00+00:00,99341.080361,99301.216145,-0.67892,-0.67892,1.0,Daily data excluded from curve outputs because these are intraday strategies.
2,Strategy2 / EMA Filter,taken_fixed,SPY,equities,5min,full,2026-02-12 16:00:00+00:00,99341.080361,99281.355902,-0.02,-0.698784,1.0,Daily data excluded from curve outputs because these are intraday strategies.
3,Strategy2 / EMA Filter,taken_fixed,SPY,equities,5min,full,2026-02-13 14:30:00+00:00,101343.617164,101263.635926,1.996629,0.0,1.0,Daily data excluded from curve outputs because these are intraday strategies.
4,Strategy2 / EMA Filter,taken_fixed,SPY,equities,5min,full,2026-02-17 15:00:00+00:00,101343.617164,101243.383199,-0.02,-0.02,1.0,Daily data excluded from curve outputs because these are intraday strategies.
5,Strategy2 / EMA Filter,taken_fixed,SPY,equities,5min,full,2026-02-17 16:00:00+00:00,100928.08982,100807.690284,-0.430342,-0.450256,1.0,Daily data excluded from curve outputs because these are intraday strategies.
6,Strategy2 / EMA Filter,taken_fixed,SPY,equities,5min,full,2026-02-18 15:00:00+00:00,100928.08982,100787.528746,-0.02,-0.470166,1.0,Daily data excluded from curve outputs because these are intraday strategies.
7,Strategy2 / EMA Filter,taken_fixed,SPY,equities,5min,full,2026-02-18 17:00:00+00:00,101095.196566,100934.444564,0.145768,-0.325083,1.0,Daily data excluded from curve outputs because these are intraday strategies.
8,Strategy2 / EMA Filter,taken_fixed,SPY,equities,5min,full,2026-02-18 18:00:00+00:00,101095.196566,100914.257675,-0.02,-0.345018,1.0,Daily data excluded from curve outputs because these are intraday strategies.
9,Strategy2 / EMA Filter,taken_fixed,SPY,equities,5min,full,2026-02-18 18:30:00+00:00,100799.263106,100598.200551,-0.313194,-0.657132,1.0,Daily data excluded from curve outputs because these are intraday strategies.
10,Strategy2 / EMA Filter,taken_fixed,SPY,equities,5min,full,2026-02-20 15:00:00+00:00,100799.263106,100578.080911,-0.02,-0.677,1.0,Daily data excluded from curve outputs because these are intraday strategies.
11,Strategy2 / EMA Filter,taken_fixed,SPY,equities,5min,full,2026-02-20 15:30:00+00:00,100542.710557,100301.464056,-0.275027,-0.950165,1.0,Daily data excluded from curve outputs because these are intraday strategies.
12,Strategy2 / EMA Filter,taken_fixed,SPY,equities,5min,full,2026-02-20 16:00:00+00:00,100542.710557,100281.403763,-0.02,-0.969975,1.0,Daily data excluded from curve outputs because these are intraday strategies.
13,Strategy2 / EMA Filter,taken_fixed,SPY,equities,5min,full,2026-02-20 16:30:00+00:00,100073.994477,99792.725146,-0.487307,-1.452556,1.0,Daily data excluded from curve outputs because these are intraday strategies.
14,Strategy2 / EMA Filter,taken_fixed,SPY,equities,5min,full,2026-02-20 19:00:00+00:00,100073.994477,99772.766601,-0.02,-1.472265,1.0,Daily data excluded from curve outputs because these are intraday strategies.
15,Strategy2 / EMA Filter,taken_fixed,SPY,equities,5min,full,2026-02-23 14:30:00+00:00,100050.853696,99729.675895,-0.043189,-1.514818,1.0,Daily data excluded from curve outputs because these are intraday strategies.
16,Strategy2 / EMA Filter,taken_fixed,SPY,equities,5min,full,2026-02-23 15:00:00+00:00,100050.853696,99709.729959,-0.02,-1.534515,1.0,Daily data excluded from curve outputs because these are intraday strategies.
17,Strategy2 / EMA Filter,taken_fixed,SPY,equities,5min,full,2026-02-23 18:30:00+00:00,100510.64552,100149.487879,0.441038,-1.100245,1.0,Daily data excluded from curve outputs because these are intraday strategies.
18,Strategy2 / EMA Filter,taken_fixed,SPY,equities,5min,full,2026-02-23 19:00:00+00:00,100510.64552,100129.457982,-0.02,-1.120025,1.0,Daily data excluded from curve outputs because these are intraday strategies.
19,Strategy2 / EMA Filter,taken_fixed,SPY,equities,5min,full,2026-02-24 15:00:00+00:00,100252.173476,99851.01174,-0.278086,-1.394997,1.0,Daily data excluded from curve outputs because these are intraday strategies.
20,Strategy2 / EMA Filter,taken_fixed,SPY,equities,5min,full,2026-02-24 15:30:00+00:00,100252.173476,99831.041538,-0.02,-1.414718,1.0,Daily data excluded from curve outputs because these are intraday strategies.
21,Strategy2 / EMA Filter,taken_fixed,SPY,equities,5min,full,2026-02-24 16:00:00+00:00,100226.189402,99785.096453,-0.046023,-1.460089,1.0,Daily data excluded from curve outputs because these are intraday strategies.
22,Strategy2 / EMA Filter,taken_fixed,SPY,equities,5min,full,2026-02-24 17:30:00+00:00,100226.189402,99765.139433,-0.02,-1.479797,1.0,Daily data excluded from curve outputs because these are intraday strategies.
23,Strategy2 / EMA Filter,taken_fixed,SPY,equities,5min,full,2026-02-25 14:30:00+00:00,101213.014929,100731.814567,0.968951,-0.525185,1.0,Daily data excluded from curve outputs because these are intraday strategies.
24,Strategy2 / EMA Filter,taken_fixed,SPY,equities,5min,full,2026-02-26 15:00:00+00:00,101213.014929,100711.668204,-0.02,-0.54508,1.0,Daily data excluded from curve outputs because these are intraday strategies.
25,Strategy2 / EMA Filter,taken_fixed,SPY,equities,5min,full,2026-02-26 16:30:00+00:00,101741.186272,101219.591579,0.504334,-0.043495,1.0,Daily data excluded from curve outputs because these are intraday strategies.
26,Strategy2 / EMA Filter,taken_fixed,SPY,equities,5min,full,2026-02-26 17:00:00+00:00,101741.186272,101199.347661,-0.02,-0.063486,1.0,Daily data excluded from curve outputs because these are intraday strategies.
27,Strategy2 / EMA Filter,taken_fixed,SPY,equities,5min,full,2026-02-26 19:00:00+00:00,101346.133258,100784.133788,-0.410293,-0.473519,1.0,Daily data excluded from curve outputs because these are intraday strategies.
28,Strategy2 / EMA Filter,taken_fixed,SPY,equities,5min,full,2026-03-03 15:00:00+00:00,101346.133258,100763.976961,-0.02,-0.493424,1.0,Daily data excluded from curve outputs because these are intraday strategies.
29,Strategy2 / EMA Filter,taken_fixed,SPY,equities,5min,full,2026-03-03 16:00:00+00:00,100962.364494,100360.132155,-0.400783,-0.892229,1.0,Daily data excluded from curve outputs because these are intraday strategies.
30,Strategy2 / EMA Filter,taken_fixed,SPY,equities,5min,full,2026-03-04 14:30:00+00:00,100962.364494,100340.060129,-0.02,-0.912051,1.0,Daily data excluded from curve outputs because these are intraday strategies.
31,Strategy2 / EMA Filter,taken_fixed,SPY,equities,5min,full,2026-03-04 15:00:00+00:00,100603.805806,99961.505141,-0.377272,-1.285882,1.0,Daily data excluded from curve outputs because these are intraday strategies.
32,Strategy2 / EMA Filter,taken_fixed,SPY,equities,5min,full,2026-03-04 15:30:00+00:00,100603.805806,99941.51284,-0.02,-1.305625,1.0,Daily data excluded from curve outputs because these are intraday strategies.
33,Strategy2 / EMA Filter,taken_fixed,SPY,equities,5min,full,2026-03-04 17:30:00+00:00,100627.142191,99944.856255,0.003345,-1.302323,1.0,Daily data excluded from curve outputs because these are intraday strategies.
34,Strategy2 / EMA Filter,taken_fixed,SPY,equities,5min,full,2026-03-04 18:30:00+00:00,100627.142191,99924.867284,-0.02,-1.322063,1.0,Daily data excluded from curve outputs because these are intraday strategies.
35,Strategy2 / EMA Filter,taken_fixed,SPY,equities,5min,full,2026-03-05 14:30:00+00:00,99980.736463,99258.605864,-0.666762,-1.98001,1.0,Daily data excluded from curve outputs because these are intraday strategies.
36,Strategy2 / EMA Filter,taken_fixed,SPY,equities,5min,full,2026-03-05 17:30:00+00:00,99980.736463,99238.754142,-0.02,-1.999614,1.0,Daily data excluded from curve outputs because these are intraday strategies.
37,Strategy2 / EMA Filter,taken_fixed,SPY,equities,5min,full,2026-03-05 20:00:00+00:00,99799.044558,99037.250825,-0.203049,-2.198603,1.0,Daily data excluded from curve outputs because these are intraday strategies.
38,Strategy2 / EMA Filter,taken_fixed,SPY,equities,5min,full,2026-03-09 19:30:00+00:00,99799.044558,99017.443374,-0.02,-2.218163,1.0,Daily data excluded from curve outputs because these are intraday strategies.
39,Strategy2 / EMA Filter,taken_fixed,SPY,equities,5min,full,2026-03-10 13:30:00+00:00,99556.775377,98755.419159,-0.264624,-2.476918,1.0,Daily data excluded from curve outputs because these are intraday strategies.
40,Strategy2 / EMA Filter,taken_fixed,SPY,equities,5min,full,2026-03-12 14:30:00+00:00,99556.775377,98735.668075,-0.02,-2.496422,1.0,Daily data excluded from curve outputs because these are intraday strategies.
41,Strategy2 / EMA Filter,taken_fixed,SPY,equities,5min,full,2026-03-12 15:00:00+00:00,99512.425794,98671.580228,-0.064909,-2.55971,1.0,Daily data excluded from curve outputs because these are intraday strategies.
42,Strategy2 / EMA Filter,taken_fixed,SPY,equities,5min,full,2026-03-12 15:30:00+00:00,99512.425794,98651.845912,-0.02,-2.579198,1.0,Daily data excluded from curve outputs because these are intraday strategies.
43,Strategy2 / EMA Filter,taken_fixed,SPY,equities,5min,full,2026-03-12 16:00:00+00:00,98877.260631,97997.077413,-0.663716,-3.225796,1.0,Daily data excluded from curve outputs because these are intraday strategies.
44,Strategy2 / EMA Filter,taken_fixed,SPY,equities,5min,full,2026-03-16 14:00:00+00:00,98877.260631,97977.477998,-0.02,-3.245151,1.0,Daily data excluded from curve outputs because these are intraday strategies.
45,Strategy2 / EMA Filter,taken_fixed,SPY,equities,5min,full,2026-03-16 14:30:00+00:00,98513.310636,97594.005297,-0.391389,-3.623839,1.0,Daily data excluded from curve outputs because these are intraday strategies.
46,Strategy2 / EMA Filter,taken_fixed,SPY,equities,5min,full,2026-03-17 13:30:00+00:00,98513.310636,97574.486496,-0.02,-3.643114,1.0,Daily data excluded from curve outputs because these are intraday strategies.
47,Strategy2 / EMA Filter,taken_fixed,SPY,equities,5min,full,2026-03-17 14:00:00+00:00,98440.865811,97482.541262,-0.094231,-3.733912,1.0,Daily data excluded from curve outputs because these are intraday strategies.
48,Strategy2 / EMA Filter,taken_fixed,SPY,equities,5min,full,2026-03-18 18:30:00+00:00,98440.865811,97463.044754,-0.02,-3.753165,1.0,Daily data excluded from curve outputs because these are intraday strategies.
49,Strategy2 / EMA Filter,taken_fixed,SPY,equities,5min,full,2026-03-19 13:30:00+00:00,100929.273539,99931.462192,2.53267,-1.31555,1.0,Daily data excluded from curve outputs because these are intraday strategies.
50,Strategy2 / EMA Filter,taken_fixed,SPY,equities,5min,full,2026-03-20 13:30:00+00:00,100929.273539,99911.4759,-0.02,-1.335287,1.0,Daily data excluded from curve outputs because these are intraday strategies.
51,Strategy2 / EMA Filter,taken_fixed,SPY,equities,5min,full,2026-03-20 16:00:00+00:00,101347.668146,100309.804532,0.398682,-0.941929,1.0,Daily data excluded from curve outputs because these are intraday strategies.
52,Strategy2 / EMA Filter,taken_fixed,SPY,equities,5min,full,2026-03-20 16:30:00+00:00,101347.668146,100289.742572,-0.02,-0.96174,1.0,Daily data excluded from curve outputs because these are intraday strategies.
53,Strategy2 / EMA Filter,taken_fixed,SPY,equities,5min,full,2026-03-20 17:00:00+00:00,101187.854169,100109.902609,-0.17932,-1.139336,1.0,Daily data excluded from curve outputs because these are intraday strategies.
54,Strategy2 / EMA Filter,taken_fixed,SPY,equities,5min,full,2026-03-20 17:30:00+00:00,101187.854169,100089.880628,-0.02,-1.159108,1.0,Daily data excluded from curve outputs because these are intraday strategies.
55,Strategy2 / EMA Filter,taken_fixed,SPY,equities,5min,full,2026-03-23 13:30:00+00:00,99565.488485,98447.821441,-1.640585,-2.780677,1.0,Daily data excluded from curve outputs because these are intraday strategies.
56,Strategy2 / EMA Filter,taken_fixed,SPY,equities,5min,full,2026-03-23 14:30:00+00:00,99565.488485,98428.131877,-0.02,-2.800121,1.0,Daily data excluded from curve outputs because these are intraday strategies.
57,Strategy2 / EMA Filter,taken_fixed,SPY,equities,5min,full,2026-03-23 16:00:00+00:00,98225.296954,97068.522758,-1.381322,-4.142764,1.0,Daily data excluded from curve outputs because these are intraday strategies.
58,Strategy2 / EMA Filter,taken_fixed,SPY,equities,5min,full,2026-03-25 13:30:00+00:00,98225.296954,97049.109053,-0.02,-4.161935,1.0,Daily data excluded from curve outputs because these are intraday strategies.
59,Strategy2 / EMA Filter,taken_fixed,SPY,equities,5min,full,2026-03-25 14:00:00+00:00,97437.119546,96241.679459,-0.83198,-4.959289,1.0,Daily data excluded from curve outputs because these are intraday strategies.
60,Strategy2 / EMA Filter,taken_fixed,SPY,equities,5min,full,2026-03-26 16:30:00+00:00,97437.119546,96222.431123,-0.02,-4.978297,1.0,Daily data excluded from curve outputs because these are intraday strategies.
61,Strategy2 / EMA Filter,taken_fixed,SPY,equities,5min,full,2026-03-27 15:00:00+00:00,100006.462121,98772.015344,2.649678,-2.460528,1.0,Daily data excluded from curve outputs because these are intraday strategies.
62,Strategy2 / EMA Filter,taken_fixed,SPY,equities,5min,full,2026-03-27 16:00:00+00:00,100006.462121,98752.260941,-0.02,-2.480036,1.0,Daily data excluded from curve outputs because these are intraday strategies.
63,Strategy2 / EMA Filter,taken_fixed,SPY,equities,5min,full,2026-03-30 13:30:00+00:00,100355.193458,99081.172079,0.333067,-2.15523,1.0,Daily data excluded from curve outputs because these are intraday strategies.
64,Strategy2 / EMA Filter,taken_fixed,SPY,equities,5min,full,2026-03-30 19:30:00+00:00,100355.193458,99061.355845,-0.02,-2.174799,1.0,Daily data excluded from curve outputs because these are intraday strategies.
65,Strategy2 / EMA Filter,taken_fixed,SPY,equities,5min,full,2026-03-31 13:30:00+00:00,97119.519221,95806.516471,-3.28568,-5.389022,1.0,Daily data excluded from curve outputs because these are intraday strategies.
66,Strategy2 / EMA Filter,taken_fixed,SPY,equities,5min,full,2026-03-31 14:00:00+00:00,97119.519221,95787.355168,-0.02,-5.407944,1.0,Daily data excluded from curve outputs because these are intraday strategies.
67,Strategy2 / EMA Filter,taken_fixed,SPY,equities,5min,full,2026-03-31 15:00:00+00:00,96400.783276,95049.605499,-0.770195,-6.136488,1.0,Daily data excluded from curve outputs because these are intraday strategies.
68,Strategy2 / EMA Filter,taken_fixed,SPY,equities,5min,full,2026-03-31 16:30:00+00:00,96400.783276,95030.595578,-0.02,-6.15526,1.0,Daily data excluded from curve outputs because these are intraday strategies.
69,Strategy2 / EMA Filter,taken_fixed,SPY,equities,5min,full,2026-04-01 14:00:00+00:00,100157.834957,98767.88973,3.932727,-2.464603,1.0,Daily data excluded from curve outputs because these are intraday strategies.
70,Strategy2 / EMA Filter,taken_fixed,SPY,equities,5min,full,2026-04-01 15:00:00+00:00,100157.834957,98748.136152,-0.02,-2.48411,1.0,Daily data excluded from curve outputs because these are intraday strategies.
71,Strategy2 / EMA Filter,taken_fixed,SPY,equities,5min,full,2026-04-01 18:00:00+00:00,99971.343256,98541.932121,-0.208818,-2.687741,1.0,Daily data excluded from curve outputs because these are intraday strategies.
72,Strategy2 / EMA Filter,taken_fixed,SPY,equities,5min,full,2026-04-06 13:30:00+00:00,99971.343256,98522.223735,-0.02,-2.707203,1.0,Daily data excluded from curve outputs because these are intraday strategies.
73,Strategy2 / EMA Filter,taken_fixed,SPY,equities,5min,full,2026-04-06 14:00:00+00:00,99692.581076,98223.812862,-0.302887,-3.00189,1.0,Daily data excluded from curve outputs because these are intraday strategies.
74,Strategy2 / EMA Filter,taken_fixed,SPY,equities,5min,full,2026-04-06 14:30:00+00:00,99692.581076,98204.1681,-0.02,-3.02129,1.0,Daily data excluded from curve outputs because these are intraday strategies.
75,Strategy2 / EMA Filter,taken_fixed,SPY,equities,5min,full,2026-04-06 15:00:00+00:00,99421.127972,97913.128454,-0.296362,-3.308698,1.0,Daily data excluded from curve outputs because these are intraday strategies.
76,Strategy2 / EMA Filter,taken_fixed,SPY,equities,5min,full,2026-04-07 14:00:00+00:00,99421.127972,97893.545828,-0.02,-3.328036,1.0,Daily data excluded from curve outputs because these are intraday strategies.
77,Strategy2 / EMA Filter,taken_fixed,SPY,equities,5min,full,2026-04-07 14:30:00+00:00,99081.084271,97533.991426,-0.367291,-3.683103,1.0,Daily data excluded from curve outputs because these are intraday strategies.
78,Strategy2 / EMA Filter,taken_fixed,SPY,equities,5min,full,2026-04-07 15:00:00+00:00,99081.084271,97514.484628,-0.02,-3.702367,1.0,Daily data excluded from curve outputs because these are intraday strategies.
79,Strategy2 / EMA Filter,taken_fixed,SPY,equities,5min,full,2026-04-07 16:00:00+00:00,98015.054138,96429.164804,-1.112983,-4.774143,1.0,Daily data excluded from curve outputs because these are intraday strategies.
80,Strategy2 / EMA Filter,taken_fixed,SPY,equities,5min,full,2026-04-09 16:00:00+00:00,98015.054138,96409.878971,-0.02,-4.793189,1.0,Daily data excluded from curve outputs because these are intraday strategies.
81,Strategy2 / EMA Filter,taken_fixed,SPY,equities,5min,full,2026-04-09 18:00:00+00:00,97762.682948,96138.276279,-0.281717,-5.061402,1.0,Daily data excluded from curve outputs because these are intraday strategies.
82,Strategy2 / EMA Filter,taken_fixed,SPY,equities,5min,full,2026-04-13 19:30:00+00:00,97762.682948,96119.048624,-0.02,-5.08039,1.0,Daily data excluded from curve outputs because these are intraday strategies.
83,Strategy2 / EMA Filter,taken_fixed,SPY,equities,5min,full,2026-04-14 13:30:00+00:00,98993.502762,97330.398464,1.26026,-3.884156,1.0,Daily data excluded from curve outputs because these are intraday strategies.
84,Strategy2 / EMA Filter,taken_fixed,SPY,equities,5min,full,2026-04-14 14:30:00+00:00,98993.502762,97310.932385,-0.02,-3.903379,1.0,Daily data excluded from curve outputs because these are intraday strategies.
85,Strategy2 / EMA Filter,taken_fixed,SPY,equities,5min,full,2026-04-15 13:30:00+00:00,100366.807036,98664.499812,1.390972,-2.566702,1.0,Daily data excluded from curve outputs because these are intraday strategies.
86,Strategy2 / EMA Filter,taken_fixed,SPY,equities,5min,full,2026-04-17 13:30:00+00:00,100366.807036,98644.766912,-0.02,-2.586189,1.0,Daily data excluded from curve outputs because these are intraday strategies.
87,Strategy2 / EMA Filter,taken_fixed,SPY,equities,5min,full,2026-04-17 17:30:00+00:00,101165.118484,99423.189744,0.789117,-1.81748,1.0,Daily data excluded from curve outputs because these are intraday strategies.
88,Strategy2 / EMA Filter,taken_fixed,SPY,equities,5min,full,2026-04-24 16:00:00+00:00,101165.118484,99403.305106,-0.02,-1.837116,1.0,Daily data excluded from curve outputs because these are intraday strategies.
89,Strategy2 / EMA Filter,taken_fixed,SPY,equities,5min,full,2026-04-24 17:30:00+00:00,100950.662705,99169.011557,-0.2357,-2.068486,1.0,Daily data excluded from curve outputs because these are intraday strategies.
90,Strategy2 / EMA Filter,taken_fixed,SPY,equities,5min,full,2026-04-24 18:00:00+00:00,100950.662705,99149.177755,-0.02,-2.088073,1.0,Daily data excluded from curve outputs because these are intraday strategies.
91,Strategy2 / EMA Filter,taken_fixed,SPY,equities,5min,full,2026-04-24 19:00:00+00:00,100990.961664,99169.638818,0.020637,-2.067867,1.0,Daily data excluded from curve outputs because these are intraday strategies.
92,Strategy2 / EMA Filter,taken_fixed,SPY,equities,5min,full,2026-04-28 15:30:00+00:00,100990.961664,99149.804891,-0.02,-2.087453,1.0,Daily data excluded from curve outputs because these are intraday strategies.
93,Strategy2 / EMA Filter,taken_fixed,SPY,equities,5min,full,2026-04-28 16:00:00+00:00,100859.660809,98998.700335,-0.1524,-2.236672,1.0,Daily data excluded from curve outputs because these are intraday strategies.
94,Strategy2 / EMA Filter,taken_fixed,SPY,equities,5min,full,2026-04-29 13:30:00+00:00,100859.660809,98978.900595,-0.02,-2.256225,1.0,Daily data excluded from curve outputs because these are intraday strategies.
95,Strategy2 / EMA Filter,taken_fixed,SPY,equities,5min,full,2026-04-29 14:00:00+00:00,100696.578469,98796.055091,-0.184732,-2.436789,1.0,Daily data excluded from curve outputs because these are intraday strategies.
96,Strategy2 / EMA Filter,taken_fixed,SPY,equities,5min,full,2026-04-30 18:00:00+00:00,100696.578469,98776.29588,-0.02,-2.456301,1.0,Daily data excluded from curve outputs because these are intraday strategies.
97,Strategy2 / EMA Filter,taken_fixed,SPY,equities,5min,full,2026-05-01 15:00:00+00:00,101948.858895,100008.570591,1.247541,-1.239404,1.0,Daily data excluded from curve outputs because these are intraday strategies.
98,Strategy2 / EMA Filter,taken_fixed,SPY,equities,5min,full,2026-05-01 15:30:00+00:00,101948.858895,99988.568877,-0.02,-1.259156,1.0,Daily data excluded from curve outputs because these are intraday strategies.
99,Strategy2 / EMA Filter,taken_fixed,SPY,equities,5min,full,2026-05-01 16:30:00+00:00,101608.776531,99628.556816,-0.360053,-1.614675,1.0,Daily data excluded from curve outputs because these are intraday strategies.
0,Strategy3 / Exit Confirmation,taken_fixed,SPY,equities,5min,full,2026-02-12 14:30:00+00:00,100000.0,99980.0,-0.02,0.0,1.0,Daily data excluded from curve outputs because these are intraday strategies.
1,Strategy3 / Exit Confirmation,taken_fixed,SPY,equities,5min,full,2026-02-12 14:50:00+00:00,99651.836838,99611.910471,-0.368163,-0.368163,1.0,Daily data excluded from curve outputs because these are intraday strategies.
2,Strategy3 / Exit Confirmation,taken_fixed,SPY,equities,5min,full,2026-02-12 16:00:00+00:00,99651.836838,99591.988089,-0.02,-0.38809,1.0,Daily data excluded from curve outputs because these are intraday strategies.
3,Strategy3 / Exit Confirmation,taken_fixed,SPY,equities,5min,full,2026-02-13 14:55:00+00:00,102028.249757,101948.007328,2.365671,0.0,1.0,Daily data excluded from curve outputs because these are intraday strategies.
4,Strategy3 / Exit Confirmation,taken_fixed,SPY,equities,5min,full,2026-02-17 15:00:00+00:00,102028.249757,101927.617726,-0.02,-0.02,1.0,Daily data excluded from curve outputs because these are intraday strategies.
5,Strategy3 / Exit Confirmation,taken_fixed,SPY,equities,5min,full,2026-02-17 16:00:00+00:00,101609.914149,101488.980261,-0.430342,-0.450256,1.0,Daily data excluded from curve outputs because these are intraday strategies.
6,Strategy3 / Exit Confirmation,taken_fixed,SPY,equities,5min,full,2026-02-18 15:00:00+00:00,101609.914149,101468.682465,-0.02,-0.470166,1.0,Daily data excluded from curve outputs because these are intraday strategies.
7,Strategy3 / Exit Confirmation,taken_fixed,SPY,equities,5min,full,2026-02-18 18:35:00+00:00,101627.622265,101466.093303,-0.002552,-0.472706,1.0,Daily data excluded from curve outputs because these are intraday strategies.
8,Strategy3 / Exit Confirmation,taken_fixed,SPY,equities,5min,full,2026-02-20 15:00:00+00:00,101627.622265,101445.800084,-0.02,-0.492611,1.0,Daily data excluded from curve outputs because these are intraday strategies.
9,Strategy3 / Exit Confirmation,taken_fixed,SPY,equities,5min,full,2026-02-20 16:30:00+00:00,101738.058377,101535.92495,0.08884,-0.404208,1.0,Daily data excluded from curve outputs because these are intraday strategies.
10,Strategy3 / Exit Confirmation,taken_fixed,SPY,equities,5min,full,2026-02-20 19:00:00+00:00,101738.058377,101515.617765,-0.02,-0.424128,1.0,Daily data excluded from curve outputs because these are intraday strategies.
11,Strategy3 / Exit Confirmation,taken_fixed,SPY,equities,5min,full,2026-02-23 14:45:00+00:00,100981.275062,100738.682682,-0.765336,-1.186217,1.0,Daily data excluded from curve outputs because these are intraday strategies.
12,Strategy3 / Exit Confirmation,taken_fixed,SPY,equities,5min,full,2026-02-23 15:00:00+00:00,100981.275062,100718.534946,-0.02,-1.20598,1.0,Daily data excluded from curve outputs because these are intraday strategies.
13,Strategy3 / Exit Confirmation,taken_fixed,SPY,equities,5min,full,2026-02-24 14:50:00+00:00,101322.265425,101039.313404,0.31849,-0.891331,1.0,Daily data excluded from curve outputs because these are intraday strategies.
14,Strategy3 / Exit Confirmation,taken_fixed,SPY,equities,5min,full,2026-02-24 15:30:00+00:00,101322.265425,101019.105541,-0.02,-0.911152,1.0,Daily data excluded from curve outputs because these are intraday strategies.
15,Strategy3 / Exit Confirmation,taken_fixed,SPY,equities,5min,full,2026-02-24 16:05:00+00:00,101325.212863,101001.848569,-0.017083,-0.92808,1.0,Daily data excluded from curve outputs because these are intraday strategies.
16,Strategy3 / Exit Confirmation,taken_fixed,SPY,equities,5min,full,2026-02-24 17:30:00+00:00,101325.212863,100981.648199,-0.02,-0.947894,1.0,Daily data excluded from curve outputs because these are intraday strategies.
17,Strategy3 / Exit Confirmation,taken_fixed,SPY,equities,5min,full,2026-02-25 15:05:00+00:00,102253.546716,101889.600055,0.899126,-0.057291,1.0,Daily data excluded from curve outputs because these are intraday strategies.
18,Strategy3 / Exit Confirmation,taken_fixed,SPY,equities,5min,full,2026-02-26 14:30:00+00:00,102253.546716,101869.222135,-0.02,-0.07728,1.0,Daily data excluded from curve outputs because these are intraday strategies.
19,Strategy3 / Exit Confirmation,taken_fixed,SPY,equities,5min,full,2026-02-26 19:15:00+00:00,103221.835264,102816.943182,0.930331,0.0,1.0,Daily data excluded from curve outputs because these are intraday strategies.
20,Strategy3 / Exit Confirmation,taken_fixed,SPY,equities,5min,full,2026-03-03 15:00:00+00:00,103221.835264,102796.379793,-0.02,-0.02,1.0,Daily data excluded from curve outputs because these are intraday strategies.
21,Strategy3 / Exit Confirmation,taken_fixed,SPY,equities,5min,full,2026-03-03 16:10:00+00:00,102350.123966,101904.283561,-0.867828,-0.887655,1.0,Daily data excluded from curve outputs because these are intraday strategies.
22,Strategy3 / Exit Confirmation,taken_fixed,SPY,equities,5min,full,2026-03-04 14:30:00+00:00,102350.123966,101883.902705,-0.02,-0.907477,1.0,Daily data excluded from curve outputs because these are intraday strategies.
23,Strategy3 / Exit Confirmation,taken_fixed,SPY,equities,5min,full,2026-03-04 14:50:00+00:00,101953.207346,101466.688687,-0.409499,-1.313261,1.0,Daily data excluded from curve outputs because these are intraday strategies.
24,Strategy3 / Exit Confirmation,taken_fixed,SPY,equities,5min,full,2026-03-04 15:30:00+00:00,101953.207346,101446.395349,-0.02,-1.332998,1.0,Daily data excluded from curve outputs because these are intraday strategies.
25,Strategy3 / Exit Confirmation,taken_fixed,SPY,equities,5min,full,2026-03-04 15:50:00+00:00,101839.231382,101312.152902,-0.132328,-1.463563,1.0,Daily data excluded from curve outputs because these are intraday strategies.
26,Strategy3 / Exit Confirmation,taken_fixed,SPY,equities,5min,full,2026-03-04 16:00:00+00:00,101839.231382,101291.890471,-0.02,-1.48327,1.0,Daily data excluded from curve outputs because these are intraday strategies.
27,Strategy3 / Exit Confirmation,taken_fixed,SPY,equities,5min,full,2026-03-05 14:45:00+00:00,100826.957165,100259.56033,-1.019164,-2.487317,1.0,Daily data excluded from curve outputs because these are intraday strategies.
28,Strategy3 / Exit Confirmation,taken_fixed,SPY,equities,5min,full,2026-03-05 17:30:00+00:00,100826.957165,100239.508418,-0.02,-2.506819,1.0,Daily data excluded from curve outputs because these are intraday strategies.
29,Strategy3 / Exit Confirmation,taken_fixed,SPY,equities,5min,full,2026-03-05 20:15:00+00:00,100300.12238,99692.731099,-0.545471,-3.038616,1.0,Daily data excluded from curve outputs because these are intraday strategies.
30,Strategy3 / Exit Confirmation,taken_fixed,SPY,equities,5min,full,2026-03-09 19:30:00+00:00,100300.12238,99672.792553,-0.02,-3.058008,1.0,Daily data excluded from curve outputs because these are intraday strategies.
31,Strategy3 / Exit Confirmation,taken_fixed,SPY,equities,5min,full,2026-03-10 13:45:00+00:00,99968.083982,99320.886003,-0.353062,-3.400273,1.0,Daily data excluded from curve outputs because these are intraday strategies.
32,Strategy3 / Exit Confirmation,taken_fixed,SPY,equities,5min,full,2026-03-12 14:30:00+00:00,99968.083982,99301.021826,-0.02,-3.419593,1.0,Daily data excluded from curve outputs because these are intraday strategies.
33,Strategy3 / Exit Confirmation,taken_fixed,SPY,equities,5min,full,2026-03-12 14:55:00+00:00,99819.429757,99132.537128,-0.169671,-3.583462,1.0,Daily data excluded from curve outputs because these are intraday strategies.
34,Strategy3 / Exit Confirmation,taken_fixed,SPY,equities,5min,full,2026-03-12 15:30:00+00:00,99819.429757,99112.710621,-0.02,-3.602745,1.0,Daily data excluded from curve outputs because these are intraday strategies.
35,Strategy3 / Exit Confirmation,taken_fixed,SPY,equities,5min,full,2026-03-12 15:50:00+00:00,99322.289351,98595.847101,-0.521491,-4.105448,1.0,Daily data excluded from curve outputs because these are intraday strategies.
36,Strategy3 / Exit Confirmation,taken_fixed,SPY,equities,5min,full,2026-03-16 14:00:00+00:00,99322.289351,98576.127931,-0.02,-4.124627,1.0,Daily data excluded from curve outputs because these are intraday strategies.
37,Strategy3 / Exit Confirmation,taken_fixed,SPY,equities,5min,full,2026-03-16 14:40:00+00:00,98704.633675,97938.880561,-0.646452,-4.744415,1.0,Daily data excluded from curve outputs because these are intraday strategies.
38,Strategy3 / Exit Confirmation,taken_fixed,SPY,equities,5min,full,2026-03-17 13:30:00+00:00,98704.633675,97919.292785,-0.02,-4.763466,1.0,Daily data excluded from curve outputs because these are intraday strategies.
39,Strategy3 / Exit Confirmation,taken_fixed,SPY,equities,5min,full,2026-03-17 14:05:00+00:00,98655.202081,97850.287218,-0.070472,-4.830581,1.0,Daily data excluded from curve outputs because these are intraday strategies.
40,Strategy3 / Exit Confirmation,taken_fixed,SPY,equities,5min,full,2026-03-18 18:30:00+00:00,98655.202081,97830.717161,-0.02,-4.849615,1.0,Daily data excluded from curve outputs because these are intraday strategies.
41,Strategy3 / Exit Confirmation,taken_fixed,SPY,equities,5min,full,2026-03-19 13:45:00+00:00,100635.625235,99791.178087,2.003932,-2.942866,1.0,Daily data excluded from curve outputs because these are intraday strategies.
42,Strategy3 / Exit Confirmation,taken_fixed,SPY,equities,5min,full,2026-03-20 13:30:00+00:00,100635.625235,99771.219851,-0.02,-2.962278,1.0,Daily data excluded from curve outputs because these are intraday strategies.
43,Strategy3 / Exit Confirmation,taken_fixed,SPY,equities,5min,full,2026-03-20 16:15:00+00:00,101019.445684,100135.009293,0.364624,-2.608455,1.0,Daily data excluded from curve outputs because these are intraday strategies.
44,Strategy3 / Exit Confirmation,taken_fixed,SPY,equities,5min,full,2026-03-20 16:30:00+00:00,101019.445684,100114.982291,-0.02,-2.627933,1.0,Daily data excluded from curve outputs because these are intraday strategies.
45,Strategy3 / Exit Confirmation,taken_fixed,SPY,equities,5min,full,2026-03-23 13:45:00+00:00,99052.715206,98128.622162,-1.984079,-4.559872,1.0,Daily data excluded from curve outputs because these are intraday strategies.
46,Strategy3 / Exit Confirmation,taken_fixed,SPY,equities,5min,full,2026-03-23 14:30:00+00:00,99052.715206,98108.996437,-0.02,-4.57896,1.0,Daily data excluded from curve outputs because these are intraday strategies.
47,Strategy3 / Exit Confirmation,taken_fixed,SPY,equities,5min,full,2026-03-23 15:50:00+00:00,97963.263488,97000.14081,-1.130228,-5.657436,1.0,Daily data excluded from curve outputs because these are intraday strategies.
48,Strategy3 / Exit Confirmation,taken_fixed,SPY,equities,5min,full,2026-03-25 13:30:00+00:00,97963.263488,96980.740782,-0.02,-5.676304,1.0,Daily data excluded from curve outputs because these are intraday strategies.
49,Strategy3 / Exit Confirmation,taken_fixed,SPY,equities,5min,full,2026-03-25 13:55:00+00:00,97025.327509,96023.596242,-0.986943,-6.607225,1.0,Daily data excluded from curve outputs because these are intraday strategies.
50,Strategy3 / Exit Confirmation,taken_fixed,SPY,equities,5min,full,2026-03-26 16:30:00+00:00,97025.327509,96004.391523,-0.02,-6.625904,1.0,Daily data excluded from curve outputs because these are intraday strategies.
51,Strategy3 / Exit Confirmation,taken_fixed,SPY,equities,5min,full,2026-03-27 15:35:00+00:00,99464.651219,98424.026491,2.520338,-4.272561,1.0,Daily data excluded from curve outputs because these are intraday strategies.
52,Strategy3 / Exit Confirmation,taken_fixed,SPY,equities,5min,full,2026-03-27 16:00:00+00:00,99464.651219,98404.341685,-0.02,-4.291707,1.0,Daily data excluded from curve outputs because these are intraday strategies.
53,Strategy3 / Exit Confirmation,taken_fixed,SPY,equities,5min,full,2026-03-30 13:45:00+00:00,100659.381805,99579.152456,1.193861,-3.149083,1.0,Daily data excluded from curve outputs because these are intraday strategies.
54,Strategy3 / Exit Confirmation,taken_fixed,SPY,equities,5min,full,2026-03-30 19:30:00+00:00,100659.381805,99559.236626,-0.02,-3.168453,1.0,Daily data excluded from curve outputs because these are intraday strategies.
55,Strategy3 / Exit Confirmation,taken_fixed,SPY,equities,5min,full,2026-03-30 19:55:00+00:00,99852.72573,98732.830035,-0.830065,-3.972218,1.0,Daily data excluded from curve outputs because these are intraday strategies.
56,Strategy3 / Exit Confirmation,taken_fixed,SPY,equities,5min,full,2026-03-31 14:00:00+00:00,99852.72573,98713.083469,-0.02,-3.991424,1.0,Daily data excluded from curve outputs because these are intraday strategies.
57,Strategy3 / Exit Confirmation,taken_fixed,SPY,equities,5min,full,2026-03-31 14:55:00+00:00,98715.580704,97556.423255,-1.17174,-5.116394,1.0,Daily data excluded from curve outputs because these are intraday strategies.
58,Strategy3 / Exit Confirmation,taken_fixed,SPY,equities,5min,full,2026-03-31 16:30:00+00:00,98715.580704,97536.91197,-0.02,-5.135371,1.0,Daily data excluded from curve outputs because these are intraday strategies.
59,Strategy3 / Exit Confirmation,taken_fixed,SPY,equities,5min,full,2026-04-01 13:55:00+00:00,102462.311955,101263.386493,3.820579,-1.510993,1.0,Daily data excluded from curve outputs because these are intraday strategies.
60,Strategy3 / Exit Confirmation,taken_fixed,SPY,equities,5min,full,2026-04-01 15:00:00+00:00,102462.311955,101243.133816,-0.02,-1.530691,1.0,Daily data excluded from curve outputs because these are intraday strategies.
61,Strategy3 / Exit Confirmation,taken_fixed,SPY,equities,5min,full,2026-04-01 18:10:00+00:00,102254.148814,101014.76368,-0.225566,-1.752804,1.0,Daily data excluded from curve outputs because these are intraday strategies.
62,Strategy3 / Exit Confirmation,taken_fixed,SPY,equities,5min,full,2026-04-06 13:30:00+00:00,102254.148814,100994.560728,-0.02,-1.772453,1.0,Daily data excluded from curve outputs because these are intraday strategies.
63,Strategy3 / Exit Confirmation,taken_fixed,SPY,equities,5min,full,2026-04-06 13:50:00+00:00,102317.144117,101037.344519,0.042362,-1.730842,1.0,Daily data excluded from curve outputs because these are intraday strategies.
64,Strategy3 / Exit Confirmation,taken_fixed,SPY,equities,5min,full,2026-04-06 14:30:00+00:00,102317.144117,101017.13705,-0.02,-1.750496,1.0,Daily data excluded from curve outputs because these are intraday strategies.
65,Strategy3 / Exit Confirmation,taken_fixed,SPY,equities,5min,full,2026-04-06 14:50:00+00:00,101970.421189,100650.280039,-0.363163,-2.107302,1.0,Daily data excluded from curve outputs because these are intraday strategies.
66,Strategy3 / Exit Confirmation,taken_fixed,SPY,equities,5min,full,2026-04-07 14:00:00+00:00,101970.421189,100630.149983,-0.02,-2.12688,1.0,Daily data excluded from curve outputs because these are intraday strategies.
67,Strategy3 / Exit Confirmation,taken_fixed,SPY,equities,5min,full,2026-04-07 14:35:00+00:00,101704.029665,100343.685708,-0.28467,-2.405496,1.0,Daily data excluded from curve outputs because these are intraday strategies.
68,Strategy3 / Exit Confirmation,taken_fixed,SPY,equities,5min,full,2026-04-07 15:00:00+00:00,101704.029665,100323.616971,-0.02,-2.425015,1.0,Daily data excluded from curve outputs because these are intraday strategies.
69,Strategy3 / Exit Confirmation,taken_fixed,SPY,equities,5min,full,2026-04-07 16:15:00+00:00,100684.241046,99283.967586,-1.036296,-3.43618,1.0,Daily data excluded from curve outputs because these are intraday strategies.
70,Strategy3 / Exit Confirmation,taken_fixed,SPY,equities,5min,full,2026-04-09 16:00:00+00:00,100684.241046,99264.110792,-0.02,-3.455493,1.0,Daily data excluded from curve outputs because these are intraday strategies.
71,Strategy3 / Exit Confirmation,taken_fixed,SPY,equities,5min,full,2026-04-09 18:15:00+00:00,100482.792579,99042.849793,-0.222901,-3.670692,1.0,Daily data excluded from curve outputs because these are intraday strategies.
72,Strategy3 / Exit Confirmation,taken_fixed,SPY,equities,5min,full,2026-04-13 19:30:00+00:00,100482.792579,99023.041223,-0.02,-3.689958,1.0,Daily data excluded from curve outputs because these are intraday strategies.
73,Strategy3 / Exit Confirmation,taken_fixed,SPY,equities,5min,full,2026-04-15 13:45:00+00:00,103644.131565,102163.943334,3.17189,-0.635109,1.0,Daily data excluded from curve outputs because these are intraday strategies.
74,Strategy3 / Exit Confirmation,taken_fixed,SPY,equities,5min,full,2026-04-17 13:30:00+00:00,103644.131565,102143.510545,-0.02,-0.654982,1.0,Daily data excluded from curve outputs because these are intraday strategies.
75,Strategy3 / Exit Confirmation,taken_fixed,SPY,equities,5min,full,2026-04-17 13:50:00+00:00,103858.151345,102337.058819,0.189487,-0.466737,1.0,Daily data excluded from curve outputs because these are intraday strategies.
76,Strategy3 / Exit Confirmation,taken_fixed,SPY,equities,5min,full,2026-04-17 14:00:00+00:00,103858.151345,102316.591407,-0.02,-0.486643,1.0,Daily data excluded from curve outputs because these are intraday strategies.
77,Strategy3 / Exit Confirmation,taken_fixed,SPY,equities,5min,full,2026-04-17 17:35:00+00:00,104200.23799,102638.146316,0.314274,-0.173898,1.0,Daily data excluded from curve outputs because these are intraday strategies.
78,Strategy3 / Exit Confirmation,taken_fixed,SPY,equities,5min,full,2026-04-24 16:00:00+00:00,104200.23799,102617.618687,-0.02,-0.193863,1.0,Daily data excluded from curve outputs because these are intraday strategies.
79,Strategy3 / Exit Confirmation,taken_fixed,SPY,equities,5min,full,2026-04-24 17:20:00+00:00,104001.818388,102398.715245,-0.21332,-0.406769,1.0,Daily data excluded from curve outputs because these are intraday strategies.
80,Strategy3 / Exit Confirmation,taken_fixed,SPY,equities,5min,full,2026-04-24 18:00:00+00:00,104001.818388,102378.235502,-0.02,-0.426688,1.0,Daily data excluded from curve outputs because these are intraday strategies.
81,Strategy3 / Exit Confirmation,taken_fixed,SPY,equities,5min,full,2026-04-24 18:55:00+00:00,103983.184326,102339.12952,-0.038198,-0.464723,1.0,Daily data excluded from curve outputs because these are intraday strategies.
82,Strategy3 / Exit Confirmation,taken_fixed,SPY,equities,5min,full,2026-04-28 15:30:00+00:00,103983.184326,102318.661694,-0.02,-0.48463,1.0,Daily data excluded from curve outputs because these are intraday strategies.
83,Strategy3 / Exit Confirmation,taken_fixed,SPY,equities,5min,full,2026-04-28 16:05:00+00:00,103810.182878,102125.231114,-0.189047,-0.672761,1.0,Daily data excluded from curve outputs because these are intraday strategies.
84,Strategy3 / Exit Confirmation,taken_fixed,SPY,equities,5min,full,2026-04-29 13:30:00+00:00,103810.182878,102104.806067,-0.02,-0.692626,1.0,Daily data excluded from curve outputs because these are intraday strategies.
85,Strategy3 / Exit Confirmation,taken_fixed,SPY,equities,5min,full,2026-04-29 14:05:00+00:00,103614.639753,101888.881089,-0.211474,-0.902635,1.0,Daily data excluded from curve outputs because these are intraday strategies.
86,Strategy3 / Exit Confirmation,taken_fixed,SPY,equities,5min,full,2026-04-30 18:00:00+00:00,103614.639753,101868.503313,-0.02,-0.922455,1.0,Daily data excluded from curve outputs because these are intraday strategies.
87,Strategy3 / Exit Confirmation,taken_fixed,SPY,equities,5min,full,2026-05-01 15:05:00+00:00,104988.431316,103221.646417,1.328323,0.0,1.0,Daily data excluded from curve outputs because these are intraday strategies.
88,Strategy3 / Exit Confirmation,taken_fixed,SPY,equities,5min,full,2026-05-01 15:30:00+00:00,104988.431316,103201.002088,-0.02,-0.02,1.0,Daily data excluded from curve outputs because these are intraday strategies.
89,Strategy3 / Exit Confirmation,taken_fixed,SPY,equities,5min,full,2026-05-01 16:20:00+00:00,104782.950587,102974.922255,-0.219067,-0.239024,1.0,Daily data excluded from curve outputs because these are intraday strategies.
0,Strategy4 / EMA + Confirmation,taken_fixed,SPY,equities,5min,full,2026-02-12 14:30:00+00:00,100000.0,99980.0,-0.02,0.0,1.0,Daily data excluded from curve outputs because these are intraday strategies.
1,Strategy4 / EMA + Confirmation,taken_fixed,SPY,equities,5min,full,2026-02-12 14:50:00+00:00,99651.836838,99611.910471,-0.368163,-0.368163,1.0,Daily data excluded from curve outputs because these are intraday strategies.
2,Strategy4 / EMA + Confirmation,taken_fixed,SPY,equities,5min,full,2026-02-12 16:00:00+00:00,99651.836838,99591.988089,-0.02,-0.38809,1.0,Daily data excluded from curve outputs because these are intraday strategies.
3,Strategy4 / EMA + Confirmation,taken_fixed,SPY,equities,5min,full,2026-02-13 14:55:00+00:00,102028.249757,101948.007328,2.365671,0.0,1.0,Daily data excluded from curve outputs because these are intraday strategies.
4,Strategy4 / EMA + Confirmation,taken_fixed,SPY,equities,5min,full,2026-02-17 15:00:00+00:00,102028.249757,101927.617726,-0.02,-0.02,1.0,Daily data excluded from curve outputs because these are intraday strategies.
5,Strategy4 / EMA + Confirmation,taken_fixed,SPY,equities,5min,full,2026-02-17 16:00:00+00:00,101609.914149,101488.980261,-0.430342,-0.450256,1.0,Daily data excluded from curve outputs because these are intraday strategies.
6,Strategy4 / EMA + Confirmation,taken_fixed,SPY,equities,5min,full,2026-02-18 15:00:00+00:00,101609.914149,101468.682465,-0.02,-0.470166,1.0,Daily data excluded from curve outputs because these are intraday strategies.
7,Strategy4 / EMA + Confirmation,taken_fixed,SPY,equities,5min,full,2026-02-18 18:35:00+00:00,101627.622265,101466.093303,-0.002552,-0.472706,1.0,Daily data excluded from curve outputs because these are intraday strategies.
8,Strategy4 / EMA + Confirmation,taken_fixed,SPY,equities,5min,full,2026-02-20 15:00:00+00:00,101627.622265,101445.800084,-0.02,-0.492611,1.0,Daily data excluded from curve outputs because these are intraday strategies.
9,Strategy4 / EMA + Confirmation,taken_fixed,SPY,equities,5min,full,2026-02-20 16:30:00+00:00,101738.058377,101535.92495,0.08884,-0.404208,1.0,Daily data excluded from curve outputs because these are intraday strategies.
10,Strategy4 / EMA + Confirmation,taken_fixed,SPY,equities,5min,full,2026-02-20 19:00:00+00:00,101738.058377,101515.617765,-0.02,-0.424128,1.0,Daily data excluded from curve outputs because these are intraday strategies.
11,Strategy4 / EMA + Confirmation,taken_fixed,SPY,equities,5min,full,2026-02-23 14:45:00+00:00,100981.275062,100738.682682,-0.765336,-1.186217,1.0,Daily data excluded from curve outputs because these are intraday strategies.
12,Strategy4 / EMA + Confirmation,taken_fixed,SPY,equities,5min,full,2026-02-23 15:00:00+00:00,100981.275062,100718.534946,-0.02,-1.20598,1.0,Daily data excluded from curve outputs because these are intraday strategies.
13,Strategy4 / EMA + Confirmation,taken_fixed,SPY,equities,5min,full,2026-02-24 14:50:00+00:00,101322.265425,101039.313404,0.31849,-0.891331,1.0,Daily data excluded from curve outputs because these are intraday strategies.
14,Strategy4 / EMA + Confirmation,taken_fixed,SPY,equities,5min,full,2026-02-24 15:30:00+00:00,101322.265425,101019.105541,-0.02,-0.911152,1.0,Daily data excluded from curve outputs because these are intraday strategies.
15,Strategy4 / EMA + Confirmation,taken_fixed,SPY,equities,5min,full,2026-02-24 16:05:00+00:00,101325.212863,101001.848569,-0.017083,-0.92808,1.0,Daily data excluded from curve outputs because these are intraday strategies.
16,Strategy4 / EMA + Confirmation,taken_fixed,SPY,equities,5min,full,2026-02-24 17:30:00+00:00,101325.212863,100981.648199,-0.02,-0.947894,1.0,Daily data excluded from curve outputs because these are intraday strategies.
17,Strategy4 / EMA + Confirmation,taken_fixed,SPY,equities,5min,full,2026-02-25 15:05:00+00:00,102253.546716,101889.600055,0.899126,-0.057291,1.0,Daily data excluded from curve outputs because these are intraday strategies.
18,Strategy4 / EMA + Confirmation,taken_fixed,SPY,equities,5min,full,2026-02-26 15:00:00+00:00,102253.546716,101869.222135,-0.02,-0.07728,1.0,Daily data excluded from curve outputs because these are intraday strategies.
19,Strategy4 / EMA + Confirmation,taken_fixed,SPY,equities,5min,full,2026-02-26 19:15:00+00:00,102654.993792,102250.215078,0.374002,0.0,1.0,Daily data excluded from curve outputs because these are intraday strategies.
20,Strategy4 / EMA + Confirmation,taken_fixed,SPY,equities,5min,full,2026-03-03 15:00:00+00:00,102654.993792,102229.765035,-0.02,-0.02,1.0,Daily data excluded from curve outputs because these are intraday strategies.
21,Strategy4 / EMA + Confirmation,taken_fixed,SPY,equities,5min,full,2026-03-03 16:10:00+00:00,101788.087376,101342.586047,-0.867828,-0.887655,1.0,Daily data excluded from curve outputs because these are intraday strategies.
22,Strategy4 / EMA + Confirmation,taken_fixed,SPY,equities,5min,full,2026-03-04 14:30:00+00:00,101788.087376,101322.31753,-0.02,-0.907477,1.0,Daily data excluded from curve outputs because these are intraday strategies.
23,Strategy4 / EMA + Confirmation,taken_fixed,SPY,equities,5min,full,2026-03-04 14:50:00+00:00,101393.358564,100907.4032,-0.409499,-1.313261,1.0,Daily data excluded from curve outputs because these are intraday strategies.
24,Strategy4 / EMA + Confirmation,taken_fixed,SPY,equities,5min,full,2026-03-04 15:30:00+00:00,101393.358564,100887.22172,-0.02,-1.332998,1.0,Daily data excluded from curve outputs because these are intraday strategies.
25,Strategy4 / EMA + Confirmation,taken_fixed,SPY,equities,5min,full,2026-03-04 15:50:00+00:00,101280.010837,100753.719218,-0.132328,-1.463563,1.0,Daily data excluded from curve outputs because these are intraday strategies.
26,Strategy4 / EMA + Confirmation,taken_fixed,SPY,equities,5min,full,2026-03-04 16:00:00+00:00,101280.010837,100733.568474,-0.02,-1.48327,1.0,Daily data excluded from curve outputs because these are intraday strategies.
27,Strategy4 / EMA + Confirmation,taken_fixed,SPY,equities,5min,full,2026-03-05 14:45:00+00:00,100273.316286,99706.928548,-1.019164,-2.487317,1.0,Daily data excluded from curve outputs because these are intraday strategies.
28,Strategy4 / EMA + Confirmation,taken_fixed,SPY,equities,5min,full,2026-03-05 17:30:00+00:00,100273.316286,99686.987162,-0.02,-2.506819,1.0,Daily data excluded from curve outputs because these are intraday strategies.
29,Strategy4 / EMA + Confirmation,taken_fixed,SPY,equities,5min,full,2026-03-05 20:15:00+00:00,99749.385421,99143.223686,-0.545471,-3.038616,1.0,Daily data excluded from curve outputs because these are intraday strategies.
30,Strategy4 / EMA + Confirmation,taken_fixed,SPY,equities,5min,full,2026-03-09 19:30:00+00:00,99749.385421,99123.395041,-0.02,-3.058008,1.0,Daily data excluded from curve outputs because these are intraday strategies.
31,Strategy4 / EMA + Confirmation,taken_fixed,SPY,equities,5min,full,2026-03-10 13:45:00+00:00,99419.177222,98773.428204,-0.353062,-3.400273,1.0,Daily data excluded from curve outputs because these are intraday strategies.
32,Strategy4 / EMA + Confirmation,taken_fixed,SPY,equities,5min,full,2026-03-12 14:30:00+00:00,99419.177222,98753.673519,-0.02,-3.419593,1.0,Daily data excluded from curve outputs because these are intraday strategies.
33,Strategy4 / EMA + Confirmation,taken_fixed,SPY,equities,5min,full,2026-03-12 14:55:00+00:00,99271.342381,98586.11751,-0.169671,-3.583462,1.0,Daily data excluded from curve outputs because these are intraday strategies.
34,Strategy4 / EMA + Confirmation,taken_fixed,SPY,equities,5min,full,2026-03-12 15:30:00+00:00,99271.342381,98566.400287,-0.02,-3.602745,1.0,Daily data excluded from curve outputs because these are intraday strategies.
35,Strategy4 / EMA + Confirmation,taken_fixed,SPY,equities,5min,full,2026-03-12 15:50:00+00:00,98776.942218,98052.385724,-0.521491,-4.105448,1.0,Daily data excluded from curve outputs because these are intraday strategies.
36,Strategy4 / EMA + Confirmation,taken_fixed,SPY,equities,5min,full,2026-03-16 14:00:00+00:00,98776.942218,98032.775247,-0.02,-4.124627,1.0,Daily data excluded from curve outputs because these are intraday strategies.
37,Strategy4 / EMA + Confirmation,taken_fixed,SPY,equities,5min,full,2026-03-16 14:40:00+00:00,98162.691067,97399.040391,-0.646452,-4.744415,1.0,Daily data excluded from curve outputs because these are intraday strategies.
38,Strategy4 / EMA + Confirmation,taken_fixed,SPY,equities,5min,full,2026-03-17 13:30:00+00:00,98162.691067,97379.560583,-0.02,-4.763466,1.0,Daily data excluded from curve outputs because these are intraday strategies.
39,Strategy4 / EMA + Confirmation,taken_fixed,SPY,equities,5min,full,2026-03-17 14:05:00+00:00,98113.53194,97310.935376,-0.070472,-4.830581,1.0,Daily data excluded from curve outputs because these are intraday strategies.
40,Strategy4 / EMA + Confirmation,taken_fixed,SPY,equities,5min,full,2026-03-18 18:30:00+00:00,98113.53194,97291.473189,-0.02,-4.849615,1.0,Daily data excluded from curve outputs because these are intraday strategies.
41,Strategy4 / EMA + Confirmation,taken_fixed,SPY,equities,5min,full,2026-03-19 13:45:00+00:00,100083.03898,99241.128033,2.003932,-2.942866,1.0,Daily data excluded from curve outputs because these are intraday strategies.
42,Strategy4 / EMA + Confirmation,taken_fixed,SPY,equities,5min,full,2026-03-20 13:30:00+00:00,100083.03898,99221.279807,-0.02,-2.962278,1.0,Daily data excluded from curve outputs because these are intraday strategies.
43,Strategy4 / EMA + Confirmation,taken_fixed,SPY,equities,5min,full,2026-03-20 16:15:00+00:00,100464.743807,99583.064037,0.364624,-2.608455,1.0,Daily data excluded from curve outputs because these are intraday strategies.
44,Strategy4 / EMA + Confirmation,taken_fixed,SPY,equities,5min,full,2026-03-20 16:30:00+00:00,100464.743807,99563.147424,-0.02,-2.627933,1.0,Daily data excluded from curve outputs because these are intraday strategies.
45,Strategy4 / EMA + Confirmation,taken_fixed,SPY,equities,5min,full,2026-03-23 13:45:00+00:00,98508.853968,97587.736134,-1.984079,-4.559872,1.0,Daily data excluded from curve outputs because these are intraday strategies.
46,Strategy4 / EMA + Confirmation,taken_fixed,SPY,equities,5min,full,2026-03-23 14:30:00+00:00,98508.853968,97568.218587,-0.02,-4.57896,1.0,Daily data excluded from curve outputs because these are intraday strategies.
47,Strategy4 / EMA + Confirmation,taken_fixed,SPY,equities,5min,full,2026-03-23 15:50:00+00:00,97425.40732,96465.474984,-1.130228,-5.657436,1.0,Daily data excluded from curve outputs because these are intraday strategies.
48,Strategy4 / EMA + Confirmation,taken_fixed,SPY,equities,5min,full,2026-03-25 13:30:00+00:00,97425.40732,96446.181889,-0.02,-5.676304,1.0,Daily data excluded from curve outputs because these are intraday strategies.
49,Strategy4 / EMA + Confirmation,taken_fixed,SPY,equities,5min,full,2026-03-25 13:55:00+00:00,96492.641254,95494.31314,-0.986943,-6.607225,1.0,Daily data excluded from curve outputs because these are intraday strategies.
50,Strategy4 / EMA + Confirmation,taken_fixed,SPY,equities,5min,full,2026-03-26 16:30:00+00:00,96492.641254,95475.214278,-0.02,-6.625904,1.0,Daily data excluded from curve outputs because these are intraday strategies.
51,Strategy4 / EMA + Confirmation,taken_fixed,SPY,equities,5min,full,2026-03-27 15:35:00+00:00,98918.519386,97881.512191,2.520338,-4.272561,1.0,Daily data excluded from curve outputs because these are intraday strategies.
52,Strategy4 / EMA + Confirmation,taken_fixed,SPY,equities,5min,full,2026-03-27 16:00:00+00:00,98918.519386,97861.935888,-0.02,-4.291707,1.0,Daily data excluded from curve outputs because these are intraday strategies.
53,Strategy4 / EMA + Confirmation,taken_fixed,SPY,equities,5min,full,2026-03-30 13:45:00+00:00,100106.664604,99030.27109,1.193861,-3.149083,1.0,Daily data excluded from curve outputs because these are intraday strategies.
54,Strategy4 / EMA + Confirmation,taken_fixed,SPY,equities,5min,full,2026-03-30 19:30:00+00:00,100106.664604,99010.465036,-0.02,-3.168453,1.0,Daily data excluded from curve outputs because these are intraday strategies.
55,Strategy4 / EMA + Confirmation,taken_fixed,SPY,equities,5min,full,2026-03-30 19:55:00+00:00,99304.454826,98188.613607,-0.830065,-3.972218,1.0,Daily data excluded from curve outputs because these are intraday strategies.
56,Strategy4 / EMA + Confirmation,taken_fixed,SPY,equities,5min,full,2026-03-31 14:00:00+00:00,99304.454826,98168.975884,-0.02,-3.991424,1.0,Daily data excluded from curve outputs because these are intraday strategies.
57,Strategy4 / EMA + Confirmation,taken_fixed,SPY,equities,5min,full,2026-03-31 14:55:00+00:00,98173.577755,97018.691194,-1.17174,-5.116394,1.0,Daily data excluded from curve outputs because these are intraday strategies.
58,Strategy4 / EMA + Confirmation,taken_fixed,SPY,equities,5min,full,2026-03-31 16:30:00+00:00,98173.577755,96999.287455,-0.02,-5.135371,1.0,Daily data excluded from curve outputs because these are intraday strategies.
59,Strategy4 / EMA + Confirmation,taken_fixed,SPY,equities,5min,full,2026-04-01 13:55:00+00:00,101899.656984,100705.22161,3.820579,-1.510993,1.0,Daily data excluded from curve outputs because these are intraday strategies.
60,Strategy4 / EMA + Confirmation,taken_fixed,SPY,equities,5min,full,2026-04-01 15:00:00+00:00,101899.656984,100685.080566,-0.02,-1.530691,1.0,Daily data excluded from curve outputs because these are intraday strategies.
61,Strategy4 / EMA + Confirmation,taken_fixed,SPY,equities,5min,full,2026-04-01 18:10:00+00:00,101692.64124,100457.969209,-0.225566,-1.752804,1.0,Daily data excluded from curve outputs because these are intraday strategies.
62,Strategy4 / EMA + Confirmation,taken_fixed,SPY,equities,5min,full,2026-04-06 13:30:00+00:00,101692.64124,100437.877615,-0.02,-1.772453,1.0,Daily data excluded from curve outputs because these are intraday strategies.
63,Strategy4 / EMA + Confirmation,taken_fixed,SPY,equities,5min,full,2026-04-06 13:50:00+00:00,101755.289312,100480.425582,0.042362,-1.730842,1.0,Daily data excluded from curve outputs because these are intraday strategies.
64,Strategy4 / EMA + Confirmation,taken_fixed,SPY,equities,5min,full,2026-04-06 14:30:00+00:00,101755.289312,100460.329497,-0.02,-1.750496,1.0,Daily data excluded from curve outputs because these are intraday strategies.
65,Strategy4 / EMA + Confirmation,taken_fixed,SPY,equities,5min,full,2026-04-06 14:50:00+00:00,101410.477524,100095.494606,-0.363163,-2.107302,1.0,Daily data excluded from curve outputs because these are intraday strategies.
66,Strategy4 / EMA + Confirmation,taken_fixed,SPY,equities,5min,full,2026-04-07 14:00:00+00:00,101410.477524,100075.475507,-0.02,-2.12688,1.0,Daily data excluded from curve outputs because these are intraday strategies.
67,Strategy4 / EMA + Confirmation,taken_fixed,SPY,equities,5min,full,2026-04-07 14:35:00+00:00,101145.554353,99790.590226,-0.28467,-2.405496,1.0,Daily data excluded from curve outputs because these are intraday strategies.
68,Strategy4 / EMA + Confirmation,taken_fixed,SPY,equities,5min,full,2026-04-07 15:00:00+00:00,101145.554353,99770.632108,-0.02,-2.425015,1.0,Daily data excluded from curve outputs because these are intraday strategies.
69,Strategy4 / EMA + Confirmation,taken_fixed,SPY,equities,5min,full,2026-04-07 16:15:00+00:00,100131.38682,98736.713282,-1.036296,-3.43618,1.0,Daily data excluded from curve outputs because these are intraday strategies.
70,Strategy4 / EMA + Confirmation,taken_fixed,SPY,equities,5min,full,2026-04-09 16:00:00+00:00,100131.38682,98716.965939,-0.02,-3.455493,1.0,Daily data excluded from curve outputs because these are intraday strategies.
71,Strategy4 / EMA + Confirmation,taken_fixed,SPY,equities,5min,full,2026-04-09 18:15:00+00:00,99931.048739,98496.924533,-0.222901,-3.670692,1.0,Daily data excluded from curve outputs because these are intraday strategies.
72,Strategy4 / EMA + Confirmation,taken_fixed,SPY,equities,5min,full,2026-04-13 19:30:00+00:00,99931.048739,98477.225148,-0.02,-3.689958,1.0,Daily data excluded from curve outputs because these are intraday strategies.
73,Strategy4 / EMA + Confirmation,taken_fixed,SPY,equities,5min,full,2026-04-15 13:45:00+00:00,103074.962391,101600.814572,3.17189,-0.635109,1.0,Daily data excluded from curve outputs because these are intraday strategies.
74,Strategy4 / EMA + Confirmation,taken_fixed,SPY,equities,5min,full,2026-04-17 13:30:00+00:00,103074.962391,101580.494409,-0.02,-0.654982,1.0,Daily data excluded from curve outputs because these are intraday strategies.
75,Strategy4 / EMA + Confirmation,taken_fixed,SPY,equities,5min,full,2026-04-17 13:50:00+00:00,103287.802492,101772.975843,0.189487,-0.466737,1.0,Daily data excluded from curve outputs because these are intraday strategies.
76,Strategy4 / EMA + Confirmation,taken_fixed,SPY,equities,5min,full,2026-04-17 14:00:00+00:00,103287.802492,101752.621247,-0.02,-0.486643,1.0,Daily data excluded from curve outputs because these are intraday strategies.
77,Strategy4 / EMA + Confirmation,taken_fixed,SPY,equities,5min,full,2026-04-17 17:35:00+00:00,103628.003552,102072.403743,0.314274,-0.173898,1.0,Daily data excluded from curve outputs because these are intraday strategies.
78,Strategy4 / EMA + Confirmation,taken_fixed,SPY,equities,5min,full,2026-04-24 16:00:00+00:00,103628.003552,102051.989262,-0.02,-0.193863,1.0,Daily data excluded from curve outputs because these are intraday strategies.
79,Strategy4 / EMA + Confirmation,taken_fixed,SPY,equities,5min,full,2026-04-24 17:20:00+00:00,103430.67764,101834.292418,-0.21332,-0.406769,1.0,Daily data excluded from curve outputs because these are intraday strategies.
80,Strategy4 / EMA + Confirmation,taken_fixed,SPY,equities,5min,full,2026-04-24 18:00:00+00:00,103430.67764,101813.92556,-0.02,-0.426688,1.0,Daily data excluded from curve outputs because these are intraday strategies.
81,Strategy4 / EMA + Confirmation,taken_fixed,SPY,equities,5min,full,2026-04-24 18:55:00+00:00,103412.146289,101775.03513,-0.038198,-0.464723,1.0,Daily data excluded from curve outputs because these are intraday strategies.
82,Strategy4 / EMA + Confirmation,taken_fixed,SPY,equities,5min,full,2026-04-28 15:30:00+00:00,103412.146289,101754.680123,-0.02,-0.48463,1.0,Daily data excluded from curve outputs because these are intraday strategies.
83,Strategy4 / EMA + Confirmation,taken_fixed,SPY,equities,5min,full,2026-04-28 16:05:00+00:00,103240.098427,101562.315734,-0.189047,-0.672761,1.0,Daily data excluded from curve outputs because these are intraday strategies.
84,Strategy4 / EMA + Confirmation,taken_fixed,SPY,equities,5min,full,2026-04-29 13:30:00+00:00,103240.098427,101542.003271,-0.02,-0.692626,1.0,Daily data excluded from curve outputs because these are intraday strategies.
85,Strategy4 / EMA + Confirmation,taken_fixed,SPY,equities,5min,full,2026-04-29 14:05:00+00:00,103045.633138,101327.268474,-0.211474,-0.902635,1.0,Daily data excluded from curve outputs because these are intraday strategies.
86,Strategy4 / EMA + Confirmation,taken_fixed,SPY,equities,5min,full,2026-04-30 18:00:00+00:00,103045.633138,101307.00302,-0.02,-0.922455,1.0,Daily data excluded from curve outputs because these are intraday strategies.
87,Strategy4 / EMA + Confirmation,taken_fixed,SPY,equities,5min,full,2026-05-01 15:05:00+00:00,104411.852347,102652.687585,1.328323,0.0,1.0,Daily data excluded from curve outputs because these are intraday strategies.
88,Strategy4 / EMA + Confirmation,taken_fixed,SPY,equities,5min,full,2026-05-01 15:30:00+00:00,104411.852347,102632.157047,-0.02,-0.02,1.0,Daily data excluded from curve outputs because these are intraday strategies.
89,Strategy4 / EMA + Confirmation,taken_fixed,SPY,equities,5min,full,2026-05-01 16:20:00+00:00,104207.50423,102407.323369,-0.219067,-0.239024,1.0,Daily data excluded from curve outputs because these are intraday strategies.
