Date,Close,High,Low,Open,Volume
2017-01-03,194.4678497314453,194.97724112010118,193.29365159666258,194.2951630733348,91366500
2017-01-04,195.62481689453125,195.77159004486924,194.78733649178588,194.79596555681337,78744400
2017-01-05,195.46934509277344,195.6247604374313,194.67503659269232,195.3571145832252,78379000
2017-01-06,196.16871643066406,196.6349361687553,195.03767675239263,195.58161075861804,71559900
2017-01-09,195.52122497558594,196.0478877992009,195.48668236549716,195.90974370713732,46939700
2017-01-10,195.52122497558594,196.3759635501698,195.13269306988883,195.5384831064846,63771900
2017-01-11,196.07374572753906,196.07374572753906,194.7700325488776,195.43483932065197,74650000
2017-01-12,195.58160400390625,195.77154878764264,194.22610332812465,195.55570364013695,72113200
2017-01-13,196.0305938720703,196.33276921767424,195.71977628786865,195.75430571982696,62717900
2017-01-17,195.33990478515625,195.7974955523788,194.9513860624016,195.3917055249708,61240800
2017-01-18,195.77154541015625,195.81471707374104,195.03766665164105,195.59022969275696,54793300
2017-01-19,195.0463104248047,195.98739209731042,194.61462013384144,195.84924804240805,66608800
2017-01-20,195.762939453125,196.25505958847907,195.09813264304947,195.72839684852326,129168600
2017-01-23,195.25352478027344,195.8233591595471,194.49375878205151,195.7629293658233,75061600
2017-01-24,196.50543212890625,196.91985113299535,195.35713433657327,195.46936485746957,95555300
2017-01-25,198.206298828125,198.206298828125,197.2911042881558,197.45514871677426,84437700
2017-01-26,197.99905395507812,198.3271427646296,197.72276586826825,198.0594837402296,59970700
2017-01-27,197.688232421875,198.22352411150052,197.50691672182785,198.07675100867226,59711100
2017-01-30,196.4622344970703,197.02342654980666,195.47798125860876,196.99752618885827,79737300
2017-01-31,196.4449920654297,196.50543503261844,195.4003088892889,195.97013008802804,75880800
2017-02-01,196.52273559570312,197.36021603464965,195.93564296897333,196.44503448466165,79117700
2017-02-02,196.6522216796875,196.93713888571978,195.83201266640026,196.52270667286717,69657600
2017-02-03,198.00767517089844,198.18899086744995,197.24790931056123,197.55872680883482,80563200
2017-02-06,197.65374755859375,197.9991077609571,197.31702959512992,197.6019468217754,57790100
2017-02-07,197.66233825683594,198.2839732848533,197.47239348860057,198.04222779330667,57931200
2017-02-08,197.92137145996094,198.05087327897783,197.11842065962912,197.66235464778478,51566200
2017-02-09,199.0955810546875,199.39775637450677,197.92138285613618,197.92138285613618,65955200
2017-02-10,199.88128662109375,200.10577406319265,199.11287822700316,199.44096715059655,66015900
2017-02-13,200.96908569335938,201.22810248207932,200.3474506700879,200.37335103154578,55182100
2017-02-14,201.77212524414062,201.7807674850894,200.44252437866203,200.7878714887701,71109000
2017-02-15,202.82534790039062,203.01529266658943,201.50437677355242,201.55617749630827,86785800
2017-02-16,202.6527099609375,203.0325995599349,201.90157300101112,202.85128382436127,84722400
2017-02-17,202.9721221923828,202.9721221923828,201.97059763278025,201.9878689318468,77204100
2017-02-21,204.180908203125,204.35358170974862,203.33478562462432,203.34342786314915,88946100
2017-02-22,203.9995574951172,204.22403169784153,203.61103887826502,203.77508329239282,62115200
2017-02-23,204.13772583007812,204.53487355707574,203.3779466317962,204.5176154292191,74615900
2017-02-24,204.39675903320312,204.43991753044466,203.2484610798872,203.29163275127317,82381600
2017-02-27,204.71620178222656,204.88887529033158,204.06003718176973,204.3104117924004,56515400
2017-02-28,204.16360473632812,204.57802372176616,203.77508611409613,204.33627821574882,96961900
2017-03-01,207.02139282226562,207.48762570939044,205.80402305205783,205.82129435228447,149158200
2017-03-02,205.71768188476562,206.84007920484513,205.66588116100127,206.8314369681235,70246000
2017-03-03,205.84719848632812,206.01124290613103,205.25146377194582,205.63135333903844,81974300
2017-03-06,205.23422241210938,205.5881984702343,204.62984541100997,205.05290667695087,55391500
2017-03-07,204.62124633789062,205.2860532320529,204.4140302065017,204.93206394790133,65103700
2017-03-08,204.2412872314453,205.1737397443952,204.10314319082886,204.91472296177454,78168800
2017-03-09,204.50033569335938,204.82842454711275,203.5333536075299,204.3621916313429,90683900
2017-03-10,205.21694946289062,205.50186665919932,204.267225475195,205.45869499173256,81991700
2017-03-13,205.32052612304688,205.36369778529854,204.82840606097443,205.1564817109755,57256800
2017-03-14,204.5348663330078,204.8284257600669,203.9218734621619,204.77661185589673,59880800
2017-03-15,206.3048095703125,206.72787084357762,204.87159448861624,205.10471095952914,96081800
2017-03-16,205.8990020751953,206.52063716195985,205.57092640517246,206.4429360696499,78344000
2017-03-17,205.5374298095703,206.35254049942546,205.5374298095703,206.16176934939736,89002100
2017-03-20,205.31198120117188,205.82358873104448,204.9217722924802,205.53743200294863,52537000
2017-03-21,202.6759033203125,206.04039871622197,202.5458380782888,205.91900007984685,131809300
2017-03-22,203.1527557373047,203.43891239483597,202.08618145483652,202.71052084736766,97569200
2017-03-23,202.93600463867188,204.07195161988832,202.56314220179587,203.15278881772713,100410300
2017-03-24,202.78857421875,203.811789098104,202.00815653895305,203.23948897426524,112504900
2017-03-27,202.58047485351562,202.8406185139592,200.83753482201902,201.115011690091,87454500
2017-03-28,204.05462646484375,204.47951500442747,202.16426146852515,202.27699348014863,93483900
2017-03-29,204.245361328125,204.47949192913052,203.54298275656367,203.76844675436723,61950400
2017-03-30,204.89576721191406,205.095218220632,204.01129712243826,204.18472185185752,56737900
2017-03-31,204.41883850097656,205.0865243250438,204.36679917740523,204.55757033612667,73733100
2017-04-03,204.06329345703125,204.67028653720263,202.83196085683875,204.47084878902993,85546500
2017-04-04,204.19334411621094,204.28006307781868,203.39557994895193,203.77712220969664,56466200
2017-04-05,203.58633422851562,205.84956133200993,203.3782166767564,204.86969271906057,108800600
2017-04-06,204.15872192382812,204.67899614552016,203.28290515207158,203.72515345668833,69135800
2017-04-07,203.95053100585938,204.6442429502869,203.46493661419655,203.90717152843487,74412300
2017-04-10,204.07188415527344,204.86964808268726,203.54293040398852,204.089230588671,67615300
2017-04-11,203.82916259765625,203.93321477372265,202.33768632723948,203.69041754192986,88045300
2017-04-12,202.93600463867188,203.7424486651146,202.7105538557787,203.55167752902952,81864400
2017-04-13,201.61795043945312,203.33489064134773,201.61795043945312,202.59781914979595,92880400
2017-04-17,203.40431213378906,203.40431213378906,201.93884863306312,202.13828641834283,68405400
2017-04-18,202.7972412109375,203.3348749236641,202.11220908904167,202.66717600787345,83225800
2017-04-19,202.4243927001953,203.7337643495707,202.198928690804,203.3609019208942,68699900
2017-04-20,204.07188415527344,204.5141322024743,202.71915344220426,203.03998968707398,92572200
2017-04-21,203.42161560058594,204.04595514547796,203.02274008835104,203.99392905531317,110389800
2017-04-24,205.65882873535156,205.8669463260892,203.39560120797648,205.66749533983582,119209900
2017-04-25,206.85546875,207.20231814801264,206.2137828090746,206.30050177430596,76698300
2017-04-26,206.72540283203125,207.70527162641977,206.6820565782447,206.82078840698463,84702500
2017-04-27,206.89881896972656,207.20230887153625,206.3611852259836,207.0462306188551,57410300
2017-04-28,206.44790649414062,207.18496474801913,206.31782805066376,207.15895170561492,63532800
2017-05-01,206.9681854248047,207.39308717979222,206.55196350512594,206.9681854248047,66882500
2017-05-02,207.0462188720703,207.22831015653398,206.63866359347344,207.10691155640652,57375700
2017-05-03,206.7947998046875,207.14166249617847,206.11843409560353,207.0462769099508,73137700
2017-05-04,207.0375518798828,207.1762969261933,206.1877616262789,207.0982577994396,61462700
2017-05-05,207.85264587402344,207.8699923112897,206.9681628138105,207.41041095964437,62001300
2017-05-08,207.8179931640625,208.04344395192322,207.39309140042783,207.8960322946924,48385700
2017-05-09,207.627197265625,208.27754973957022,207.28033467398123,208.07811201903442,51363200
2017-05-10,208.00006103515625,208.00006103515625,207.3757215975435,207.58383915389945,54293800
2017-05-11,207.57522583007812,207.73998395055054,206.49130475482116,207.54921278278863,62358300
2017-05-12,207.22830200195312,207.6185108276182,206.9594917716384,207.32368755768942,53912700
2017-05-15,208.37290954589844,208.4943081301066,207.6358382072719,207.653184642574,61918900
2017-05-16,208.18215942382812,208.69376684942557,207.79195059466826,208.66775380957856,51241800
2017-05-17,204.48818969726562,208.18218739791666,204.42748377516224,208.18218739791666,172174100
2017-05-18,205.31198120117188,206.16177154943827,204.15000784820333,204.41015153115023,107047700
2017-05-19,206.64732360839844,207.3150225035401,205.74550735498167,205.79753343459836,115011400
2017-05-22,207.69659423828125,207.8613523347789,207.08960117075563,207.15896046579584,61010600
2017-05-23,208.1562042236328,208.32096234274778,207.6879429133631,208.06948524574335,48341700
2017-05-24,208.64178466796875,208.7458368492494,208.05212476731114,208.39032081938808,46927700
2017-05-25,209.6389617919922,209.9164518843952,208.94526302389642,209.1533673617428,64071700
2017-05-26,209.59564208984375,209.76038696768669,209.3701780533452,209.448217189922,46629900
2017-05-30,209.4135284423828,209.66499228202534,209.11870511826206,209.2747833846353,35201900
2017-05-31,209.3614959716797,209.74303825312643,208.6677839355453,209.70834537401862,91796000
2017-06-01,211.02638244628906,211.0437288846533,209.53490630190274,209.82106299336175,68962000
2017-06-02,211.728759765625,211.88485124705335,210.78358396801957,211.0784072611607,88666100
2017-06-05,211.57269287109375,211.84150313700025,211.3732418990385,211.5553464319028,44698800
2017-06-06,210.8962860107422,211.56397162716306,210.8182336653879,211.00900476478066,50375400
2017-06-07,211.2865447998047,211.51199559267457,210.56681970571725,211.23451871156217,54144300
2017-06-08,211.39060974121094,211.86753763132825,210.8616557597095,211.38194313646613,65950700
2017-06-09,211.06973266601562,212.4571433508012,209.80370735008688,211.6593792299721,132256400
2017-06-12,211.02638244628906,211.07840852992604,210.17659220682197,210.82694471519545,86108100
2017-06-13,212.05833435058594,212.11036044824172,211.21721048792622,211.56405995993757,60067000
2017-06-14,211.78945922851562,212.33574631822515,210.96566882947198,212.3270797150871,78602300
2017-06-15,211.38189697265625,211.5032955698595,210.15923116631717,210.4367080035868,66464900
2017-06-16,211.4281005859375,211.59366213965603,210.54802631656844,211.5413823428988,84553100
2017-06-19,213.1882781982422,213.24926686697899,212.16006003399033,212.2559107671326,65123800
2017-06-20,211.75051879882812,212.83972564003517,211.7331010624758,212.83101677185903,56906400
2017-06-21,211.6982421875,212.2559155667613,211.22771067524104,212.14264709483686,55977600
2017-06-22,211.6023712158203,212.20361547108342,211.428100794464,211.7069441054188,44148100
2017-06-23,211.85501098632812,212.1861206986443,211.2799068022329,211.6633095916297,66986800
2017-06-26,211.99449157714844,212.9442900095876,211.7853723814404,212.5260250262087,56700500
2017-06-27,210.28656005859375,212.0728613331678,210.2691290321554,211.77658706762557,82247700
2017-06-28,212.16873168945312,212.36914197613868,211.07080295374374,211.30607529653554,70042600
2017-06-29,210.30406188964844,212.36919380263205,209.09286441596026,212.31691400169302,106949700
2017-06-30,210.6961669921875,211.48911273716445,210.50446553085283,211.11441868238066,86820700
2017-07-03,211.05340576171875,212.07290161839734,211.05340576171875,211.63721894651863,39153800
2017-07-05,211.5413818359375,211.75050102246536,210.60901447606477,211.41939121180266,54427600
2017-07-06,209.60694885253906,210.896565916886,209.42395626898553,210.77457529317726,65400800
2017-07-07,210.9662628173828,211.11439332953753,209.61564388235107,210.18203933045078,57972300
2017-07-10,211.1928253173828,211.56751934898887,210.66129189764914,210.96627510253822,36663300
2017-07-11,211.0359649658203,211.34965700689543,209.868338650255,211.19280433836818,50354600
2017-07-12,212.6218719482422,212.78743350586683,212.00320994404407,212.00320994404407,59610400
2017-07-13,212.97918701171875,213.09246879903725,212.40408250131102,212.630646075948,39471600
2017-07-14,213.97247314453125,214.32973612894273,212.8832664574085,212.9791171777145,60262700
2017-07-17,213.94631958007812,214.27744264652375,213.7720491804675,213.89403978979286,33531900
2017-07-18,214.05966186523438,214.11194167030587,213.19700519360578,213.5368372225535,42742500
2017-07-19,215.21852111816406,215.2272299846473,214.36457354754899,214.3732957100116,51034300
2017-07-20,215.3144073486328,215.5932373778615,214.76544286211356,215.4712467470774,47135200
2017-07-21,215.1227264404297,215.148866342668,214.5127599322484,214.73932347962415,82340800
2017-07-24,215.07041931152344,215.20982767375511,214.59987453905043,215.04426611662504,46622300
2017-07-25,215.5932159423828,215.92433903415252,215.36666573516052,215.8197661496051,54915600
2017-07-26,215.60194396972656,215.91563605928576,215.3405449750784,215.88078729199316,47575400
2017-07-27,215.40151977539062,216.09861474020028,214.0770406718503,216.06376597515103,70766600
2017-07-28,215.1488494873047,215.27954898825683,214.46918549038995,214.92228595767858,50088400
2017-07-31,215.02687072753906,215.64553279418223,214.8177382184862,215.54968205619747,65838700
2017-08-01,215.50607299804688,215.662912370428,214.98324849815106,215.62806360855865,55050400
2017-08-02,215.6106414794922,215.7500631246833,214.67827418525408,215.636781375968,47211200
2017-08-03,215.1924285888672,215.523538435843,214.91358524827461,215.49739853466022,40856000
2017-08-04,215.58450317382812,215.9156129636254,215.2011002947134,215.68035389360682,60191800
2017-08-07,215.9853515625,215.9853515625,215.54966883401892,215.65424173012192,31995000
2017-08-08,215.45384216308594,216.89160330522697,215.07916135682032,215.6716835516543,61719400
2017-08-09,215.44509887695312,215.49737867450057,214.40817190565855,214.76543491687417,62632600
2017-08-10,212.40402221679688,214.73928837081584,212.35174242086774,214.60857558501237,120479500
2017-08-11,212.71774291992188,213.31027837749468,212.39534193764374,212.63061434697283,74869900
2017-08-14,214.82644653320312,215.0442879102448,213.9638031895468,213.99865195964117,73291900
2017-08-15,214.80029296875,215.2272668271467,214.49532303787947,215.20983579521703,55242700
2017-08-16,215.17491149902344,215.72387579627332,214.7479377904983,215.32304197847657,56715500
2017-08-17,211.82022094726562,214.87872214140077,211.82022094726562,214.56503005215566,128490400
2017-08-18,211.48907470703125,212.77869160921608,211.04466990113158,211.65462294297717,136748000
2017-08-21,211.65464782714844,211.91606010323903,210.72229377413484,211.42809761239295,65469700
2017-08-22,213.86793518066406,214.02477457739676,212.22105503506384,212.2384860666946,63140100
2017-08-23,213.1011505126953,213.52812440619064,212.75260962134018,212.90074016496524,50203800
2017-08-24,212.60443115234375,213.6413447239777,212.39529868708377,213.48450534701752,50741700
2017-08-25,213.1011505126953,214.01608697248088,212.95301996907025,213.39741159994543,64445900
2017-08-28,213.10983276367188,213.65878389994307,212.691567817204,213.63264400278635,40565600
2017-08-29,213.3538360595703,213.61523505816322,211.68080269268597,211.79408445606398,51135700
2017-08-30,214.3645782470703,214.63471266572543,213.153380980378,213.3363735483728,62030800
2017-08-31,215.65420532226562,215.8981865453463,214.39943714871944,214.98325031080395,103803900
2017-09-01,215.9591522216797,216.38612596462394,215.81102173028552,216.02886303456722,62007000
2017-09-05,214.4081573486328,215.68035661849729,213.44094127173,215.45379311653255,91398800
2017-09-06,215.14013671875,215.47125986359848,214.5563234290314,215.087856916086,57916900
2017-09-07,215.114013671875,215.46256787691527,214.70447079094234,215.4451368426674,58034700
2017-09-08,214.86123657226562,215.32305907310064,214.6172553754463,214.82637451787542,63832800
2017-09-11,217.15301513671875,217.23143484538897,216.11608800213492,216.13350574007288,71364800
2017-09-12,217.88490295410156,217.91975171699505,217.33593854267625,217.51893111181127,56896000
2017-09-13,217.98947143554688,218.0243334958429,217.4840779290966,217.5973596810883,59228000
2017-09-14,217.91976928710938,218.12019290184045,217.49280875133618,217.66707917181387,95446300
2017-09-15,218.213134765625,218.3006957249808,217.67021138693656,217.7752898829497,95432400
2017-09-18,218.67724609375,219.02751665001276,218.29194046468183,218.58091968648296,46235200
2017-09-19,218.89620971679688,218.98378405332213,218.57220872319542,218.9224793453609,47108100
2017-09-20,218.97500610351562,219.08885006210673,217.9767201891611,218.98377155384847,59574100
2017-09-21,218.38824462890625,218.90489832345997,218.21310936861255,218.81733737429505,48211400
2017-09-22,218.4320526123047,218.59843580213592,218.06426452202962,218.09053414548032,51214000
2017-09-25,217.98545837402344,218.528395143318,217.24113005139031,218.17811120152052,57064400
2017-09-26,218.11680603027344,218.65972940317045,217.88036605480062,218.414537340445,54082000
2017-09-27,218.9662322998047,219.35153794116275,217.93291141052939,218.81736664054645,81001400
2017-09-28,219.2289581298828,219.30776700909294,218.59846037226853,218.68602133962423,44778800
2017-09-29,219.9995574951172,220.07837973679105,219.0363066763297,219.22019406231306,85578000
2017-10-02,220.95404052734375,220.95404052734375,220.05206780655772,220.2272164432711,59023000
2017-10-03,221.42697143554688,221.45324106629286,220.87528246594292,220.9541047201498,66810200
2017-10-04,221.68959045410156,221.93478248211568,221.16417133009227,221.27801525808573,55953600
2017-10-05,223.00314331054688,223.02064748401895,221.72463046296645,222.02236175556584,63522800
2017-10-06,222.74917602539062,223.03815521855543,222.29382701976476,222.55652322994743,80646000
2017-10-09,222.38145446777344,223.03822191355067,222.11874481706897,222.97693056683477,35803100
2017-10-10,222.9681396484375,223.34469322256305,222.4076986932,222.95063547249964,43057400
2017-10-11,223.3184051513672,223.3184051513672,222.70542499501343,222.87179482447962,47674300
2017-10-12,222.9856719970703,223.3534601456891,222.74923198654133,223.00318953613802,47065100
2017-10-13,223.2571258544922,223.53735302182952,222.9856641373634,223.42350906485288,54800400
2017-10-16,223.5548553466797,223.74750818213673,223.14329341125787,223.4848119173923,38221700
2017-10-17,223.71250915527344,223.75629632449372,223.28341627606332,223.5023387601968,31561000
2017-10-18,223.93141174316406,224.13281666932104,223.73875890528632,224.08902950399124,40888300
2017-10-19,223.99267578125,224.02771085402995,222.73169376244084,223.1520211020439,61903800
2017-10-20,225.1486053466797,225.17490169725397,223.9751975121371,224.78959602390063,89176400
2017-10-23,224.27285766601562,225.49884452362673,224.19404880641378,225.47257490375944,63915300
2017-10-24,224.66696166992188,224.9033882834358,224.30792566307667,224.70199674286374,66935900
2017-10-25,223.5548553466797,224.44806273271078,222.42522132237863,224.3342187766771,103715300
2017-10-26,223.84378051757812,224.43924305641963,223.72118450299524,224.16779476908982,69798000
2017-10-27,225.6740264892578,225.8316709743532,223.85260333776702,224.58817961378833,85562500
2017-10-30,224.8333282470703,225.57766982948021,224.53559695889206,224.58813620245712,54285700
2017-10-31,225.1836395263672,225.437597065505,224.8859081843137,225.2099091529033,60304800
2017-11-01,225.4813690185547,226.3045196085102,225.11359425006668,225.96301446634277,54202700
2017-11-02,225.5688934326172,225.70900698329962,224.34293326905495,225.41127570957218,56449500
2017-11-03,226.32208251953125,226.36585632827916,225.31501767895995,225.72659303215065,59589700
2017-11-06,226.6722869873047,226.80363509913997,226.1205981936673,226.19064161200308,49652600
2017-11-07,226.5146942138672,227.11015686909025,226.00677916022886,226.77739046648557,57502200
2017-11-08,226.89993286132812,226.996272619473,226.05927827825934,226.3395053805914,50469600
2017-11-09,226.0768585205078,226.26951135492058,224.49183531869664,225.69155285168225,95085500
2017-11-10,226.00680541992188,226.181954091306,225.37630761644823,225.69156988015266,59984700
2017-11-13,226.21690368652344,226.4445915553938,225.28867476195268,225.32370983191618,50228600
2017-11-14,225.6915283203125,225.79660681421927,224.63192448424843,225.4113011872742,61315200
2017-11-15,224.56185913085938,225.24489599847416,223.85255264233354,224.71947685632563,80811500
2017-11-16,226.4709014892578,226.83870297952345,225.46386352096016,225.50763732326016,67777000
2017-11-17,225.80531311035156,226.44457615505033,225.72650425123962,226.12057527072577,75756800
2017-11-20,226.19068908691406,226.38334193268457,225.80538339537304,226.05060222083983,48075500
2017-11-21,227.67059326171875,227.85450736960243,226.15566693976137,226.96128662826206,69176800
2017-11-22,227.46922302246094,227.81072819609298,227.3028397991232,227.67938005238835,45033400
2017-11-24,227.99456787109375,228.0996730879914,227.8194459574578,227.9595595227246,27856500
2017-11-27,227.88079833984375,228.33614747930068,227.67938003688658,228.03841611227858,52274900
2017-11-28,230.19256591796875,230.21883554215188,228.24853355662276,228.34487332791497,98971700
2017-11-29,230.0524444580078,230.8580907785463,229.60586086220994,230.32390613990088,77512100
2017-11-30,232.0665283203125,232.97722633714784,230.8931073677559,230.97191623129387,127894400
2017-12-01,231.5849151611328,232.32925682992754,228.34487896157293,231.84763813337713,164390900
2017-12-04,231.30474853515625,233.6340602076984,231.25218255388125,233.2049806981147,94040600
2017-12-05,230.47280883789062,232.1891534245384,230.34146070798212,230.47280883789062,77994500
2017-12-06,230.5166015625,230.945707787336,230.0524869827699,230.56914081877625,75898600
2017-12-07,231.24339294433594,231.55862841900824,230.25385927562056,231.24339294433594,77218600
2017-12-08,232.50437927246094,232.51311799713196,231.2083489043539,232.19788253468707,76563900
2017-12-11,233.2050018310547,233.26630654481795,232.47819088937246,233.2050018310547,83077500
2017-12-12,233.6165008544922,234.08938078279797,233.23996069117888,233.99304101780547,85195800
2017-12-13,233.59019470214844,234.299501121718,233.5026203996494,233.8616563331479,102905400
2017-12-14,232.63572692871094,234.0018007111688,232.58318768507246,233.88795677530922,100666700
2017-12-15,234.57298278808594,235.03946956148346,233.58720144509695,233.64000924129087,144610300
2017-12-18,236.06051635742188,236.4125773620688,235.86687877578615,235.97249439112693,83653600
2017-12-19,235.15386962890625,236.35088202545296,235.0834413346834,236.3068844869568,82382900
2017-12-20,235.0306854248047,236.1748902835174,234.73143225961104,236.12208248145558,76751500
2017-12-21,235.51475524902344,236.22771426568343,235.26830989703402,235.65558500166438,67032300
2017-12-22,235.4532012939453,235.56762716484587,234.9162860983042,235.5324130059842,78720900
2017-12-26,235.1715087890625,235.39155024518007,234.90746978593313,235.04827268058258,45244400
2017-12-27,235.2859344482422,235.6468056592384,235.01308519172568,235.33874224882416,57751000
2017-12-28,235.77008056640625,235.81410498617106,235.4004258593879,235.78770107852688,45116100
2017-12-29,234.8810577392578,236.36854024997027,234.68744702855656,236.35094660186965,96007400
2018-01-02,236.5622100830078,236.59742424454294,235.3563869406468,235.74366213592793,86655700
2018-01-03,238.05844116210938,238.20808116432923,236.72938223016916,236.72938223016916,90070400
2018-01-04,239.06185913085938,239.54596651632667,238.12010198488656,238.70101473112751,80636400
2018-01-05,240.6549530029297,240.77816225162655,239.36110815870046,239.8539988745469,83524000
2018-01-08,241.09503173828125,241.25345513837206,240.2676737237684,240.55811662393486,57319200
2018-01-09,241.64073181152344,242.26564202295054,241.2358361946289,241.5174957036349,57254000
2018-01-10,241.2710418701172,241.53510772322946,240.21485903925273,240.88376677397508,69574300
2018-01-11,243.0314483642578,243.0314483642578,241.6583914585135,241.82562515887665,62361500
2018-01-12,244.61573791503906,244.78294473745254,242.99620889486286,243.29548896158266,90816100
2018-01-16,243.779541015625,246.52565422025643,243.08420246043607,245.8743400746922,106555100
2018-01-17,246.10321044921875,246.49048565078004,243.77958610038664,244.71255994218367,113258800
2018-01-18,245.68946838378906,246.41118384964335,245.19655087610764,245.98872150095318,100728000
2018-01-19,246.80726623535156,246.80726623535156,245.6894654703297,246.2703511928904,140920100
2018-01-22,248.81410217285156,248.81410217285156,246.54325909295474,246.59609375901607,91322400
2018-01-23,249.34219360351562,249.63263651822,248.532429194971,248.85808626496785,97084700
2018-01-24,249.2453155517578,250.58318460151446,248.06589674141077,249.98465151374285,134816100
2018-01-25,249.3509063720703,250.2046680875177,248.55876269579983,250.10786276354497,84587300
2018-01-26,252.2379608154297,252.28198523181229,249.93193018987827,250.18718585118629,107743100
2018-01-29,250.56558227539062,252.10587235640565,250.4071588850128,251.66578947611563,90118300
2018-01-30,247.9954833984375,250.61835985801847,247.5201864240777,248.73481932492822,131796400
2018-01-31,248.11868286132812,249.35090935700217,247.04487973070007,248.84923536768983,108364800
2018-02-01,247.83709716796875,249.139752342768,247.04495324648897,247.38823083343112,90102500
2018-02-02,242.4417266845703,246.6489189381392,242.40651252489292,246.5168725544824,173174800
2018-02-05,232.30215454101562,242.7937427585855,231.75645603942664,240.68135019801932,294681800
2018-02-06,236.8790283203125,237.38072927764424,227.69890538491987,228.7903023920032,355026800
2018-02-07,235.59397888183594,239.72193155097972,235.5147403268163,236.32450463806282,167376100
2018-02-08,226.75714111328125,236.034097056527,226.7219269569538,235.89326729174834,246449500
2018-02-09,230.1633758544922,232.0205129539918,222.6115510503879,229.5472489990059,283565300
2018-02-12,233.5431671142578,235.01305567391455,230.3041637362492,232.2141082919744,143736000
2018-02-13,234.1240997314453,234.66979822260853,231.75645161163467,232.33736425528434,81223600
2018-02-14,237.283935546875,237.64480681010988,232.62785014434985,232.63666039923194,120735700
2018-02-15,240.31166076660156,240.32047101973117,236.5621459651646,239.02662625448377,111200300
2018-02-16,240.38206481933594,242.32725054515024,239.64272878267326,239.68675318827144,160420100
2018-02-20,238.87698364257812,240.87497712315854,238.08483982487812,239.4314923731264,86369700
2018-02-21,237.68882751464844,241.79921472550373,237.59202214364907,239.31714005497963,98883700
2018-02-22,237.99681091308594,240.3292447538347,237.32790321531238,238.6129376757864,110511300
2018-02-23,241.790283203125,241.790283203125,238.74491776383942,239.22021470632475,92766400
2018-02-26,244.59800720214844,244.69483938258537,242.2743840584429,242.86407995006914,86491400
2018-02-27,241.5439453125,245.4959088584199,241.4823272468954,244.78294969741594,99099200
2018-02-28,239.0970001220703,243.0929598055188,238.78015337228064,242.6440667161254,121907800
2018-03-01,235.6204376220703,240.43494648514266,234.124144749757,238.88584580420968,176855100
2018-03-02,236.8350372314453,237.39835632114153,233.0855486252185,233.94809404808356,139083200
2018-03-05,239.57241821289062,240.1885452407491,235.5412423437239,235.6468848409149,97307400
2018-03-06,240.1796417236328,240.62853486564214,238.68334915728698,240.54929630838222,79213200
2018-03-07,240.091552734375,240.44361357505602,237.8207374805401,238.0143749719927,87063500
2018-03-08,241.25347900390625,241.37668826265542,239.77480673572597,240.76937164170073,66901200
2018-03-09,245.45187377929688,245.45187377929688,242.3448890552754,242.66176276423687,113625300
2018-03-12,245.1438446044922,246.36728833713502,244.75656938412587,245.7423779472181,71924800
2018-03-13,243.5595245361328,246.80733906418087,242.95220787735744,246.30563802249105,91968900
2018-03-14,242.30967712402344,244.7037296005574,241.75519513417626,244.51890227060835,105895100
2018-03-15,242.0456085205078,243.4626626446098,241.54390753995625,242.82015876545825,83433000
2018-03-16,242.30812072753906,243.35971533877714,242.25510141672984,242.57321728158507,100343700
2018-03-19,239.02957153320312,242.4848066021143,237.3770736672259,241.5569418332519,109208400
2018-03-20,239.4360809326172,240.07233951458812,238.75562162094462,239.42723539305518,59757300
2018-03-21,238.97657775878906,241.48625724722612,238.76450052453336,239.3919136546146,78709600
2018-03-22,233.00283813476562,237.59801555422393,232.72886909023754,236.74967967138895,148785900
2018-03-23,228.0364227294922,233.77159492761265,227.8420096555202,233.44463361413833,183534800
2018-03-26,234.27525329589844,234.5580408221339,229.2382319543304,231.64187199112624,141956100
2018-03-27,230.28985595703125,235.74221375579822,228.73455132957181,235.21202078562462,129941400
2018-03-28,229.60940551757812,232.09260187443158,228.50479184044528,230.42241304991515,146452300
2018-03-29,232.5432586669922,234.40786051928043,229.61824389857856,230.7493671899762,111601600
2018-04-02,227.52392578125,232.52562014188928,225.0495882525477,232.0130642531419,186286300
2018-04-03,230.44007873535156,230.9172793982048,226.96717978305338,228.76107132825462,119956900
2018-04-04,232.9055633544922,233.6125052626878,226.75508245525387,226.88763069202741,123715300
2018-04-05,234.74371337890625,235.62740446622072,233.57723467130435,234.66415744910958,82652600
2018-04-06,229.51219177246094,234.27527149553967,227.99224241099677,232.78185874931796,179521200
2018-04-09,230.6433563232422,234.03672660538797,229.70664599907167,230.970317685891,105442900
2018-04-10,234.31060791015625,235.09710565907096,232.39301399524987,233.53295569894706,103529000
2018-04-11,233.0823211669922,234.74366437925775,232.7553598478326,232.82604325409434,91140200
2018-04-12,234.99998474121094,235.94554075892182,234.23117774352397,234.40792676354783,68890500
2018-04-13,234.31060791015625,236.42264184596766,233.30321443152818,236.30775772820684,85079200
2018-04-16,236.2371368408203,237.00597077363312,235.12370436040914,235.9455306352184,63405300
2018-04-17,238.76446533203125,239.36536871926083,237.4919481778344,238.00447707444593,64682000
2018-04-18,238.9412078857422,239.74534291484298,238.48167133413318,239.20630438235702,57303900
2018-04-19,237.61566162109375,238.49050699178184,236.5817313909208,238.28724837406062,77655900
2018-04-20,235.60079956054688,237.76585288421933,234.7171087293506,237.54493017642025,99953100
2018-04-23,235.5654754638672,236.73195385379043,234.4873715522299,236.17522430550414,65558000
2018-04-24,232.39308166503906,236.81153690795716,230.8907960952027,236.59061414581126,112885500
2018-04-25,232.96742248535156,233.40926790918508,230.51076300756145,232.33116399630714,103840900
2018-04-26,235.3357391357422,236.16641080171698,233.5506930918964,233.99253857515498,67731900
2018-04-27,235.556640625,236.2459184379711,234.61993044245224,235.94546677263557,57053600
2018-04-30,233.7451171875,236.73199710984161,233.67440680470918,236.1752674598288,82182300
2018-05-01,234.16046142578125,234.26650003565555,231.6242454884394,233.17955034822333,74203400
2018-05-02,232.5875244140625,234.77906123423588,232.1986981456871,233.96608046807933,86368900
2018-05-03,232.07489013671875,232.72881274557488,228.92010728332005,231.75677437071465,136311500
2018-05-04,235.07949829101562,235.75995770217375,230.7759269200338,231.10288831433,91222100
2018-05-07,235.87484741210938,236.84688607701938,235.15903278879605,235.84833775703208,55304900
2018-05-08,235.87484741210938,236.23713704212827,234.31069685820916,235.50368527291405,67499200
2018-05-09,238.1547088623047,238.4816701959383,236.02501045597168,236.54638487556414,59666100
2018-05-10,240.3816375732422,240.70862592564802,238.79100441847086,238.89704303304075,72063900
2018-05-11,241.11508178710938,241.38017828562056,239.99277701782748,240.505332872426,59871500
2018-05-14,241.22991943359375,242.20195771953226,240.6820084954234,241.54803517049672,54790600
2018-05-15,239.56861877441406,240.01928281464853,238.62306299805707,240.00161870440058,87036100
2018-05-16,240.5760498046875,241.0355864236159,239.57747457430713,239.60401119596355,53942600
2018-05-17,240.3727569580078,241.45086087471745,239.59510469440028,240.31089212610618,56536400
2018-05-18,239.77188110351562,240.39047562672215,239.4184100765879,240.02815905948526,64368000
2018-05-21,241.57464599609375,242.11371162243094,240.86770386147953,241.25653012595149,58025900
2018-05-22,240.90298461914062,242.35225076806103,240.57602327210842,242.09597283331613,52966400
2018-05-23,241.56581115722656,241.5923477823612,239.47146734832646,239.63055225855956,64694200
2018-05-24,241.07086181640625,241.44202385280352,239.2858159433283,241.16808183683872,76043800
2018-05-25,240.49647521972656,241.1238882133398,239.99276492981866,240.49647521972656,56374800
2018-05-29,237.73048400878906,239.630440760924,236.61705196391603,238.87045266644952,115908600
2018-05-30,240.90298461914062,241.34483010823462,238.96772618756867,239.03840959985598,69678400
2018-05-31,239.42723083496094,240.7969410355754,238.8263274545693,240.4964893453796,93519900
2018-06-01,241.77784729003906,242.0782989743515,240.65554253334344,240.72625291089187,71258400
2018-06-04,242.92662048339844,243.18289839279595,242.36107233671052,242.59965916870462,45385200
2018-06-05,243.10340881347656,243.4833894856977,242.29040119634027,243.05920808091656,51135000
2018-06-06,245.1358184814453,245.24185706079913,243.09449492457702,243.71308926161092,62732200
2018-06-07,245.10935974121094,245.9135217591233,244.19915912192252,245.62191560533927,72969400
2018-06-08,245.83401489257812,245.8870341980291,244.4819686673565,244.6498721239882,72139700
2018-06-11,246.16094970703125,246.87673722150333,245.9400269687841,246.05491110756986,58892500
2018-06-12,246.47911071777344,246.84140030338042,245.8340065658228,246.57630378510464,72329000
2018-06-13,245.69261169433594,246.9739744526654,245.48935305247187,246.71769650737758,79070600
2018-06-14,246.31118774414062,246.84138073866893,245.71910294277393,246.55862013095637,77097600
2018-06-15,245.9969482421875,246.3342630036423,244.41691627211264,245.52649004573834,120041600
2018-06-18,245.490966796875,245.61525205762882,244.06184883342064,244.54116518123627,52917600
2018-06-19,244.55003356933594,244.7719483003426,242.80134440543546,243.218545183296,97531500
2018-06-20,244.96731567382812,245.63306008786842,244.63000083644087,245.2336026037604,53785500
2018-06-21,243.43150329589844,244.97604779158632,242.93441661129782,244.95827728122677,71061400
2018-06-22,243.87542724609375,244.80748545823238,243.65351249404213,244.69208545289305,54898500
2018-06-25,240.5556182861328,242.88128081499514,238.86907139864692,242.72150867695257,137854200
2018-06-26,241.08819580078125,241.9403408769516,240.36919416007444,241.12370974663938,68547400
2018-06-27,239.09100341796875,243.1032131236618,238.94008943946332,241.67409485943062,105110700
2018-06-28,240.45794677734375,241.2213204740955,238.32754361881487,239.03768703472497,76650500
2018-06-29,240.80419921875,242.91683255891985,240.6887991824736,241.54982973483163,97592500
2018-07-02,241.31900024414062,241.4787994767716,238.99333763694744,239.23302294129033,63554800
2018-07-03,240.4668426513672,242.31318873303871,240.0407836242166,242.2155321465129,42187100
2018-07-05,242.4285430908203,242.49068572392176,240.52008160667532,241.594168530159,56925900
2018-07-06,244.4790496826172,244.8518512865387,242.07347432791317,242.45518827943604,66493700
2018-07-09,246.6803741455078,246.73363150616552,245.43765724816657,245.48202935231578,50550400
2018-07-10,247.56813049316406,247.66578708564802,246.84024349176497,247.1331861800095,51966800
2018-07-11,245.7572479248047,246.8047060907769,245.45544712755907,246.0146766095031,77054700
2018-07-12,247.98533630371094,248.03859368641244,246.41418933560087,247.0177910656898,60124700
2018-07-13,248.1806182861328,248.48241914617054,247.35510177874667,247.80781661340694,48216000
2018-07-16,247.9586944580078,248.3670100667939,247.5148648995688,248.2250084465951,48201000
2018-07-17,248.9617462158203,249.35231838280768,247.13317065638194,247.1864280346797,52315500
2018-07-18,249.48545837402344,249.59197312914412,248.59779929574424,249.04162883488385,44593500
2018-07-19,248.5445556640625,249.20141474977135,248.0652121503039,248.81972782641117,61412100
2018-07-20,248.26046752929688,248.97061099686556,248.1006954075452,248.3403535901727,82337700
2018-07-23,248.72206115722656,248.92620538892325,247.71011690042437,248.05631691118387,47047600
2018-07-24,249.97366333007812,250.8169503012536,249.1037747589767,250.1334625540731,68026900
2018-07-25,252.10403442382812,252.4235786523477,249.68071566741298,249.72508778052887,78882900
2018-07-26,251.50927734375,252.19276496602095,251.28736261180742,251.38501918024653,57919500
2018-07-27,249.80491638183594,251.93529178522618,248.8817437743294,251.8376352445395,76768700
2018-07-30,248.50013732910156,250.0446552549437,247.97639470285225,249.88488314313972,63742500
2018-07-31,249.72512817382812,250.3376151334298,248.88186826381303,249.2635551837948,68570500
2018-08-01,249.3079071044922,250.4352514320276,248.65993333683917,249.92927927348987,53853300
2018-08-02,250.66604614257812,250.8346764359806,247.79889772747592,248.00306905621076,63426400
2018-08-03,251.7400665283203,251.79332389456457,250.61272240135142,250.79026501496526,53935400
2018-08-06,252.6632843017578,252.97394329704213,251.38505310612766,251.77562525419268,39400900
2018-08-07,253.49769592285156,253.87940995687197,253.19589505328793,253.32906560124368,43196600
2018-08-08,253.39114379882812,253.7906012053874,252.92957084681646,253.32902825337575,42114600
2018-08-09,253.04501342773438,253.84390128604824,252.91186996621687,253.453329072791,35717000
2018-08-10,251.3495330810547,252.14842078670355,250.63938960665286,251.6069617836006,77076000
2018-08-13,250.40858459472656,252.2371597870531,250.1156419836955,251.62467297038836,65732900
2018-08-14,252.00643920898438,252.2461245279351,250.74597832621112,251.13655053785575,43842000
2018-08-15,250.12454223632812,250.79917171871017,248.68653904636793,250.65714303351385,102925400
2018-08-16,252.1484375,253.018353155352,251.52706530486208,251.5625792532371,69967900
2018-08-17,253.03607177734375,253.4799012762992,251.5359259037381,251.94424145780033,65618500
2018-08-20,253.57762145996094,253.8439083904486,253.03613524902323,253.48885012006187,39807500
2018-08-21,254.17230224609375,255.03333265260636,253.6130726814549,254.09241617817474,67272000
2018-08-22,254.02142333984375,254.54513897210413,253.49768061837668,253.76399460900163,44993300
2018-08-23,253.68406677246094,254.7048691787767,253.36449545416602,253.84383888700728,49204900
2018-08-24,255.2108917236328,255.3529204388044,254.2078325465637,254.2610899286021,57487400
2018-08-27,257.2258605957031,257.3323753566109,256.2494301387038,256.4092022800655,57072400
2018-08-28,257.35009765625,257.7939271363428,256.8884976598644,257.6873853061911,46943500
2018-08-29,258.7348937988281,258.9656667527116,257.32351902828185,257.5631772420402,61485500
2018-08-30,257.68743896484375,258.62835549143284,257.0927225076336,258.2555538204787,61229500
2018-08-31,257.69635009765625,258.140179714729,256.7909474309434,257.27914917403945,66140800
2018-09-04,257.2524719238281,257.6075301326266,256.24941284429883,257.2791006122579,57594400
2018-09-05,256.5600280761719,257.1015140436307,255.54811110611712,256.8973427625893,72452400
2018-09-06,255.78778076171875,256.96835512817944,254.7580932317507,256.6665543659955,65909900
2018-09-07,255.29075622558594,256.2671866291312,254.50072664342497,254.7404119315528,73524800
2018-09-10,255.7345733642578,256.56897502417314,255.539287293018,256.3026610601894,50210900
2018-09-11,256.57781982421875,257.0216493185275,254.7403863055744,255.08655922474992,50530500
2018-09-12,256.63995361328125,257.2435552033378,255.84995122701346,256.5866962429352,59810800
2018-09-13,258.1579284667969,258.34435641404013,257.4211832065274,257.7052406687176,51034200
2018-09-14,258.2023010253906,258.5484740117114,257.4211566296206,258.36207317292326,55079900
2018-09-17,256.8351745605469,258.1844060826232,256.56000252044703,258.1489192375227,68244000
2018-09-18,258.2288818359375,258.8235981934395,257.02165151471684,257.0482802010348,61930400
2018-09-19,258.5041198730469,258.9213207912113,258.1579197734338,258.2822050674107,49080600
2018-09-20,260.5989685058594,260.9185398950375,258.5218492884304,259.7645938039797,100360600
2018-09-21,260.36083984375,261.45761269257395,260.200344464458,261.34169029247494,105479700
2018-09-24,259.49591064453125,259.9239255325764,258.9163258584371,259.78125390322805,53409600
2018-09-25,259.2552185058594,260.05772276823944,259.01447539069625,259.9507258281669,44370000
2018-09-26,258.47930908203125,260.5836535447071,258.06021984252277,259.3977352181686,79739700
2018-09-27,259.2016296386719,260.2894768364136,258.67554339223165,258.9519611282964,59249500
2018-09-28,259.2284240722656,259.727761180098,258.54184235195396,258.5774898512052,70091400
2018-10-01,260.12896728515625,261.1989634661565,259.4602094675966,260.46778172145326,62078900
2018-10-02,259.9774475097656,260.6907785092049,259.60295825920167,259.9774475097656,47258200
2018-10-03,260.1200866699219,261.448677055501,259.7634212147403,261.0295876624094,64694600
2018-10-04,258.08709716796875,259.69210553069195,256.4999125561794,259.63860706605675,111545900
2018-10-05,256.64251708984375,258.8271097227561,255.21582824502414,258.30994896257005,105951700
2018-10-08,256.64251708984375,256.99918249809207,254.57381962544665,255.95590828684374,87742200
2018-10-09,256.2680969238281,257.5699383979539,255.7063357693403,256.25919865326443,74339000
2018-10-10,248.15377807617188,255.83113366704777,247.77928885427428,255.75978424546548,214731000
2018-10-11,242.6878662109375,248.6888380999141,241.0739049737835,247.06597859221083,274840500
2018-10-12,246.058349609375,247.07484753078003,242.86612979515945,246.78950427810025,183186500
2018-10-15,244.6762237548828,247.03026467764224,244.58705059050632,245.70164711563956,102263700
2018-10-16,250.0263214111328,250.400837868214,246.16537049105952,246.63795839414237,118255800
2018-10-17,250.0709686279297,250.69512655798582,247.49400756169103,250.0620431450392,110626000
2018-10-18,246.45957946777344,249.732046855668,245.18448756727568,249.13461114190665,134557500
2018-10-19,246.32579040527344,249.04539458203166,245.63028337966094,247.11047058018488,139901600
2018-10-22,245.22023010253906,247.3156503907317,244.68521817736433,246.994659562729,82415800
2018-10-23,243.9718017578125,245.09532381186685,239.51341546309573,241.59996419543393,146352700
2018-10-24,236.57981872558594,244.1055770269243,236.02698317460644,243.72213512158604,177806700
2018-10-25,240.82423400878906,242.3668457953821,237.3912975916812,238.4167212180317,138061500
2018-10-26,236.58876037597656,241.64458337402075,233.87808058304793,237.1148740057523,201574600
2018-10-29,235.27793884277344,240.97576935563563,231.70233168496316,239.682826498413,160749100
2018-10-30,238.76443481445312,239.07652733010562,234.6181405688793,235.10857943971416,157116000
2018-10-31,241.31468200683594,243.63304890912153,240.85991778191018,241.33250576026617,128296300
2018-11-01,243.88262939453125,244.07879945873134,241.0916755223415,242.17952274893688,99495000
2018-11-02,242.43820190429688,245.41640140740168,240.3873273833,244.98838642284932,122634100
2018-11-05,243.77569580078125,244.32853143115284,241.95666629775653,242.92859139177023,65622500
2018-11-06,245.3182373046875,245.47873267664912,243.65080522392796,243.71322916141185,60085900
2018-11-07,250.57022094726562,250.65046863057236,247.06590883856435,247.4939236946959,102752100
2018-11-08,250.115478515625,250.75748724948596,248.97413267896457,249.76771131269436,65584900
2018-11-09,247.67227172851562,248.99193658998522,246.26340649142955,248.80469199431192,98812600
2018-11-12,243.04454040527344,247.40482918884493,242.5273522215398,247.1640860623853,99673600
2018-11-13,242.58970642089844,245.50548118361553,241.86745003736456,243.50813288464084,98176600
2018-11-14,240.93121337890625,244.86348626076756,239.37077812959166,244.4622478094711,125335900
2018-11-15,243.4457244873047,243.90941409475818,238.08676246595184,239.66502147667336,135101400
2018-11-16,244.0788116455078,244.98831260030425,241.83176766850784,242.34895568714353,126668000
2018-11-19,239.95037841796875,243.76675635712672,239.03195184325043,243.47248759534176,103061700
2018-11-20,235.50978088378906,238.07781560828795,234.64485289966032,236.61545191890372,136021300
2018-11-21,236.31231689453125,238.21159396690376,236.30341862525125,237.06132258851162,75563700
2018-11-23,234.73410034179688,236.13404053849402,234.57360492368625,234.67167638636354,42807900
2018-11-26,238.52371215820312,238.74663151536032,236.59768564694465,236.99002589248818,79981400
2018-11-27,239.32615661621094,239.32615661621094,236.88296977988102,237.48930374904148,75502400
2018-11-28,244.83680725097656,244.83680725097656,239.26382261935314,240.396270512076,127629600
2018-11-29,244.30174255371094,245.70165515408803,242.91962649023046,244.06097228083433,82346400
2018-11-30,245.7908477783203,246.3526088437282,243.8291740017175,244.15016477518927,98204200
2018-12-03,249.0454559326172,250.02630639288208,247.449373177828,249.91930947209525,103176300
2018-12-04,240.97576904296875,248.64419858808955,240.6636765731652,248.21618372563074,177986000
2018-12-06,240.6102294921875,240.72615190959465,234.01182208840015,237.1148692771766,204185400
2018-12-07,235.01943969726562,241.84076697001427,234.18126068996452,240.27140589901015,161018900
2018-12-10,235.46522521972656,236.43715018686217,230.6055731722175,234.8410402406926,151445900
2018-12-11,235.51873779296875,238.85360230315126,234.0474756391725,238.66635768295276,121504400
2018-12-12,236.70468139648438,239.86122709730182,236.6244336937308,238.49696172682033,97976700
2018-12-13,236.6244354248047,238.51478722394577,235.5098386364587,237.64985902771585,96662700
2018-12-14,232.25518798828125,235.42955700710894,231.70235241482038,234.47545576293268,116961100
2018-12-17,227.6986846923828,232.41565097686342,226.06691382411898,231.30105450449037,165492300
2018-12-18,227.4490203857422,230.0081431857535,225.84399871460064,229.33938528993738,134515100
2018-12-19,224.04281616210938,231.30106827818616,222.33972299140083,227.52927740072613,214992800
2018-12-20,220.39590454101562,224.3638663077274,218.14887365057305,222.7945189589598,252053400
2018-12-21,215.88006591796875,223.96100288010308,215.234308074358,221.29725519655113,255345600
2018-12-24,210.1758575439453,216.00560532658943,210.11308276113894,214.39121089586055,147311600
2018-12-26,220.79498291015625,220.79498291015625,209.65568091550543,211.63780135232858,218485400
2018-12-27,222.49012756347656,222.68742954792995,214.31950984244187,217.55726318862372,186267300
2018-12-28,222.20314025878906,225.47676328895756,221.03718764346476,223.84444057580092,153100200
2018-12-31,224.14935302734375,224.3915156531046,221.9519889312692,223.82647408811934,144299400
2019-01-02,224.3825225830078,225.3063260642124,220.58870557266602,220.61561100863256,126925200
2019-01-03,219.02813720703125,222.93855359314486,218.54381198522043,222.63360250759496,144140700
2019-01-04,226.36465454101562,227.0104124077604,221.68291684980105,222.0596066578405,142628800
2019-01-07,228.14947509765625,229.55757659447116,225.73685369173648,226.6337381587478,103139100
2019-01-08,230.29298400878906,230.77730922015044,227.80862422016872,230.33784464859812,102512600
2019-01-09,231.3692626953125,232.21233619521877,229.77280960690814,231.00153681805648,95006600
2019-01-10,232.1854248046875,232.43655132774697,229.15395132370935,229.83559218804427,96823900
2019-01-11,232.2751007080078,232.3020061415807,230.52616541356173,231.10913472146507,73858100
2019-01-14,230.85800170898438,231.66519206414895,229.97009505537687,230.3736765475915,70908200
2019-01-15,233.5038299560547,233.81774493113787,231.2257361997421,231.2347138012616,85208300
2019-01-16,234.06884765625,234.95675425290978,233.72802728197112,233.9342931300731,77636700
2019-01-17,235.84474182128906,236.70577065320762,233.15408830571525,233.1989489534206,96118400
2019-01-18,238.98382568359375,239.4502231203334,235.880613114038,237.65645419931408,127900300
2019-01-22,235.75503540039062,237.72819215552116,234.14065432491404,237.512948644322,115531200
2019-01-23,236.248291015625,237.48599569891365,233.78185925046566,236.78642705671606,86030300
2019-01-24,236.3738250732422,236.9568217124363,235.05540417590225,236.06888772313602,59204100
2019-01-25,238.37396240234375,239.1991081892339,236.47257163299076,238.22147999352148,96883400
2019-01-28,236.562255859375,236.62501697032374,234.79539236392185,236.2304129857847,85613700
2019-01-29,236.248291015625,237.2707248600356,235.41419520583867,236.7057107561628,66136300
2019-01-30,239.98834228515625,240.8314159041773,237.0017289455445,237.76408624411582,92473700
2019-01-31,242.09600830078125,242.5803335581487,239.71029242579274,239.92556330170092,104012100
2019-02-01,242.2126007080078,243.23506206970345,241.42333805071436,242.2933170201301,85782500
2019-02-04,243.91673278808594,243.9795212802583,241.58482730961643,242.25749077240113,60744800
2019-02-05,244.93910217285156,245.24403954335247,243.8449022571784,244.34715526397238,79552800
2019-02-06,244.61627197265625,245.1544081516475,243.88084747780272,244.66113262050564,58347800
2019-02-07,242.2843475341797,243.54893036100768,240.625106039328,243.00184405429718,95482000
2019-02-08,242.5802764892578,242.6789206156725,240.21248900649337,241.03763453341458,75788900
2019-02-11,242.71484375,243.49512877232434,242.18568525636323,243.2350520120421,68021400
2019-02-12,245.8360595703125,246.21273575207329,244.25753401047314,244.32930010178086,72270200
2019-02-13,246.63421630859375,247.47728977925644,246.24856261072875,246.6700993460601,65277200
2019-02-14,246.08709716796875,247.217180046123,244.7327932343543,245.54896116071745,83234400
2019-02-15,248.76878356933594,248.80466660365042,247.65665584220744,247.86292170536063,97088700
2019-02-19,249.19924926757812,249.85395713440005,247.9615448471062,247.97052244661782,59120800
2019-02-20,249.7015838623047,250.15900365536774,248.66119469559098,249.16344775941977,76610800
2019-02-21,248.81369018554688,249.4235650279196,247.8540172781206,249.0648167306851,64214700
2019-02-22,250.35629272460938,250.55358099161674,248.79569545491475,249.4324756341498,78114600
2019-02-25,250.69711303710938,252.3025437474752,250.61639672707835,251.78236284814005,69030700
2019-02-26,250.5177459716797,251.39667512709303,250.14104249740362,250.3473357536427,56844100
2019-02-27,250.41004943847656,250.75982000158209,248.86740770538404,249.8001474541523,56921600
2019-02-28,249.9438018798828,250.63442056159886,249.62093655135067,250.19492848121226,69268300
2019-03-01,251.5043487548828,251.9169079368331,250.0693281650552,251.52227659036197,78880500
2019-03-04,250.5894775390625,252.80478293969955,248.2934558328238,252.56263402289468,106494600
2019-03-05,250.2486572265625,250.9123702463741,249.70157092032332,250.71505459790112,59114600
2019-03-06,248.73294067382812,250.3742544670684,248.41007542510283,250.36527686435716,75039800
2019-03-07,246.6522216796875,248.4280355197575,245.8091480375507,248.28453071144233,94885100
2019-03-08,246.1588897705078,246.32929999963554,244.32926526420027,244.79563530822645,85795800
2019-03-11,249.7284698486328,249.88990245570324,246.84947887292867,246.87638430744042,65098900
2019-03-12,250.67027282714844,251.19048123258582,250.09628090510128,250.28461901084762,79667500
2019-03-13,252.32948303222656,253.26225058005173,251.3967154844014,251.5581754968613,80639200
2019-03-14,252.16802978515625,252.77790462896996,251.72856517281116,252.35636785176976,67518400
2019-03-15,253.4138641357422,254.22461004945322,252.53103603472826,252.72023115792376,81309000
2019-03-18,254.3326873779297,254.62997826920073,253.4048285956763,253.63003730487662,62199800
2019-03-19,254.39581298828125,256.1614419912601,253.50399508471358,255.3957541907001,90268100
2019-03-20,253.6300811767578,255.38672040889546,252.52207173026378,254.1796048177356,84609200
2019-03-21,256.4947509765625,256.90011021839473,252.76528100389675,252.81033924719029,79550400
2019-03-22,251.5580596923828,255.6568460874526,251.49499467306418,255.13437412051698,122659300
2019-03-25,251.3689727783203,252.40492739274285,250.10780944374943,251.21581875244794,85575200
2019-03-26,253.24270629882812,254.19758910713398,251.83740603410251,253.125593361551,68125900
2019-03-27,251.91842651367188,253.8192020876901,250.36898967985053,253.23363752069528,72224700
2019-03-28,252.87339782714844,253.3238153497246,251.3960426485766,252.54911040671945,56238500
2019-03-29,254.4678955078125,254.792182930862,253.26077983651035,254.38682365205014,82186800
2019-04-01,257.48565673828125,257.78294768431635,256.19746928226925,256.46773627787417,77617900
2019-04-02,257.61175537109375,257.84598124041696,256.81901626689137,257.67482041149606,40070400
2019-04-03,258.01715087890625,259.22426637741154,257.4135793840035,258.82789681177695,68243200
2019-04-04,258.7017822265625,258.9540149205968,257.6478206980734,258.34145373384234,48997500
2019-04-05,259.9539489746094,260.0079968724831,259.08013797058265,259.3684117534433,58621700
2019-04-08,260.1520690917969,260.26016486067243,258.8728716804163,259.5304909294682,53566300
2019-04-09,258.81884765625,259.51248056467637,258.26935161671037,259.1881932281539,66142300
2019-04-10,259.7016906738281,259.7917796584995,258.81886261012613,259.2332389500564,52601500
2019-04-11,259.629638671875,260.1971691008526,259.0621082428974,260.1881519539477,55093100
2019-04-12,261.3863220214844,261.66557870970394,259.67474078975937,261.24218510316035,69727800
2019-04-15,261.2149963378906,261.5573178665121,260.4132403901941,261.45821177024806,49596700
2019-04-16,261.3863220214844,262.1520373726342,260.7917675426377,262.09798946467595,52153200
2019-04-17,260.74676513671875,262.53040127590526,260.33236114223513,262.5033773189876,58268300
2019-04-18,261.2601013183594,261.53036825574327,260.0349791743683,261.3321834981804,68708500
2019-04-22,261.4853515625,261.63850560047865,260.404366115119,260.49445510855935,40160100
2019-04-23,263.8365173339844,264.07074319403506,261.62047128318324,261.8546696519358,52246600
2019-04-24,263.25103759765625,264.0888075995507,263.1069006901307,263.75550302834347,50392900
2019-04-25,263.0887756347656,263.7463948938671,261.89969466766917,263.1518406646715,57770900
2019-04-26,264.31402587890625,264.3860805896111,262.3592016461365,263.13393411556547,50916400
2019-04-29,264.7284240722656,265.25092386020106,264.3140475962291,264.40413661049115,57197700
2019-04-30,264.86346435546875,265.15173811806574,262.9717330802613,264.3860229636108,81111700
2019-05-01,262.8725891113281,265.70122345349637,262.86357196651386,265.494021561834,71671900
2019-05-02,262.3050537109375,263.67434011390185,260.8096647395023,262.75547108216637,65030200
2019-05-03,264.8724670410156,265.15172364225464,262.4131780296907,263.78246458162147,56543700
2019-05-06,263.782470703125,264.22387098797896,260.25118595039874,260.56648365013655,107198100
2019-05-07,259.3774108886719,261.97182004663614,257.46764511719874,261.37726565699415,144729900
2019-05-08,259.0171203613281,260.72870158715085,258.4225658845317,259.0171203613281,91568300
2019-05-09,258.2333984375,258.83694257192565,255.20657814304815,256.9452108156126,103471100
2019-05-10,259.53057861328125,260.28727674235887,254.30571892493052,257.2964978336447,112429300
2019-05-13,253.00848388671875,255.3776841385173,252.17071400422503,254.41381166197624,127290500
2019-05-14,255.29656982421875,256.82799993876176,253.90028691900858,254.02638949207804,77003200
2019-05-15,256.7919616699219,257.4315466698513,253.45886196816204,253.66606386562466,73956400
2019-05-16,259.1702880859375,260.5305304916225,257.4226656657311,257.4947203827888,76749600
2019-05-17,257.4945983886719,259.98091106448203,256.84599627721246,256.8640305664134,100353000
2019-05-20,255.79209899902344,257.6027585823994,255.0443905838486,255.89117764922898,62877600
2019-05-21,258.0982360839844,258.4765713763025,257.2334147189398,257.48564741091906,46847100
2019-05-22,257.3055419921875,258.2604250284997,256.82810047403143,257.1433982670718,49482500
2019-05-23,254.16151428222656,255.1253865134005,252.74719721183564,255.0803557751254,98733800
2019-05-24,254.73809814453125,256.01729582994847,254.11651984904475,255.6028919720907,55268100
2019-05-28,252.368896484375,255.97223615216205,252.35088968290407,255.01735333950248,70029400
2019-05-29,250.67530822753906,251.65721493237672,249.2700080360927,251.25185573751625,104972900
2019-05-30,251.35997009277344,252.26982217173114,250.26095037557218,251.43202479119464,62523800
2019-05-31,247.97280883789062,249.6393588730026,247.94578489099905,248.81060617412786,86862800
2019-06-03,247.34225463867188,249.1258902150911,246.00900903833892,248.00886369318812,96428000
2019-06-04,252.71119689941406,252.84631662733304,249.18892937140495,249.639346792,77231900
2019-06-05,254.90023803710938,254.92726198471507,252.52204817390717,254.3327076460896,71169700
2019-06-06,256.5577697753906,257.2333959536874,254.54892553301983,255.19752776383675,69430400
2019-06-07,259.12518310546875,260.2061961055513,257.4045849508437,257.5757458007118,74272200
2019-06-10,260.3142395019531,261.98078942020163,260.2241505215321,260.67456793234,60799100
2019-06-11,260.2510986328125,262.5031850306238,259.6024966505913,262.133839562428,58641300
2019-06-12,259.791748046875,260.5754698846852,259.2782656388976,260.0169567355007,47096300
2019-06-13,260.8636779785156,261.22403382067426,259.99888443817497,260.7015343443188,48945200
2019-06-14,260.5754699707031,261.179013861294,259.809754930864,260.5754699707031,52324700
2019-06-17,260.6746520996094,261.44036744347824,260.5034912289338,260.80977186822014,39205700
2019-06-18,263.4040222167969,264.45801075765166,262.13384217680857,262.4941979970836,85434800
2019-06-19,263.9987487792969,264.5302382227046,262.5664241793389,263.53931405223796,78674400
2019-06-20,266.5209655761719,266.92635222484796,264.06170421417744,266.68313673041985,116570000
2019-06-21,266.1336669921875,267.5095862098621,265.91642385913804,266.2513495642616,83309500
2019-06-24,265.8077087402344,266.6585865868795,265.65380982514523,266.34178300435536,47582700
2019-06-25,263.20068359375,265.8891769398379,263.0920620646163,265.8620215575545,82028700
2019-06-26,262.9382019042969,264.6037967215319,262.8295803591529,264.0968777608522,51584900
2019-06-27,263.87060546875,264.37752449052414,263.31843667271613,263.69861212653933,40355200
2019-06-28,265.22845458984375,265.72631265254813,264.33229902696894,264.8482514760384,59350900
2019-07-01,267.63623046875,268.7768117440282,266.4322774281771,268.5595410665901,78705600
2019-07-02,268.33331298828125,268.38762376676675,266.74918415742064,267.59102884896026,61504500
2019-07-03,270.47857666015625,270.4966986632992,268.867293005705,269.01213090582485,40898900
2019-07-05,270.1708679199219,270.33382786024254,267.9531044059566,269.24755717482327,51677300
2019-07-08,268.686279296875,269.98979283576267,268.1431440515041,268.85827258499256,45841800
2019-07-09,269.021240234375,269.31994946484144,267.47332806284766,267.52763883202334,41101300
2019-07-10,270.3066711425781,271.2571649910291,269.555353643339,270.0894280343671,58448500
2019-07-11,270.9403076171875,271.18470609038985,269.93553071345565,270.9493686208283,50826100
2019-07-12,272.1532287597656,272.22566152144543,271.12129671836635,271.42906689299434,40326000
2019-07-15,272.2437744140625,272.5877609929242,271.7368555478473,272.5877609929242,33900000
2019-07-16,271.3657531738281,272.3614966723665,271.0579829333727,272.15328696925974,36650100
2019-07-17,269.5190734863281,271.5014992547846,269.5190734863281,271.33856696217356,36036300
2019-07-18,270.5057678222656,270.88597081349883,268.5776803578232,269.0212274934216,51392600
2019-07-19,269.00311279296875,271.6282342722078,268.8311195033801,271.6010788909573,58678600
2019-07-22,269.6639404296875,270.2070757552025,268.88546764229045,269.40141995777003,43638100
2019-07-23,271.5920715332031,271.5920715332031,269.953632082453,270.7864433136411,44564500
2019-07-24,272.8684387207031,272.8684387207031,270.7411746175419,270.8317017841682,47213200
2019-07-25,271.5648498535156,272.470066019694,270.75919420561445,272.4157552597237,55394100
2019-07-26,273.3844299316406,273.5835786563894,272.1261658014066,272.2529093648894,45084100
2019-07-29,272.8865051269531,273.38439067984694,272.33433642966406,273.2667081377991,38126500
2019-07-30,272.2165832519531,272.623941541799,271.103157518043,271.4833604302327,45849000
2019-07-31,269.2384033203125,272.65108551133346,267.2197892073229,272.460970250692,104245200
2019-08-01,266.8940124511719,272.35246649157233,266.09741756218915,269.3924186711607,142646600
2019-08-02,264.8843688964844,266.24219324196565,263.32739587533223,265.99779480478156,116749700
2019-08-05,256.9184875488281,260.892372596246,255.01752786298675,260.78375106419935,178745400
2019-08-06,260.5212707519531,260.73854147453096,257.3349189459399,258.8104261086006,120711700
2019-08-07,260.6750793457031,261.4445185495751,255.30715454545978,257.44345126444256,140572300
2019-08-08,265.7896423339844,265.7896423339844,261.61660787402644,262.1687766333647,87713900
2019-08-09,263.9792175292969,265.4456637627405,262.19594001239,264.8482175889276,93730000
2019-08-12,260.765625,263.9700703060593,259.81513146006324,262.4764691718785,65527600
2019-08-13,264.821044921875,266.26939667676976,260.1229696286607,260.46695627826205,94299800
2019-08-14,256.9908752441406,261.372118364232,256.86415934036023,260.76563897648515,135622100
2019-08-15,257.6698303222656,258.5660133001021,255.62406014182483,257.8780400292399,99556600
2019-08-16,261.47174072265625,261.90622687818694,257.72413188114456,259.3263824546937,83018300
2019-08-19,264.62188720703125,265.30079947919467,263.81625900906977,264.4951712812332,53571800
2019-08-20,262.5941467285156,264.64897742124305,262.46743083392226,264.114903213662,51596400
2019-08-21,264.7304382324219,265.1015524936121,264.0696205874962,264.7575936082407,49524700
2019-08-22,264.6490783691406,266.07027488099453,262.874861793045,265.4366399163249,51666400
2019-08-23,257.850830078125,265.01109325696694,256.6016273506525,263.34549882867196,149161500
2019-08-26,260.7023010253906,260.7023010253906,258.5116653687146,260.04148316459356,72423800
2019-08-27,259.6794128417969,262.46749470133955,258.9190344141973,262.0963526786402,66668900
2019-08-28,261.5079345703125,261.67086686459277,258.21293417482644,259.0185898937804,59696700
2019-08-29,264.8481750488281,265.37321597709513,263.0648978183525,264.0697022845135,57899400
2019-08-30,264.7304382324219,266.35075503127933,263.798066829308,266.3326606557337,62901200
2019-09-03,263.1824951171875,263.94287325408277,261.8518264713707,263.0286238647804,69101400
2019-09-04,266.16973876953125,266.1878331457817,264.60370503630537,265.3550498382295,46887300
2019-09-05,269.591552734375,270.50580250609715,266.13361948386745,268.6591809547892,83258100
2019-09-06,269.7995910644531,270.44231425088213,269.2293282458571,269.90824017870676,49584300
2019-09-09,269.935546875,270.876952059632,268.9941140653553,270.78645251784974,51260300
2019-09-10,269.8721008300781,269.9354725918967,267.91683059042794,269.175066700084,57947100
2019-09-11,271.79119873046875,271.8726648838631,269.5281579417055,270.1799147938697,68821100
2019-09-12,272.7326354980469,273.79172313296596,271.9360407085292,272.69641910988423,72908700
2019-09-13,272.5515441894531,273.5291931620798,272.180402229938,273.1761455816851,62104800
2019-09-16,271.7097473144531,272.5968692967688,271.0670514305876,271.4200714477773,58191200
2019-09-17,272.3977355957031,272.48823513713944,271.33862023577393,271.5106135645232,41475500
2019-09-18,272.56060791015625,272.6692294359746,269.97167516979073,272.00841165390426,73375800
2019-09-19,272.5425109863281,273.9456128239517,272.20758537589813,272.9498693706403,76560500
2019-09-20,271.2549133300781,273.4283852992772,270.4637424467602,273.14644672050537,89565000
2019-09-23,271.191162109375,271.90959322004414,270.336327054296,270.5909570013887,43476800
2019-09-24,269.06317138671875,272.6734770496111,268.09921319736446,272.28244316672976,94869400
2019-09-25,270.6546325683594,271.10022805596975,267.66270975241423,269.14503076538426,71854000
2019-09-26,270.0908508300781,270.87291876039774,268.6812968846937,270.66377525710146,56179700
2019-09-27,268.63568115234375,270.9546585387981,267.0806211361253,270.84550766263965,84746600
2019-09-30,269.8815612792969,270.59088936551007,269.1085965366539,269.1540552559003,51662400
2019-10-01,266.67144775390625,271.4184990741899,266.4532014526551,270.7637324178549,88242400
2019-10-02,261.9606628417969,265.0980907812051,260.66933580048186,265.0889879385326,122539500
2019-10-03,264.1069641113281,264.1342448983291,259.01433776802537,261.7334246319195,85278800
2019-10-04,267.6809387207031,267.93556870041675,264.70719358868433,264.7617829260246,65091200
2019-10-07,266.5259704589844,268.50847634083834,266.2440597044821,266.8806484903429,59610500
2019-10-08,262.3882141113281,265.4074176476115,262.35183047463295,264.67080858188825,95708100
2019-10-09,264.87994384765625,265.81662125732413,263.7795817068035,264.4070675955947,62359400
2019-10-10,266.67144775390625,267.55356355823847,264.63440826867793,264.7980929946163,55296300
2019-10-11,269.43603515625,271.67314311799345,269.30873405810314,269.4269323090313,98720400
2019-10-14,269.13592529296875,269.79069193177,268.79035015685406,269.1177195999643,40394800
2019-10-15,271.8004455566406,272.54615738895194,270.06349481421915,270.1817208062417,46754500
2019-10-16,271.36395263671875,272.0551029660115,270.927460009867,271.3366718475405,48928200
2019-10-17,272.1641845703125,273.03719744331266,271.4730343465405,272.5279376213477,45736600
2019-10-18,270.9728698730469,272.2733001769917,270.1180349628478,271.62763644782535,64304000
2019-10-21,272.8098449707031,273.009913309205,271.85498975437696,272.29151006181155,39048600
2019-10-22,271.9187316894531,273.6374771193446,271.82778646373816,273.3464634980912,48594700
2019-10-23,272.7098693847656,272.76443096306724,271.45489757866204,271.664068797207,34352200
2019-10-24,273.1554260253906,273.79201468518664,272.3278718686874,273.64650791287386,35453100
2019-10-25,274.2740173339844,274.8196608389771,272.527963668524,272.58252524376513,45205400
2019-10-28,275.8198547363281,276.3200392949273,275.4652046517507,275.49248542748745,42147000
2019-10-29,275.7381591796875,276.6657615536214,275.4198647916236,275.5471936478828,44284900
2019-10-30,276.5838623046875,276.95669044401245,274.6286376454852,275.9381708137291,49643900
2019-10-31,275.8472595214844,276.5747934558149,274.39224715798696,276.5747934558149,69053800
2019-11-01,278.40264892578125,278.4481076482956,277.1294716644442,277.2931841211673,71141500
2019-11-04,279.5212707519531,280.0941951369652,279.1484147592851,279.95779117686374,60606900
2019-11-05,279.2120361328125,280.02141242557303,278.9210225610841,279.72129600704636,42933200
2019-11-06,279.2757873535156,279.5485953164355,278.33000682774275,279.2121229113042,46487100
2019-11-07,280.2579040527344,281.59471848215986,279.7850276994163,280.6125821321642,54272300
2019-11-08,280.948974609375,281.0035361826021,279.2120238547651,279.9122492128996,49032100
2019-11-11,280.4125061035156,280.5852937140423,279.43034202761794,279.5667737483614,35797300
2019-11-12,281.0035400390625,281.9038337622453,280.2305474042965,280.7761908966361,46484600
2019-11-13,281.0944519042969,281.49458856771133,279.78491877904554,280.0122678945048,53917700
2019-11-14,281.5036926269531,281.585562739211,280.17598142677315,280.8125701165942,51219900
2019-11-15,283.540771484375,283.5862302129895,282.1493958072757,282.8405183461568,62023600
2019-11-18,283.7499694824219,283.9864215228647,282.8496755631772,283.30437394705217,49228000
2019-11-19,283.66802978515625,284.35917997236,283.02236607228707,284.3500771269776,67804700
2019-11-20,282.6131896972656,283.5953536303308,281.05812918125986,283.07699087413437,79406200
2019-11-21,282.1584777832031,282.83145015014986,281.3582320740642,282.72232699674834,54664700
2019-11-22,282.785888671875,283.0405185464772,281.77647201802966,282.9041146409001,44850200
2019-11-25,284.9776611328125,284.9776611328125,283.7136140549297,283.7136140549297,48647200
2019-11-26,285.62322998046875,285.80512037479554,284.69565557558855,285.0139498893716,37569000
2019-11-27,286.8964538574219,286.8964538574219,285.88700918425144,286.1052554908473,44444600
2019-11-29,285.8324279785156,286.5781398116173,285.60507884056364,286.3325849809778,36592700
2019-12-02,283.40435791015625,286.1507255365374,282.9769404159021,286.08706111657636,75767800
2019-12-03,281.5036926269531,281.585562739211,279.30296850429954,280.6852412775978,73941700
2019-12-04,283.2406921386719,283.84089729888063,282.20399431837325,282.5495695093345,49080000
2019-12-05,283.7499694824219,283.95914072993565,282.4404359166549,283.94096278551194,40709000
2019-12-06,286.34161376953125,286.74175036904404,285.65046368808675,285.6595665320762,48927000
2019-12-09,285.44146728515625,286.6236720044926,285.36870000091517,285.9507272644938,34838500
2019-12-10,285.1230163574219,286.0505905779489,284.4682499215874,285.38674905100623,52649800
2019-12-11,285.9324951171875,286.1871250585876,285.04127644599606,285.5778171170683,53429100
2019-12-12,288.3968811035156,289.17894867633004,285.70507556448115,285.9414997537219,96389600
2019-12-13,288.5697021484375,289.79739296590316,287.3874700546423,288.16046262508945,81503900
2019-12-16,290.5521545410156,291.14325666014565,288.5060126076282,290.2975246549638,82749700
2019-12-17,290.6158447265625,291.2342276828815,290.5340023722772,290.93413905050215,61097700
2019-12-18,290.6340637207031,291.23426882282587,290.5795021434722,291.00691966683615,48133000
2019-12-19,291.8253173828125,291.89808464078646,290.5703458322475,290.8249757300014,85310500
2019-12-20,293.10479736328125,294.237984386414,291.8802179923732,292.85803523538505,147142100
2019-12-23,293.5526428222656,293.94559931902836,293.4064206141374,293.8907694771096,52990000
2019-12-24,293.56170654296875,293.82670807350945,293.2601146095581,293.7810258479753,20270000
2019-12-26,295.12445068359375,295.1335982854988,293.93643377520567,293.9455534880805,30911200
2019-12-27,295.0513000488281,295.9103378824698,294.52126907589263,295.85550805385674,42528800
2019-12-30,293.4246826171875,295.27071355846556,292.94033376298796,295.13363895615134,49729100
2019-12-31,294.13739013671875,294.38415221906047,292.5746844676578,292.9219585916766,57077300
2020-01-02,296.8881530761719,296.90644827655234,294.74970630853255,295.672721478946,59151200
2020-01-03,294.64007568359375,295.7641429457349,293.4429112798059,293.4977411082979,77709700
2020-01-06,295.7641296386719,295.8463743777095,292.76661707449347,292.8854243272233,55653900
2020-01-07,294.9325256347656,295.67275622250656,294.4847115081981,295.19752718117184,40496400
2020-01-08,296.5042724609375,297.7197037636209,294.8775896957046,295.1243238398234,68296000
2020-01-09,298.5148620605469,298.5879870903448,297.48218715461246,298.0670758368869,48473300
2020-01-10,297.6558532714844,299.2551218137174,297.1897996894312,299.0997799160431,53029300
2020-01-13,299.7029724121094,299.712092126062,297.8478217931054,298.27734079795033,47086800
2020-01-14,299.2460021972656,300.31521183370324,298.68852837435486,299.264269511989,62832800
2020-01-15,299.9222412109375,300.68073912701385,299.07235094750735,299.15459569341715,72056600
2020-01-16,302.4170837402344,302.4170837402344,301.07369722923175,301.3021641332184,54050300
2020-01-17,303.35845947265625,303.5686312399201,302.3531992084545,303.12999249847564,95846000
2020-01-21,302.7642822265625,303.56849006392315,302.32564368910903,302.3987408156773,77742400
2020-01-22,302.80084228515625,304.2721834050225,302.64550043407195,303.62331742525095,48914900
2020-01-23,303.1481628417969,303.55941441938006,301.0371309067921,302.1520504997015,51963000
2020-01-24,300.4523010253906,303.88845281451574,299.1637441044687,303.80620806071624,87578400
2020-01-27,295.6361083984375,297.11656914672125,294.86846311743926,295.2065895983411,84062500
2020-01-28,298.7342529296875,299.6115581923156,295.7276201151106,297.06185926917453,63834000
2020-01-29,298.4874572753906,300.3243402372707,298.28640527016483,300.0958733171972,53888900
2020-01-30,299.45611572265625,299.6663153017545,295.67271852206113,296.42206872649126,75491800
2020-01-31,294.0186767578125,298.9901194730198,293.1048090217675,298.8347496867189,113845600
2020-02-03,296.2027587890625,298.067056481467,295.3802835359217,295.499090784858,69083000
2020-02-04,300.71728515625,301.5854705749679,299.4927058581297,299.81256511181664,62573200
2020-02-05,304.1899719238281,304.4001715229161,302.18862743263116,303.6507933581962,65951100
2020-02-06,305.2134704589844,305.4053748205114,304.1350856388759,305.1494930421346,50359700
2020-02-07,303.5868225097656,305.22262540475447,303.038496381652,304.15341594950706,64139400
2020-02-10,305.853271484375,305.9172489243438,302.6638817568983,302.7004442781708,42070000
2020-02-11,306.38330078125,307.9916890041701,305.85324188570775,307.20577615157714,54864500
2020-02-12,308.3572692871094,308.5674410211826,307.4525212476893,307.81806277084456,43992700
2020-02-13,308.0281982421875,308.99689562686603,306.6573968990736,306.9315460120865,54501900
2020-02-14,308.521728515625,308.6405357740244,307.24231936560784,308.4394837726626,64582200
2020-02-18,307.7266845703125,308.58572245034776,306.33758779968736,307.52563255819723,57226200
2020-02-19,309.1979675292969,309.8742206443196,308.41205476200304,308.6953514933789,48814700
2020-02-20,307.9277038574219,309.4721423570291,304.9393389090685,308.64963919276863,74163400
2020-02-21,304.7565612792969,306.8858604042742,303.93405817128195,306.57514878327885,113788200
2020-02-24,294.649169921875,304.8296393108705,293.5707850824369,295.3071556336412,161088400
2020-02-25,285.7207336425781,296.6505836333486,284.8434284508616,296.0383078861717,218913200
2020-02-26,284.66973876953125,290.71038982346295,283.938655892988,287.1188970838777,194773800
2020-02-27,271.88482666015625,284.72465849868144,271.88482666015625,279.1500591654127,284353500
2020-02-28,270.742431640625,272.23204033235453,260.9457695802284,263.833594623337,384975800
2020-03-02,282.4673767089844,282.53135414421934,269.0974871963839,272.5244912250123,238703600
2020-03-03,274.3796081542969,286.8082134931983,271.93959720140725,282.8420313278847,300139100
2020-03-04,285.9126892089844,286.13203646293175,277.20352949945715,279.7532286727096,176613400
2020-03-05,276.4083557128906,281.90070830188273,274.1693970755827,278.71131965746457,186366800
2020-03-06,271.83905029296875,273.0453622263488,265.23180535005173,267.9002831419246,228667200
2020-03-09,250.60987854003906,259.71199044908684,249.89706305118028,251.58769550685614,309417300
2020-03-10,263.5777282714844,263.6690927281698,249.94281022843532,260.1233095601224,276444100
2020-03-11,250.7287139892578,257.65584636432993,247.54847242990883,256.52265940769087,255316300
2020-03-12,226.73976135253906,243.69201339678398,226.34679091110453,233.9501784025559,392220700
2020-03-13,246.12290954589844,248.09686755677936,227.11445443510044,240.4295024882784,329566100
2020-03-16,219.191162109375,234.7725944345364,216.9156266338003,220.40659381646842,297240000
2020-03-17,231.02574157714844,234.10548499816915,216.65060754197967,223.93411978479276,262070500
2020-03-18,219.32827758789062,226.9773468065231,208.38014496942634,215.90127325057983,327597100
2020-03-19,219.79428100585938,226.07256060162746,212.2183250976438,218.64281290463057,289322000
2020-03-20,210.3224639892578,224.72697702090403,210.0466887261092,222.94364621592393,347158800
2020-03-23,204.9448699951172,211.13136077030381,200.63362552870024,209.761700043424,326025200
2020-03-24,223.51358032226562,224.38687102789407,214.91868012837566,215.4886054086695,235494500
2020-03-25,226.8595733642578,235.64753271475618,220.3881202388159,225.09463160277366,299430300
2020-03-26,240.10585021972656,241.57661392737845,228.93705947674567,229.36910403044877,257632800
2020-03-27,232.9541778564453,239.74737193984004,230.77558000293203,232.8162972428731,224341200
2020-03-30,240.51951599121094,241.2365231887897,233.05528002333395,235.05003225521446,171369500
2020-03-31,236.9345245361328,242.06388036704556,235.52808599757387,239.5175912111788,194881100
2020-04-01,226.27127075195312,236.85174851191033,224.20297754937033,227.95348423990177,189554600
2020-04-02,231.49256896972656,232.27391576246694,224.8372560253544,225.38880648912135,177660400
2020-04-03,228.14651489257812,232.8622275477319,225.41636693712175,230.50895788891833,135561200
2020-04-06,243.47032165527344,245.43751218467895,228.12819082195605,237.01725559130563,188061200
2020-04-07,243.71852111816406,252.8190070197748,243.49791211907876,252.06522220219827,201427200
2020-04-08,251.89971923828125,253.7106259149399,243.82878088383262,246.31991721822396,153774500
2020-04-09,255.73301696777344,258.49074168826115,253.22347737304005,255.1630636276637,189999200
2020-04-13,253.3980255126953,255.09862729601355,249.49125052132217,254.75851254995277,114839100
2020-04-14,260.8716125488281,261.89195738074227,253.26029231760305,258.2885455898214,134143400
2020-04-15,255.3285675048828,261.0094741207393,253.2142948960848,255.15390934862907,121775000
2020-04-16,256.560302734375,257.4151905782351,253.49003955687044,256.6062535871755,131798300
2020-04-17,263.4913330078125,264.098007563754,259.5937309187142,262.3330800222529,146684800
2020-04-20,258.8492126464844,263.6292797051415,258.6286036617239,259.786828884741,100109300
2020-04-21,250.98974609375,255.58595430937598,250.05210166382398,254.38175000112426,126385700
2020-04-22,256.560302734375,258.30685593614993,254.5471616484955,255.87087162422512,92951600
2020-04-23,256.5419006347656,261.00942882801934,256.2385632888214,257.83803449166567,104709700
2020-04-24,260.11773681640625,260.7887931290741,256.00872668784143,258.0586450832086,85063200
2020-04-27,263.8682556152344,264.98973134296574,261.6345055515394,262.09412629154366,77896600
2020-04-28,262.65496826171875,267.86705353120357,262.3516027595808,267.5177371605155,105270000
2020-04-29,269.53076171875,271.0659071925588,266.9568970325676,267.98644290704055,118745600
2020-04-30,267.02130126953125,269.63194396115506,265.28392123731965,268.1519504463422,122901700
2020-05-01,259.9523010253906,267.18672684650835,258.78484641412496,262.26877941171466,125180000
2020-05-04,260.66925048828125,260.97258776035505,256.58781705500485,258.0677820162113,80873200
2020-05-05,263.0777587890625,265.89063587333334,260.7980294956221,263.4914287350549,79569900
2020-05-06,261.29437255859375,265.1643710660051,260.8623279708527,264.77830538088773,73632600
2020-05-07,264.4473876953125,266.3778004537861,263.9418160920804,264.5117413329673,75250400
2020-05-08,268.822998046875,269.2918202089729,266.4513391653479,267.5820163579853,76452400
2020-05-11,268.87811279296875,270.2569749098558,266.4697047839562,266.89254797828886,79514200
2020-05-12,263.5189514160156,270.47758767684087,263.3810427599695,270.0639458677684,95870800
2020-05-13,258.85833740234375,263.99689253994427,256.4315270763484,262.9581454558485,144721100
2020-05-14,261.95623779296875,262.08491700872327,250.94371509495167,256.4224143490226,121977900
2020-05-15,263.1604309082031,263.2063817576998,258.61937607827673,259.56619361268525,111146300
2020-05-18,271.1761474609375,272.78481952214645,269.0619039731258,269.383615942956,119703800
2020-05-19,268.39093017578125,272.28850498888653,268.3725554456711,270.5787293388812,95189300
2020-05-20,272.9503479003906,273.81443707877554,271.70019303559144,271.93000339041674,85861700
2020-05-21,271.0659484863281,273.6306402253111,269.97204881480235,272.82170318555836,78293900
2020-05-22,271.5806884765625,271.75534659131654,269.5399713937195,270.78095292638466,63958200
2020-05-26,274.9266662597656,277.78552119257876,271.59901735603495,277.54650948578575,88951400
2020-05-27,279.01739501953125,279.05417253749494,272.8952427443175,277.72126102832135,104817400
2020-05-28,278.5025939941406,282.0600540546706,277.8315376106127,280.0469129571108,90405200
2020-05-29,279.7434997558594,280.3317995595068,275.28517414932355,278.03369646881987,119090800
2020-06-01,280.874267578125,281.48097041759445,278.5853649065574,279.10013797282943,55758300
2020-06-02,283.19989013671875,283.2458690404746,280.46056860288843,281.7934518574034,74267200
2020-06-03,286.96875,287.92476883249293,284.909658409725,285.18541958591584,92567600
2020-06-04,286.2149658203125,287.7225350605196,284.1190967189892,285.98515548879453,75794400
2020-06-05,293.55059814453125,295.324727633124,291.5466582645759,291.6110119068838,150524700
2020-06-08,297.0988464355469,297.2918792842742,293.817147742069,294.35949682860377,73641200
2020-06-09,294.8834533691406,297.17235545339963,293.5689168610725,294.43300601196165,77479200
2020-06-10,293.2380065917969,296.3542484031599,292.5209994219378,295.462583123064,95000800
2020-06-11,276.3331604003906,286.94121464894255,275.7816379696527,286.306935800571,209243600
2020-06-12,279.6424255371094,284.11912678025476,274.48549461766504,283.3469673510181,194678900
2020-06-15,282.2530517578125,283.38372874328377,272.7756754665918,273.95230329940716,135782700
2020-06-16,287.685791015625,290.14937937635153,282.82302403325144,290.0022973807095,137627500
2020-06-17,286.49078369140625,289.0003228615567,285.75537372521586,288.7061588750805,83398900
2020-06-18,286.6011657714844,287.079161339161,284.5144972868028,284.9741181202328,80828700
2020-06-19,284.96319580078125,290.26285198086515,283.01504638164135,290.0689696801593,135549600
2020-06-22,286.7912902832031,287.18829677421513,283.2181755111513,284.36304192298934,74649400
2020-06-23,288.1116027832031,290.37366646344435,287.70535438204575,289.44113788217754,68471200
2020-06-24,280.7621765136719,286.6896879902903,278.92484547295174,286.07107366384247,132813500
2020-06-25,283.772216796875,284.03997787072643,278.16785889819096,280.18985933823365,89468000
2020-06-26,277.0321044921875,282.8857657278593,276.45045766240185,282.6733996882287,127961000
2020-06-29,281.103759765625,281.2422470855587,275.9979872766672,278.287747613272,79773300
2020-06-30,284.7047119140625,286.4035844678509,280.5130100144226,280.6699529958901,113394800
2020-07-01,286.69891357421875,287.9638397462947,285.3601650563241,285.8218083059018,72396500
2020-07-02,288.2778015136719,291.4816073233506,287.61303399713563,290.1335885242947,69344200
2020-07-06,292.7279968261719,293.30967187564966,291.35230884827496,292.1001687186121,61713800
2020-07-07,289.7088928222656,293.16197598302176,289.3303419029436,291.1861571430053,82910000
2020-07-08,291.9248352050781,292.03562512101786,288.7118149369094,290.47526805974866,54638600
2020-07-09,290.2627868652344,292.7741270342519,286.8466158684542,292.5340635505369,83354200
2020-07-10,293.2265930175781,293.49435402565143,288.767131059591,290.1982140439162,57550400
2020-07-13,290.6876220703125,297.95388491153363,290.0320963106647,295.57181728865015,102997500
2020-07-14,294.45465087890625,295.2302084419288,288.0654935599894,289.2657551792314,93657000
2020-07-15,297.1598205566406,298.2585339487308,294.777725167758,297.6768588380392,87196500
2020-07-16,296.1811218261719,296.6335232521369,294.61152330631586,295.2578352089557,54622500
2020-07-17,297.0397644042969,297.8245636451662,295.2116468030746,297.18749364064047,62774900
2020-07-20,299.4402770996094,300.18813689215324,296.02410586279206,296.7719656553359,56308800
2020-07-21,300.07733154296875,301.8500257092292,299.089408300806,301.406866255897,57292200
2020-07-22,301.7854919433594,302.099434231955,299.6065487498866,299.71733865104954,57792900
2020-07-23,298.1846618652344,302.12711406913473,296.8182155953633,301.42540716743423,75738000
2020-07-24,296.26416015625,297.2889945895657,294.7591987366895,296.32879697000857,73766600
2020-07-27,298.4246826171875,298.6001093174505,296.1626192778823,296.95666037009426,48293000
2020-07-28,296.53204345703125,298.81256305317737,296.2365849092078,297.6953657023095,57495000
2020-07-29,300.1789245605469,300.74214401894255,297.37212550366144,297.40906485580297,48454200
2020-07-30,299.1079406738281,299.5234309444589,295.1193636875488,297.2059723944225,61861700
2020-07-31,301.4715881347656,301.57316433195354,296.67972751036586,300.8991548415424,84986800
2020-08-03,303.5673828125,304.3336982264849,302.58870135537785,303.13343702102367,53077900
2020-08-04,304.7399597167969,304.7399597167969,302.7087180143602,302.7087180143602,41917900
2020-08-05,306.6326599121094,306.89120717639355,305.77401024648213,306.04177121558547,42697700
2020-08-06,308.6824035644531,308.8024353334043,305.7279032834886,306.0510592360944,43679400
2020-08-07,308.9040222167969,309.1902388250722,306.8081434818142,307.71297454516787,57308300
2020-08-10,309.8272705078125,310.0119109096436,307.41747799040013,309.35638535667545,44282100
2020-08-11,307.26983642578125,311.64623502713425,306.54046013928667,311.0091648796552,69601100
2020-08-12,311.5538635253906,312.3294209653016,309.67959266815404,309.70729014184826,53774400
2020-08-13,310.99066162109375,312.3017411953798,310.06737487698325,310.78753741033046,41816100
2020-08-14,310.99993896484375,311.5354611163136,309.8735278815379,310.6029323819641,47260400
2020-08-17,311.9878845214844,312.38489113218793,311.00920264666695,312.01558200184786,35481000
2020-08-18,312.66180419921875,313.0865081681524,310.7875052531915,312.38480129876183,38733900
2020-08-19,311.3599548339844,313.5573533060185,310.79673534794836,313.04031505654325,68054200
2020-08-20,312.3294372558594,312.80953621709097,309.5041820857971,309.6334275776199,42207800
2020-08-21,313.4373474121094,313.658927181265,311.6553828469121,311.9970225596553,55106600
2020-08-24,316.61346435546875,316.68731488840734,313.4096586142327,315.8748181437234,48588700
2020-08-25,317.7214660644531,317.8045584997105,316.0133797579977,317.176730204558,38463400
2020-08-26,320.9067077636719,321.1744405717904,317.7675391796588,318.3122748541858,50790200
2020-08-27,321.6083984375,323.05796511433385,319.94649388256835,321.7746114341692,58034100
2020-08-28,323.6858215332031,323.81509518897934,321.4422417348515,322.6332894034035,48588900
2020-08-31,322.5132141113281,324.350545281418,322.2823924798507,323.47343998768525,66099200
2020-09-01,325.5509033203125,325.6524513348711,322.4486452873158,323.3442345333608,54908700
2020-09-02,330.2596740722656,331.22911386665123,326.3172217084211,327.4621164118237,69540000
2020-09-03,318.89398193359375,329.04089295769626,316.30876246960275,328.57000776099846,148011100
2020-09-04,316.2903747558594,321.1468443007785,309.18105492482806,319.5772736024122,139156300
2020-09-08,307.6482849121094,316.3548979684875,307.3436127666007,310.8797876425356,114465300
2020-09-09,313.72357177734375,316.1887312996784,310.78749888094603,311.65539056693245,91462300
2020-09-10,308.27618408203125,316.25336585308577,307.3159581046872,315.5978402401596,90569500
2020-09-11,308.4331970214844,311.11996508532957,305.607941568055,310.0581908632135,84680200
2020-09-14,312.4955139160156,314.2682362405836,308.5807885105292,311.5999249612927,65605700
2020-09-15,314.07440185546875,315.7824594521563,312.50480343116857,314.9515071825437,52920900
2020-09-16,312.8280029296875,316.7427294770832,312.5510000169259,315.3116463788061,82096000
2020-09-17,310.07659912109375,311.79392701921023,307.4452264147787,307.97150659133644,91523300
2020-09-18,306.5067138671875,310.99330512694877,304.02240791405023,310.8820717692347,105877900
2020-09-21,303.09552001953125,303.2438406391325,298.23813995696975,301.9182622311076,99450800
2020-09-22,306.1823425292969,306.7385377490843,302.06653750783966,304.57868073084774,63612100
2020-09-23,299.0816345214844,307.01660211722344,298.58105607201094,306.7384904056228,93112200
2020-09-24,299.8788146972656,302.937845386202,296.448968406663,297.7652958983576,76681300
2020-09-25,304.72698974609375,305.51490229744024,298.1546867340451,299.0260243217955,71069400
2020-09-28,309.78826904296875,310.50203534951567,307.8972169129009,308.8890949296322,64584600
2020-09-29,308.1012268066406,310.3259795662108,307.4059898011958,309.58440474277614,51304000
2020-09-30,310.4371643066406,313.5888989589638,308.57392054129775,308.7685789335807,104081100
2020-10-01,312.43023681640625,314.0060903303923,310.54846318932005,313.03276987437926,88698700
2020-10-02,309.46380615234375,312.40235285633963,307.0073084094654,307.48007849386664,89431100
2020-10-05,314.9515686035156,315.13694812133673,311.47538439020013,311.5217221973405,45713100
2020-10-06,310.4742431640625,317.18561572731545,309.9644141027496,315.0906262164625,90128900
2020-10-07,315.8785705566406,316.6850408176242,313.40351479672364,313.4313231405762,56999600
2020-10-08,318.6781005859375,318.74299616214427,316.8982814154723,317.8160134938171,45242500
2020-10-09,321.5238952636719,321.9873865273389,319.7070174310904,320.3280798824177,59528600
2020-10-12,326.69647216796875,328.1703711128486,323.5725453203997,324.063844968693,80388500
2020-10-13,324.5644226074219,326.7335584990035,323.60035278140873,326.55742954167613,73255500
2020-10-14,322.5250244140625,326.23295452878085,321.7927285846741,325.13912193436175,57727900
2020-10-15,322.1264343261719,322.6084550653457,318.07552513157503,318.6131625602973,60357700
2020-10-16,321.9317321777344,325.13908342610574,321.75560325500436,323.4797769752981,89501900
2020-10-19,317.0372314453125,323.82272050924837,316.138057465811,323.1923793228003,68425600
2020-10-20,318.3072204589844,321.55165885307974,317.6212625367953,318.381366603576,60051900
2020-10-21,317.7047119140625,320.43004263717467,317.39879185718223,318.26087876428136,63575000
2020-10-22,319.4474182128906,320.0314217004003,315.77657552045014,317.91790278181213,55399300
2020-10-23,320.531982421875,320.7266408105194,318.0754846485953,320.67102412804957,49143900
2020-10-26,314.6086120605469,317.9364759234132,311.1138698437013,317.14853512100905,91473000
2020-10-27,313.5240478515625,315.285309087353,313.31083167503937,314.95160893898276,65994100
2020-10-28,302.8081970214844,313.5519240012724,302.31689728174496,307.8509855863759,127094300
2020-10-29,305.8857116699219,309.0559761451705,301.35275342695843,303.0398684553781,90597700
2020-10-30,302.6969299316406,305.61691969344054,299.0446159372506,304.30987072993145,120287300
2020-11-02,306.089599609375,308.0918566976093,303.34571133877967,306.089599609375,86068300
2020-11-03,311.49395751953125,313.55185999385526,306.173086523715,309.3248216610703,93294200
2020-11-04,318.45562744140625,322.5343454427772,314.79403465889675,315.9712924400372,126959700
2020-11-05,324.6663513183594,326.4739785623512,323.3871109043666,323.7393687910326,82039700
2020-11-06,324.5921325683594,325.8435643582199,322.2653978925801,324.37891645062587,74973000
2020-11-09,328.67095947265625,337.7739357009492,328.20746815703154,337.39386942742516,172304200
2020-11-10,328.18896484375,329.24571041717456,324.9167170262264,327.6791073823705,85552000
2020-11-11,330.6268005371094,331.45180010151614,329.13434427337086,330.37649720254603,58649000
2020-11-12,327.4194641113281,330.67318157201504,325.6118653025927,329.6164079973696,67546200
2020-11-13,331.952392578125,332.69396715892105,328.809908762868,329.32901662727664,62892200
2020-11-16,336.0960388183594,336.2906972148393,333.33362089104185,334.622140095063,74541100
2020-11-17,334.2884216308594,335.49351584362677,332.17490268135197,333.68588866910596,66111000
2020-11-18,330.2652893066406,335.10413858036725,330.22820208953993,334.55722235747817,70591300
2020-11-19,331.6558532714844,332.0266406757399,328.29090170656616,329.63503787241615,59940900
2020-11-20,329.3847351074219,331.6002372367879,329.31058894212913,331.3962999206507,70417300
2020-11-23,331.3592224121094,332.61993357318823,328.958340654461,331.1923723183577,63230600
2020-11-24,336.6985778808594,337.2454941499389,333.05554351994675,333.9083515604822,62415900
2020-11-25,336.1794128417969,336.64290400355594,335.0855804894668,336.6150956654206,45330900
2020-11-27,337.11572265625,337.5884644727242,336.1052868833564,337.2732938319882,28514100
2020-11-30,335.6233215332031,336.6059208367198,332.9443565005629,336.33708795881,83872700
2020-12-01,339.294189453125,340.8329840925718,338.2837817293062,338.8770642217867,74231400
2020-12-02,340.00799560546875,340.16556682393974,337.60711378492744,338.1818385379717,45927000
2020-12-03,339.91522216796875,341.30569594652076,338.81211070717654,339.90594329021474,62882000
2020-12-04,342.84442138671875,342.84442138671875,340.4064533255807,340.49915721669635,50749900
2020-12-07,342.13995361328125,342.63125318672655,340.8699921662204,342.07505805149833,48944300
2020-12-08,343.14117431640625,343.7066201446968,340.82371772977626,340.87005554580287,42458900
2020-12-09,340.06365966796875,343.95697061274456,339.2293807718933,343.79939937232746,74098300
2020-12-10,339.95233154296875,340.99979809475724,337.82025463669373,338.6916205245105,57735400
2020-12-11,339.5536804199219,339.9615549854479,336.7356739717107,338.255910570185,57698600
2020-12-14,338.03338623046875,342.7980607861549,337.8572573213051,341.7227861576118,69216200
2020-12-15,342.6034851074219,342.6034851074219,339.2014749129828,340.5733910132798,63865300
2020-12-16,343.14117431640625,344.0588780721469,341.93607991779965,342.81672473642504,58420500
2020-12-17,345.0599060058594,345.26384325744056,343.9567947299327,344.7818226124563,64119500
2020-12-18,343.6821594238281,345.5161002847388,341.67133885477017,345.3485390064458,136542300
2020-12-21,342.4533386230469,352.3212438699424,337.0260063626711,339.7629543638441,96386700
2020-12-22,341.8761901855469,342.8909048278069,340.74976800980517,342.7791972943252,47949000
2020-12-23,342.183349609375,344.0917525684816,341.8575170917641,342.84430466406303,46201400
2020-12-24,343.5146484375,343.5425753213041,342.0717120912017,342.6581766510882,26457900
2020-12-28,346.4656982421875,346.85667458893,345.4416652223988,346.06537505500916,39000400
2020-12-29,345.8046569824219,348.1692367590177,345.21816415032754,347.9923570664862,53680500
2020-12-30,346.298095703125,347.3314471151924,345.90711937087656,346.6239282532309,49455300
2020-12-31,348.0576171875,348.7837445893019,345.59064770765076,346.10265005654054,78520700
2021-01-04,343.3191223144531,349.5191455225328,339.6233135802176,349.38880113928235,110210800
2021-01-05,345.6836853027344,346.7728905061342,342.6302231348059,342.67678687742756,66426200
2021-01-06,347.7503662109375,350.9434912559952,343.62633562425066,344.17558324644114,107997700
2021-01-07,352.91705322265625,353.66178899148537,349.9473717579539,350.12425147477427,68766800
2021-01-08,354.92791748046875,355.14201412513074,351.0552285052697,354.3041791798379,71677200
2021-01-11,352.5352783203125,354.29472820622965,351.6322715123508,351.7532974365892,51034700
2021-01-12,352.60980224609375,353.6245167279708,350.3662482704432,352.72153817176564,52547700
2021-01-13,353.5594482421875,354.55552607698144,351.7534339254866,352.5354151126377,45303600
2021-01-14,352.32122802734375,354.80683398556437,351.9861054675014,354.3041217359534,49989100
2021-01-15,349.75189208984375,351.5020240301078,347.8900242126763,350.7014344796534,107160000
2021-01-19,352.4980773925781,353.03803490563877,350.72930885602966,352.2094901876076,51233300
2021-01-20,357.376220703125,358.21405551285824,354.397220924243,354.78819724418975,61836100
2021-01-21,357.7020568847656,358.36304045364824,356.78044135246313,357.934790375537,47840100
2021-01-22,356.43603515625,357.59970272379945,355.46785578529006,355.8495421566286,52860500
2021-01-25,357.8416748046875,358.19540580199936,352.3212155048195,357.1714012989788,70402000
2021-01-26,357.2830810546875,359.20080235621367,357.0503476112028,358.79118922289314,42665300
2021-01-27,348.5509338378906,354.0527561056327,346.3166983590229,353.95965704196203,123351100
2021-01-28,351.5484924316406,355.551495917981,349.9286769089569,350.3661884679812,94198100
2021-01-29,344.5107116699219,350.6548810290884,342.83501362114134,349.6867018282273,126765100
2021-02-01,350.24530029296875,351.27862337041176,344.7993308471236,347.9086469202224,75817600
2021-02-02,355.1978759765625,356.75254834286187,350.32910906965094,353.4291069607294,64450700
2021-02-03,355.47711181640625,357.19934519602856,354.20173693182824,356.02635940269215,52427100
2021-02-04,359.5174255371094,359.56396087599126,355.5888826824537,356.5104983071963,47142600
2021-02-05,360.9324035644531,361.6399224767463,359.47085881489795,361.3885805309923,48669800
2021-02-08,363.5390319824219,363.5855673167599,361.52821120762786,362.38465454642807,38365200
2021-02-09,363.2969665527344,363.89277790526904,362.29157040764335,362.7011552001997,35551100
2021-02-10,363.1386413574219,365.1867070653073,360.7368446725787,365.03775424929336,59154400
2021-02-11,363.7252502441406,364.63757587962465,361.29552590667186,364.21864417530406,42913300
2021-02-12,365.52191162109375,365.7639351240039,362.8501073798465,362.9245980037026,50593300
2021-02-16,365.20538330078125,366.94625368053585,364.4885743748941,366.7507370926893,50972400
2021-02-17,365.28924560546875,365.5405875852445,362.44056111873977,363.45530428971625,52290600
2021-02-18,363.7344665527344,364.47920225148306,360.96027351668073,362.6825067811136,59712800
2021-02-19,363.0921936035156,365.2798942259746,362.645335047699,364.99130695342166,83241000
2021-02-22,360.2993469238281,362.71046232061997,360.02936813751376,360.3272738044918,67414200
2021-02-23,360.7369384765625,362.0868041909318,353.9411313866223,358.0930892269746,107284100
2021-02-24,364.7120056152344,365.1402557134538,358.6609345710552,359.6477223454717,72433900
2021-02-25,355.9239807128906,364.81441738369665,354.4810443890207,363.4459432788632,146670500
2021-02-26,354.0899963378906,358.9494723193458,352.1071310412466,357.8044418312601,152701600
2021-03-01,362.6732482910156,363.92072482785227,354.2855524299561,358.9588307931296,105348800
2021-03-02,359.8432312011719,363.12942703807903,359.34051889355743,362.8966935413863,79595300
2021-03-03,355.076904296875,360.11323288180216,354.9744867706238,359.1450818527897,119940200
2021-03-04,350.68280029296875,357.47860618196836,346.19569221992555,354.89061115902405,183433000
2021-03-05,357.13427734375,358.18623749306477,346.9033199879318,354.18320354797186,152039600
2021-03-08,355.3561706542969,360.90453001151155,355.0769017844145,358.0931192185623,123149200
2021-03-09,360.4297180175781,362.9804680067196,358.69816605856334,359.2008783576128,113633600
2021-03-10,362.6732482910156,364.3675549570112,361.3606563767608,362.77566580218155,109899400
2021-03-11,366.3503112792969,368.3238860347193,364.683932122285,365.14010892092347,86245000
2021-03-12,366.8438720703125,366.98350649683164,364.1814143051709,364.9913223888349,64653600
2021-03-15,369.0315246582031,369.29218502366257,364.95402947649114,367.09516616349055,73427200
2021-03-16,368.5660400390625,370.35341719951157,367.7933490003447,369.64592676134737,73722500
2021-03-17,369.82281494140625,370.6234044689322,366.13629619510306,367.28135513431295,97959300
2021-03-18,364.4419860839844,369.3200702632121,363.76239416037566,367.23478757465904,115349100
2021-03-19,363.76763916015625,365.7196598344972,361.5914432269456,364.1412265877475,113624500
2021-03-22,366.6723937988281,368.0546989422797,364.2253628242193,364.28139952570655,73778600
2021-03-23,363.786376953125,367.48494163658637,363.0018346568089,366.0372793939017,90686600
2021-03-24,361.9371643066406,366.8219067698672,361.8904765471702,365.1874361477227,97588600
2021-03-25,363.97314453125,364.76700718739,358.55602665416086,360.4987270317707,116128600
2021-03-26,369.8385925292969,370.2401983720078,364.5242270663124,365.12196135499164,114409100
2021-03-29,369.65179443359375,370.5577590931056,366.877863754709,368.3628933197625,108107600
2021-03-30,368.67108154296875,369.3435503732095,367.07395025683695,368.3815491232856,76262200
2021-03-31,370.1654357910156,371.7251997987825,369.21278347970974,369.2408018270159,112734200
2021-04-01,374.1628723144531,374.2189375105821,371.893300729822,372.0987781059756,99682900
2021-04-05,379.5332946777344,380.0750207457854,376.7500437520767,376.82474984617124,91684800
2021-04-06,379.30914306640625,380.3551993878055,378.6366742165215,378.9729228929124,62021000
2021-04-07,379.74810791015625,380.0936770263506,378.68338221439245,379.1410247193097,55836300
2021-04-08,381.5507507324219,381.60678743598396,380.0657210822236,380.9997041454603,57863100
2021-04-09,384.3246154785156,384.49275406318844,381.30786894490393,381.429291282708,61104600
2021-04-12,384.4647521972656,384.7355867285504,383.11981447960585,383.7268976917543,56704900
2021-04-13,385.604248046875,386.2300292636302,383.9791265777558,384.3620630681728,56551000
2021-04-14,384.287353515625,386.6316316879288,383.74562736217496,385.57622623649513,61659900
2021-04-15,388.41552734375,388.6863904096903,386.3794511307246,386.4261388821726,60229800
2021-04-16,389.7138366699219,390.32092004547286,388.2848435231427,389.70448771705173,82037300
2021-04-19,387.799072265625,389.2280651111477,386.4728323712962,388.7797715143714,78498500
2021-04-20,384.9598083496094,387.68702290879025,383.4840991609738,386.5849297445035,81851800
2021-04-21,388.6022644042969,388.80774177837327,384.20318450969165,384.343304744254,66793000
2021-04-22,385.0531311035156,389.26540322576255,383.98840538810305,388.43417324213044,97582800
2021-04-23,389.2280578613281,390.63838128168265,385.53884219304297,385.6135482901479,73209200
2021-04-26,390.0406494140625,390.61039389838606,389.2934743721866,389.8818882565418,52182400
2021-04-27,389.95654296875,390.53563632822335,388.81708265316865,390.3394793906885,51303100
2021-04-28,389.844482421875,391.34820981136744,389.37749094113417,390.22741885643023,51238900
2021-04-29,392.3288879394531,392.94532012603673,388.94787411541165,392.5717326349584,78544300
2021-04-30,389.75103759765625,390.90919573054396,388.8544220293682,390.05926790428015,85527000
2021-05-03,390.5917053222656,392.1234226337819,390.09669546817264,391.740486180178,68128300
2021-05-04,388.1819763183594,389.09728984022036,384.49276088924864,388.60228003315905,101591200
2021-05-05,388.3033447265625,390.05923693124885,387.74294935229557,389.8257412338787,60162200
2021-05-06,391.404296875,391.5350396849246,386.3701143834206,388.3781723084249,74321400
2021-05-07,394.25286865234375,394.9066681025146,391.4882871687611,392.17010496663084,67733800
2021-05-10,390.34881591796875,394.83192244153906,390.22739358037734,394.60777566622943,81852400
2021-05-11,386.86505126953125,387.85507086903533,382.9890279126543,385.82834392591514,116888000
2021-05-12,378.6460266113281,385.3520172707222,377.32910724736956,384.08181415543856,134811000
2021-05-13,383.194580078125,385.1279319103437,380.1497860913207,380.1965023474464,106394000
2021-05-14,389.0786437988281,389.9285717889335,385.90310715086446,385.93112550205916,82201600
2021-05-17,388.0885314941406,388.90112049078533,386.0711251805724,387.9671376698497,65129200
2021-05-18,384.74493408203125,388.59293922934893,384.5861444411635,388.3500945443385,59810200
2021-05-19,383.7362365722656,383.9136956201269,378.57131179137997,380.0563698240923,106467100
2021-05-20,387.8644714355469,389.1253542262279,384.4928063797059,384.6142002311314,78022200
2021-05-21,387.5469055175781,390.59169919664373,387.0892629717918,389.3494858539395,76578700
2021-05-24,391.4976806640625,392.5717554519268,389.54563104164197,389.7884757512618,51376700
2021-05-25,390.6289978027344,392.93593669892675,390.0499329669356,392.58101863752853,57451400
2021-05-26,391.404296875,391.90862721701114,390.180781318248,391.2174888575059,43088600
2021-05-27,391.6097106933594,392.9452994425397,391.3294987126263,392.4316202322079,56707700
2021-05-28,392.31024169921875,393.44035318988387,392.07674594064906,393.1788390804018,58520200
2021-06-01,391.96466064453125,394.81329741149153,391.525687491623,394.67320566118025,54216600
2021-06-02,392.5810546875,393.42166217448545,391.60973290730567,392.61842198763014,49097100
2021-06-03,391.1240539550781,392.2635143648258,388.7984453863478,390.26480554943856,58138800
2021-06-04,394.7012023925781,395.0000837788047,391.1894173616605,392.9733282256469,55938800
2021-06-07,394.3182678222656,394.86931434784225,393.38428486307185,394.69185530536356,51555000
2021-06-08,394.40228271484375,395.27087993776814,392.57168428200526,395.17747595077844,47134300
2021-06-09,393.81396484375,395.317692442625,393.58981802271103,395.2429578336774,48436300
2021-06-10,395.6445617675781,396.5972427580908,393.720558888761,395.0374784616624,51020100
2021-06-11,396.29827880859375,396.4103521952226,394.90665341979326,396.195554371816,45570800
2021-06-14,397.18560791015625,397.2883323557152,395.1682012696967,396.4103860815458,42358500
2021-06-15,396.4570617675781,397.3723467449024,395.5791155832376,397.3350079519186,51508500
2021-06-16,394.2434997558594,396.82130162532735,392.19810347152844,396.5971548550764,80386100
2021-06-17,394.11279296875,395.0934636810587,391.6377438115296,393.832609480347,90949700
2021-06-18,388.7960510253906,391.52280806426444,388.5899013988071,390.82940868218697,118676300
2021-06-21,394.3620300292969,394.5494491775668,389.74243684552914,390.5576558078238,72822000
2021-06-22,396.4703674316406,397.3043454678535,393.6311417670724,394.352679752593,57700300
2021-06-23,395.9924621582031,397.35115077864344,395.9081321276498,396.54531142259333,49445400
2021-06-24,398.3350830078125,398.75673318670397,397.88529422084855,398.13831292432985,45110300
2021-06-25,399.7499694824219,400.1997582443463,398.75671098813206,399.0846801731096,58129500
2021-06-28,400.5558776855469,400.72453776466034,399.07536933086004,400.274777553691,53159600
2021-06-29,400.7713928222656,401.57723223614346,400.237273994288,400.9400528954754,35970500
2021-06-30,401.1087341308594,401.78340305544015,400.2841356012442,400.3122456149289,64827900
2021-07-01,403.3295593261719,403.48886848690523,401.8021816752853,401.86778124712555,53441000
2021-07-02,406.412353515625,406.7684327334074,403.41381877275404,404.49143596219454,57697700
2021-07-06,405.672119140625,406.68413685470637,402.9359824093808,406.4686076794865,68710400
2021-07-07,407.10577392578125,407.38690265779184,404.3415272693066,406.35615449938257,63549500
2021-07-08,403.7886962890625,404.5476952865336,400.60274209170535,401.78341990828244,97595200
2021-07-09,408.0990295410156,408.39888874783514,403.59187628680496,405.29729335492465,76238600
2021-07-12,409.560791015625,409.8138097220538,407.58365342944904,408.01468314938586,52889600
2021-07-13,408.16461181640625,410.27294851905754,407.9022421705888,408.7736811446095,52911300
2021-07-14,408.7737121582031,410.34795874869207,407.52746339505444,409.8606803722424,64130400
2021-07-15,407.3775329589844,408.10842192602513,405.4753457373174,407.43375298751454,55126400
2021-07-16,404.1822814941406,408.60510543403905,403.78874124223563,408.55826493610124,75874700
2021-07-19,398.2132263183594,404.24775614946304,395.40211100310523,399.35641435707515,147987000
2021-07-20,403.9197692871094,405.1941563775408,398.0820097768181,398.87849813381996,99608200
2021-07-21,407.1900939941406,407.33067265477706,403.8729980876093,405.1192467876088,64724400
2021-07-22,408.0428161621094,408.28645534613815,406.3842681533673,407.36814723384765,47878500
2021-07-23,412.2407531738281,412.5780733348413,409.28908738037114,409.9731072389194,63766600
2021-07-26,413.25274658203125,413.2621261186514,411.60357811733337,411.65041860813767,43719200
2021-07-27,411.3692932128906,412.24073218061153,408.53941855758904,412.2126221686252,67397100
2021-07-28,411.2005920410156,412.57803977875034,409.7763038167769,411.9970804846023,52472400
2021-07-29,412.9059753417969,413.98356380892966,412.1188664980787,412.1282460330738,47435300
2021-07-30,410.90081787109375,412.35321630587856,410.20738984106623,410.33858897512397,68951200
2021-08-02,410.0387268066406,413.16843236981356,409.68264755521176,412.61558301486065,58783300
2021-08-03,413.37457275390625,413.49639234731455,408.642539261414,410.8352061543172,58053900
2021-08-04,411.3412170410156,413.34646478534535,411.1069573898092,412.0908364864167,46732200
2021-08-05,413.9461364746094,414.0304665079831,412.1844995210822,412.5030891792091,38969700
2021-08-06,414.6302185058594,415.0518973321597,413.98365955681214,414.26478830639564,46930000
2021-08-09,414.2928771972656,414.920677039973,413.5244986888596,414.60208735027624,41222600
2021-08-10,414.8082275390625,415.52038600343246,414.05860812109773,414.74262797604996,43339300
2021-08-11,415.8389587402344,415.93266831269824,414.75199061117655,415.87644828844924,44034300
2021-08-12,417.0851745605469,417.2257532062454,414.78944749477773,415.68899640806853,38909400
2021-08-13,417.84423828125,417.86296875743454,417.0477498031309,417.5349995492506,39470300
2021-08-16,418.8280944824219,418.95926500085824,414.98623095911614,416.54171828206023,73740000
2021-08-17,416.0826721191406,416.9447317088072,413.0935163801424,416.2700627013434,92673900
2021-08-18,411.5285949707031,416.6354666486862,411.2849843863083,415.07059964436183,89351900
2021-08-19,412.165771484375,413.36520830572493,408.66125638495504,408.8018064511608,92812200
2021-08-20,415.44537353515625,415.7733427277286,412.02518874666305,412.51246706573465,72008700
2021-08-23,419.099853515625,420.00878201499984,415.52035954108516,417.132066923601,54973000
2021-08-24,419.7651672363281,420.2992860816183,419.24980746387826,419.7651672363281,38744700
2021-08-25,420.6459655761719,421.1613253238744,419.57772793688787,419.952566221922,40529700
2021-08-26,418.1628723144531,420.599149899653,418.0691627312955,420.3648902398338,57829600
2021-08-27,421.9015808105469,422.27639048792906,418.91242573488046,418.96864575668053,77235100
2021-08-30,423.7569885253906,424.544097540426,422.33267151100796,422.57631070476276,48357400
2021-08-31,423.1291198730469,424.0005588501911,422.5294300788062,423.6632387027082,59300200
2021-09-01,423.35400390625,424.58152211457764,423.11974426960506,424.0661623524176,48721400
2021-09-02,424.6565246582031,425.4623641266029,423.45711639620544,424.77834425136786,42501000
2021-09-03,424.5534362792969,425.068824666954,423.11976836523195,423.52271669627993,47170500
2021-09-07,423.03533935546875,424.3003468886767,422.3606705775006,424.20663733137576,51671500
2021-09-08,422.52001953125,423.23217791852863,420.59907351191805,422.5012890564802,56181900
2021-09-09,420.7116394042969,424.07560485445447,420.4680001952441,422.32334708756264,57970400
2021-09-10,417.3944396972656,423.0635112920505,417.27262011455633,422.64186111668704,89948200
2021-09-13,418.4626159667969,420.65531109155603,416.1481298650124,420.3929414709391,83738600
2021-09-14,416.2043762207031,420.11181049925545,415.314178264794,419.9056608987367,78197100
2021-09-15,419.6807861328125,420.17741536814293,415.52033312145613,416.62603163088704,78792200
2021-09-16,419.0155029296875,420.1305523944603,416.0638088883506,419.15605298019295,77786700
2021-09-17,414.9339294433594,418.6658919018536,414.5767094129711,418.2428908298914,118425000
2021-09-20,408.01519775390625,410.38408955076596,403.1457660287209,408.8048283528595,166445500
2021-09-21,407.6297912597656,411.6531636956014,407.10337084294684,410.3559031370975,92526100
2021-09-22,411.60614013671875,413.64604074631075,407.74258725869817,409.9046690416803,102350100
2021-09-23,416.6071472167969,418.21463714747955,413.2418148065021,413.4768249344985,76396000
2021-09-24,417.2933654785156,418.00780541065916,414.7552447526697,414.97146438680744,62094800
2021-09-27,416.09954833984375,417.4249802239827,415.40389884937827,416.25933916263614,61371100
2021-09-28,407.7143859863281,413.65544911085703,406.98115550934745,413.32642918282806,130436300
2021-09-29,408.40057373046875,410.83527498638745,407.83654373845025,409.0961944642292,82329200
2021-09-30,403.40899658203125,410.58148154628566,403.07056708218,409.8764511666684,140506000
2021-10-01,408.2032165527344,409.88589724112427,401.613551525623,405.138703737529,129240100
2021-10-04,402.93896484375,407.9399583912579,400.79564501055677,407.03752756364304,128570000
2021-10-05,407.1315002441406,409.3781818674235,403.6439584161272,404.44296980055765,90682500
2021-10-06,408.8236389160156,409.0304489893108,401.90495407806975,403.5312059070278,113032200
2021-10-07,412.35821533203125,415.19712763222657,411.92580468619974,412.1044146962141,72437500
2021-10-08,411.60614013671875,413.51444998736724,410.9763290353788,413.1290299205683,74557400
2021-10-11,408.6261901855469,413.86222243707743,408.56038046823124,410.9480912711501,65233300
2021-10-12,407.6202697753906,409.9515800440045,406.83063936692946,409.54736960058153,71181200
2021-10-13,409.0867614746094,409.9045920067545,405.66502944424553,408.64494135304466,72974000
2021-10-14,415.9679260253906,416.1183359496485,412.28295460047235,412.7529748558683,70236800
2021-10-15,419.1358642578125,419.50249383265776,417.4625932709582,418.0830234599393,66260200
2021-10-18,420.3766784667969,420.7150792484789,416.6917073911921,417.34974716147195,62213200
2021-10-19,423.619873046875,423.68565408047556,421.39195292020696,422.0030022074686,46996800
2021-10-20,425.2836608886719,425.5844806876447,423.9676101278594,424.0804103805355,49571600
2021-10-21,426.3929748535156,426.618575397613,424.2496836213109,424.68209422675085,41305400
2021-10-22,425.95111083984375,427.4081907045908,424.0052202839226,425.96052042413305,58845100
2021-10-25,428.2354736328125,428.5644935725112,425.26497065295007,427.04163242690424,45214500
2021-10-26,428.6208801269531,430.99918156529145,428.2448696453988,429.78654991386077,56075100
2021-10-27,426.7220458984375,429.74897787469854,426.64682658288626,429.0815570599391,72438000
2021-10-28,430.83941650390625,430.9146071296096,428.14150456050857,428.1508854588699,51437900
2021-10-29,431.7136535644531,432.005063860842,428.2449013910372,428.53631168742606,70162400
2021-11-01,432.4562683105469,433.07669852419264,430.7265971184563,432.70065934906575,48433600
2021-11-02,434.2047119140625,434.51494135185385,432.4938312768331,432.62545072020157,48908400
2021-11-03,436.8556823730469,437.25989295856164,433.198910555134,433.6407307983925,52509800
2021-11-04,438.9143981933594,438.99899841219184,437.10950746163917,437.4573179238719,52847100
2021-11-05,440.4371643066406,442.4300455313022,438.9237129061649,441.14219466561576,66390600
2021-11-08,440.813232421875,442.0353024166088,440.1270211428771,441.53708204527277,50405200
2021-11-09,439.3561706542969,441.4148618185051,437.9461097849906,441.17985167362065,51149100
2021-11-10,435.8215637207031,439.35612511347824,434.3363123816006,437.6640350330447,69429700
2021-11-11,435.962646484375,437.3915266474943,435.9438559987734,437.31630732955944,34848500
2021-11-12,439.2527770996094,439.80739763161506,436.2822452510813,437.2316954723227,53466700
2021-11-15,439.4031982421875,440.70045894132767,438.2751666643262,440.5406680944853,46980500
2021-11-16,441.1423034667969,442.2797446939039,439.0648215292093,439.1400121634308,48857500
2021-11-17,440.0705871582031,441.0576182388675,439.4501569663317,440.8790082432791,47858300
2021-11-18,441.5653381347656,441.82854838909435,438.3785863209398,441.10469867386576,50625600
2021-11-19,440.775634765625,442.70270645083684,440.4090051747564,441.4524364328998,57315600
2021-11-22,439.53472900390625,445.1467717517106,439.32791895320247,442.65567024625074,72762000
2021-11-23,440.1175537109375,440.9729939884895,436.6018115031317,439.2057132997234,73206500
2021-11-24,441.29266357421875,441.4148734428188,437.2974910059745,438.1153217416672,61858800
2021-11-26,431.4504699707031,436.08486361573597,430.32240968502606,434.61840245701467,112669600
2021-11-29,436.7428283691406,438.5852997432788,434.0449166850697,436.24460804442816,86268800
2021-11-30,428.2449035644531,436.20704878218436,428.00048382259115,434.29876746658414,148559600
2021-12-01,423.48828125,436.80866888995706,423.290880760792,433.9603470803366,131939200
2021-12-02,429.97454833984375,431.54442870471775,423.3096641820062,423.7044938415965,127637800
2021-12-03,426.233154296875,432.70060850783227,422.0029722635854,431.6383868949673,137331600
2021-12-06,431.2812194824219,433.16130061518345,426.3647969926562,428.78070813331755,98977500
2021-12-07,440.2021789550781,440.7662090115453,431.1495840464495,436.5642266881175,95484700
2021-12-08,441.3677978515625,441.8190276116101,438.83908665382853,440.5969864571496,72238800
2021-12-09,438.38787841796875,441.471210008513,438.1904779520681,440.07993978691974,61272600
2021-12-10,442.51470947265625,442.66511941343407,438.53835603543934,441.09526765313603,77159800
2021-12-13,438.5947265625,442.3454791791736,438.3126971846737,441.99766876550603,87724700
2021-12-14,435.57720947265625,437.814510746309,432.6536969041149,435.32340883194223,97264100
2021-12-15,442.3830261230469,442.6274171238725,433.11421269074907,435.6335428118317,116899300
2021-12-16,438.48193359375,444.5169779638093,436.930843709259,444.23497726904446,116568600
2021-12-17,433.8152160644531,438.40929266529145,432.1077672413191,435.400025670144,135511600
2021-12-20,429.2023010253906,429.5984890492109,425.57986657914137,428.73062942371416,107134800
2021-12-21,436.82440185546875,436.9658975460039,430.45683668449686,432.6265140421514,69806300
2021-12-22,441.192138671875,441.30533523820264,436.37164043974565,436.56976321936594,58890200
2021-12-23,443.937255859375,445.4371678906433,442.08831149730497,442.19206541682075,56439700
2021-12-27,450.219970703125,450.26712634622396,445.26741905868244,445.3145747017814,56808600
2021-12-28,449.8520202636719,451.6821081838997,449.0879146544429,450.65386765775884,47274600
2021-12-29,450.42755126953125,451.4463493259037,448.9559380833534,449.95587963835754,54503000
2021-12-30,449.1822509765625,451.8613419081985,448.72002207295793,450.8519578886304,55329000
2021-12-31,448.05023193359375,449.84257807075835,447.77668316160356,448.6917271226337,65237400
2022-01-03,450.6444091796875,450.77649102777576,447.0031187538817,449.31429199851436,72668200
2022-01-04,450.4935302734375,452.7858761115812,448.6351430318022,452.0689260726104,71178700
2022-01-05,441.84307861328125,450.8991788038624,441.7487385385624,450.12563049513625,104538900
2022-01-06,441.4280090332031,444.1448419921144,439.0602084439973,441.380853389721,86858900
2022-01-07,439.68280029296875,442.61661242591146,438.3243838694435,441.43743350191716,85111600
2022-01-10,439.1355895996094,439.3525400552865,430.73040038903787,436.4847981906603,119362000
2022-01-11,443.1354064941406,443.2297465587139,435.87165335018614,438.8715061877595,74303100
2022-01-12,444.33343505859375,446.38994479619777,442.3712941726711,444.8711475087788,67605400
2022-01-13,438.2112121582031,446.0881335750446,437.1829715327748,445.43722446899045,91173100
2022-01-14,438.3904724121094,438.7395048053525,433.843551078094,435.0604719206195,95890900
2022-01-18,430.626708984375,433.90011089418675,429.51357096718334,433.6925742478842,109709100
2022-01-19,426.1552734375,433.5699368723863,425.88169585972383,432.1738074172843,109357600
2022-01-20,421.43853759765625,432.749212360242,419.3160155840139,428.04193941787696,122379700
2022-01-21,413.1653747558594,422.6742594656553,413.13707561758935,420.3159019813411,202271200
2022-01-24,414.9200744628906,415.42948785761394,396.92109866435106,407.5525662882195,251783900
2022-01-25,409.85430908203125,414.80686073493035,402.9490301538802,408.52419175491247,167997300
2022-01-26,408.8260803222656,418.8821222815148,404.56215063672164,415.7502159505603,186391100
2022-01-27,406.8072814941406,416.5708886311564,405.11871802199556,413.4295686804275,149878300
2022-01-28,416.9105224609375,416.95767810367454,403.5810789597359,408.1657129140467,164457400
2022-01-31,424.4194641113281,424.7684964246404,414.891693794857,416.24066741224294,152251400
2022-02-01,427.2872619628906,427.9287283515847,421.6177608084225,425.14585473478627,123155400
2022-02-02,431.43798828125,432.1643521308704,427.38159553014776,429.6927977248774,117361000
2022-02-03,421.2970886230469,427.3061803398797,420.4574993371218,425.40063739567904,118024400
2022-02-04,423.2780456542969,427.1268727004783,418.68394073588917,421.06118368926354,118454400
2022-02-07,421.919677734375,425.4383293530502,420.5895604027736,424.0421998784849,84472900
2022-02-08,425.3911437988281,426.31563040935833,419.99522006477935,421.4196773714475,81012000
2022-02-09,431.61712646484375,431.9378596021176,429.23047003549135,429.4285639873432,92589900
2022-02-10,423.8629150390625,431.7775484247765,421.86303233721947,425.76845767621467,140103700
2022-02-11,415.5049133300781,426.0231836326423,414.0710421144383,423.947845988049,153214600
2022-02-14,414.146484375,416.5803257355876,410.67498861776903,414.9955162101405,123006300
2022-02-15,420.825439453125,420.9952343328552,418.0708644315541,418.58972050435466,88482700
2022-02-16,421.2970886230469,422.6743616661116,416.90110575473415,418.7783495538221,84863600
2022-02-17,412.2974548339844,421.2686552268729,411.6937303344617,418.1084506831646,102259100
2022-02-18,409.62786865234375,413.80687151261105,407.3544084156553,412.55220911710694,132642900
2022-02-22,405.2319641113281,410.82598263729784,401.7321399493936,407.4205273459961,124391800
2022-02-23,398.0436706542969,408.7128798332859,397.47765898241863,408.14686816140767,132578000
2022-02-24,404.0338134765625,404.4677720037459,387.3744006844994,387.73284685817333,213942900
2022-02-25,412.94842529296875,413.0333227139032,403.61874859349035,405.26959895160047,121804500
2022-02-28,411.89190673828125,413.37296233027865,406.29788900505855,407.5525226744369,145615000
2022-03-01,405.6186218261719,412.40126010398416,402.91120331174136,410.39193496566537,137785900
2022-03-02,413.0805358886719,414.8068411449072,407.1186004140651,407.8732634005898,117726500
2022-03-03,411.0240478515625,416.1180952528959,409.22225892771945,415.51437058927706,105501700
2022-03-04,407.68463134765625,408.81662588103086,403.63768107861074,407.2884145484183,113978200
2022-03-07,395.6664733886719,407.8072970528567,395.6004324484227,407.0997895778944,137896600
2022-03-08,392.66656494140625,403.0055972451965,391.60058263341585,395.84562657872834,164772700
2022-03-09,403.1942138671875,405.175239820648,398.8642731796688,401.05283573374976,116990800
2022-03-10,401.3736877441406,402.269846539242,396.61922980556955,398.5813710564199,93972700
2022-03-11,396.2701416015625,404.4772092709991,395.7607282684723,403.8640420157582,95636300
2022-03-14,393.3740539550781,400.4962825052735,392.23261691926257,397.0436722577172,95729200
2022-03-15,402.0245361328125,402.65655987964084,394.7136272071247,395.9871173439881,106219100
2022-03-16,410.939208984375,410.9958072800131,400.7322274388574,405.5338702310641,144954800
2022-03-17,416.0804138183594,416.0804138183594,408.64686440877273,409.02419595072837,102676900
2022-03-18,420.6375732421875,420.9593028336933,413.7297868077792,414.4678791360529,106345500
2022-03-21,420.5145568847656,422.4733213729706,417.00386088702027,420.4672258759616,88349800
2022-03-22,425.4352111816406,426.37201295183075,421.9055997031732,421.9055997031732,74650400
2022-03-23,419.9562683105469,424.39429439850414,419.8711071405114,422.8991946168003,79426100
2022-03-24,426.2867736816406,426.2962456583462,420.86464457725936,421.9812404653612,64736900
2022-03-25,428.3686218261719,428.6430492710812,424.33748682777303,426.9208242937579,77101300
2022-03-28,431.4156188964844,431.4156188964844,425.87991232408183,427.7724596050413,68529800
2022-03-29,436.7525634765625,437.2446442247765,432.61735251287416,435.3047660404294,86581500
2022-03-30,434.0557556152344,436.4214398536475,431.9455548784965,435.60762945908306,79666900
2022-03-31,427.3750915527344,434.11255605182595,426.9208697553412,433.2893025074121,121699900
2022-04-01,428.58636474609375,429.09733183282185,425.00945074906633,428.95539653095295,89048800
2022-04-04,432.2578125,432.36191762304253,427.96175071510544,428.78500420961205,59601000
2022-04-05,426.7978515625,433.2325015603828,425.6528684021026,430.7627409154782,74214500
2022-04-06,422.5301513671875,424.81067460735846,419.64402793365923,422.88029691792224,106898000
2022-04-07,424.6592102050781,426.4760682966739,419.7007455820255,421.65006696641547,78097200
2022-04-08,423.52374267578125,426.4193379958125,421.98131186663085,423.9022463943376,79272700
2022-04-11,416.28472900390625,421.09178658035466,415.7832051098399,420.24958914576314,89770500
2022-04-12,414.7423095703125,421.80150331220403,413.19040683522564,419.2749398176844,84363600
2022-04-13,419.49261474609375,420.2496221966037,414.3164961668285,414.4962904899716,74070400
2022-04-14,414.26922607421875,420.8363687322028,414.1651209368808,419.71974367105213,97869500
2022-04-18,414.4394836425781,416.123849633217,412.2062627473825,413.34180271144544,66002500
2022-04-19,421.1296691894531,421.8488175877449,414.1650795150678,414.33540185587515,77821000
2022-04-20,420.8173522949219,423.52370998577396,419.6534541721469,422.9086378808468,65224400
2022-04-21,414.5246276855469,425.83260921448067,413.6162130786086,424.44158581105347,85417300
2022-04-22,403.15045166015625,414.54356611501663,402.5826816695929,413.43644206750025,132471800
2022-04-25,405.4878234863281,405.6581458514601,396.33734249747044,400.9078614410856,119647700
2022-04-26,393.7445373535156,403.15050131692556,393.71615029439,402.95176302506155,103996300
2022-04-27,394.85162353515625,400.19809313911514,392.7130645715548,394.82323647876274,122030000
2022-04-28,404.82537841796875,406.55707558525125,395.1639313315665,399.6019576141651,105449100
2022-04-29,389.8647766113281,402.9895886209459,389.1172122790781,400.8320856724879,145491100
2022-05-02,392.2115173339844,393.5741537158079,383.25974771045304,389.93099434604335,158312500
2022-05-03,394.009521484375,396.4225083192769,391.15175589422336,392.713130893499,100028200
2022-05-04,406.0082092285156,406.5759792490273,391.48290152050896,394.67183940897127,144247900
2022-05-05,391.5775146484375,402.16631958492377,387.44230322988835,401.7404848718178,172929100
2022-05-06,389.240234375,392.5143334096191,383.9316525873715,389.01313791973797,151770800
2022-05-09,376.7778015136719,384.575087347115,375.1975117716512,383.3354711443122,155586100
2022-05-10,377.6484069824219,384.26285159656214,373.60782825671424,382.75827972149085,132497200
2022-05-11,371.64892578125,382.3323619309161,370.901361613005,376.6831078492176,142361000
2022-05-12,371.260986328125,374.5350849474075,364.4572767318207,368.45055253884505,125090800
2022-05-13,380.1371154785156,381.51866715299093,374.35536749244255,375.396274457315,104174400
2022-05-16,378.59466552734375,382.26621234005705,376.2384531036934,378.4905892750784,78622400
2022-05-17,386.3824768066406,386.61904522716617,380.9508462343475,384.6886388298432,83029700
2022-05-18,370.8068542480469,382.1053662434467,369.56723782398416,381.8214956417476,117674500
2022-05-19,368.5357666015625,372.96434969897865,366.3120175133911,367.7409001168937,98510700
2022-05-20,368.6966552734375,375.69907542713753,360.09503013105126,372.12216171567013,131432200
2022-05-23,375.5950012207031,376.3614806717681,369.406362617675,371.72471605038334,76414900
2022-05-24,372.727783203125,373.9200684973476,366.17008413397616,371.46922293735594,91448800
2022-05-25,376.02081298828125,377.98907865192785,370.8352510778718,371.2326698997725,91472900
2022-05-26,383.5341491699219,385.1712128882923,377.04272615796106,377.2509075043551,82168300
2022-05-27,392.9495849609375,393.06313317262965,385.7957588445441,385.9944682150054,84768700
2022-05-31,390.74481201171875,394.08515718858496,388.00062391684565,391.33149711527295,95937000
2022-06-01,387.5842590332031,393.87697365023195,385.06716741079504,392.8644826922193,86585800
2022-06-02,394.9652099609375,395.01251209671574,385.1712709822698,387.42340710258367,79609600
2022-06-03,388.4832458496094,391.79520408065434,387.5085850110212,390.2433012195324,71874300
2022-06-06,389.6660461425781,394.22706332553315,388.4926471442496,392.4953952002465,57508900
2022-06-07,393.4038391113281,393.8580609068562,385.71062891259504,386.17432268656637,59272400
2022-06-08,389.126708984375,393.4795741929143,388.33184246632624,391.69110286881636,64350000
2022-06-09,379.8721923828125,389.6188018901755,379.8721923828125,387.34775033174003,86289800
2022-06-10,368.8574523925781,374.5161791416106,368.8101502618891,373.6645386433497,132893900
2022-06-13,354.8526916503906,361.29681422052283,353.2440145637145,359.4421255713329,170004900
2022-06-14,353.7833251953125,357.6346658846879,350.679548775885,356.60323107069917,104011800
2022-06-15,358.8269958496094,363.27446487884,352.1273619331276,357.08582684228884,125666800
2022-06-16,346.9512634277344,351.0107858866292,344.51933296816924,350.6038951062925,134473300
2022-06-17,347.69915771484375,351.0444479219139,344.19235133733406,347.3665544750161,111113900
2022-06-21,356.4520263671875,357.83954577017596,353.35383919081494,353.4298843377524,76811900
2022-06-22,355.80584716796875,359.92089960070416,351.80480446926504,352.22296583921377,90059400
2022-06-23,359.29364013671875,360.02540799730696,354.3802877819863,357.9441431467789,79292100
2022-06-24,370.7169189453125,370.72643183907684,362.43928023680013,362.4677899153683,98050300
2022-06-27,369.3009033203125,371.93339374615164,368.20799359853146,371.6387840560035,66009600
2022-06-28,361.75506591796875,373.64409647087297,361.64102718888944,370.859544492515,86548900
2022-06-29,361.46044921875,363.29463974904866,359.63577158326706,362.3062847809654,65676000
2022-06-30,358.5237731933594,361.7645084605366,354.0665767146873,357.56389907239446,112508300
2022-07-01,362.3157958984375,362.7529830546203,355.2451042734922,357.8681111996678,74839700
2022-07-05,363.0000305175781,363.0190563072348,354.38975859425415,357.221845993929,81438000
2022-07-06,364.2259521484375,366.715894004098,360.7571393570924,363.14252639295074,70426200
2022-07-07,369.68096923828125,370.479269112684,364.2449023769217,366.003076280143,64525900
2022-07-08,369.3769226074219,371.24913544426704,366.51632594229847,368.04639364512565,72397800
2022-07-11,365.15740966796875,367.66634894711177,364.4636353318297,366.6969906578774,58366900
2022-07-12,361.9261169433594,366.99155941529256,360.17745545859367,364.60614303529803,62219200
2022-07-13,360.02532958984375,362.96197129328345,356.0623395287953,356.48050078741414,84224600
2022-07-14,359.15106201171875,360.234458871572,352.6220841639683,355.064490796516,89704800
2022-07-15,366.01263427734375,366.12667298735175,361.6504796031944,363.5606860012762,79060400
2022-07-18,362.99053955078125,369.7761047012278,361.7645652536722,369.1013562443131,63203600
2022-07-19,372.7982177734375,373.3684403556091,366.2597563730755,366.9154789894388,78506000
2022-07-20,375.174072265625,376.5901301444603,371.61973073634647,372.98825315458964,71843800
2022-07-21,378.9945373535156,379.0420438107076,372.1899479274369,374.59436051631593,64903900
2022-07-22,375.478271484375,380.31560739398503,373.2544293512537,379.1181717855212,72197300
2022-07-25,375.93450927734375,376.78982883535605,373.69164103348083,376.1055673883999,53631500
2022-07-26,371.48675537109375,374.4993845551237,370.59341339787153,374.29030390175836,52946400
2022-07-27,381.1329345703125,382.8815960228277,374.4898888264092,374.78449853291994,82342100
2022-07-28,385.9132385253906,386.60698374585616,378.38636390787866,381.9407350618802,73966600
2022-07-29,391.5393371582031,392.52772101696127,386.5784500823875,387.3482404042619,87003700
2022-08-01,390.37994384765625,392.8889118778882,388.1275919584921,388.8403630121632,69997500
2022-08-02,387.8044738769531,392.49926155328086,386.6260350117583,388.81185464934134,63435400
2022-08-03,393.8773193359375,395.0462453718832,389.6481992309968,389.9332960683664,67820600
2022-08-04,393.6111755371094,394.48549174301655,391.96703995040895,393.80123040665455,45656600
2022-08-05,392.9459533691406,393.59219220020464,389.2680591655284,389.32507853281464,56814900
2022-08-08,392.48974609375,396.8899240250277,391.3873233872075,394.63757214293867,53886100
2022-08-09,390.9311218261719,392.26162182953084,389.85720892972773,391.75793150673337,44931800
2022-08-10,399.14227294921875,399.28485036063125,396.03460162898654,397.9923437821938,68665700
2022-08-11,399.14227294921875,403.85608634972215,398.40099222133176,401.993357133819,59489700
2022-08-12,405.89935302734375,406.0038788583054,400.130652464098,401.0810138483799,61694500
2022-08-15,407.5719299316406,408.0946460440883,403.6279363687809,403.6849557261061,54048300
2022-08-16,408.3702392578125,410.2994714282671,405.69021358179475,406.49802644193505,59289000
2022-08-17,405.4716491699219,408.1801847177208,403.4664007169476,404.76839107782297,63563400
2022-08-18,406.6501159667969,407.33434826924736,404.37873850839094,405.6712159722093,49023200
2022-08-19,401.1855773925781,404.1507003354797,400.31123213885485,403.88460030221233,68016900
2022-08-22,392.8318786621094,396.51928542351556,391.92902375820364,396.3481983345936,77695600
2022-08-23,391.8815002441406,394.7991164880296,391.3302744311885,392.4041873745743,49105200
2022-08-24,393.135986328125,394.50447996842576,390.9691636437866,391.6533959625738,49177800
2022-08-25,398.6861267089844,398.73363317866927,393.53515507562247,394.62806490293383,50942300
2022-08-26,385.1909484863281,399.1137361754967,385.13392912672487,398.5720522592657,103087000
2022-08-29,382.6439514160156,385.6946028813485,381.284941800932,382.2353030427063,65370800
2022-08-30,378.4433898925781,384.04103223682625,376.3430994030369,383.80344189629403,85652400
2022-08-31,375.5638427734375,381.32303102305707,375.4308072476335,380.07805980425115,76029700
2022-09-01,376.74224853515625,377.08436469022797,370.678938652205,373.3874742240931,78740100
2022-09-02,372.7697448730469,381.6271200488621,370.9545511254495,380.41065862148133,99632100
2022-09-06,371.3631896972656,374.55638973388335,369.1393477426086,373.6155413307237,76637400
2022-09-07,378.03472900390625,378.80451936163286,370.8310028776724,371.04956742201074,70964200
2022-09-08,380.50567626953125,380.9618311489722,374.5564050265275,375.7633824847431,80821700
2022-09-09,386.4169006347656,387.28173287628084,382.48239103068937,382.7484910278691,76706900
2022-09-12,390.5700378417969,391.2923218090903,388.1846213728781,388.48874399097315,69256300
2022-09-13,373.5870666503906,383.09068051072757,372.4656471755256,381.883702988719,122947100
2022-09-14,375.0125732421875,376.53315711649486,371.7053054907733,374.88902163325827,85023700
2022-09-15,370.7549743652344,376.30508130578556,369.4814936051546,373.4539971854713,87633800
2022-09-16,367.926513671875,368.58495903524056,364.6342868550473,366.57147330224217,103084800
2022-09-19,370.77978515625,370.77978515625,364.70111961719556,364.77747715242447,73278500
2022-09-20,366.52374267578125,368.4609000016925,363.7659311992638,367.4493811490609,77274900
2022-09-21,360.1301574707031,371.50498233585387,360.1206054997159,368.45132204995605,106746600
2022-09-22,357.10516357421875,360.9985532046951,356.36083780125125,359.35721571534805,89472600
2022-09-23,351.12188720703125,353.6697589480902,346.675007940967,353.6315801864885,122346900
2022-09-26,347.6484069824219,353.2785667174396,346.4269485005134,349.652370039799,92581200
2022-09-27,346.76092529296875,353.459857136267,344.3657100991575,351.18870108949443,108294100
2022-09-28,353.58392333984375,355.27296245080464,346.01660643811806,347.71519752115427,110802200
2022-09-29,346.19793701171875,350.32034122123895,343.2492605532847,350.034073262893,112952300
2022-09-30,340.844482421875,349.17522920833704,340.7109004194997,345.25318357199444,153711200
2022-10-03,349.8431396484375,351.69441640615145,342.7815832218094,344.5660544284427,89756500
2022-10-04,360.6836242675781,360.71225105913686,349.80500664731017,355.3683600338881,103602800
2022-10-05,359.8439025878906,362.1055067151951,353.9847287224127,356.3131384107271,88065700
2022-10-06,356.1318054199219,361.3993391526018,355.6355688484854,358.441111032702,82333500
2022-10-07,346.19793701171875,356.21772325997466,344.43254027693825,352.09528992858685,107789500
2022-10-10,343.5545654296875,347.55293916401916,341.31206538570666,347.3143728510966,76042800
2022-10-11,341.3788146972656,346.4268856317471,339.441657555121,341.85594728520135,92482800
2022-10-12,340.25274658203125,343.36365998856354,340.00462834807956,341.7891284680159,76991800
2022-10-13,349.23248291015625,350.7020596679561,332.1892890254387,333.2389867095814,147254500
2022-10-14,341.27392578125,353.3263019525563,340.63455517563204,351.6944872171797,123737000
2022-10-17,350.04364013671875,351.1505914925585,340.9399400894957,347.3621566992135,93168200
2022-10-18,354.15643310546875,358.2788655814361,350.711520738244,357.97349374132114,97162900
2022-10-19,351.6467590332031,354.8435535760599,348.8316647816131,352.11433970586495,79746900
2022-10-20,348.69805908203125,355.6260339289677,347.9346294295258,351.1982293100266,88283100
2022-10-21,357.1719970703125,357.65865261101857,346.913644240023,348.42137072610865,131038400
2022-10-24,361.54248046875,362.67805847697105,356.0459031598392,358.698788584184,85436900
2022-10-25,367.3157958984375,367.63069061993605,361.351638036336,361.46614520779,78846300
2022-10-26,364.5484619140625,369.8541752707496,363.90912039678545,364.1667615739445,104087300
2022-10-27,362.6017150878906,367.3921160917615,361.9814193866082,365.55039117436706,81971800
2022-10-28,371.2283020019531,371.70543468470186,362.3154669828309,362.49677973202483,100302000
2022-10-31,368.54681396484375,370.6366574184391,367.6402793522776,368.7663054799875,96631300
2022-11-01,366.9340515136719,372.53561281137877,365.7603239323339,372.2970465066368,85407600
2022-11-02,357.7254638671875,370.85616501782636,357.6205086522629,366.34247921682703,126990400
2022-11-03,354.0419921875,357.08610094389695,351.9235219733596,354.4809460886305,87100100
2022-11-04,359.1377868652344,361.5425251743016,353.0781957888094,359.7580535469761,103505200
2022-11-07,362.5730895996094,363.16472938893213,358.3552244250396,360.435515659066,68286900
2022-11-08,364.5293884277344,367.50669186220006,360.445133617555,363.6800782301254,84641100
2022-11-09,357.01922607421875,363.7086341105511,356.5229895570527,362.5539523085774,78495500
2022-11-10,376.6389465332031,376.9729451885855,368.00285783726986,370.3026114178393,141455800
2022-11-11,380.2843017578125,381.08588117365133,375.608378149284,377.49783406496215,93839900
2022-11-14,377.0493469238281,381.8779276043328,376.7726017987613,378.5189238202029,71903500
2022-11-15,380.2651672363281,383.91046764433503,376.44810606485254,382.8035164099832,93194500
2022-11-16,377.3641662597656,379.58759125179506,376.73434776440064,378.63332609915625,68508500
2022-11-17,376.2095642089844,376.88711357872995,372.29709955126145,372.60244233222005,74496300
2022-11-18,377.9176940917969,379.6162851991159,375.06445009963727,379.54947963736595,92922500
2022-11-21,376.54351806640625,377.7172747970653,374.7017931399619,376.59124880158924,51243200
2022-11-22,381.6106872558594,381.77292517031464,377.077927085489,378.4902502119182,60429000
2022-11-23,384.01544189453125,384.5020973782574,381.0476617682043,381.2766761134872,68261600
2022-11-25,383.9295654296875,384.4830556409012,383.17571677097555,383.45243275471506,30545400
2022-11-28,377.80316162109375,382.47905555883773,377.03973194191514,380.83771815093434,67881600
2022-11-29,377.15423583984375,379.1295426207394,375.3124819183031,377.93671115122805,52310000
2022-11-30,389.03485107421875,389.03485107421875,375.48430196447526,377.4023553187591,144566700
2022-12-01,388.7485656738281,391.2487358630156,386.2388435135502,390.07497917155587,76398200
2022-12-02,388.30010986328125,389.2066444558519,383.7482747120534,383.853229920111,85342700
2022-12-05,381.31488037109375,386.41065374736974,379.9598399084257,385.47549236036787,77289800
2022-12-06,375.81829833984375,381.69657620844976,373.7284840801718,381.1526671084108,77972200
2022-12-07,375.1789245605469,377.54551283524984,374.0433465972937,374.9689850432598,65927900
2022-12-08,378.1180419921875,379.1868143806111,375.2838731198775,377.06837354618364,60737900
2022-12-09,375.2934875488281,379.43499580414664,375.16942838990695,376.8775715745364,81447700
2022-12-12,380.70416259765625,380.70416259765625,375.41752454941917,376.08549280299235,75405800
2022-12-13,383.5859680175781,391.7162967072409,380.81860487443333,391.4586555975836,123782500
2022-12-14,381.1335754394531,386.9545999060633,378.1848989989114,383.2424937114521,108111300
2022-12-15,371.8104248046875,377.1733915827472,370.15001236187896,376.2668278226688,117705900
2022-12-16,367.4207458496094,370.59386612148,365.2829810609633,369.2517657317392,119858000
2022-12-19,364.30511474609375,367.9479918227815,362.63707790509415,367.6124594366193,79878100
2022-12-20,364.80364990234375,366.42376617165866,362.224886337841,363.5478242860952,74427200
2022-12-21,370.25836181640625,371.3895586231339,366.864742140629,367.40158229485894,78167400
2022-12-22,364.97613525390625,370.23909861779407,359.2721731477049,367.2097701866978,100120900
2022-12-23,367.07562255859375,367.21941379519086,362.39741929068407,363.950423157118,59857300
2022-12-27,365.6280822753906,367.30571508666856,363.95044946411275,366.960616093891,51638200
2022-12-28,361.0840759277344,367.53578243852644,360.8540099500132,365.5609421925815,70911500
2022-12-29,367.58367919921875,368.45605164881476,363.4039622569558,363.93123576240765,66970900
2022-12-30,366.615478515625,366.75926975895635,362.7808893302895,364.89952091921486,84022200
2023-01-03,365.07208251953125,370.450079987651,362.20570711462034,368.47526883215227,74850700
2023-01-04,367.8905029296875,369.92283055639075,364.28597966385496,367.3344711039099,85934100
2023-01-05,363.69158935546875,366.0498533403474,363.09723275612134,365.93482035409846,76970500
2023-01-06,372.03179931640625,373.15342943340613,363.7203443233328,366.787997866155,104189600
2023-01-09,371.8208923339844,377.4194177778674,371.6387762794701,374.2271061896771,73978100
2023-01-10,374.4284362792969,374.4955486092587,370.29666890331214,371.2361537559992,65358100
2023-01-11,379.16412353515625,379.24083169297677,375.1953394078577,376.01019536505663,68881100
2023-01-12,380.54461669921875,382.0113458697923,376.19237910493234,380.26663005159156,90157700
2023-01-13,382.02093505859375,382.5961292686462,377.07431166109114,377.3427317250366,63903900
2023-01-17,381.32110595703125,383.6793992551705,380.64047460135316,382.00176656830166,62677300
2023-01-18,375.30078125,383.5739112290624,375.09947353048597,382.5098268846119,99632300
2023-01-19,372.5687255859375,374.9077982389386,371.24578754272824,373.25892360264237,86958900
2023-01-20,379.50933837890625,379.66272547397637,372.3194828602261,373.96835756273396,91806400
2023-01-23,384.0628967285156,385.99935386476415,379.3559346776604,380.31458203818664,84178800
2023-01-24,383.6506652832031,384.56136267462904,381.1965305092897,382.38524381226813,59524900
2023-01-25,383.79449462890625,384.13002707193834,377.2852705542339,379.57645189598105,84800300
2023-01-26,388.012451171875,388.175434067063,383.4876352529639,386.4594474008895,72287400
2023-01-27,388.9040222167969,391.28147800741476,386.7566616675893,386.967565239786,68346200
2023-01-30,384.0245666503906,388.37683413083494,383.7273882904966,386.14316925803433,74202000
2023-01-31,389.6708984375,389.71881909207235,384.19700222601404,384.5421304079371,86811800
2023-02-01,393.812255859375,396.56359788271243,385.71170461794947,388.4534215519607,101459200
2023-02-02,399.5450134277344,401.01174260046105,395.8062948752539,397.704397771963,101654500
2023-02-03,395.2982482910156,399.7271944530263,394.090343244796,394.56966692909316,94736800
2023-02-06,392.8824157714844,394.2820619137646,391.22397464206705,392.8440909429574,60295300
2023-02-07,398.020751953125,399.26698166926644,390.7158646278332,391.9620943439746,90990700
2023-02-08,393.6684875488281,397.388043561494,392.97826035827575,396.0459432619734,76227500
2023-02-09,390.2557373046875,397.4264298512411,389.02866989488314,397.2730427680662,78694900
2023-02-10,391.16644287109375,391.54989593055205,388.26174279369724,389.0765695741987,70769700
2023-02-13,395.7583312988281,395.8925559564968,391.358143932513,391.8183051444725,64913500
2023-02-14,395.57623291015625,397.88654714068605,391.6170149103328,394.23410329587506,88389300
2023-02-15,396.86077880859375,396.93745771221506,392.5372705702228,393.3808847880114,61555700
2023-02-16,391.396484375,395.83502566820573,391.2622889776,391.88540381719497,76431500
2023-02-17,390.418701171875,390.6583629922171,387.34142233465536,389.26831273199565,89257800
2023-02-21,382.5865783691406,387.4469275943241,382.3277541092348,386.3924096279732,82655900
2023-02-22,382.0592956542969,384.54218860202,380.6021330632425,382.9987512663258,83742300
2023-02-23,384.09161376953125,385.567938737912,379.86397585252666,384.95439045031753,96242400
2023-02-24,379.9886169433594,380.8226354035622,377.36193273433554,379.0683237378521,108194400
2023-02-27,381.28271484375,384.69549611869485,380.3432301704229,383.33420438841165,80444700
2023-02-28,379.8735656738281,382.76866981415725,379.7680992642455,380.8034546692743,96438600
2023-03-01,378.4163818359375,380.2857555557943,377.1126357022291,379.058688324708,99706800
2023-03-02,381.3594055175781,382.2030196575483,376.1060088085925,376.4415411491154,85127800
2023-03-03,387.4757080078125,387.7249657020057,382.5290837463958,383.18095697902646,90120000
2023-03-06,387.7440185546875,390.6007976277676,387.3030490519938,388.3000210358587,72795900
2023-03-07,381.8004455566406,387.9358116155142,381.1869265041094,387.69614979307676,108310600
2023-03-08,382.423583984375,383.18089426793244,380.18991944950625,381.9155020986243,74746600
2023-03-09,375.3678894042969,384.87768235160564,374.38048397400695,383.20961635596575,111945300
2023-03-10,369.9515686035156,376.901761257044,368.4273229667233,374.82148382483746,189253000
2023-03-13,369.4242858886719,374.24630958503957,364.90906558564376,366.0210998932848,157790000
2023-03-14,375.53094482421875,377.1798194710275,371.04445289786275,374.351798026972,149752400
2023-03-15,373.18218994140625,373.38349766674736,367.8425178859198,369.9323910671056,172996900
2023-03-16,379.7297668457031,380.0748950855989,370.31587262158683,370.82395451887174,143254200
2023-03-17,375.2896423339844,379.53341458067706,373.90391958538095,378.39790074611807,140553400
2023-03-20,378.8983154296875,379.3121292855333,375.3666692245707,376.06913373609086,93055800
2023-03-21,383.8734130859375,384.35456598955216,380.6689183022078,382.2663494662777,91524200
2023-03-22,377.3298034667969,387.318544760657,377.29133237000224,383.70029405624626,111746600
2023-03-23,378.349853515625,384.2391613901428,375.636143615093,380.1974645439356,119351300
2023-03-24,380.8325500488281,380.9191540535127,374.7219018688471,377.0699305533351,107682400
2023-03-27,381.54461669921875,383.88304210898116,380.6496793546359,383.1131798497359,74010400
2023-03-28,380.68829345703125,381.54473060251513,378.8502853088847,380.8518690459743,62871700
2023-03-29,386.2214660644531,386.4620425314962,383.65209647484517,384.8549788100607,77497900
2023-03-30,388.4828796386719,389.1083725616801,386.6160039583287,388.85816364557934,69840000
2023-03-31,393.9584655761719,394.25677808538353,389.3008787149844,389.4067476454537,112062600
2023-04-03,395.45965576171875,395.8638078292274,393.0442583450311,393.43880732243116,67391100
2023-04-04,393.2655334472656,396.39302737074536,391.8894138018298,396.1043180036167,66601500
2023-04-05,392.2359313964844,393.2944738697264,390.5807639021192,392.53424390704595,65200200
2023-04-06,393.7659912109375,394.0450681714436,390.38828778154027,391.43719778873736,63743300
2023-04-10,394.17010498046875,394.2471058980047,390.66732678096605,391.28318728502614,63681000
2023-04-11,394.2760314941406,395.6809900883233,393.50619840980073,394.7956849780574,59297900
2023-04-12,392.6689453125,396.6336706379783,392.08195275810823,396.34496122221753,86420400
2023-04-13,397.8846740722656,398.2407226034187,392.6112264732372,393.7563729944993,85814800
2023-04-14,396.9126892089844,399.44355846247794,394.6031608879993,397.2495021524552,78161500
2023-04-17,398.33697509765625,398.3562106467558,395.59439693756417,396.8261475266993,66436400
2023-04-18,398.59674072265625,400.0498321097644,397.2206502574761,399.9150951800139,63560000
2023-04-19,398.52935791015625,399.43389838923747,396.62398175927586,396.6817177607652,55227300
2023-04-20,396.3546142578125,398.10601828904817,394.8052862710272,395.70985629299514,75840400
2023-04-21,396.66253662109375,397.1244246963598,394.7090566567866,396.65290416377644,73457400
2023-04-24,397.0763854980469,397.4998025471622,395.12290521714107,396.4604954748782,64332100
2023-04-25,390.773193359375,395.6617241074058,390.7154573508528,395.1035702020275,97766700
2023-04-26,389.1180114746094,392.46684668077467,388.55988695720504,391.3890687387205,80447000
2023-04-27,396.8646240234375,397.1340685308111,391.40833604006144,391.65854499949717,92968400
2023-04-28,400.25189208984375,400.2615245465103,395.92151547329547,395.9792514788031,89433100
2023-05-01,399.84765625,401.87810720837757,399.6166829091316,399.80915579864865,62122300
2023-05-02,395.35382080078125,399.1838095173126,392.44766705242614,399.1356765936417,103998500
2023-05-03,392.64007568359375,398.26957154429016,392.3994991884123,395.8541741351487,91531800
2023-05-04,389.8590393066406,391.9183589011733,388.5214198537967,391.5911783811914,94901900
2023-05-05,397.0763854980469,398.12529566195667,393.2367934138792,393.49660549832385,87891800
2023-05-08,397.1820983886719,397.6632513030807,395.77714010142626,397.4034393015075,50046800
2023-05-09,395.4404296875,396.55670826234115,395.2094856262401,395.63290265005054,49220100
2023-05-10,397.28802490234375,398.914324338217,393.4580365761441,398.27919887504333,96142900
2023-05-11,396.5951843261719,396.8838643849846,394.5165998009732,396.4219762908843,70157100
2023-05-12,396.07550048828125,398.0482452964263,393.65050007841785,397.8365368137777,70481500
2023-05-15,397.4419250488281,397.84607703631826,394.7667161184098,396.6816952493689,54289400
2023-05-16,394.7859802246094,397.25911334021237,394.7763477684629,396.33527856748293,57705500
2023-05-17,399.5782775878906,400.1845056184392,395.16129716185526,396.80683197926186,87287000
2023-05-18,403.4275207519531,403.8509377054382,399.0394081133319,399.2607196795313,97177200
2023-05-19,402.84051513671875,404.86136352045077,401.6183971431854,404.3321069908471,103793300
2023-05-22,403.004150390625,404.54384591155565,401.61842735851235,402.85981035962357,60745400
2023-05-23,398.48126220703125,402.9367433972177,398.08671324851565,401.35854756315524,86383500
2023-05-24,395.5943298339844,397.2591296170941,394.4299479150844,396.8742131296412,89213700
2023-05-25,399.0201721191406,400.4732635587891,396.8646161031706,399.1067761340057,90961600
2023-05-26,404.18768310546875,404.90941247611363,399.59749488037494,399.67446642499004,93830000
2023-05-30,404.3416748046875,406.65120302721357,402.95595199772293,406.12194654378385,72216000
2023-05-31,402.099609375,403.41796403198254,400.5310457347356,402.513393949465,110811800
2023-06-01,405.9198913574219,406.9784337458306,401.0794937409788,402.3304796935779,88865000
2023-06-02,411.7900085449219,412.5790771690053,407.96965243794403,408.4989090066005,91426200
2023-06-05,411.0008850097656,413.4258854781173,410.29839108056865,412.1363990044285,65460200
2023-06-06,411.8958740234375,412.42513062538865,409.932761379412,410.58715183892133,64022200
2023-06-07,410.47149658203125,413.4257822154926,410.0480797122799,412.2902685044504,85373300
2023-06-08,412.9543762207031,413.40666121291997,409.7691457275,410.53897877639116,61952800
2023-06-09,413.6953430175781,415.7065590310339,412.70416901348756,413.7530790281272,85742800
2023-06-12,417.4483337402344,417.5253346663892,413.9551876062376,414.6769171108834,76104300
2023-06-13,420.2005615234375,420.84529012852545,418.247081424966,418.9110749460117,95899700
2023-06-14,420.7008972167969,422.5100370544421,417.2462224703346,420.5373216552151,100612100
2023-06-15,425.9165954589844,427.167581376933,419.78671159999425,419.8829186958016,110303100
2023-06-16,424.4659118652344,428.47431075878063,423.99263976838114,427.9044446994593,114165800
2023-06-20,422.2636413574219,423.41304154167295,420.1870041214196,422.52444796434224,76160400
2023-06-21,420.10009765625,422.08014103507514,419.5108951805997,421.2784731312149,76982300
2023-06-22,421.6165771484375,421.7228098726015,418.80586088521426,419.143925012139,70637200
2023-06-23,418.4291076660156,420.2159925909701,417.71436548656794,418.1586622892244,92074500
2023-06-26,416.719482421875,419.78130707914215,416.47801229853,417.8592143297431,72823600
2023-06-27,421.2882080078125,421.9063563429636,417.1445714519084,417.59853657086614,72813700
2023-06-28,421.5005798339844,422.5147425065915,419.5881259491554,420.20627410375766,75636000
2023-06-29,423.1618957519531,423.32610840810986,420.679605245235,421.0852585523664,67882300
2023-06-30,428.1555480957031,429.14073568910436,426.05957423925753,426.3783313417032,104964000
2023-07-03,428.6481628417969,428.9282469948695,427.52773780049586,427.8078514299053,32793400
2023-07-05,428.0106506347656,428.7447292814146,426.8226069528998,426.8322751907773,58418400
2023-07-06,424.6590576171875,425.0840474287703,422.1477622241082,424.42725571135543,80658300
2023-07-07,423.5868835449219,427.5373607483118,423.3454134187473,423.66417049204466,86134200
2023-07-10,424.6590576171875,424.83290904656155,422.659677750378,423.2295437531058,62443500
2023-07-11,427.36346435546875,427.85607282742535,424.44651594855435,425.4220646553444,64463800
2023-07-12,430.8020324707031,432.2122392972248,429.729919208418,431.15943303446664,91924500
2023-07-13,434.22125244140625,435.0132815571351,432.18325865422753,432.617887210663,72425200
2023-07-14,433.9508361816406,435.9598548665001,433.18778225181745,435.1099046958951,69815800
2023-07-17,435.45758056640625,436.51038682135163,433.7576213779186,433.8059330908804,52680200
2023-07-18,438.69329833984375,439.3404218148386,434.69453863237396,435.12919667930265,80668200
2023-07-19,439.6687927246094,440.85680681351107,438.61595709471186,439.48527308096357,65891700
2023-07-20,436.7518615722656,439.5722457578469,436.0371193951603,438.6739839174844,70591600
2023-07-21,436.7518615722656,438.6739839174844,436.74222281063936,438.47112777830426,71275600
2023-07-24,438.7029724121094,439.5143085643416,436.86777572408096,437.9012750217946,54023400
2023-07-25,439.9006042480469,441.156237070321,438.3841648336445,438.4324765430136,55191200
2023-07-26,439.9682312011719,441.39771546076753,437.91090104233945,438.96370723872633,71052900
2023-07-27,437.05126953125,443.7641509737044,436.14333947921443,443.35846818342566,92194400
2023-07-28,441.3302001953125,442.16084340685165,437.05132650770946,440.325676064509,80011800
2023-07-31,442.1704406738281,442.52781174126136,440.4897885662861,441.8034013690048,62040400
2023-08-01,440.90521240234375,441.64892989588066,439.9489705091238,440.7023562416477,55291500
2023-08-02,434.7718200683594,438.0461398306252,434.0184344125547,437.7853626915781,93933400
2023-08-03,433.52581787109375,435.4092967139093,432.10597229878186,432.7531252299224,64276100
2023-08-04,431.5650939941406,437.44730311288595,431.0435102343316,435.34169055011716,100128900
2023-08-07,435.3320007324219,435.4865451527169,432.7048045400754,433.40023969323573,58357500
2023-08-08,433.43890380859375,435.32238270202885,430.07762882885913,432.7917508600607,71361300
2023-08-09,430.541259765625,433.87355948928627,429.77820586959297,433.7093468244431,78789600
2023-08-10,430.6957702636719,436.2882265207825,429.52706313111736,432.89797658868093,93005500
2023-08-11,430.4447021484375,431.45889450819044,428.2231884627009,428.82202974443834,68690900
2023-08-14,432.8207092285156,432.8207092285156,429.2179937241371,429.5270825673996,47867400
2023-08-15,427.7788391113281,431.40089107368914,427.2089436634091,431.0434905199487,75707500
2023-08-16,424.6397399902344,429.0248164729432,424.53347780183003,427.36350074460506,80107200
2023-08-17,421.40399169921875,426.368601907091,420.8824080004751,426.1078247958852,95711300
2023-08-18,421.6069030761719,422.6404024444025,418.23598904528774,418.5836919301103,98852000
2023-08-21,424.3499755859375,425.09369303000517,420.4671462190992,422.6210410735604,68719000
2023-08-22,423.2005310058594,426.1271477129419,422.6403332909712,426.1271477129419,64994200
2023-08-23,427.9140319824219,428.53220964419495,424.1181287339091,424.263004912033,68441000
2023-08-24,421.9835205078125,430.0292916211122,421.95451579727023,429.5173761658402,88517300
2023-08-25,424.95843505859375,426.2430431246683,420.15800790417546,423.7124409886771,102325100
2023-08-28,427.6532897949219,428.27143803085545,424.95847475635645,427.15101303461915,61595400
2023-08-29,433.83489990234375,434.1150135078099,427.3634885979469,427.5470082557006,83081900
2023-08-30,435.621826171875,436.2593109157671,433.4679017861337,434.1730052474849,69053900
2023-08-31,434.98431396484375,437.3796788770793,434.8007943012341,436.2399468961714,66084600
2023-09-01,435.795654296875,438.19104870854676,434.337165211912,437.7081084262502,58944100
2023-09-05,433.9121398925781,435.670049450585,433.8445506606034,435.35132185994263,55166200
2023-09-06,430.9952392578125,433.2071140684911,428.6674634922226,433.1008518755981,70758500
2023-09-07,429.6719970703125,430.34809581436866,427.6436418854697,427.991344757898,70355400
2023-09-08,430.3190612792969,431.85480770691146,429.3628490355431,429.72022009729625,61659700
2023-09-11,433.14910888671875,433.45816823533755,431.2366549432054,432.9462527649071,60180100
2023-09-12,430.7730407714844,433.2263855290798,430.19353604446763,431.70030728737913,67565400
2023-09-13,431.2752990722656,432.4343379531001,429.8940675950137,430.9951854819559,60199300
2023-09-14,434.9939270019531,435.6893621396805,432.4440178145085,433.747962382289,83430800
2023-09-15,429.7530212402344,433.7368084981918,429.3168595859164,433.4072542770486,111848900
2023-09-18,430.0050964355469,431.3039383717458,428.96795152295476,429.44289301849346,55752200
2023-09-19,429.11322021484375,429.6754234765873,426.42830474295727,429.084142775809,66514600
2023-09-20,425.1683044433594,430.7901603921495,424.96473276036625,430.3733738455972,82562600
2023-09-21,418.1409606933594,422.5802845540439,417.98587113932,422.31858757052555,104095800
2023-09-22,417.20074462890625,420.7677155797648,416.7839285170148,419.16839709834846,100829700
2023-09-25,418.9551696777344,418.9939198820318,415.5529609010411,415.98915213200996,70874500
2023-09-26,412.8001708984375,416.6191660672769,411.96656825523684,415.91157553365485,96168400
2023-09-27,412.96490478515625,414.53517529607944,409.3204041006066,413.9729720120895,104705800
2023-09-28,415.3591003417969,417.0359784928409,411.8212066146307,412.4124874162186,92258300
2023-09-29,414.35101318359375,418.5867946420908,412.8292247753013,418.41232999892884,115111300
2023-10-02,414.186279296875,415.43666857523283,411.42380373877234,413.51746849079825,83798600
2023-10-03,408.6419372558594,414.2444181473067,407.27523825202337,412.00536625897985,103760600
2023-10-04,411.61767578125,412.3640165843667,407.64359070503724,409.107224446792,87453000
2023-10-05,411.4625549316406,412.3058303467078,408.23484048426144,411.3268404794052,70142700
2023-10-06,416.3477478027344,417.88891132912596,407.6823154616602,409.0102345616155,113273300
2023-10-09,419.0133056640625,419.5851817448939,413.89546879833836,414.44794019758774,80374400
2023-10-10,421.1942138671875,423.79189736248946,419.245936455557,419.64334789466267,78607300
2023-10-11,422.9195251464844,423.17151977952034,419.8759482263836,422.2604167519184,62451700
2023-10-12,420.34124755859375,423.90821868639375,417.9858858829249,423.5302119190894,81154200
2023-10-13,418.24755859375,423.0455435777595,416.67731756779995,421.8436069564154,95143100
2023-10-16,422.6481628417969,423.7143850912576,420.25402134631616,420.49634324027045,75433200
2023-10-17,422.62872314453125,424.68363748247594,419.1683892665842,419.51731856642147,75324700
2023-10-18,416.9971923828125,421.81455273319096,415.91159504982164,420.85496751569167,93559800
2023-10-19,413.333251953125,419.5270131332278,412.65476846702256,417.714450283055,121323000
2023-10-20,408.25421142578125,413.4399055549237,408.14757441721036,412.8971069121286,123919900
2023-10-23,407.5466613769531,411.4141390664612,404.9683527773846,406.72276099004836,92035100
2023-10-24,410.6192626953125,411.7727171708306,407.8180076603951,409.66935030950145,78564200
2023-10-25,404.7259826660156,408.9617938766799,404.21226147565824,408.93271643497314,94223200
2023-10-26,399.8795166015625,404.51270932433266,398.9587112931171,403.6597612351225,115156800
2023-10-27,398.0670166015625,401.86663693380547,396.6421626745101,401.4692254760225,107367700
2023-10-30,402.8262023925781,403.88272225418063,399.5597081383843,400.85854988329856,86562700
2023-10-31,405.3560485839844,405.67590044700427,401.48857130380884,403.39806888205027,79665200
2023-11-01,409.6790771484375,410.4932751362608,405.7922246289102,406.32535052662286,98068100
2023-11-02,417.53033447265625,417.6854240377106,413.4593147358308,413.4786898388463,94938900
2023-11-03,421.3396301269531,422.89049620638866,419.71123405468535,419.83724617580907,100167800
2023-11-06,422.308837890625,422.7547018208165,420.36056071301397,422.09559347526306,67831700
2023-11-07,423.51080322265625,424.1505365569555,421.1651439105342,422.308896123232,64256100
2023-11-08,423.8209533691406,424.635151307966,421.51404441898217,424.11172778289733,61746000
2023-11-09,420.5157165527344,425.0035227425126,420.08922765476564,424.9647429571584,83174400
2023-11-10,427.0777587890625,427.38793789386506,420.5059906051338,422.58998243152627,89462200
2023-11-13,426.67071533203125,427.7756878254619,424.95508691156584,425.74020750909324,52236100
2023-11-14,434.9483642578125,436.2375035396276,432.38943121379657,432.61237797424354,97176900
2023-11-15,435.8692626953125,437.51706352995177,435.01628483174915,436.2860492849091,77327600
2023-11-16,436.4023132324219,436.7221650858265,434.35710126569217,435.4233234108849,66665800
2023-11-17,436.9450988769531,437.5557547047121,435.4911676985958,436.4119730300388,83133200
2023-11-20,440.30859375,441.1518692274426,436.6834380187307,436.69314036041027,69936200
2023-11-21,439.3489074707031,440.18251005122386,438.0791432901761,439.2616751507019,49244600
2023-11-22,441.0452575683594,442.3635041592452,439.94998736706395,441.00650736003314,59394900
2023-11-24,441.3165588378906,441.51042815767795,440.76408747907647,441.09364165847086,29737400
2023-11-27,440.5218505859375,441.5008109728584,440.13411187157703,440.6866129172609,50506000
2023-11-28,440.9579772949219,442.25681906014256,439.57190319998205,440.13407696271906,62115000
2023-11-29,440.6477966308594,444.2438747206066,440.2504147680835,443.10979527762873,63146000
2023-11-30,442.3828430175781,442.73180192610516,439.41682540648986,441.4911150141487,79752700
2023-12-01,444.9999084472656,445.53300475365734,441.18091323402564,441.77216442546705,89183400
2023-12-04,442.6639099121094,445.019271433423,440.3860783753154,441.60739008872554,72430900
2023-12-05,442.57672119140625,443.5363064434526,440.89984300542426,441.27787936550914,69793500
2023-12-06,440.7932434082031,444.74792384542485,440.35705215116445,444.71884640030964,69124700
2023-12-07,444.1566162109375,444.8060222628319,442.27619611806483,442.8771496276889,66995400
2023-12-08,446.0661315917969,446.5992278993257,443.16794177253433,443.4102636541943,83194400
2023-12-11,447.8011779785156,447.97567223110514,445.3585838256798,445.57182828523526,65002200
2023-12-12,449.84637451171875,449.94330918636626,446.45386796122364,447.45223299144266,68327600
2023-12-13,456.0497741699219,456.3017983886153,449.86571511357835,450.22434675999136,93278000
2023-12-14,457.5133972167969,459.1805728813377,454.83815428105993,457.9883386207796,119026000
2023-12-15,456.7601318359375,458.09346468799856,454.911024624647,456.9158501916579,141553700
2023-12-18,459.3294372558594,460.31239637628556,457.3051580447496,458.3659614924249,70375300
2023-12-19,462.1225280761719,462.2004020971749,459.7965540277921,459.8743983485583,55761800
2023-12-20,455.71881103515625,463.15417688283,455.2905929826461,461.26613266046417,102921000
2023-12-21,460.0398864746094,460.31238616429494,456.28325178797456,458.7065536605437,86667500
2023-12-22,460.9644775390625,462.64815455949093,459.0667211740831,461.1688449044697,67160400
2023-12-26,462.91082763671875,463.8159126462135,461.29528326802847,461.37315728833744,55387000
2023-12-27,463.74786376953125,463.893840449239,462.1712562282074,462.70651395388256,68000300
2023-12-28,463.9230041503906,464.75995685713684,463.5045277970175,464.1079178321579,77158100
2023-12-29,462.5799255371094,464.2538605283432,460.6237492048473,463.7283148554509,122283100
2024-01-02,459.9912414550781,460.9839423046435,457.88908810923715,459.51437438828117,123623700
2024-01-03,456.2345886230469,458.57030441924957,455.6311985932203,457.8306496986943,103585900
2024-01-04,454.76507568359375,458.346508982876,454.5412249647981,455.75774684908487,84232200
2024-01-05,455.3879089355469,457.84040614563645,453.93779478135224,454.96940287212124,86118900
2024-01-08,461.8889465332031,462.03492319132073,455.75765959014376,455.8841825939242,74879100
2024-01-09,461.18829345703125,462.2101599071882,458.72605447786003,459.23211686361327,65931400
2024-01-10,463.7965087890625,464.66268658164086,461.1785514545196,461.4607928330298,67310600
2024-01-11,463.5921630859375,465.31474737264404,459.61170706620095,464.79894328451786,77940700
2024-01-12,463.91326904296875,465.7818595429952,462.502121615046,465.04220480544996,58026400
2024-01-16,462.2101135253906,463.84511156166917,460.3902018147457,462.531291886232,85014900
2024-01-17,459.640869140625,460.1274778564824,457.28566988777015,459.18345575970955,68843900
2024-01-18,463.72833251953125,464.2830735453687,459.7673604180853,461.31477246365523,91856200
2024-01-19,469.5093078613281,469.79154925027024,463.7770722736198,464.85732943436926,110834500
2024-01-22,470.5019836425781,472.22456782073624,469.8499148891261,471.0469830334159,75844900
2024-01-23,471.8741760253906,472.1174803762762,469.956966252641,471.0469649925702,49945300
2024-01-24,472.3899841308594,475.6794338281553,471.89363377790727,474.745153487513,81765000
2024-01-25,474.95928955078125,475.23178923650255,472.3900110425858,474.52132983790426,72525000
2024-01-26,474.35589599609375,476.02008943226616,473.5092016110277,474.53106799985125,76641600
2024-01-29,478.1125183105469,478.2585246858996,474.12235058965683,474.66734997690736,61322800
2024-01-30,477.74267578125,478.45310543351826,476.9835377414516,477.4214974259143,58618400
2024-01-31,469.947265625,475.98119623389044,469.92778226707486,475.533524505223,126011100
2024-02-01,476.0979919433594,476.1271872790658,470.8425939142762,471.65038103588824,91891600
2024-02-02,481.11004638671875,482.7644982110768,476.1952805049677,476.53591254829524,99228200
2024-02-05,479.35821533203125,481.13921979443177,477.10037355108614,480.47743909484853,75757100
2024-02-06,480.7499694824219,481.08085985334736,478.8716372206463,480.30226806860526,55918600
2024-02-07,484.7596435546875,485.17811995237605,482.0930074037672,482.9981222525648,70556500
2024-02-08,484.9736633300781,485.35320264177267,483.9420553441325,484.75955433109493,52343600
2024-02-09,487.776611328125,488.2145413726089,485.1391705814137,485.47980263839474,63979400
2024-02-12,487.5624694824219,490.01496666720067,486.84226840178366,487.7473831666172,56502300
2024-02-13,480.8472595214844,483.776653518952,477.5772631803255,481.28521924942925,113099200
2024-02-14,485.21697998046875,485.7035886541278,481.158650574048,483.48465429025185,68387800
2024-02-15,488.56488037109375,488.74979405458623,485.4408311080291,485.91772783399097,61683000
2024-02-16,486.1318664550781,489.401862888149,485.3922116760664,488.2632150838705,75532900
2024-02-20,483.45550537109375,485.06130820828355,481.20737545898015,484.3897857981468,71736700
2024-02-21,483.8934326171875,484.0491509708409,480.3411949189208,482.15139479243277,59293400
2024-02-22,493.90789794921875,494.87137380271713,489.5478727097178,490.51137826345825,76402500
2024-02-23,494.24847412109375,496.4674086571224,493.51856105397593,495.6304262293698,61321800
2024-02-26,492.4382629394531,495.12435246871587,492.3117399253592,494.6863927584272,50386700
2024-02-27,493.3531188964844,493.5769696039291,491.2315119659273,493.1292978892794,48854500
2024-02-28,492.7010498046875,493.28495648375826,491.4358493661455,491.7959350516518,56506600
2024-02-29,494.4722900390625,496.0878345083775,491.815425510208,494.46257806109645,83924800
2024-03-01,499.114501953125,499.5427199698066,494.93942084083443,495.3481852022985,76844800
2024-03-04,498.57928466796875,500.4284215717115,498.2873313148722,498.3165563504212,49799300
2024-03-05,493.59637451171875,497.02211863397577,491.3871817921508,496.57441726330285,72855600
2024-03-06,496.0975341796875,498.35540551430984,494.8031681983377,496.87609616392615,68382400
2024-03-07,501.02203369140625,502.0731250869525,496.15594682375195,499.39677730974256,58652100
2024-03-08,498.0148010253906,504.34068432238394,497.4406063327474,501.6546542384204,86532500
2024-03-11,497.5866394042969,498.17057584105015,494.8810959575729,496.8080772887865,62557200
2024-03-12,502.9393005371094,503.5232071984046,497.17781094345105,499.6984700657358,73114400
2024-03-13,502.1509704589844,503.43562459877114,500.7106276661075,503.2604525888654,55104100
2024-03-14,501.1583557128906,503.2799627018452,498.11218023321516,503.1242146399968,110171800
2024-03-15,497.717041015625,499.5426370968139,496.0476768950372,498.0880174407595,107646300
2024-03-18,500.675048828125,503.2327960119457,500.2650442068728,501.7879780994152,88893300
2024-03-19,503.4573974609375,503.7404859733711,498.9764238973626,499.9819809876235,60755300
2024-03-20,508.11395263671875,508.250640692195,502.84228640648547,503.5158951541575,69594600
2024-03-21,509.7932434082031,511.6578381638752,509.51009528309675,510.95497299473493,60256100
2024-03-22,508.82672119140625,510.19342318455074,508.59237324097523,509.7053025616341,79070800
2024-03-25,507.4209289550781,508.57288646937474,507.26469698888116,507.45018520809214,48512100
2024-03-26,506.4837341308594,509.1879415331935,506.0835014250274,508.8462213354942,65463700
2024-03-27,510.7401428222656,510.77923060858313,507.1475819984231,509.3148686626399,82999800
2024-03-28,510.64251708984375,512.1459071621757,510.359428578344,510.7792051650659,96294900
2024-04-01,509.7540283203125,511.92131455401733,508.59229902389643,511.38439386416735,62477500
2024-04-02,506.5130310058594,506.6496594947848,504.20905639561914,505.92725051103764,74230300
2024-04-03,507.0694274902344,508.5728771082824,505.3707772955882,505.41957743973774,59155800
2024-04-04,500.8800964355469,511.42348983220387,500.57746403679687,511.08182923475704,96858100
2024-04-05,506.11273193359375,508.0749863325785,501.7977623960231,502.2370828649808,74546500
2024-04-08,506.3958435058594,507.8211772121714,505.58560615213537,506.8156796872345,48401800
2024-04-09,506.98162841796875,508.3776462974431,502.1296782746543,508.13358597756917,68049200
2024-04-10,501.90509033203125,503.8966008078219,499.9233518012494,501.2802817017724,82652800
2024-04-11,505.6930236816406,507.13784182494555,499.913691523377,503.42813657981105,70099000
2024-04-12,498.71282958984375,503.56474960986543,496.9848635757255,502.14918793409277,92561100
2024-04-15,492.4649353027344,503.0571295651305,491.61558034670605,502.89118522807627,92101400
2024-04-16,491.5667724609375,494.4662102656471,490.2781268160622,492.9432762462562,73484000
2024-04-17,488.65753173828125,494.1928325755386,487.26151394107353,494.0268584590965,75910300
2024-04-18,487.6520080566406,492.15249561510325,486.71482481856754,490.0535829309475,74548100
2024-04-19,483.3955993652344,488.569665842459,482.12646792132756,487.5739105371773,102212600
2024-04-22,487.8473205566406,490.4441260798556,483.65923689240304,486.00221013520326,67961000
2024-04-23,493.6363830566406,494.0659315908711,487.6617913619136,489.85833417865257,64633600
2024-04-24,493.402099609375,495.31552414024065,491.1762707245871,494.52477110173174,55928100
2024-04-25,491.5277099609375,492.2891769636512,485.67026231159537,487.32011244956163,69122400
2024-04-26,496.18438720703125,497.7658932650639,493.6852119906925,494.3197628446228,64306100
2024-04-29,497.9416198730469,498.61522873285696,495.1983842873063,497.97090591945084,46415400
2024-04-30,490.0536193847656,497.45351534342734,490.0536193847656,496.4772740416634,77483600
2024-05-01,488.4623107910156,496.1160385437577,487.9937042701267,489.4678380773352,80242800
2024-05-02,493.0310974121094,493.8706803453591,487.6812848525579,492.1720003799534,62550200
2024-05-03,499.1424255371094,500.37246932338707,496.4772760472205,499.01550940056416,72756700
2024-05-06,504.2970275878906,504.336055793308,501.1046991398925,501.5440196872848,47264700
2024-05-07,504.8534240722656,506.2494419365131,504.17981521335923,505.2634287213709,52561300
2024-05-08,504.90216064453125,505.439081357784,502.90087821239047,503.01802238309904,42047200
2024-05-09,507.8113098144531,507.8503975923716,504.43355378603155,505.0876186308662,43643700
2024-05-10,508.4655456542969,510.2227680798631,507.2452440275092,509.4124711158648,52233200
2024-05-13,508.53387451171875,510.25206888586143,507.39168877313017,510.1446966337389,36716400
2024-05-14,510.8670349121094,511.3844713761404,508.19214341702855,508.72906418826113,57535900
2024-05-15,517.1931762695312,517.4860367605042,512.7024302627835,513.3370109807618,59504900
2024-05-16,516.12890625,518.891685229184,515.9824462519231,517.2906355349904,50244800
2024-05-17,516.8709106445312,516.9392546781255,514.7915121402848,516.2461019816988,59187600
2024-05-20,517.4664306640625,518.930792527948,516.5975616577482,516.9880819887991,37764200
2024-05-21,518.7355346679688,518.8917666350982,516.4999636631139,516.7049957755823,33437000
2024-05-22,517.2418823242188,518.7550442398426,515.064823969773,518.0424072439434,48390000
2024-05-23,513.4639282226562,520.404990006262,512.253338882305,520.2976177568495,57211200
2024-05-24,516.8612060546875,517.6715030328614,514.3620306627067,515.3089561408403,41291100
2024-05-28,517.222412109375,517.9057929513657,514.5865486245773,517.6715045678355,36269600
2024-05-29,513.6005249023438,514.7817983278129,512.8878878194378,513.1905202395113,45190300
2024-05-30,510.1934814453125,512.7219727781743,508.9439234921737,512.0581358054062,46377600
2024-05-31,514.8402709960938,514.967187107586,506.04432903435765,511.15011057316815,90785800
2024-06-03,515.2601318359375,516.7342656913833,510.18366530067414,516.4511771729021,46835700
2024-06-04,515.8362426757812,516.5781957237731,512.4877415965971,513.9521037960388,34632700
2024-06-05,521.9669189453125,521.9864628385163,516.1680432425981,518.1596136281009,47610400
2024-06-06,521.9570922851562,522.6990451286446,520.0241537818829,522.2694966184689,30808500
2024-06-07,521.3226928710938,524.1342729417532,519.8875869921925,520.9809726213325,43224500
2024-06-10,522.9332885742188,523.2554648254413,519.9167369014993,520.5122296802525,35686100
2024-06-11,524.1927490234375,524.2513211148034,519.4091430834137,521.3811694677967,36383400
2024-06-12,528.4979858398438,531.1924214122917,527.4631724257194,528.7615900630306,63251300
2024-06-13,529.5620727539062,530.4211698122318,526.7700371068663,530.2454535391702,44760900
2024-06-14,529.8842163085938,529.9134725597781,527.0237772162169,528.0293342324846,40089900
2024-06-17,534.1016235351562,535.4977011129996,528.7420680092554,529.2009324320882,55839500
2024-06-18,535.4585571289062,535.585473259027,533.7403629842298,534.16013957423,41376400
2024-06-20,534.0039672851562,537.0498352385172,532.2272010481894,536.385998334327,70328200
2024-06-21,533.2880249023438,534.4045446160707,531.828742363983,533.1803062748603,64338600
2024-06-24,531.5545043945312,535.6777608035513,531.4369822915095,533.1117619254674,45528700
2024-06-25,533.6015014648438,533.9638712753774,531.2607431275164,532.7787868983022,37936200
2024-06-26,534.2673950195312,534.9823310545671,531.8385253727439,532.4848968900385,38550600
2024-06-27,535.1098022460938,535.6876691801702,533.3860646945234,534.1304113442721,35041500
2024-06-28,533.0039672851562,538.9391321933387,531.7601817698417,535.8833782760337,76144500
2024-07-01,534.1009521484375,534.6298016081159,531.3390631933655,534.3849539324244,40297800
2024-07-02,537.6952514648438,537.6952514648438,532.4457321114778,532.4946896868087,40434800
2024-07-03,540.0949096679688,540.4572795070011,537.3428237195677,537.3819778344747,32789900
2024-07-05,543.2093505859375,543.6108745288857,539.7618756957023,540.3985036534809,41488400
2024-07-08,543.8361206054688,544.786100933334,542.7685583933277,543.9927968223914,36110500
2024-07-09,544.364990234375,545.6969473479489,544.0711849559792,544.7959245684453,27289700
2024-07-10,549.7516479492188,550.0944108163902,545.2954317896393,545.5892370725392,38701200
2024-07-11,545.0112915039062,550.7407626908513,544.3747234457534,549.8690906630567,53054200
2024-07-12,548.4490356445312,552.0531865568831,545.667599292853,546.1376877405125,53084400
2024-07-15,549.957275390625,553.1990561394715,548.0964091939553,550.4469707289841,40584300
2024-07-16,553.2186889648438,553.5124942578993,550.5155607141872,551.2697107807569,36475300
2024-07-17,545.4617919921875,548.9582235359038,545.1385763631698,547.2834441243654,57119000
2024-07-18,541.2699584960938,547.9886231424467,539.0859366844549,546.9994291163081,56270400
2024-07-19,537.6757202148438,542.6608454522978,536.6179614633988,541.0350233261719,65509100
2024-07-22,543.2190551757812,543.826272604696,539.6638622867013,541.6030366708314,43346700
2024-07-23,542.3670043945312,545.2659625762393,541.8773090500791,543.111291105197,34439600
2024-07-24,530.0755615234375,537.8519253696913,529.1549319575545,537.5483166712224,74515300
2024-07-25,527.3136596679688,536.1771923025162,526.373482961852,530.1930703849662,61158300
2024-07-26,533.219482421875,535.9128068838628,530.3302678617441,531.1040247828195,53763800
2024-07-29,533.5328369140625,535.775619885458,531.534841817287,534.7668786438925,39515800
2024-07-30,530.8297119140625,536.0596840862061,527.4214517116767,535.001925487195,46853600
2024-07-31,539.4581909179688,542.0927543010554,536.2947780748914,537.6658891932146,65663400
2024-08-01,531.8189697265625,543.4345294348678,528.3127341764186,541.1819427118934,76428700
2024-08-02,521.917236328125,525.922910112736,517.7058092355505,524.7084754222695,82789100
2024-08-05,506.7171630859375,512.7893973566776,499.75367969518885,501.0954700551791,146267400
2024-08-06,511.388916015625,518.8322619792666,507.1970948142372,508.5192484468351,84826300
2024-08-07,507.97076416015625,520.63433876445,507.3733501679388,517.5785847252098,70698300
2024-08-08,519.7136840820312,520.3404486814812,511.08525465156777,513.1125407389065,63276600
2024-08-09,522.0054931640625,523.4941863094633,517.66679909137,518.8910375919244,45619600
2024-08-12,522.2797241210938,524.6889871074426,520.0075304089534,523.2003538167259,42542100
2024-08-13,530.8688354492188,531.1039393955512,525.2275960596088,525.4724436986064,52333100
2024-08-14,532.5437622070312,533.7288466275766,528.9885687226673,531.6622865517797,42446900
2024-08-15,541.671630859375,541.9556326474029,537.5679813653051,538.1751988274788,60846800
2024-08-16,542.8860473632812,543.5814362683599,539.8989177341498,540.0555939415091,44430700
2024-08-19,548.0767822265625,548.0767822265625,542.4452860411917,543.2973511166235,39121800
2024-08-20,547.1856079101562,549.2815184001456,545.8438474042439,547.6263456901657,33732300
2024-08-21,549.0660400390625,550.5253226989936,543.2974141481618,548.2335818085938,41514600
2024-08-22,544.7567138671875,551.5732952522009,543.5422788578662,550.9660777475402,56121500
2024-08-23,550.5448608398438,551.4850973665338,545.8045838781815,547.9984691071246,50639400
2024-08-26,549.2325439453125,552.2882384520825,547.5284135216066,551.5733022984582,35788600
2024-08-27,549.9866943359375,550.4763897351174,546.8134777136145,547.9593482100599,32693900
2024-08-28,546.7937622070312,550.0747565964821,543.6009392739261,549.6438223396717,41066000
2024-08-29,546.8427124023438,552.0628809883677,545.6968421488655,548.7623394799141,38715200
2024-08-30,552.0628662109375,552.5721684331874,545.6576734390724,549.2128659703031,62700100
2024-09-03,540.7020874023438,549.25214992284,538.1850458833093,548.9191307501956,60600100
2024-09-04,539.59521484375,543.003474698696,538.135932544414,538.860671959339,47224900
2024-09-05,538.2828979492188,542.3865472945482,535.8246177750381,539.5365467142444,44264300
2024-09-06,529.2235717773438,540.2319142524223,528.3225490242058,538.6061519080256,68493800
2024-09-09,535.1488647460938,536.4221205223048,531.4957564364314,533.4251872668898,40445800
2024-09-10,537.4797973632812,537.8324234437913,532.1813200114981,537.0586665381934,36394600
2024-09-11,542.9937133789062,543.914342923255,528.8317637255883,537.3916279053534,75248600
2024-09-12,547.5675659179688,547.8711746400817,541.3483991843773,543.5716351743016,51819600
2024-09-13,550.4273681640625,551.4263657909838,547.9201304028155,548.1747815451495,39310500
2024-09-16,551.2402954101562,551.5046902542234,548.360884321784,550.1629297590999,36656100
2024-09-17,551.465576171875,554.9032473896473,549.2325364902464,553.4537083801224,49321000
2024-09-18,549.8300170898438,556.969754476821,549.2717571625421,552.1217580784818,59044900
2024-09-19,559.2125854492188,561.0734520318479,556.372387764013,559.2419958687066,75315500
2024-09-20,558.2459106445312,559.2872468563713,555.2201175162944,557.843155111916,77503100
2024-09-23,559.6407470703125,560.2891611214185,558.0983802646348,559.3166000053709,44116900
2024-09-24,561.2421264648438,561.3010677532865,557.6072537825559,560.4365555490466,46805700
2024-09-25,560.0042724609375,561.8217386948093,558.8941616149112,561.0849426444706,38428600
2024-09-26,562.2244873046875,564.5920921622151,559.866775948692,564.2678851150425,48336000
2024-09-27,561.4091186523438,564.1107043094071,560.3776161208616,563.295359810012,42100900
2024-09-30,563.6588134765625,564.2678934162012,558.078818569817,560.3775886747461,63557400
2024-10-01,558.609375,563.9536055755817,556.0355051968223,563.3052513338224,72668800
2024-10-02,558.8450927734375,559.866821742494,555.3183290115846,557.715374727311,38097800
2024-10-03,557.8234252929688,559.7685478192003,555.5344286086627,557.3715020969081,40846500
2024-10-04,562.892578125,563.2658929623027,558.09848649286,562.273664576873,42939100
2024-10-07,557.8037719726562,561.8905680396737,556.6543868115797,561.2421538745174,49964700
2024-10-08,563.0792236328125,563.67853004462,559.5033520489247,560.377637870892,37398700
2024-10-09,566.9793701171875,567.5393423690588,562.4701514366566,563.0693978961492,37912200
2024-10-10,565.9871215820312,567.4116060358193,564.3759797176003,565.6334738441669,44138100
2024-10-11,569.3763427734375,570.1131388058892,565.7709110163313,565.9084606662699,42268000
2024-10-14,574.0328979492188,574.9661849382893,570.5060744728205,570.9874382986001,36217200
2024-10-15,569.5728759765625,574.6027324678581,568.3546560789198,574.2981924836022,54203600
2024-10-16,572.0484619140625,572.5691599226542,568.767296964022,569.57286786976,30725400
2024-10-17,572.09765625,575.8013042765577,571.9109988172407,575.5949797580469,34393700
2024-10-18,574.2981567382812,575.0840605235142,572.3235337539761,573.787292295603,37416800
2024-10-21,573.3550415039062,574.5535342943244,570.378356688641,573.5711395635755,36439000
2024-10-22,573.050537109375,574.2097557683464,570.1622940232531,570.8204817447413,34183800
2024-10-23,567.8142700195312,571.4688092704015,564.3071139493308,571.0267196890029,49314600
2024-10-24,569.0423583984375,569.8479293354313,566.4193810527883,569.7693209618997,34979900
2024-10-25,568.8458251953125,574.1704478252901,567.9027646254573,571.2723713678375,47268200
2024-10-28,570.6043701171875,572.4512770786239,570.299830137409,572.3235609618828,30174700
2024-10-29,571.52783203125,572.6477165136779,568.2466070737139,569.6415908764491,42899700
2024-10-30,569.7987670898438,573.0504911915006,569.0914117169528,571.0562011429839,41435800
2024-10-31,558.6290283203125,565.4959588071013,558.4325373559277,565.4271839715354,60182500
2024-11-01,560.9866943359375,565.4173043933644,560.5741053167588,561.2617936558026,45667500
2024-11-04,559.7783203125,562.4209644478059,557.892139281839,561.1241962515347,38217000
2024-11-05,566.5470581054688,566.586332309216,560.4758658123077,560.6919638738422,39478300
2024-11-06,580.6346435546875,581.5089893813079,575.0841485043231,578.8270705681771,68182000
2024-11-07,585.1241455078125,586.145874462509,582.5601095007273,582.6387178727699,47233200
2024-11-08,587.6588134765625,589.0832980878612,585.674356571417,585.674356571417,46444900
2024-11-11,588.2186279296875,589.6037779981073,586.4896037587446,589.2501303160354,37586800
2024-11-12,586.3914184570312,588.739296212128,583.9059310932324,588.1400498376755,43006100
2024-11-13,586.6763305664062,588.6803942959151,584.4856094336134,586.8531544283672,47388600
2024-11-14,582.9038696289062,587.2853715644612,582.2162413093224,586.8040077565071,38904100
2024-11-15,575.4376220703125,579.8092899193914,573.5808819337783,579.3376997503724,75988800
2024-11-18,577.7954711914062,579.1118465214918,575.0349444617987,575.8993966406199,37001700
2024-11-19,579.9076538085938,580.6346163861505,573.7480790226593,574.4161003090796,49412000
2024-11-20,580.1040649414062,580.3889378159292,574.3374129030207,579.9861823753545,50032600
2024-11-21,583.21826171875,584.6427460672937,577.1077952881657,582.953055915256,46750300
2024-11-22,585.0259399414062,585.654687007179,582.7075025920674,583.2084735757152,38226400
2024-11-25,587.0104370117188,590.2817687658602,584.7214401695627,588.9653932145126,42441400
2024-11-26,590.0755615234375,590.7435829064132,587.5409657169781,588.2580948562286,45621300
2024-11-27,588.2874755859375,590.2718722436573,586.7647756879834,589.8887838542881,34000200
2024-11-29,591.9420166015625,592.7279205050064,588.8278416543462,589.1028810382705,30177400
2024-12-02,593.0029296875,593.6807844427898,591.8633182342458,592.354515594293,31746000
2024-12-03,593.2780151367188,593.5236138358292,591.73570807165,592.7672106157903,26906600
2024-12-04,596.9619750976562,597.2075737883222,594.2997236656325,594.9677449089698,42787600
2024-12-05,595.9796142578125,597.7675800229049,595.6259665136723,596.9620090763937,28762200
2024-12-06,597.1093139648438,598.3471408675985,596.3332437457798,596.7458327264936,31241500
2024-12-09,594.0344848632812,597.1584931551176,593.445071963169,596.9915028268559,34742700
2024-12-10,592.1875610351562,595.134745373381,591.529373321926,594.7123228135097,37234500
2024-12-11,596.765625,597.7185192678439,594.8401094183695,595.1152087702993,28677700
2024-12-12,593.690673828125,596.4708079758578,593.690673828125,595.9010621562538,31543800
2024-12-13,593.57275390625,596.4413297893211,592.1973772710232,595.7242008087076,35904700
2024-12-16,596.1072998046875,597.0799209921157,594.5551592425911,595.3312295236393,43695200
2024-12-17,593.6513061523438,594.5158183353977,592.2759894688432,593.5530906608857,55773500
2024-12-18,575.9584350585938,595.7339866328443,575.5752867073982,593.3467745348553,108248700
2024-12-19,575.7815551757812,582.5601031255708,575.5359564813775,580.948961299734,85919500
2024-12-20,582.6973266601562,587.2315284125533,572.6036951737447,573.451443984787,125716700
2024-12-23,586.1867065429688,586.7879698949739,579.257197549177,582.4410536479828,57635800
2024-12-24,592.7020263671875,592.7414929129372,586.9553724289615,587.5369625170155,33160100
2024-12-26,592.7416381835938,593.8652919269226,589.5282423631364,590.9279213446937,41219100
2024-12-27,586.5020751953125,589.2324867459512,582.3128451341881,588.9958679237085,64969300
2024-12-30,579.8091430664062,583.278830614674,576.0536238226567,579.4839049805771,56578800
2024-12-31,577.6997680664062,582.194563069081,576.0634704063194,581.4749602926895,57052700
2025-01-02,576.2802734375,582.6774635941151,572.1994566718678,580.9623534016539,50204000
2025-01-03,583.48583984375,584.1265095290074,578.0447499447286,579.129057366777,37888500
2025-01-06,586.8470458984375,591.1250155334773,585.1122021784661,587.7440676720806,47679400
2025-01-07,580.2133178710938,589.2029082453815,578.3897946667151,588.8776099950986,60393100
2025-01-08,581.0609741210938,582.1354148697908,576.8323377526707,580.282291853868,47304700
2025-01-10,572.189697265625,577.5716476388544,570.2774344732991,577.5026413332764,73105000
2025-01-13,573.0768432617188,573.4316812597856,567.1231694250464,567.5372072518853,47910100
2025-01-14,573.8652954101562,576.635112947905,570.0801769152397,576.0042498383493,48420600
2025-01-15,584.3038940429688,585.4472807831376,580.7750674581439,581.8889144514343,56900200
2025-01-16,583.1802368164062,585.8514484014332,582.4803673486446,585.6740294157521,43319700
2025-01-17,589.0352783203125,590.789794988304,587.093415874996,588.4241484532391,58070600
2025-01-21,594.4270629882812,594.4369296257112,590.1096871636119,592.0810894520482,42532900
2025-01-22,597.7685546875,599.1288269666036,596.7039806946324,597.2559708830788,48196000
2025-01-23,601.03125,601.03125,596.8617535693179,597.1377185948221,41152100
2025-01-24,599.2766723632812,602.0465502262632,598.1234189150732,601.0903888692611,34604700
2025-01-27,590.7998046875,591.1152363343746,586.1374566222338,586.3050090037989,70361100
2025-01-28,595.8760986328125,596.7139205737208,588.7100317776161,592.0318399526346,44433300
2025-01-29,593.204833984375,595.4916679771449,590.6518414168764,595.0874967960807,37177400
2025-01-30,596.388671875,597.9263634423098,592.130435189581,595.3241578254683,39281300
2025-01-31,593.2147216796875,601.2383441338676,592.4557124803268,598.8134974486875,66566900
2025-02-03,589.2225952148438,591.7065212004032,582.0466619706364,584.1954832564219,65857200
2025-02-04,593.1752319335938,593.6877555909119,588.7395770202528,589.2817005882882,33457800
2025-02-05,595.580322265625,595.7282015036632,590.021013481686,592.0515554519985,30653100
2025-02-06,597.6503295898438,597.778475552574,594.013089933138,597.3250313642651,35771500
2025-02-07,592.1797485351562,599.4344951653416,591.4700123634921,598.2122352633725,50788500
2025-02-10,596.2012939453125,596.8420237335293,594.1214790365186,595.3930719758379,26048700
2025-02-11,596.6548461914062,597.1969698690995,593.8160216596527,593.9343010016065,30056700
2025-02-12,594.7326049804688,595.9055917033094,589.9519786805068,590.6321148502618,45076100
2025-02-13,601.0115356445312,601.2185545419917,594.5749384975967,595.8366046698266,40921300
2025-02-14,600.9820556640625,602.2535886001177,600.3610590723445,601.2186143347305,26910400
2025-02-18,602.746337890625,602.746337890625,599.6808220007749,602.1450746766837,26749000
2025-02-19,604.1658325195312,604.4615308486234,600.8440242708047,601.3566081495158,31011100
2025-02-20,601.6522827148438,602.9336821985821,598.3403412349714,602.7956695963146,36554000
2025-02-21,591.361572265625,601.5734221193063,590.8982614234848,601.435409514207,76519800
2025-02-24,588.670654296875,594.4074426853949,587.960918125522,593.4118748152965,50737200
2025-02-25,585.7430419921875,589.3408752561445,581.129967827771,588.6114660308307,58266500
2025-02-26,586.0386962890625,591.006668217937,583.3970246238699,587.4088352242034,43321600
2025-02-27,576.6844482421875,589.4690234968429,576.290203877955,588.3157098294636,74196700
2025-02-28,585.6838989257812,586.2161558854355,574.1117771132394,577.1871598716435,88744100
2025-03-03,575.4227905273438,588.798762606637,571.6081318173137,587.6553155599406,74249200
2025-03-04,568.611572265625,577.0196322682823,564.0675042327628,571.4208567458912,109648200
2025-03-05,574.7229614257812,576.5169448984452,564.8856823224501,568.4440493526719,71230500
2025-03-06,564.52099609375,571.874289065213,561.9680033325571,567.2513477016495,80094900
2025-03-07,567.6849975585938,569.1340095542192,557.5421542389136,562.7368186254731,81158800
2025-03-10,552.5643920898438,561.3962362827218,547.6457527585567,559.4741670846696,99326600
2025-03-11,547.970947265625,555.9551623983707,544.1267490127518,551.4012280579012,88102100
2025-03-12,550.8788452148438,555.0582088315019,545.7729200294035,554.1316472627199,69588200
2025-03-13,543.5353393554688,551.1153839968962,541.8202288918889,550.5042540653316,74079400
2025-03-14,554.762451171875,555.7678855775432,543.6043071486545,548.1582415612112,62660300
2025-03-17,559.0404052734375,561.5637976935186,554.3089918436672,554.742702735982,49008700
2025-03-18,552.9981079101562,556.9409127203818,551.0661118946721,556.7240271713574,66041400
2025-03-19,559.0206909179688,562.7860764826731,553.5993346617712,554.7821880592443,66556000
2025-03-20,557.4041137695312,562.4114922780789,554.5554231088431,555.2750258330774,62958200
2025-03-21,557.5880737304688,558.4877939738346,551.7055567482902,552.9413897854555,83763000
2025-03-24,567.5736083984375,568.6314886589248,563.7375780431137,564.3307537296456,58766800
2025-03-25,568.93798828125,569.8771730865459,567.1880294433175,568.7797678649376,38355700
2025-03-26,562.1458740234375,569.7981425644431,560.7617168790538,568.6710483477373,51848300
2025-03-27,560.6529541015625,564.4296669577193,558.5371935416607,560.7517966033342,42164200
2025-03-28,549.3623657226562,559.8521624781242,548.7790863172526,559.120558969836,71662700
2025-03-31,553.050048828125,554.3550955683165,540.6719276036363,543.5984015371023,95328200
2025-04-01,554.6121215820312,556.559825628618,547.4047657676659,551.1320571376683,54609600
2025-04-02,558.1220092773438,560.9891058051336,548.5220362276616,548.7593065231022,76014500
2025-04-03,530.6171875,541.7594150841727,530.6171875,538.9318440966172,125986000
2025-04-04,499.5533447265625,519.9099817661254,499.3358369172059,517.7349036725598,217965100
2025-04-07,498.6635437011719,517.2405628900261,476.33944038650816,483.64569927250346,256611400
2025-04-08,490.8531188964844,519.0300819148135,483.6160734043612,515.9454474877983,165816600
2025-04-09,542.4021606445312,542.4021606445312,487.46196103833506,487.84755542038147,241867300
2025-04-10,518.6345825195312,527.4534689848499,503.5475251856576,526.1385259148457,162331200
2025-04-11,527.8884887695312,530.3502582115377,514.1756919605745,517.0823733080597,97866300
2025-04-14,533.009765625,538.1113174755011,527.8093712828247,537.883883195208,68034000
2025-04-15,531.5169067382812,537.0732068479572,530.7259857198238,533.5535570239268,56892900
2025-04-16,519.702392578125,531.7938245981206,514.3932584360665,525.6541840661512,83484800
2025-04-17,520.44384765625,525.1499093262158,517.9721816819745,521.6599483491107,79868100
2025-04-21,508.05584716796875,515.7872249375157,502.6972625032136,515.2533065114334,69368100
2025-04-22,521.2743530273438,523.3011070538847,513.305704354498,514.2449494916972,75948100
2025-04-23,529.3516845703125,539.2482437222484,527.8291602174767,534.3049123051696,90590700
2025-04-24,540.4940185546875,541.2256220112762,529.3814182452572,530.6369834977514,64150400
2025-04-25,544.3992309570312,544.8045575926888,537.5279880397045,540.4544620384363,61119600
2025-04-28,544.6068725585938,547.2762839575454,538.8429907853031,545.1407910444296,47613800
2025-04-29,548.0375366210938,549.1547344204944,542.3329124899421,542.6888178923871,47775100
2025-04-30,548.2550659179688,550.2126665027023,535.3826699025942,541.3640897959557,93101500
2025-05-01,552.1405029296875,557.6770710508032,551.5374308999284,554.0189932525213,63186100
2025-05-02,560.3364868164062,561.9381212948161,556.0061238656243,558.3294653880318,60717300
2025-05-05,557.1234130859375,560.2278400664005,555.3339293144951,556.194064255589,38659200
2025-05-06,552.4667358398438,556.9651555946843,550.6476235760448,551.6066009560054,48264700
2025-05-07,554.7901611328125,557.4298834610689,549.738030089525,553.8014947566288,55588000
2025-05-08,558.6558837890625,563.8463828556478,555.3339788688671,558.8338365158501,65130800
2025-05-09,557.9439697265625,561.068128702691,556.381860066797,560.0596697605964,37603400
2025-05-12,576.3826293945312,576.3925257137258,570.5000520977247,574.8798371188,78993600
2025-05-13,580.1890258789062,582.4036289948938,576.234360216526,576.7978469712151,67947200
2025-05-14,580.9304809570312,582.3046813078995,578.9036666864055,581.1479585868793,66283500
2025-05-15,583.7680053710938,584.2721745648568,578.4687074145315,578.9235156986,71268100
2025-05-16,587.4655151367188,587.7621029517821,582.6012939394769,584.5489375445604,76052100
2025-05-19,588.108154296875,588.7903364922698,581.4346564328234,581.4346564328234,68168500
2025-05-20,586.130859375,587.3172711404261,582.9176935296509,586.3681900028125,60614500
2025-05-21,576.2540893554688,585.8639582409971,575.2258980125081,581.7708648204313,95197700
2025-05-22,576.4815063476562,579.971467292194,574.8204937262445,576.0563267018498,70860400
2025-05-23,572.5465698242188,575.2159811048424,569.0763411937487,569.4520392436427,76029000
2025-05-27,584.4501953125,584.6083553931982,571.8743267058999,579.4277528567243,72588500
2025-05-28,581.0689086914062,586.051826179252,580.3373051792158,584.8555180607121,68445500
2025-05-29,583.3626098632812,586.4769332279744,579.4277368161022,586.3385054465637,69973300
2025-05-30,582.7100830078125,584.430352826958,576.6297607292682,582.2552747565533,90601200
2025-06-02,585.992431640625,586.0714814983527,578.4291102147669,581.0985213264464,61630500
2025-06-03,589.3341064453125,590.3128764026674,585.1421107506463,585.6266079138771,63606200
2025-06-04,589.1759643554688,591.1730898063917,588.7409487228937,590.1943197189499,57314200
2025-06-05,586.3285522460938,592.2111289512687,584.3512195951713,590.8566609128592,92278700
2025-06-06,592.3495483398438,594.0203968199735,590.0953601848463,591.8749474768216,66588700
2025-06-09,592.8834838867188,594.4356974397457,591.7069684086109,592.9230088207169,53016400
2025-06-10,596.244873046875,596.6304070325093,592.3001042710282,593.4172416440205,66247000
2025-06-11,594.54443359375,598.2025114763902,592.4781545343917,597.3423765043648,73658200
2025-06-12,596.9072875976562,596.9072875976562,592.7252483956809,593.2096852350186,64129000
2025-06-13,590.2338256835938,595.0288334634262,588.731033484191,591.7168252456129,89506000
2025-06-16,595.8494262695312,597.5993850121447,593.4172853343232,593.5952983788304,79984100
2025-06-17,590.7578735351562,594.9300168530282,589.9965810836336,593.4074922933922,82209400
2025-06-18,590.6688842773438,594.4060120669617,589.7098464455568,591.6575507239553,76605000
2025-06-20,589.2816162109375,594.4180406328666,587.8735160730708,593.3471074282096,94051400
2025-06-23,595.1022338867188,595.4889076465048,586.9116980815279,590.0351674928282,87426000
2025-06-24,601.676513671875,602.7374608387837,598.3348024442159,599.2471080685161,67735300
2025-06-25,602.0136108398438,603.4910690166892,600.4468830082857,602.7969444947229,62114800
2025-06-26,606.7236328125,607.1599344481853,603.2530708764845,603.8678512919777,78548400
2025-06-27,609.7380981445312,611.2056913389495,605.692457719191,607.7252035075089,86258400
2025-06-30,612.6533813476562,614.0118537505704,609.867018033134,612.1873634601734,92502500
2025-07-01,612.455078125,613.625146088841,610.3429883405835,611.1758893553448,70030100
2025-07-02,615.2315063476562,615.2711481262035,611.4237773441516,612.0484833566157,66510400
2025-07-03,620.0803833007812,621.0124795190609,617.194824993195,617.214676143094,51065800
2025-07-07,615.4595336914062,618.7813935886118,612.6731706581298,618.1169852960921,74814500
2025-07-08,615.1224365234375,616.8775081543645,614.3093261623386,616.1238907210633,59024600
2025-07-09,618.8110961914062,619.4655183729625,615.6875662931247,617.5319680301938,66113300
2025-07-10,620.5563354492188,621.5974919629854,617.7699723301522,618.9499658515675,57529000
2025-07-11,618.3748168945312,619.6043777491163,616.3024294765994,617.5022136064131,63670200
2025-07-14,619.5548095703125,619.9018415613931,616.5701165685465,617.9186632768227,51898500
2025-07-15,616.9072875976562,622.5791484786782,616.8279435196437,622.2420420602726,74317300
2025-07-16,618.9697265625,619.4754466932056,612.8516386863737,618.4937831556223,88987500
2025-07-17,622.7576293945312,623.1146474859103,618.9301097920578,619.1482908768893,68885700
2025-07-18,622.3014526367188,624.1755098834977,621.190877778705,624.0069566966004,65621600
2025-07-21,623.4815063476562,626.2281670376054,623.0551302914085,623.4815063476562,63375000
2025-07-22,623.5707397460938,624.4334174667899,620.9232136557434,623.8087114591411,60046300
2025-07-23,628.8757934570312,628.8757934570312,624.4334327911965,626.2381323551606,70511000
2025-07-24,629.0839233398438,630.7994135925716,628.6575473006669,629.2624021105368,71307100
2025-07-25,631.7413940429688,632.2173979677802,629.5004535059064,629.748350781943,56865400
2025-07-28,631.5828247070312,632.6735486135409,630.1945756243812,632.1182610848412,54917100
2025-07-29,629.9169311523438,633.2982235137306,629.0046860832861,632.9809077241022,60556300
2025-07-30,629.1236572265625,632.3165451544952,626.2281734095909,630.5713386132512,80418900
2025-07-31,626.763671875,634.4682782312485,625.4646925404661,634.0816044685715,103385200
2025-08-01,616.4907836914062,621.0719812920488,614.0812292944926,621.0322789916852,140103600
2025-08-04,625.8612670898438,625.9108344398344,620.3183179857707,620.4075271113948,73218000
2025-08-05,622.688232421875,627.2892207726588,621.7660617410078,626.476110377079,68051400
2025-08-06,627.457763671875,628.1121858315174,622.8468502662965,623.7590952688204,64357500
2025-08-07,626.9321899414062,631.6223868787783,623.8185857342208,630.8886206499576,74205800
2025-08-08,631.82080078125,632.2868791777582,628.4097315038053,628.727047311219,64051600
2025-08-11,630.5713500976562,633.5758942477272,629.3219380955197,632.0984361099556,58742300
2025-08-12,637.284423828125,637.4430514601922,631.4340237207567,632.9214074238032,64730800
2025-08-13,639.4658813476562,640.7549350171026,637.2744477443421,639.4856719739724,60092800
2025-08-14,639.5254516601562,640.1897994624859,636.9374184340268,637.3835851461316,59327500
2025-08-15,638.0281372070312,640.6558727131268,637.11589211782,640.5566774831647,68592500
2025-08-18,637.8892822265625,638.5834067295413,636.7787072305159,637.4529805837014,43804900
2025-08-19,634.4286499023438,638.6924711313014,633.1098193903536,637.7108075589789,69750700
2025-08-20,632.7429809570312,634.2799321395609,627.626407225106,634.0221697813646,88890300
2025-08-21,630.2044677734375,632.604096553562,628.4791123479844,630.9283690027011,54805800
2025-08-22,639.88232421875,641.0623176031913,631.8901189367884,632.3958390332336,84083200
2025-08-25,637.0662841796875,639.8625729858918,636.9472983174492,638.6230864860744,51274300
2025-08-26,639.7335815429688,640.0806740325912,636.1738106528877,636.798516612414,51581600
2025-08-27,641.1912841796875,641.9250504526357,638.9998504138363,639.148612992103,48341100
2025-08-28,643.4619750976562,644.0172625669782,639.9121297324674,641.7961126896905,61519500
2025-08-29,639.6245727539062,642.3911452321481,637.7306640961879,642.0242015644989,74522200
2025-09-02,634.884765625,635.1028861742022,629.5797276837342,632.13804448044,81983500
2025-09-03,638.3255615234375,638.7916398746721,635.0731807265284,637.2645539172183,70820900
2025-09-04,643.6602783203125,643.6900550422279,638.09747828346,638.999797688006,65219200
2025-09-05,641.796142578125,646.7243720544352,637.9190556866993,646.0004708304714,85178900
2025-09-08,643.3727416992188,644.3742563254497,641.7861629025881,643.1644862104067,63133100
2025-09-09,644.8601684570312,645.3856792185645,641.7762803015634,643.5115612591451,66133900
2025-09-10,646.724365234375,649.0446498954948,645.1576374702139,648.122479271532,78034500
2025-09-11,652.0988159179688,652.7929404681626,648.092817304151,648.6778210448584,69934400
2025-09-12,651.8805541992188,653.5662677492645,651.3748946038203,652.0689585463732,72780100
2025-09-15,655.3511352539062,655.4800466805781,653.7943936028013,654.0918582328915,63772400
2025-09-16,654.4488525390625,656.213910313041,653.6655188822047,655.9064595692537,61169000
2025-09-17,653.6356811523438,656.1542956225366,648.7967216101163,654.4587170331596,101952200
2025-09-18,656.6898803710938,659.2977648370164,654.7166275252608,656.3229972048737,90459200
2025-09-19,659.9423217773438,660.7874850308027,656.6311583459587,658.5800832029405,97945600
2025-09-22,663.0645751953125,663.5119788762895,658.4209716621773,658.4508309420254,69452200
2025-09-23,659.4551391601562,663.5617612775759,658.2320617574377,662.9452156846509,81708900
2025-09-24,657.3569946289062,660.8471316064555,655.9350982101993,660.7477220570149,68082200
2025-09-25,654.3242797851562,655.6765652531099,650.7048739536411,654.2149171420698,89622100
2025-09-26,658.072998046875,658.619871988132,654.1553026157394,655.7760789419195,69179200
2025-09-29,659.9224243164062,661.5134019828115,658.112721358766,660.5985670660314,73499000
2025-09-30,662.4082641601562,662.8756347075731,657.8641309647478,659.1766647693167,86288000
2025-10-01,664.6654052734375,665.5801794564833,659.3059076216911,659.4152702620313,72545400
2025-10-02,665.4309692382812,666.7733621981591,663.004842335434,666.6540464714482,56896000
2025-10-03,665.421142578125,668.8714672806448,664.377038831869,666.1966948783695,70494400
2025-10-06,667.8074951171875,668.7024238148077,665.669704301124,667.8174482099862,54623300
2025-10-07,665.3316040039062,669.1796881705657,663.8898014056139,668.7322238208072,72020100
2025-10-08,669.2990112304688,669.398481470165,665.6299006256374,666.4552183740389,60702200
2025-10-09,667.3600463867188,670.1243359074817,665.4211353124821,669.7166839203261,66501900
2025-10-10,649.32275390625,670.1342452495495,649.14378031214,668.324542434099,159422600
2025-10-13,659.2860107421875,661.3642043859337,656.0345659370097,656.9095884512618,79560500
2025-10-14,658.4805908203125,662.0602448848334,649.4718888267987,653.4492417720955,88779600
2025-10-15,661.4039306640625,666.4352795829697,655.1992699391986,663.0446129876665,81702600
2025-10-16,656.8995971679688,664.9239136533134,653.3895542222015,663.0445999065358,110563300
2025-10-17,660.62841796875,661.9906565438909,654.4138037793879,655.7660892614911,96500900
2025-10-20,667.499267578125,668.4041493887289,663.4921159142255,663.5418206897375,60493400
2025-10-21,667.4893188476562,669.1797060532549,666.1867381348511,667.638493864759,56249000
2025-10-22,664.0191040039062,668.1953369980629,659.5445816579371,668.1953369980629,80564000
2025-10-23,667.9566650390625,668.9012985038863,664.019063764971,664.3372592841532,65604500
2025-10-24,673.4155883789062,674.628651928334,671.8246714345047,672.6300829996666,74356500
2025-10-27,681.3603515625,681.658640907831,678.2580209918731,678.8645527756448,63339800
2025-10-28,683.1700439453125,685.0095454543999,680.9526890414517,683.1600908523567,61738100
2025-10-29,683.4982299804688,685.795149064121,679.0038013689816,684.8206562449755,85657100
2025-10-30,675.9810180664062,682.0564104652303,675.9810180664062,680.0279821977349,76335800
2025-10-31,678.1983032226562,681.2012239761448,675.3942622450203,681.1614116072222,87164100
2025-11-03,679.4711303710938,681.9171636388411,676.0903560257897,681.7878948104295,57315000
2025-11-04,671.4169921875,676.1103005794487,670.7607556049009,672.2820616639051,78427000
2025-11-05,673.7437133789062,677.0051112074705,670.3529860359731,671.1583975728993,74402400
2025-11-06,666.514892578125,673.5448715272548,664.9338680034818,672.6399897028363,85035300
2025-11-07,667.1710815429688,667.2805048704689,657.4663915648358,664.1284090392404,100592400
2025-11-10,677.5818481445312,678.3176487268574,671.2081667723378,673.4056154266486,75842900
2025-11-11,679.1329956054688,679.6997756663966,674.8871520395073,676.1002762110339,58953400
2025-11-12,679.5109252929688,681.0819968300743,677.0946904605516,680.9129156193362,62312500
2025-11-13,668.235107421875,677.0051787486752,666.7237544337754,676.6472315164618,103457800
2025-11-14,668.1256713867188,671.8345335183507,659.5147291242073,661.612768198211,96846700
2025-11-17,661.901123046875,669.8956413839408,658.4209391867944,665.9083353081996,90456100
2025-11-18,656.3427734375,661.354216097308,652.146634691611,658.3512953245886,114467500
2025-11-19,658.8783569335938,663.5617119214406,655.0203196831769,657.0388554539629,94703000
2025-11-20,648.8355712890625,671.7351497651099,648.1991802397498,669.1001291109939,165293500
2025-11-21,655.2987670898438,660.7874729698119,647.1650267848305,651.3412595795126,123956200
2025-11-24,664.9437866210938,666.2662734630499,657.8442577670318,658.9380055466532,80437900
2025-11-25,671.1982421875,672.3815071629971,660.717877921785,664.8444060411854,81077100
2025-11-26,675.8318481445312,677.8404309302599,672.8885849296569,673.7934667684052,71879600
2025-11-28,679.5208129882812,679.7991961322198,676.6471609574353,677.0051081523229,49212000
2025-12-01,676.41845703125,679.1230277654502,674.8970904760725,674.9667014318244,61201200
2025-12-02,677.67138671875,679.9483994968172,675.4838303983408,678.0591325179204,62953800
2025-12-03,680.0180053710938,681.0321891246488,675.8417725523884,676.7167950740063,57238500
2025-12-04,680.51513671875,681.4895687361658,677.4824173401821,681.4199577792665,61970300
2025-12-05,681.8078002929688,684.4925257185774,680.7040993957534,681.5890143183475,79241000
2025-12-08,679.7594604492188,682.7524282821314,677.7111260885928,682.7027235077143,55231500
2025-12-09,679.1727905273438,681.5095218770947,678.7253868572307,679.2822138612034,58310100
2025-12-10,683.6771850585938,685.0692222502689,677.4526176554032,678.6955405173951,85671300
2025-12-11,685.26806640625,685.3476304583654,678.3076987410943,681.2609148661827,86173700
2025-12-12,677.9000854492188,684.9797692517327,675.3247225627367,684.2737672143002,113160300
2025-12-15,676.8758544921875,681.8774049984522,675.4042533093998,681.8574988128718,90811000
2025-12-16,675.0264282226562,677.2239376857725,671.1584377196804,675.3843754405706,122030600
2025-12-17,667.5986938476562,676.5874893555698,667.3998140691156,676.0406154817738,110625200
2025-12-18,672.6399536132812,676.8857972779194,671.0788959983324,673.7635606688432,108650100
2025-12-19,678.7363891601562,679.2350273728672,674.6275542880097,674.747283458469,103599500
2025-12-22,682.96484375,683.4933686131409,678.7364013691785,682.0772531068674,69556700
2025-12-23,686.0863037109375,686.325640311278,682.0074163952171,682.0572680421344,64840000
2025-12-24,688.4996948242188,688.9484813838191,685.9267046355759,686.0763204450832,39445600
2025-12-26,688.4298706054688,689.7761694005526,687.392725060237,688.758988861415,41613300
2025-12-29,685.9765625,687.322922191004,684.2014421207446,685.6674092439482,62559500
2025-12-30,685.138916015625,686.6846823672308,684.7100944386586,685.5777200962995,47160700
2025-12-31,680.062744140625,685.4879304984822,679.8533550408816,685.2685588951464,74144800
2026-01-02,681.309326171875,684.999261161205,677.9684744567207,683.842447277036,89377200
2026-01-05,685.846923828125,687.5522884526621,684.5106074856512,684.6701449336617,71927200
2026-01-06,689.92578125,690.4344019511112,685.9067890249802,686.0563439630641,69273800
2026-01-07,687.701904296875,692.0699799720542,687.4426026835383,690.3047811958188,75588300
2026-01-08,687.632080078125,688.7390423054183,685.6175622141362,686.9439569075789,64019200
2026-01-09,692.1796264648438,693.4162394407576,687.3029303433501,688.7489932725086,80125500
2026-01-12,693.2666625976562,694.1941832506386,688.7490319805348,688.7988836287034,63976000
2026-01-13,691.8804931640625,694.194181802135,689.467040360938,693.595779418591,78309700
2026-01-14,688.479736328125,689.8360176539858,684.1714948792828,689.1180078469732,94676700
2026-01-15,690.3546142578125,693.5558934557131,689.3673203481677,692.678285342935,77862000
2026-01-16,689.7761840820312,692.359156800422,688.22043529661,691.7707369284135,79289200
2026-01-20,675.7345581054688,682.9049778344743,674.7272992054969,679.6338820353151,111623300
2026-01-21,683.5332641601562,686.8641332264262,676.2830453044572,677.7989248999835,127844500
2026-01-22,687.103515625,689.2476843606095,685.0491285530771,687.9711412752974,77112200
2026-01-23,687.352783203125,689.0781127396581,685.2884137823622,686.2757685331861,63059600
2026-01-26,690.84326171875,692.2394730275811,688.0409174669724,688.609372319757,60473800
2026-01-27,693.5957641601562,694.6329705879123,691.6810104865692,692.2893344912051,55506100
2026-01-28,693.5259399414062,695.9393926651097,692.0499903412962,695.1515053497095,61172200
2026-01-29,692.1497192382812,695.1615135683285,682.9648421722587,694.4933553961189,97486200
2026-01-30,690.0853271484375,692.3192774332931,685.2485609149509,689.9058246991844,101835100
2026-02-02,693.5159912109375,695.0318708971434,687.5423149981101,687.7019133171445,79286500
2026-02-03,687.6520385742188,695.0617950648859,682.1670182684101,694.3138377504575,107904600
2026-02-04,684.3211059570312,689.5667896413613,679.9031787408285,688.4697490630058,105204600
2026-02-05,675.7744750976562,681.8279505601881,673.9494421186707,679.0854402743204,113610800
2026-02-06,688.739013671875,690.4244132010324,678.995603890688,679.6039887472712,89127600
2026-02-09,692.0599975585938,693.9747512796714,686.4652913399738,687.5423060693106,73885200
2026-02-10,690.2349243164062,694.64286887948,689.7761552680904,693.0572335194393,65185700
2026-02-11,690.075439453125,695.2413241987686,687.3029816841566,694.4933668556342,76353900
2026-02-12,679.41455078125,693.4561594586687,678.5169776231163,692.3491972008484,118829000
2026-02-13,679.8931884765625,684.410879804094,675.6747287653898,679.833354327075,96267500
2026-02-17,680.9901733398438,683.074507822494,673.9394826742099,678.287593220413,81354700
2026-02-18,684.4208374023438,687.2730943282486,680.9702998190471,682.157061237011,73570300
2026-02-19,682.61572265625,684.311104689823,679.6937101433548,681.9775120282383,58649400
2026-02-20,687.5523071289062,688.1805961724377,679.8732661615737,680.4616860592505,100034000
2026-02-23,680.531494140625,688.1207533479937,678.5169762252317,685.9566804858357,90558100
2026-02-24,685.4779052734375,686.4751816677359,678.1479481229125,680.0427976196477,73798700
2026-02-25,691.26220703125,691.7907319065998,688.2204651135966,688.3002642742074,56369500
2026-02-26,687.422607421875,691.4117130049051,682.486077089091,691.391808867856,71671000
2026-02-27,684.1216430664062,684.9892686841309,679.7835149777827,681.2295779636313,83308900
2026-03-02,684.5106201171875,686.744509644098,676.1734035367807,676.8515442239554,87477200
2026-03-03,678.4771118164062,680.7508704958498,667.8361281509542,673.221445388408,105003100
2026-03-04,683.2639770507812,685.2186606854194,677.7689744100875,679.7735096903759,79182200
2026-03-05,679.4544067382812,683.6629449535216,673.7699188745959,680.2223290726917,106606500
2026-03-06,670.5487060546875,674.2685275228549,667.9358467743081,671.5758690877306,100687000
2026-03-09,676.4227294921875,678.0681991431876,660.5859743093405,664.5750801817165,102667700
2026-03-10,675.3356323242188,681.4987932365287,672.9222404542279,675.87413967305,81505300
2026-03-11,674.4879760742188,678.2277626375325,671.5061293267642,675.7345715953234,68441700
2026-03-12,664.2459106445312,669.8207124533001,664.0564256954588,669.3319958917509,108882200
2026-03-13,660.4862060546875,670.5088831921612,659.5587462493693,667.4472371497842,97200200
2026-03-16,667.2078857421875,670.239584206393,665.3030536555561,666.5596317087426,82023100
2026-03-17,668.9630126953125,672.60309589337,667.8760155087483,670.5586914524959,87128000
2026-03-18,659.6285400390625,667.8959397089973,659.3892034355257,666.5396583763402,82062600
2026-03-19,658.0029907226562,661.1743225351036,653.3855958813168,655.1806813207687,111272500
2026-03-20,648.5700073242188,656.6900024414062,644.719970703125,656.510009765625,163617500
2026-03-23,655.3800048828125,662.6199951171875,653.9400024414062,658.0700073242188,134802700
2026-03-24,653.1799926757812,657.030029296875,649.8800048828125,651.3200073242188,96457500
2026-03-25,656.8200073242188,660.8900146484375,654.239990234375,658.6699829101562,90653800
2026-03-26,645.0900268554688,654.8499755859375,644.8200073242188,652.0599975585938,96494400
2026-03-27,634.0900268554688,642.6599731445312,633.1099853515625,642.5,103649400
2026-03-30,631.969970703125,640.3699951171875,629.280029296875,640.1099853515625,99275900
2026-03-31,650.3400268554688,651.5399780273438,637.97998046875,638.9400024414062,152534100
2026-04-01,655.239990234375,658.52001953125,653.0,653.9000244140625,97841500
2026-04-02,655.8300170898438,658.2000122070312,645.1099853515625,646.4199829101562,68358700
2026-04-06,658.9299926757812,659.719970703125,655.52001953125,655.8599853515625,39105800
2026-04-07,659.219970703125,659.6099853515625,651.0599975585938,656.6500244140625,69980400
2026-04-08,676.010009765625,677.0800170898438,671.4600219726562,676.3900146484375,93606100
2026-04-09,679.9099731445312,681.1599731445312,673.77001953125,674.8400268554688,57134400
2026-04-10,679.4600219726562,682.030029296875,678.4500122070312,681.3200073242188,42253500
2026-04-13,686.0999755859375,686.2999877929688,676.5800170898438,677.4099731445312,54185800
2026-04-14,694.4600219726562,694.5800170898438,687.6599731445312,687.6900024414062,63480500
2026-04-15,699.9400024414062,700.280029296875,694.2000122070312,695.260009765625,58240400
2026-04-16,701.6599731445312,702.780029296875,698.530029296875,701.0599975585938,49972400
2026-04-17,710.1400146484375,712.3900146484375,705.760009765625,706.1400146484375,70661900
2026-04-20,708.719970703125,709.9099731445312,706.1400146484375,708.780029296875,43546800
2026-04-21,704.0800170898438,711.280029296875,702.6400146484375,710.280029296875,58941400
2026-04-22,711.2100219726562,711.4500122070312,708.219970703125,709.1500244140625,42518500
2026-04-23,708.4500122070312,712.3599853515625,702.280029296875,709.5,56174000
2026-04-24,713.9400024414062,714.469970703125,709.010009765625,710.75,45182000
2026-04-27,715.1699829101562,715.6300048828125,712.2999877929688,713.1699829101562,33135900
2026-04-28,711.6900024414062,712.8800048828125,709.25,711.8200073242188,43117400
2026-04-29,711.5800170898438,712.2000122070312,708.3699951171875,711.0,41859200
2026-04-30,718.6599731445312,719.7899780273438,710.4500122070312,714.6300048828125,67240900
2026-05-01,720.6500244140625,724.8699951171875,720.469970703125,721.25,42888700
