Datetime,Close,High,Low,Open,Volume
2026-02-06 14:30:00+00:00,683.7999877929688,684.469970703125,680.8499755859375,681.4600219726562,6299749
2026-02-06 14:35:00+00:00,684.7100219726562,685.0399780273438,683.52001953125,683.7999877929688,3249556
2026-02-06 14:40:00+00:00,685.5499877929688,685.5700073242188,683.969970703125,684.7000122070312,2531770
2026-02-06 14:45:00+00:00,685.530029296875,685.8699951171875,684.9500122070312,685.5599975585938,2448637
2026-02-06 14:50:00+00:00,685.3699951171875,686.510009765625,685.3200073242188,685.5399780273438,1709333
2026-02-06 14:55:00+00:00,684.7449951171875,685.3699951171875,684.5800170898438,685.3699951171875,1325464
2026-02-06 15:00:00+00:00,684.0800170898438,685.1300048828125,683.6799926757812,684.7999877929688,1331696
2026-02-06 15:05:00+00:00,683.969970703125,684.9298706054688,683.3599853515625,684.0800170898438,1461989
2026-02-06 15:10:00+00:00,683.72998046875,685.489990234375,683.6699829101562,683.969970703125,1539529
2026-02-06 15:15:00+00:00,684.7899780273438,685.0399780273438,683.1099853515625,683.719970703125,1120118
2026-02-06 15:20:00+00:00,684.3699951171875,685.77001953125,683.8900146484375,684.7999877929688,1427611
2026-02-06 15:25:00+00:00,685.6500244140625,685.8099975585938,684.1199951171875,684.3699951171875,1004307
2026-02-06 15:30:00+00:00,686.1500244140625,686.3499755859375,684.9099731445312,685.6500244140625,1357598
2026-02-06 15:35:00+00:00,686.1099853515625,686.2949829101562,685.760009765625,686.1599731445312,1025690
2026-02-06 15:40:00+00:00,686.3499755859375,686.75,685.9299926757812,686.0999755859375,1034013
2026-02-06 15:45:00+00:00,685.9450073242188,687.0399780273438,685.8499755859375,686.3599853515625,1359533
2026-02-06 15:50:00+00:00,684.5399780273438,685.969970703125,684.3800048828125,685.9299926757812,1253199
2026-02-06 15:55:00+00:00,685.7999877929688,685.9600219726562,684.3300170898438,684.52001953125,1322811
2026-02-06 16:00:00+00:00,686.9000244140625,686.9000244140625,685.4299926757812,685.7899780273438,1060349
2026-02-06 16:05:00+00:00,687.1099853515625,687.2999877929688,686.5499877929688,686.9000244140625,1336451
2026-02-06 16:10:00+00:00,687.3599853515625,687.3900146484375,686.9099731445312,687.1099853515625,1093094
2026-02-06 16:15:00+00:00,687.0800170898438,687.52001953125,686.8150024414062,687.3499755859375,926708
2026-02-06 16:20:00+00:00,687.260009765625,687.719970703125,687.0150146484375,687.0900268554688,837141
2026-02-06 16:25:00+00:00,687.10498046875,687.3200073242188,686.5800170898438,687.260009765625,821734
2026-02-06 16:30:00+00:00,687.6900024414062,687.7100219726562,687.0499877929688,687.10498046875,779419
2026-02-06 16:35:00+00:00,687.75,687.97998046875,687.530029296875,687.68798828125,955282
2026-02-06 16:40:00+00:00,687.7000122070312,688.010009765625,687.4199829101562,687.7498779296875,691346
2026-02-06 16:45:00+00:00,687.8200073242188,687.9299926757812,687.530029296875,687.7000122070312,512846
2026-02-06 16:50:00+00:00,687.780029296875,688.0,687.6749877929688,687.8098754882812,434490
2026-02-06 16:55:00+00:00,687.4600219726562,687.7750244140625,686.9400024414062,687.77001953125,814507
2026-02-06 17:00:00+00:00,687.8150024414062,687.8200073242188,687.1400146484375,687.4550170898438,656282
2026-02-06 17:05:00+00:00,688.1500244140625,688.3800048828125,687.7999877929688,687.8099975585938,584421
2026-02-06 17:10:00+00:00,687.9400024414062,688.4000244140625,687.7000122070312,688.1500244140625,582219
2026-02-06 17:15:00+00:00,688.0250244140625,688.25,687.6099853515625,687.9400024414062,523229
2026-02-06 17:20:00+00:00,687.97998046875,688.0700073242188,687.739990234375,688.0399780273438,378858
2026-02-06 17:25:00+00:00,688.47998046875,688.510009765625,687.969970703125,687.969970703125,577813
2026-02-06 17:30:00+00:00,688.6799926757812,688.9099731445312,688.4710083007812,688.5,801665
2026-02-06 17:35:00+00:00,688.010009765625,688.6900024414062,687.8524169921875,688.6799926757812,555411
2026-02-06 17:40:00+00:00,688.5,688.510009765625,687.97998046875,688.0050048828125,428923
2026-02-06 17:45:00+00:00,688.905029296875,688.9650268554688,688.4949951171875,688.5,669698
2026-02-06 17:50:00+00:00,689.0700073242188,689.5399780273438,688.7498779296875,688.9000244140625,878612
2026-02-06 17:55:00+00:00,688.9500122070312,689.1950073242188,688.9349975585938,689.0599975585938,514905
2026-02-06 18:00:00+00:00,689.469970703125,689.510009765625,688.9500122070312,688.9600219726562,534592
2026-02-06 18:05:00+00:00,689.10498046875,689.5,688.8900146484375,689.4650268554688,597081
2026-02-06 18:10:00+00:00,689.0449829101562,689.3400268554688,688.9600219726562,689.0999755859375,400432
2026-02-06 18:15:00+00:00,689.1599731445312,689.2100219726562,688.6300048828125,689.0449829101562,407124
2026-02-06 18:20:00+00:00,688.9099731445312,689.4400024414062,688.8900146484375,689.1699829101562,487219
2026-02-06 18:25:00+00:00,688.9450073242188,688.989990234375,688.5900268554688,688.905029296875,588236
2026-02-06 18:30:00+00:00,688.9500122070312,689.218994140625,688.8800048828125,688.9500122070312,401038
2026-02-06 18:35:00+00:00,689.2999877929688,689.4099731445312,688.9401245117188,688.9500122070312,380514
2026-02-06 18:40:00+00:00,689.3049926757812,689.4600219726562,689.1799926757812,689.3049926757812,397152
2026-02-06 18:45:00+00:00,689.5150146484375,689.5549926757812,689.280029296875,689.3099975585938,421936
2026-02-06 18:50:00+00:00,689.3699951171875,689.6599731445312,689.3400268554688,689.52001953125,513742
2026-02-06 18:55:00+00:00,689.030029296875,689.4299926757812,688.9500122070312,689.3499755859375,439125
2026-02-06 19:00:00+00:00,689.344970703125,689.3900146484375,688.9400024414062,689.030029296875,705639
2026-02-06 19:05:00+00:00,689.2100219726562,689.4199829101562,689.0999755859375,689.3499755859375,548828
2026-02-06 19:10:00+00:00,688.909912109375,689.3300170898438,688.9000244140625,689.2150268554688,476932
2026-02-06 19:15:00+00:00,688.9000244140625,689.0800170898438,688.739990234375,688.9099731445312,418790
2026-02-06 19:20:00+00:00,689.4099731445312,689.530029296875,688.8800048828125,688.8900146484375,580530
2026-02-06 19:25:00+00:00,689.47802734375,689.489990234375,689.2531127929688,689.4099731445312,463894
2026-02-06 19:30:00+00:00,689.2150268554688,689.5599975585938,689.1900024414062,689.47998046875,628238
2026-02-06 19:35:00+00:00,689.2000732421875,689.3699951171875,689.1300048828125,689.2150268554688,463196
2026-02-06 19:40:00+00:00,688.9749755859375,689.2050170898438,688.9000244140625,689.2050170898438,502237
2026-02-06 19:45:00+00:00,689.6400146484375,689.760009765625,688.969970703125,688.97998046875,505910
2026-02-06 19:50:00+00:00,689.5399780273438,689.72998046875,689.4000244140625,689.6300048828125,529116
2026-02-06 19:55:00+00:00,689.3499755859375,689.5800170898438,689.27001953125,689.5599975585938,467827
2026-02-06 20:00:00+00:00,689.52001953125,689.6599731445312,689.0999755859375,689.3400268554688,591615
2026-02-06 20:05:00+00:00,689.60498046875,689.8099975585938,689.4600219726562,689.52001953125,710251
2026-02-06 20:10:00+00:00,689.4650268554688,689.625,689.4400024414062,689.5999755859375,749986
2026-02-06 20:15:00+00:00,689.760009765625,689.7899780273438,689.4425048828125,689.469970703125,684163
2026-02-06 20:20:00+00:00,690.0115966796875,690.1400146484375,689.719970703125,689.760009765625,980772
2026-02-06 20:25:00+00:00,689.7750244140625,690.0999755859375,689.7100219726562,690.010009765625,900421
2026-02-06 20:30:00+00:00,689.8900146484375,690.0800170898438,689.5999755859375,689.77001953125,925481
2026-02-06 20:35:00+00:00,690.0349731445312,690.0422973632812,689.721923828125,689.8800048828125,835058
2026-02-06 20:40:00+00:00,690.75,690.7686767578125,690.0,690.030029296875,1789076
2026-02-06 20:45:00+00:00,691.0499877929688,691.1699829101562,690.7249755859375,690.760009765625,1921868
2026-02-06 20:50:00+00:00,692.0,692.3099975585938,690.9199829101562,691.0499877929688,3494266
2026-02-06 20:55:00+00:00,690.5999755859375,692.030029296875,690.5800170898438,691.989990234375,5862684
2026-02-09 14:30:00+00:00,689.869873046875,690.1699829101562,688.3400268554688,689.4199829101562,4003478
2026-02-09 14:35:00+00:00,691.1300048828125,691.1500244140625,689.3900146484375,689.8699951171875,2129050
2026-02-09 14:40:00+00:00,691.1950073242188,691.5700073242188,690.8099975585938,691.1400146484375,1708395
2026-02-09 14:45:00+00:00,691.2349853515625,691.635009765625,690.5,691.1950073242188,1860692
2026-02-09 14:50:00+00:00,690.4600219726562,691.2899780273438,689.780029296875,691.239990234375,1528530
2026-02-09 14:55:00+00:00,690.4099731445312,690.8699951171875,690.239990234375,690.47998046875,995433
2026-02-09 15:00:00+00:00,691.260009765625,691.2664794921875,690.219970703125,690.4000244140625,1052119
2026-02-09 15:05:00+00:00,691.5999755859375,691.9400024414062,691.1799926757812,691.27001953125,1135473
2026-02-09 15:10:00+00:00,691.780029296875,691.8300170898438,691.1599731445312,691.5999755859375,795265
2026-02-09 15:15:00+00:00,692.6699829101562,692.6799926757812,691.780029296875,691.7899780273438,1250439
2026-02-09 15:20:00+00:00,692.3400268554688,692.9299926757812,692.219970703125,692.6699829101562,905390
2026-02-09 15:25:00+00:00,691.9400024414062,692.3900146484375,691.6900024414062,692.3300170898438,685791
2026-02-09 15:30:00+00:00,693.2449951171875,693.280029296875,691.938720703125,691.9600219726562,946435
2026-02-09 15:35:00+00:00,693.3699951171875,693.7650146484375,693.2000122070312,693.25,1261428
2026-02-09 15:40:00+00:00,693.5399780273438,693.5999755859375,693.3099975585938,693.3599853515625,604262
2026-02-09 15:45:00+00:00,693.780029296875,693.7999877929688,693.2100219726562,693.5399780273438,791235
2026-02-09 15:50:00+00:00,693.8250122070312,694.0,693.5599975585938,693.780029296875,1080551
2026-02-09 15:55:00+00:00,694.239990234375,694.4600219726562,693.7899780273438,693.8300170898438,955244
2026-02-09 16:00:00+00:00,694.5499877929688,694.6199951171875,694.2100219726562,694.22998046875,600586
2026-02-09 16:05:00+00:00,694.1799926757812,694.5700073242188,694.0900268554688,694.5399780273438,814881
2026-02-09 16:10:00+00:00,694.3049926757812,694.4600219726562,694.0599975585938,694.1900024414062,630968
2026-02-09 16:15:00+00:00,694.0900268554688,694.47998046875,694.0599975585938,694.2999877929688,631186
2026-02-09 16:20:00+00:00,694.510009765625,694.52001953125,694.0700073242188,694.0900268554688,1186044
2026-02-09 16:25:00+00:00,694.689697265625,694.760009765625,694.3400268554688,694.5,776919
2026-02-09 16:30:00+00:00,694.5900268554688,694.77001953125,694.4749755859375,694.6799926757812,583182
2026-02-09 16:35:00+00:00,694.5349731445312,694.60498046875,694.27001953125,694.5900268554688,466259
2026-02-09 16:40:00+00:00,694.969970703125,695.0,694.543701171875,694.5549926757812,559215
2026-02-09 16:45:00+00:00,695.1950073242188,695.3300170898438,694.9600219726562,694.969970703125,738408
2026-02-09 16:50:00+00:00,695.385009765625,695.52001953125,695.0999755859375,695.2000122070312,776066
2026-02-09 16:55:00+00:00,695.3900146484375,695.5900268554688,695.3300170898438,695.3800048828125,593369
2026-02-09 17:00:00+00:00,695.510009765625,695.6300048828125,695.2100219726562,695.385009765625,564581
2026-02-09 17:05:00+00:00,695.3800048828125,695.5599975585938,695.2999877929688,695.5050048828125,364782
2026-02-09 17:10:00+00:00,695.47998046875,695.6599731445312,695.3400268554688,695.3800048828125,500464
2026-02-09 17:15:00+00:00,695.510009765625,695.5900268554688,695.4099731445312,695.469970703125,360682
2026-02-09 17:20:00+00:00,695.3150024414062,695.52001953125,695.219970703125,695.510009765625,430052
2026-02-09 17:25:00+00:00,695.1400146484375,695.3699951171875,695.1199951171875,695.3200073242188,415465
2026-02-09 17:30:00+00:00,695.1380004882812,695.2999877929688,694.97998046875,695.1500244140625,369667
2026-02-09 17:35:00+00:00,695.0650024414062,695.510009765625,695.0250244140625,695.1400146484375,383067
2026-02-09 17:40:00+00:00,694.9299926757812,695.1199951171875,694.8200073242188,695.0650024414062,379656
2026-02-09 17:45:00+00:00,694.9550170898438,695.010009765625,694.72998046875,694.9400024414062,357004
2026-02-09 17:50:00+00:00,694.8800048828125,694.9600219726562,694.77001953125,694.9600219726562,251648
2026-02-09 17:55:00+00:00,694.5800170898438,694.8900146484375,694.47998046875,694.8800048828125,415350
2026-02-09 18:00:00+00:00,694.719970703125,694.9520263671875,694.3599853515625,694.5700073242188,629671
2026-02-09 18:05:00+00:00,694.8699951171875,694.9398803710938,694.5399780273438,694.72998046875,279773
2026-02-09 18:10:00+00:00,694.864990234375,694.9299926757812,694.6500244140625,694.860107421875,225449
2026-02-09 18:15:00+00:00,694.8400268554688,694.9199829101562,694.6799926757812,694.8699951171875,389211
2026-02-09 18:20:00+00:00,694.5800170898438,695.0,693.5499877929688,694.8400268554688,1537476
2026-02-09 18:25:00+00:00,694.22998046875,694.6199951171875,694.0999755859375,694.5700073242188,547685
2026-02-09 18:30:00+00:00,694.6599731445312,694.8099975585938,694.0,694.22998046875,572513
2026-02-09 18:35:00+00:00,694.8200073242188,694.8599853515625,694.5399780273438,694.6599731445312,286277
2026-02-09 18:40:00+00:00,695.0001220703125,695.1699829101562,694.719970703125,694.8300170898438,545412
2026-02-09 18:45:00+00:00,694.7999877929688,695.1900024414062,694.77001953125,695.0,401550
2026-02-09 18:50:00+00:00,694.75,694.9600219726562,694.6799926757812,694.8200073242188,321508
2026-02-09 18:55:00+00:00,694.6699829101562,694.8599853515625,694.489990234375,694.7550048828125,406765
2026-02-09 19:00:00+00:00,695.0700073242188,695.0999755859375,694.489990234375,694.6699829101562,527494
2026-02-09 19:05:00+00:00,694.7849731445312,695.0900268554688,694.6799926757812,695.0800170898438,348219
2026-02-09 19:10:00+00:00,695.260009765625,695.3400268554688,694.780029296875,694.780029296875,711351
2026-02-09 19:15:00+00:00,695.344970703125,695.4000244140625,695.1799926757812,695.25,517155
2026-02-09 19:20:00+00:00,695.6699829101562,695.760009765625,695.3099975585938,695.344970703125,595601
2026-02-09 19:25:00+00:00,695.739990234375,695.8699951171875,695.6199951171875,695.6699829101562,570320
2026-02-09 19:30:00+00:00,695.6300048828125,695.8499755859375,695.5650024414062,695.739990234375,524564
2026-02-09 19:35:00+00:00,695.6950073242188,695.780029296875,695.530029296875,695.6400146484375,386896
2026-02-09 19:40:00+00:00,695.5900268554688,695.6950073242188,695.489990234375,695.6950073242188,362419
2026-02-09 19:45:00+00:00,695.635009765625,695.6799926757812,695.47998046875,695.5900268554688,434485
2026-02-09 19:50:00+00:00,695.5349731445312,695.7000122070312,695.4199829101562,695.6400146484375,401910
2026-02-09 19:55:00+00:00,695.4199829101562,695.6099853515625,695.3400268554688,695.530029296875,356025
2026-02-09 20:00:00+00:00,695.5,695.6699829101562,695.3200073242188,695.4199829101562,961140
2026-02-09 20:05:00+00:00,695.4904174804688,695.719970703125,695.4500122070312,695.489990234375,451322
2026-02-09 20:10:00+00:00,695.4149780273438,695.5999755859375,695.4099731445312,695.5,334723
2026-02-09 20:15:00+00:00,695.114990234375,695.4299926757812,695.0399780273438,695.4099731445312,949017
2026-02-09 20:20:00+00:00,694.9099731445312,695.1599731445312,694.7849731445312,695.1099853515625,827009
2026-02-09 20:25:00+00:00,694.5750122070312,694.9550170898438,694.3300170898438,694.9099731445312,1082261
2026-02-09 20:30:00+00:00,694.0999755859375,694.581298828125,694.0996704101562,694.5700073242188,1205776
2026-02-09 20:35:00+00:00,694.5599975585938,694.5900268554688,693.8800048828125,694.0999755859375,1404112
2026-02-09 20:40:00+00:00,694.6099853515625,694.844970703125,694.280029296875,694.5650024414062,1641566
2026-02-09 20:45:00+00:00,694.7999877929688,694.8699951171875,694.594970703125,694.5999755859375,1509833
2026-02-09 20:50:00+00:00,694.3099975585938,695.02001953125,694.0800170898438,694.7899780273438,1776430
2026-02-09 20:55:00+00:00,693.9099731445312,694.8400268554688,693.9099731445312,694.3099975585938,4030423
2026-02-10 14:30:00+00:00,695.0499877929688,695.5499877929688,694.7999877929688,694.9500122070312,3304085
2026-02-10 14:35:00+00:00,694.3699951171875,695.1400146484375,693.760009765625,695.0499877929688,1814694
2026-02-10 14:40:00+00:00,693.9849853515625,694.4500122070312,693.4550170898438,694.3800048828125,1439492
2026-02-10 14:45:00+00:00,693.9400024414062,694.239990234375,693.6400146484375,694.0,1056665
2026-02-10 14:50:00+00:00,695.3699951171875,695.3699951171875,693.9199829101562,693.9409790039062,1237653
2026-02-10 14:55:00+00:00,695.75,696.1599731445312,695.2130737304688,695.3800048828125,1193210
2026-02-10 15:00:00+00:00,695.8099975585938,695.8300170898438,695.5,695.739990234375,698186
2026-02-10 15:05:00+00:00,696.2000122070312,696.4349975585938,695.5650024414062,695.8099975585938,870407
2026-02-10 15:10:00+00:00,695.4099731445312,696.3699951171875,694.7100219726562,696.2098999023438,1094862
2026-02-10 15:15:00+00:00,696.02001953125,696.0599975585938,694.9600219726562,695.4099731445312,902776
2026-02-10 15:20:00+00:00,695.469970703125,696.3900146484375,695.4299926757812,696.030029296875,824927
2026-02-10 15:25:00+00:00,695.9199829101562,696.0599975585938,695.3099975585938,695.469970703125,614738
2026-02-10 15:30:00+00:00,695.9213256835938,696.5399780273438,695.6500244140625,695.905029296875,868891
2026-02-10 15:35:00+00:00,695.6099853515625,695.9450073242188,695.3499755859375,695.9299926757812,575610
2026-02-10 15:40:00+00:00,696.0650024414062,696.1699829101562,695.5800170898438,695.6099853515625,496121
2026-02-10 15:45:00+00:00,695.719970703125,696.2100219726562,695.4600219726562,696.0700073242188,465677
2026-02-10 15:50:00+00:00,695.6699829101562,695.8300170898438,695.2899780273438,695.6900024414062,412789
2026-02-10 15:55:00+00:00,695.39501953125,695.739990234375,694.9099731445312,695.6599731445312,633028
2026-02-10 16:00:00+00:00,695.3800048828125,695.6699829101562,695.1300048828125,695.4000244140625,428940
2026-02-10 16:05:00+00:00,694.6199951171875,695.4349975585938,694.6199951171875,695.3699951171875,617633
2026-02-10 16:10:00+00:00,694.9000244140625,695.1699829101562,694.6199951171875,694.6300048828125,533632
2026-02-10 16:15:00+00:00,694.9600219726562,695.3200073242188,694.2999877929688,694.8900146484375,799879
2026-02-10 16:20:00+00:00,694.5280151367188,695.0698852539062,694.0900268554688,694.969970703125,884960
2026-02-10 16:25:00+00:00,694.780029296875,695.1099853515625,694.3900146484375,694.530029296875,536208
2026-02-10 16:30:00+00:00,694.5700073242188,694.8800048828125,694.4500122070312,694.77001953125,452444
2026-02-10 16:35:00+00:00,694.8233032226562,694.9199829101562,694.5399780273438,694.5700073242188,359551
2026-02-10 16:40:00+00:00,694.64501953125,695.1199951171875,694.5999755859375,694.8200073242188,420208
2026-02-10 16:45:00+00:00,694.6400146484375,695.4000244140625,694.5800170898438,694.6500244140625,486911
2026-02-10 16:50:00+00:00,694.864990234375,694.9199829101562,694.3200073242188,694.6400146484375,428908
2026-02-10 16:55:00+00:00,694.77001953125,695.0900268554688,694.6500244140625,694.8599853515625,271090
2026-02-10 17:00:00+00:00,694.47998046875,694.864990234375,694.2000122070312,694.7550048828125,396879
2026-02-10 17:05:00+00:00,695.1199951171875,695.1500244140625,694.4550170898438,694.47998046875,747084
2026-02-10 17:10:00+00:00,695.4749755859375,695.5399780273438,695.1099853515625,695.1099853515625,618752
2026-02-10 17:15:00+00:00,695.60498046875,695.6701049804688,695.3250122070312,695.469970703125,409513
2026-02-10 17:20:00+00:00,695.1400146484375,695.6300048828125,694.9600219726562,695.6096801757812,810136
2026-02-10 17:25:00+00:00,695.25,695.4299926757812,695.0700073242188,695.1300048828125,317630
2026-02-10 17:30:00+00:00,695.2000122070312,695.3800048828125,695.0499877929688,695.25,283878
2026-02-10 17:35:00+00:00,695.1099853515625,695.27001953125,694.8250122070312,695.1900024414062,270261
2026-02-10 17:40:00+00:00,695.489990234375,695.5700073242188,695.1099853515625,695.1099853515625,313906
2026-02-10 17:45:00+00:00,695.5050048828125,695.7999877929688,695.47998046875,695.4849853515625,304080
2026-02-10 17:50:00+00:00,695.5499877929688,695.7449951171875,695.3900146484375,695.510009765625,260725
2026-02-10 17:55:00+00:00,695.4412841796875,695.5900268554688,695.3400268554688,695.5599975585938,253641
2026-02-10 18:00:00+00:00,695.22998046875,695.469970703125,695.0700073242188,695.4500122070312,241491
2026-02-10 18:05:00+00:00,694.8400268554688,695.239990234375,694.7681274414062,695.22998046875,385594
2026-02-10 18:10:00+00:00,694.594970703125,694.9400024414062,694.5399780273438,694.8300170898438,363944
2026-02-10 18:15:00+00:00,694.1199951171875,694.6699829101562,693.8400268554688,694.5800170898438,761942
2026-02-10 18:20:00+00:00,694.1500244140625,694.4199829101562,693.6699829101562,694.0999755859375,799495
2026-02-10 18:25:00+00:00,693.4400024414062,694.1749877929688,693.3699951171875,694.1649780273438,715472
2026-02-10 18:30:00+00:00,693.27001953125,693.6699829101562,693.0,693.4299926757812,1040651
2026-02-10 18:35:00+00:00,693.7020263671875,693.8599853515625,693.1699829101562,693.260009765625,849972
2026-02-10 18:40:00+00:00,693.614990234375,693.8200073242188,693.530029296875,693.7000122070312,356119
2026-02-10 18:45:00+00:00,693.125,693.6300048828125,693.02001953125,693.594970703125,607065
2026-02-10 18:50:00+00:00,692.907470703125,693.3200073242188,692.8499755859375,693.125,532681
2026-02-10 18:55:00+00:00,693.6400146484375,693.8200073242188,692.8499755859375,692.9099731445312,696019
2026-02-10 19:00:00+00:00,693.4749755859375,693.8800048828125,693.4000244140625,693.6500244140625,637580
2026-02-10 19:05:00+00:00,693.4400024414062,693.72998046875,693.239990234375,693.4749755859375,612758
2026-02-10 19:10:00+00:00,693.659912109375,693.77001953125,693.3400268554688,693.4400024414062,505979
2026-02-10 19:15:00+00:00,693.3099975585938,693.6799926757812,693.1300048828125,693.6619873046875,375352
2026-02-10 19:20:00+00:00,693.781005859375,693.8200073242188,693.280029296875,693.2999877929688,532299
2026-02-10 19:25:00+00:00,693.8699951171875,693.905029296875,693.52001953125,693.780029296875,344807
2026-02-10 19:30:00+00:00,693.7249755859375,694.1300048828125,693.6649780273438,693.8699951171875,493631
2026-02-10 19:35:00+00:00,693.8900146484375,693.97998046875,693.6900024414062,693.7249755859375,409540
2026-02-10 19:40:00+00:00,693.510009765625,693.97998046875,693.3599853515625,693.8900146484375,381588
2026-02-10 19:45:00+00:00,693.760009765625,693.8099975585938,693.4600219726562,693.52001953125,300649
2026-02-10 19:50:00+00:00,693.469970703125,693.760009765625,693.364990234375,693.75,335018
2026-02-10 19:55:00+00:00,693.77001953125,693.9000244140625,693.4500122070312,693.47998046875,371678
2026-02-10 20:00:00+00:00,693.4500122070312,693.9929809570312,693.3900146484375,693.760009765625,533522
2026-02-10 20:05:00+00:00,693.4849853515625,693.6099853515625,693.260009765625,693.4550170898438,417596
2026-02-10 20:10:00+00:00,693.2100219726562,693.530029296875,693.1099853515625,693.47998046875,550833
2026-02-10 20:15:00+00:00,693.6300048828125,693.7449951171875,693.1799926757812,693.2000122070312,472544
2026-02-10 20:20:00+00:00,693.3699951171875,693.8400268554688,693.3599853515625,693.6199951171875,562860
2026-02-10 20:25:00+00:00,693.2974853515625,693.5399780273438,693.1099853515625,693.3599853515625,653107
2026-02-10 20:30:00+00:00,693.1362915039062,693.5399780273438,693.0399780273438,693.2999877929688,909946
2026-02-10 20:35:00+00:00,692.9500122070312,693.25,692.8699951171875,693.1400146484375,1034446
2026-02-10 20:40:00+00:00,693.0599975585938,693.2199096679688,692.8900146484375,692.9500122070312,946447
2026-02-10 20:45:00+00:00,693.4000244140625,693.4349975585938,692.969970703125,693.0599975585938,1319568
2026-02-10 20:50:00+00:00,692.3300170898438,693.4299926757812,692.2000122070312,693.4000244140625,3146718
2026-02-10 20:55:00+00:00,692.1099853515625,692.4299926757812,691.6599731445312,692.3300170898438,6413617
2026-02-11 14:30:00+00:00,696.107421875,697.1300048828125,696.0,696.3900146484375,4015759
2026-02-11 14:35:00+00:00,695.2999877929688,696.2899780273438,695.2150268554688,696.1199951171875,1646647
2026-02-11 14:40:00+00:00,695.4099731445312,695.8499755859375,695.14501953125,695.3099975585938,1412362
2026-02-11 14:45:00+00:00,695.6500244140625,696.3800048828125,695.3099975585938,695.4199829101562,1165157
2026-02-11 14:50:00+00:00,695.114990234375,695.7999877929688,694.9000244140625,695.6400146484375,1259276
2026-02-11 14:55:00+00:00,694.1199951171875,695.469970703125,693.8049926757812,695.1099853515625,1390839
2026-02-11 15:00:00+00:00,693.6900024414062,694.760009765625,693.4249877929688,694.1300048828125,1291353
2026-02-11 15:05:00+00:00,692.7000122070312,693.7949829101562,692.6699829101562,693.7000122070312,1286208
2026-02-11 15:10:00+00:00,691.75,692.75,690.8300170898438,692.6699829101562,2177634
2026-02-11 15:15:00+00:00,690.77001953125,691.9400024414062,690.6599731445312,691.75,1675485
2026-02-11 15:20:00+00:00,689.5900268554688,690.8599853515625,689.3699951171875,690.780029296875,1912904
2026-02-11 15:25:00+00:00,689.719970703125,690.4600219726562,689.1799926757812,689.5800170898438,2181067
2026-02-11 15:30:00+00:00,690.7349853515625,690.7949829101562,689.5599975585938,689.719970703125,1756106
2026-02-11 15:35:00+00:00,691.2999877929688,691.3900146484375,690.260009765625,690.739990234375,1307159
2026-02-11 15:40:00+00:00,691.2050170898438,691.739990234375,690.719970703125,691.3250122070312,988978
2026-02-11 15:45:00+00:00,690.489990234375,691.6900024414062,690.3699951171875,691.2000122070312,1087542
2026-02-11 15:50:00+00:00,692.4605712890625,692.5399780273438,690.2598876953125,690.469970703125,1309120
2026-02-11 15:55:00+00:00,692.3499755859375,692.6199951171875,692.1300048828125,692.469970703125,887007
2026-02-11 16:00:00+00:00,691.7999877929688,692.6649780273438,691.5999755859375,692.3300170898438,716385
2026-02-11 16:05:00+00:00,691.47998046875,691.97998046875,691.3800048828125,691.8099975585938,573106
2026-02-11 16:10:00+00:00,692.8200073242188,692.9249877929688,691.4199829101562,691.47998046875,764655
2026-02-11 16:15:00+00:00,692.8350219726562,692.9400024414062,692.3499755859375,692.8200073242188,543717
2026-02-11 16:20:00+00:00,693.2949829101562,693.4500122070312,692.7000122070312,692.8499755859375,711542
2026-02-11 16:25:00+00:00,691.8400268554688,693.4099731445312,691.8200073242188,693.2899780273438,866393
2026-02-11 16:30:00+00:00,692.4149780273438,692.6900024414062,691.5,691.8200073242188,834066
2026-02-11 16:35:00+00:00,692.7750244140625,692.780029296875,691.9500122070312,692.4199829101562,623045
2026-02-11 16:40:00+00:00,692.9949951171875,693.3499755859375,692.7249755859375,692.7750244140625,624333
2026-02-11 16:45:00+00:00,692.655029296875,693.3200073242188,692.4949951171875,693.0,607691
2026-02-11 16:50:00+00:00,692.739990234375,693.02001953125,692.4099731445312,692.6599731445312,518290
2026-02-11 16:55:00+00:00,692.0700073242188,692.8099975585938,691.989990234375,692.72998046875,600194
2026-02-11 17:00:00+00:00,691.4849853515625,692.125,691.3900146484375,692.0499877929688,936196
2026-02-11 17:05:00+00:00,692.364990234375,692.4000244140625,691.4500122070312,691.489990234375,567582
2026-02-11 17:10:00+00:00,692.344970703125,692.5999755859375,691.97998046875,692.3599853515625,445334
2026-02-11 17:15:00+00:00,692.5999755859375,693.0349731445312,692.0900268554688,692.3699951171875,861174
2026-02-11 17:20:00+00:00,693.1199951171875,693.1699829101562,692.2000122070312,692.5850219726562,511408
2026-02-11 17:25:00+00:00,693.5969848632812,693.8400268554688,693.1300048828125,693.1300048828125,850211
2026-02-11 17:30:00+00:00,693.2349853515625,693.6500244140625,693.1099853515625,693.5999755859375,521862
2026-02-11 17:35:00+00:00,693.2349853515625,693.4400024414062,693.0050048828125,693.239990234375,355396
2026-02-11 17:40:00+00:00,693.719970703125,693.8599853515625,693.22998046875,693.22998046875,391166
2026-02-11 17:45:00+00:00,693.6900024414062,693.8300170898438,693.3300170898438,693.7349853515625,397830
2026-02-11 17:50:00+00:00,693.5449829101562,693.989990234375,693.3300170898438,693.6900024414062,389253
2026-02-11 17:55:00+00:00,692.77001953125,693.5650024414062,692.5499877929688,693.5499877929688,426071
2026-02-11 18:00:00+00:00,692.6099853515625,692.97998046875,692.2899780273438,692.77001953125,510676
2026-02-11 18:05:00+00:00,692.0449829101562,692.6599731445312,692.030029296875,692.6099853515625,532518
2026-02-11 18:10:00+00:00,691.6500244140625,692.0399780273438,691.52001953125,692.0399780273438,859877
2026-02-11 18:15:00+00:00,692.0999755859375,692.510009765625,691.4099731445312,691.6400146484375,1243723
2026-02-11 18:20:00+00:00,692.22998046875,692.39697265625,691.8499755859375,692.0800170898438,402902
2026-02-11 18:25:00+00:00,692.7899780273438,692.8800048828125,692.0499877929688,692.2100219726562,424312
2026-02-11 18:30:00+00:00,692.2899780273438,693.010009765625,692.2899780273438,692.7896728515625,553398
2026-02-11 18:35:00+00:00,692.75,692.8150024414062,692.2249755859375,692.2999877929688,417695
2026-02-11 18:40:00+00:00,692.405029296875,692.739990234375,692.1599731445312,692.7301025390625,426856
2026-02-11 18:45:00+00:00,692.8900146484375,692.8900146484375,692.3800048828125,692.4199829101562,375618
2026-02-11 18:50:00+00:00,692.8800048828125,692.989990234375,692.030029296875,692.8800048828125,820220
2026-02-11 18:55:00+00:00,692.72998046875,693.02001953125,692.6199951171875,692.9000244140625,373067
2026-02-11 19:00:00+00:00,692.85498046875,692.8599853515625,692.4400024414062,692.72998046875,735040
2026-02-11 19:05:00+00:00,692.6599731445312,692.9299926757812,692.1099853515625,692.8699951171875,898258
2026-02-11 19:10:00+00:00,693.280029296875,693.4299926757812,692.530029296875,692.6500244140625,605512
2026-02-11 19:15:00+00:00,693.2999877929688,693.5,693.219970703125,693.27001953125,507250
2026-02-11 19:20:00+00:00,693.6849975585938,693.7293701171875,693.27001953125,693.280029296875,525332
2026-02-11 19:25:00+00:00,693.739990234375,693.9550170898438,693.5549926757812,693.6900024414062,587170
2026-02-11 19:30:00+00:00,693.6500854492188,693.75,693.2999877929688,693.75,482367
2026-02-11 19:35:00+00:00,693.530029296875,693.8599853515625,693.530029296875,693.6599731445312,401867
2026-02-11 19:40:00+00:00,693.7100219726562,693.75,693.4199829101562,693.530029296875,372131
2026-02-11 19:45:00+00:00,693.1900024414062,693.75,692.4199829101562,693.7100219726562,1262471
2026-02-11 19:50:00+00:00,693.0650024414062,693.2349853515625,692.880126953125,693.2000122070312,1217418
2026-02-11 19:55:00+00:00,692.9400024414062,693.2000122070312,692.8099975585938,693.0599975585938,460266
2026-02-11 20:00:00+00:00,693.010009765625,693.0999755859375,692.7849731445312,692.9199829101562,638473
2026-02-11 20:05:00+00:00,692.7750244140625,693.0650024414062,692.6900024414062,692.989990234375,446523
2026-02-11 20:10:00+00:00,692.7899780273438,692.9099731445312,692.6500244140625,692.77001953125,508008
2026-02-11 20:15:00+00:00,692.72998046875,693.0800170898438,692.6199951171875,692.7849731445312,722672
2026-02-11 20:20:00+00:00,692.6500244140625,692.77001953125,692.3499755859375,692.72998046875,1194501
2026-02-11 20:25:00+00:00,692.2550048828125,692.7349853515625,692.22998046875,692.6500244140625,613885
2026-02-11 20:30:00+00:00,691.97998046875,692.3499755859375,691.8505249023438,692.25,1167958
2026-02-11 20:35:00+00:00,692.6400146484375,692.6400146484375,691.9099731445312,691.969970703125,926596
2026-02-11 20:40:00+00:00,692.5,692.9249877929688,692.4099731445312,692.6400146484375,884162
2026-02-11 20:45:00+00:00,692.9000244140625,692.969970703125,692.4500122070312,692.5,1165051
2026-02-11 20:50:00+00:00,692.6900024414062,692.989990234375,692.1599731445312,692.9000244140625,1715864
2026-02-11 20:55:00+00:00,691.9199829101562,692.6900024414062,691.77001953125,692.6900024414062,3525046
2026-02-12 14:30:00+00:00,694.9500122070312,695.010009765625,694.0599975585938,694.239990234375,2975301
2026-02-12 14:35:00+00:00,694.7999877929688,695.0800170898438,694.3599853515625,694.9500122070312,1360923
2026-02-12 14:40:00+00:00,694.0299072265625,695.3499755859375,693.9805908203125,694.8099975585938,1435534
2026-02-12 14:45:00+00:00,693.3201293945312,694.3499755859375,693.1099853515625,694.030029296875,1579867
2026-02-12 14:50:00+00:00,693.739990234375,693.989990234375,693.0599975585938,693.3200073242188,1297390
2026-02-12 14:55:00+00:00,692.8300170898438,693.739990234375,692.3200073242188,693.72998046875,1559965
2026-02-12 15:00:00+00:00,692.6599731445312,693.6300048828125,692.3499755859375,692.8300170898438,1202951
2026-02-12 15:05:00+00:00,692.4199829101562,693.25,692.1599731445312,692.6500244140625,964138
2026-02-12 15:10:00+00:00,693.3800048828125,693.3900146484375,692.22998046875,692.4249877929688,909752
2026-02-12 15:15:00+00:00,692.8099975585938,693.6199951171875,692.7899780273438,693.3699951171875,844564
2026-02-12 15:20:00+00:00,693.0399780273438,693.72998046875,692.510009765625,692.8099975585938,877025
2026-02-12 15:25:00+00:00,693.0650024414062,693.3499755859375,692.7050170898438,693.0549926757812,638319
2026-02-12 15:30:00+00:00,691.9550170898438,693.47998046875,691.9299926757812,693.0800170898438,755602
2026-02-12 15:35:00+00:00,691.14501953125,692.155029296875,690.97998046875,691.9500122070312,1391954
2026-02-12 15:40:00+00:00,690.3800048828125,691.3150024414062,690.3200073242188,691.14501953125,1657601
2026-02-12 15:45:00+00:00,690.501220703125,690.9000244140625,690.22998046875,690.3699951171875,1193240
2026-02-12 15:50:00+00:00,689.510009765625,690.7999877929688,689.510009765625,690.5050048828125,1092710
2026-02-12 15:55:00+00:00,688.6500244140625,689.6500244140625,688.5850219726562,689.52001953125,1614168
2026-02-12 16:00:00+00:00,688.1400146484375,688.8049926757812,687.969970703125,688.6500244140625,2151420
2026-02-12 16:05:00+00:00,687.0399780273438,688.27001953125,686.8499755859375,688.139892578125,2451511
2026-02-12 16:10:00+00:00,686.3200073242188,687.1599731445312,686.0399780273438,687.030029296875,2343647
2026-02-12 16:15:00+00:00,685.5349731445312,686.469970703125,685.125,686.3187255859375,2319665
2026-02-12 16:20:00+00:00,685.030029296875,685.6900024414062,684.4400024414062,685.530029296875,3096799
2026-02-12 16:25:00+00:00,683.5999755859375,685.1099853515625,683.5750122070312,685.02001953125,2795289
2026-02-12 16:30:00+00:00,684.530029296875,685.0499877929688,683.5250244140625,683.594970703125,2846483
2026-02-12 16:35:00+00:00,685.5800170898438,685.8200073242188,684.4000244140625,684.530029296875,2014582
2026-02-12 16:40:00+00:00,684.9199829101562,685.8400268554688,684.72998046875,685.5800170898438,1291786
2026-02-12 16:45:00+00:00,684.52001953125,685.3599853515625,684.0499877929688,684.9199829101562,1633174
2026-02-12 16:50:00+00:00,684.2000122070312,684.9099731445312,683.8900146484375,684.5,1143734
2026-02-12 16:55:00+00:00,684.6400146484375,684.75,684.1699829101562,684.2100219726562,985518
2026-02-12 17:00:00+00:00,684.4099731445312,684.6699829101562,683.3800048828125,684.6300048828125,1600900
2026-02-12 17:05:00+00:00,684.8200073242188,685.0999755859375,683.5800170898438,684.4000244140625,1102476
2026-02-12 17:10:00+00:00,683.8400268554688,684.8400268554688,683.6199951171875,684.8099975585938,829037
2026-02-12 17:15:00+00:00,683.52001953125,684.1400146484375,683.4600219726562,683.7999877929688,779914
2026-02-12 17:20:00+00:00,684.875,685.030029296875,683.510009765625,683.510009765625,929675
2026-02-12 17:25:00+00:00,684.1199951171875,685.27001953125,683.8800048828125,684.8699951171875,1801291
2026-02-12 17:30:00+00:00,684.6900024414062,684.8099975585938,683.8800048828125,684.0999755859375,941886
2026-02-12 17:35:00+00:00,684.8200073242188,685.5750122070312,684.6699829101562,684.6799926757812,905045
2026-02-12 17:40:00+00:00,685.1099853515625,685.3699951171875,684.530029296875,684.8300170898438,647418
2026-02-12 17:45:00+00:00,684.4349975585938,685.3989868164062,684.1199951171875,685.1099853515625,667756
2026-02-12 17:50:00+00:00,683.739990234375,684.9099731445312,683.5399780273438,684.4400024414062,1027392
2026-02-12 17:55:00+00:00,682.989990234375,684.02001953125,682.9500122070312,683.719970703125,713166
2026-02-12 18:00:00+00:00,683.1500244140625,683.6099853515625,682.47998046875,682.989990234375,970960
2026-02-12 18:05:00+00:00,683.3699951171875,684.1199951171875,683.08349609375,683.1599731445312,816742
2026-02-12 18:10:00+00:00,683.2999877929688,683.5599975585938,683.0800170898438,683.3900146484375,472711
2026-02-12 18:15:00+00:00,682.6199951171875,683.3400268554688,682.47998046875,683.2899780273438,685378
2026-02-12 18:20:00+00:00,683.5599975585938,683.7650146484375,682.6199951171875,682.6201171875,688141
2026-02-12 18:25:00+00:00,683.1699829101562,683.739990234375,682.219970703125,683.5700073242188,1889671
2026-02-12 18:30:00+00:00,683.3900146484375,683.5700073242188,682.7999877929688,683.1649780273438,1037551
2026-02-12 18:35:00+00:00,684.2399291992188,684.239990234375,683.2100219726562,683.3599243164062,892710
2026-02-12 18:40:00+00:00,684.8599853515625,684.9299926757812,683.8400268554688,684.239990234375,1051057
2026-02-12 18:45:00+00:00,684.5800170898438,685.0449829101562,684.52001953125,684.85498046875,803672
2026-02-12 18:50:00+00:00,685.0,685.3250122070312,684.3599853515625,684.5800170898438,702459
2026-02-12 18:55:00+00:00,684.7100219726562,685.260009765625,684.2949829101562,685.0150146484375,1050967
2026-02-12 19:00:00+00:00,684.47998046875,685.1300048828125,684.3099975585938,684.7000122070312,992082
2026-02-12 19:05:00+00:00,684.47998046875,684.9000244140625,684.4299926757812,684.469970703125,651454
2026-02-12 19:10:00+00:00,684.1500244140625,684.6500244140625,683.594970703125,684.47998046875,934982
2026-02-12 19:15:00+00:00,685.0499877929688,685.14501953125,684.135009765625,684.1500244140625,849051
2026-02-12 19:20:00+00:00,685.1849975585938,685.4199829101562,684.905029296875,685.0499877929688,686351
2026-02-12 19:25:00+00:00,684.1500244140625,685.2999877929688,684.010009765625,685.1799926757812,1052188
2026-02-12 19:30:00+00:00,684.8300170898438,685.0700073242188,684.1199951171875,684.1300048828125,648237
2026-02-12 19:35:00+00:00,685.3300170898438,685.3599853515625,684.719970703125,684.8599853515625,898352
2026-02-12 19:40:00+00:00,685.010009765625,685.5399780273438,684.7550048828125,685.3200073242188,937982
2026-02-12 19:45:00+00:00,685.7000122070312,685.739990234375,685.010009765625,685.010009765625,652110
2026-02-12 19:50:00+00:00,685.3400268554688,685.9650268554688,685.280029296875,685.7000122070312,952509
2026-02-12 19:55:00+00:00,685.1599731445312,685.8049926757812,684.8099975585938,685.3599853515625,1471278
2026-02-12 20:00:00+00:00,685.4149780273438,685.47998046875,684.969970703125,685.1799926757812,794609
2026-02-12 20:05:00+00:00,684.719970703125,685.5399780273438,684.6500244140625,685.4299926757812,671637
2026-02-12 20:10:00+00:00,684.8499755859375,684.9199829101562,684.2000122070312,684.739990234375,1184017
2026-02-12 20:15:00+00:00,684.1500244140625,684.8800048828125,684.0700073242188,684.844970703125,954188
2026-02-12 20:20:00+00:00,683.7349853515625,684.1599731445312,683.5549926757812,684.1500244140625,1145169
2026-02-12 20:25:00+00:00,683.219970703125,683.7899780273438,683.1099853515625,683.739990234375,1461902
2026-02-12 20:30:00+00:00,682.9299926757812,683.4000244140625,682.530029296875,683.2000122070312,1416417
2026-02-12 20:35:00+00:00,682.9000244140625,683.14501953125,682.7150268554688,682.9400024414062,1327790
2026-02-12 20:40:00+00:00,682.6599731445312,683.3400268554688,682.4249877929688,682.8900146484375,1568002
2026-02-12 20:45:00+00:00,681.8599853515625,682.75,681.5999755859375,682.6599731445312,2640939
2026-02-12 20:50:00+00:00,681.72998046875,681.8699951171875,680.3699951171875,681.8699951171875,5999284
2026-02-12 20:55:00+00:00,681.219970703125,681.8400268554688,680.9349975585938,681.7100219726562,6289481
2026-02-13 14:30:00+00:00,681.2000122070312,682.510009765625,680.8200073242188,681.6900024414062,6661750
2026-02-13 14:35:00+00:00,679.8400268554688,681.239990234375,679.780029296875,681.1799926757812,2263241
2026-02-13 14:40:00+00:00,680.4600219726562,680.5399780273438,677.52001953125,679.8300170898438,2679202
2026-02-13 14:45:00+00:00,681.4000244140625,683.3200073242188,680.4099731445312,680.4650268554688,2659768
2026-02-13 14:50:00+00:00,680.4949951171875,681.5399780273438,679.72998046875,681.4199829101562,2023830
2026-02-13 14:55:00+00:00,679.9299926757812,682.0399780273438,679.5599975585938,680.469970703125,1193552
2026-02-13 15:00:00+00:00,680.9450073242188,681.6400146484375,679.7767944335938,679.9099731445312,1106546
2026-02-13 15:05:00+00:00,682.4149780273438,682.469970703125,680.030029296875,680.97998046875,1306227
2026-02-13 15:10:00+00:00,681.2999877929688,682.9000244140625,681.25,682.4500122070312,1428104
2026-02-13 15:15:00+00:00,681.0075073242188,682.280029296875,680.5,681.3699951171875,1151456
2026-02-13 15:20:00+00:00,681.22998046875,682.1599731445312,680.4600219726562,681.02001953125,979140
2026-02-13 15:25:00+00:00,682.9400024414062,683.3699951171875,681.1300048828125,681.25,1316039
2026-02-13 15:30:00+00:00,684.1099853515625,684.510009765625,682.8499755859375,682.9400024414062,1366920
2026-02-13 15:35:00+00:00,682.8900146484375,684.5700073242188,682.7999877929688,684.0999755859375,1247819
2026-02-13 15:40:00+00:00,681.6500244140625,683.1699829101562,681.5499877929688,682.8599853515625,1327219
2026-02-13 15:45:00+00:00,681.1799926757812,682.2899780273438,680.7899780273438,681.6699829101562,1395010
2026-02-13 15:50:00+00:00,682.5900268554688,682.8400268554688,681.0900268554688,681.1900024414062,1113709
2026-02-13 15:55:00+00:00,682.5202026367188,683.2000122070312,682.27001953125,682.6099853515625,827510
2026-02-13 16:00:00+00:00,683.4249877929688,683.469970703125,682.47998046875,682.52001953125,721024
2026-02-13 16:05:00+00:00,683.989990234375,684.219970703125,683.3200073242188,683.4099731445312,933989
2026-02-13 16:10:00+00:00,683.4299926757812,684.02001953125,682.6900024414062,684.0,851973
2026-02-13 16:15:00+00:00,683.1199951171875,684.1599731445312,683.0886840820312,683.4400024414062,676884
2026-02-13 16:20:00+00:00,682.3699951171875,683.4650268554688,681.8300170898438,683.1300048828125,893176
2026-02-13 16:25:00+00:00,683.8200073242188,683.9600219726562,682.219970703125,682.3699951171875,880809
2026-02-13 16:30:00+00:00,683.8800048828125,684.22998046875,682.8699951171875,683.8099975585938,882013
2026-02-13 16:35:00+00:00,684.4400024414062,684.4500122070312,683.2899780273438,683.8900146484375,811798
2026-02-13 16:40:00+00:00,684.5399780273438,684.6165161132812,683.9199829101562,684.4299926757812,593952
2026-02-13 16:45:00+00:00,684.4299926757812,684.989990234375,684.2899780273438,684.530029296875,796846
2026-02-13 16:50:00+00:00,684.989990234375,685.010009765625,684.2100219726562,684.4249877929688,532615
2026-02-13 16:55:00+00:00,684.75,685.510009765625,684.75,685.0,693038
2026-02-13 17:00:00+00:00,685.2800903320312,685.4299926757812,684.47998046875,684.75,745980
2026-02-13 17:05:00+00:00,685.2000122070312,685.6699829101562,685.0399780273438,685.2899780273438,549864
2026-02-13 17:10:00+00:00,685.9600219726562,686.0499877929688,685.1849975585938,685.2000122070312,604313
2026-02-13 17:15:00+00:00,685.0599975585938,686.0,684.8250122070312,685.9600219726562,650753
2026-02-13 17:20:00+00:00,685.7650146484375,686.030029296875,684.97998046875,685.0625,777715
2026-02-13 17:25:00+00:00,685.364990234375,685.8300170898438,685.27001953125,685.77001953125,661071
2026-02-13 17:30:00+00:00,685.8400268554688,686.0700073242188,685.260009765625,685.3800048828125,644994
2026-02-13 17:35:00+00:00,685.9650268554688,686.0499877929688,685.5700073242188,685.8499755859375,478378
2026-02-13 17:40:00+00:00,685.6900024414062,686.280029296875,685.6799926757812,685.9400024414062,752700
2026-02-13 17:45:00+00:00,685.9749755859375,686.0499877929688,685.4299926757812,685.6799926757812,533482
2026-02-13 17:50:00+00:00,685.5001220703125,685.97998046875,685.3099975585938,685.969970703125,421592
2026-02-13 17:55:00+00:00,685.0999755859375,685.6099853515625,684.8599853515625,685.5,682020
2026-02-13 18:00:00+00:00,684.4600219726562,685.3699951171875,684.3599853515625,685.0999755859375,764608
2026-02-13 18:05:00+00:00,684.719970703125,684.9600219726562,684.0900268554688,684.4600219726562,774418
2026-02-13 18:10:00+00:00,685.27001953125,685.47998046875,684.719970703125,684.719970703125,663440
2026-02-13 18:15:00+00:00,685.3499755859375,685.8099975585938,684.97998046875,685.27001953125,595358
2026-02-13 18:20:00+00:00,685.9149780273438,686.260009765625,685.3099975585938,685.3400268554688,463855
2026-02-13 18:25:00+00:00,685.3900146484375,686.1599731445312,684.9500122070312,685.9199829101562,1171906
2026-02-13 18:30:00+00:00,685.7899780273438,685.8800048828125,685.1099853515625,685.3900146484375,592472
2026-02-13 18:35:00+00:00,685.77001953125,686.0599975585938,685.2999877929688,685.7899780273438,374186
2026-02-13 18:40:00+00:00,684.97998046875,685.8300170898438,684.8599853515625,685.760009765625,391904
2026-02-13 18:45:00+00:00,685.1799926757812,685.7100219726562,684.97998046875,684.989990234375,833668
2026-02-13 18:50:00+00:00,684.885009765625,685.1900024414062,684.405029296875,685.1900024414062,644168
2026-02-13 18:55:00+00:00,684.6599731445312,685.0499877929688,684.3699951171875,684.8599853515625,596842
2026-02-13 19:00:00+00:00,684.5098876953125,685.0399780273438,684.4400024414062,684.6699829101562,586565
2026-02-13 19:05:00+00:00,685.0599975585938,685.1699829101562,684.47998046875,684.510009765625,638047
2026-02-13 19:10:00+00:00,684.97998046875,685.3499755859375,684.6500244140625,685.0499877929688,589494
2026-02-13 19:15:00+00:00,685.030029296875,685.1199951171875,684.5399780273438,684.97998046875,482983
2026-02-13 19:20:00+00:00,685.260009765625,685.364990234375,684.780029296875,685.0239868164062,523410
2026-02-13 19:25:00+00:00,684.3400268554688,685.3350219726562,684.0999755859375,685.25,759612
2026-02-13 19:30:00+00:00,684.6699829101562,684.9299926757812,684.239990234375,684.3499755859375,626775
2026-02-13 19:35:00+00:00,684.0805053710938,684.780029296875,683.7999877929688,684.7100219726562,528914
2026-02-13 19:40:00+00:00,683.6599731445312,684.280029296875,683.280029296875,684.0700073242188,813258
2026-02-13 19:45:00+00:00,683.8099975585938,684.25,683.4550170898438,683.6500244140625,700260
2026-02-13 19:50:00+00:00,683.2700805664062,683.9400024414062,683.0999755859375,683.8200073242188,587429
2026-02-13 19:55:00+00:00,682.4000244140625,683.5700073242188,682.239990234375,683.2550048828125,1014411
2026-02-13 20:00:00+00:00,683.125,683.260009765625,682.3800048828125,682.4000244140625,1062034
2026-02-13 20:05:00+00:00,683.1270141601562,683.260009765625,682.6505737304688,683.1300048828125,715289
2026-02-13 20:10:00+00:00,682.1300048828125,683.1400146484375,682.105712890625,683.1400146484375,1167774
2026-02-13 20:15:00+00:00,682.5900268554688,682.6300048828125,681.8300170898438,682.1300048828125,955011
2026-02-13 20:20:00+00:00,681.6900024414062,682.5999755859375,681.6799926757812,682.5700073242188,843673
2026-02-13 20:25:00+00:00,680.6300048828125,681.8400268554688,680.3400268554688,681.6799926757812,1349032
2026-02-13 20:30:00+00:00,680.25,681.230712890625,680.1799926757812,680.6400146484375,1343053
2026-02-13 20:35:00+00:00,680.3800048828125,680.6699829101562,680.010009765625,680.25,1334053
2026-02-13 20:40:00+00:00,680.1699829101562,680.8200073242188,679.8099975585938,680.3699951171875,1254344
2026-02-13 20:45:00+00:00,681.2000122070312,681.375,680.0900268554688,680.1799926757812,1878511
2026-02-13 20:50:00+00:00,681.4400024414062,681.6099853515625,680.3599853515625,681.1900024414062,2493725
2026-02-13 20:55:00+00:00,681.5999755859375,681.8400268554688,680.8300170898438,681.4600219726562,5368031
2026-02-17 14:30:00+00:00,681.739990234375,681.989990234375,680.030029296875,680.1400146484375,4089012
2026-02-17 14:35:00+00:00,682.52001953125,682.7600708007812,681.4400024414062,681.739990234375,1913816
2026-02-17 14:40:00+00:00,680.72998046875,682.7999877929688,680.4500122070312,682.5,1719637
2026-02-17 14:45:00+00:00,680.280029296875,681.2999877929688,679.6900024414062,680.739990234375,2012283
2026-02-17 14:50:00+00:00,677.8175048828125,680.6199951171875,677.6300048828125,680.280029296875,2042253
2026-02-17 14:55:00+00:00,676.6300048828125,677.9099731445312,676.4600219726562,677.8400268554688,1804127
2026-02-17 15:00:00+00:00,678.12841796875,678.260009765625,676.27001953125,676.6199951171875,1639145
2026-02-17 15:05:00+00:00,677.3599853515625,678.5599975585938,677.3200073242188,678.1400146484375,1195932
2026-02-17 15:10:00+00:00,676.9199829101562,678.010009765625,676.6799926757812,677.3800048828125,866316
2026-02-17 15:15:00+00:00,679.6400146484375,679.75,676.8200073242188,676.9149780273438,1529877
2026-02-17 15:20:00+00:00,677.8900146484375,679.719970703125,677.7000122070312,679.6599731445312,997165
2026-02-17 15:25:00+00:00,677.3400268554688,678.22998046875,676.8200073242188,677.9199829101562,1099308
2026-02-17 15:30:00+00:00,676.0999755859375,677.6599731445312,675.8200073242188,677.3300170898438,1162994
2026-02-17 15:35:00+00:00,675.8599853515625,676.97998046875,675.8099975585938,676.1199951171875,1021168
2026-02-17 15:40:00+00:00,676.64501953125,676.760009765625,675.780029296875,675.8499755859375,1166914
2026-02-17 15:45:00+00:00,677.6799926757812,678.2100219726562,676.52001953125,676.6599731445312,1082301
2026-02-17 15:50:00+00:00,677.9299926757812,678.260009765625,677.0,677.6599731445312,1068590
2026-02-17 15:55:00+00:00,678.6099853515625,678.6400146484375,677.6300048828125,677.9299926757812,881465
2026-02-17 16:00:00+00:00,679.52001953125,679.989990234375,678.4500122070312,678.5999755859375,1238450
2026-02-17 16:05:00+00:00,681.0499877929688,681.1699829101562,679.4249877929688,679.52001953125,1339371
2026-02-17 16:10:00+00:00,682.3350219726562,682.5800170898438,681.0399780273438,681.0499877929688,2311894
2026-02-17 16:15:00+00:00,682.72998046875,682.9006958007812,681.9605102539062,682.3200073242188,1442281
2026-02-17 16:20:00+00:00,683.010009765625,683.239990234375,682.2100219726562,682.719970703125,1277351
2026-02-17 16:25:00+00:00,681.5999755859375,683.1199951171875,681.5150146484375,683.030029296875,1286752
2026-02-17 16:30:00+00:00,681.739990234375,681.9000244140625,680.8099975585938,681.5750122070312,1193549
2026-02-17 16:35:00+00:00,682.4199829101562,682.8400268554688,681.52001953125,681.739990234375,837736
2026-02-17 16:40:00+00:00,681.7999877929688,682.5700073242188,681.75,682.4199829101562,694182
2026-02-17 16:45:00+00:00,681.6599731445312,682.1900024414062,681.52001953125,681.7899780273438,670096
2026-02-17 16:50:00+00:00,682.4199829101562,682.4500122070312,681.6699829101562,681.6900024414062,543940
2026-02-17 16:55:00+00:00,682.4600219726562,683.030029296875,681.9500122070312,682.4400024414062,810400
2026-02-17 17:00:00+00:00,681.97998046875,682.5399780273438,681.530029296875,682.4199829101562,513159
2026-02-17 17:05:00+00:00,681.7000122070312,682.3900146484375,681.6699829101562,681.969970703125,451718
2026-02-17 17:10:00+00:00,681.25,681.9099731445312,680.8599853515625,681.6900024414062,646576
2026-02-17 17:15:00+00:00,681.3200073242188,681.6099853515625,680.989990234375,681.25,509238
2026-02-17 17:20:00+00:00,681.1199951171875,681.52001953125,680.4312744140625,681.3599853515625,796604
2026-02-17 17:25:00+00:00,682.2000122070312,682.2050170898438,680.97998046875,681.1300048828125,556746
2026-02-17 17:30:00+00:00,681.77001953125,682.3200073242188,680.989990234375,682.2100219726562,661233
2026-02-17 17:35:00+00:00,681.6300048828125,682.0900268554688,681.3800048828125,681.75,255932
2026-02-17 17:40:00+00:00,680.0399780273438,681.6400146484375,680.0125122070312,681.6300048828125,563831
2026-02-17 17:45:00+00:00,680.260009765625,680.6500244140625,679.5499877929688,680.030029296875,938412
2026-02-17 17:50:00+00:00,679.4650268554688,680.6699829101562,679.1500244140625,680.260009765625,806053
2026-02-17 17:55:00+00:00,681.0103149414062,681.1699829101562,679.2999877929688,679.4600219726562,728029
2026-02-17 18:00:00+00:00,680.780029296875,681.1799926757812,680.3300170898438,681.02001953125,468785
2026-02-17 18:05:00+00:00,680.3400268554688,680.8900146484375,680.0999755859375,680.780029296875,356675
2026-02-17 18:10:00+00:00,680.3250122070312,680.8400268554688,679.8300170898438,680.3499755859375,415738
2026-02-17 18:15:00+00:00,680.2999877929688,680.6500244140625,679.9000244140625,680.3300170898438,327137
2026-02-17 18:20:00+00:00,682.030029296875,682.5399780273438,680.1519165039062,680.2899780273438,902783
2026-02-17 18:25:00+00:00,682.3900146484375,682.530029296875,681.4600219726562,682.0399780273438,627913
2026-02-17 18:30:00+00:00,682.7100219726562,682.97802734375,682.030029296875,682.4000244140625,625790
2026-02-17 18:35:00+00:00,683.3699951171875,683.3800048828125,682.2899780273438,682.7000122070312,691105
2026-02-17 18:40:00+00:00,683.5700073242188,684.0750122070312,683.2899780273438,683.3499755859375,886921
2026-02-17 18:45:00+00:00,683.8400268554688,683.9299926757812,683.4349975585938,683.5800170898438,540407
2026-02-17 18:50:00+00:00,684.3264770507812,684.39501953125,683.6199951171875,683.8300170898438,706462
2026-02-17 18:55:00+00:00,684.0750122070312,684.7150268554688,683.8599853515625,684.3300170898438,735056
2026-02-17 19:00:00+00:00,684.3300170898438,684.4299926757812,683.8200073242188,684.0800170898438,721867
2026-02-17 19:05:00+00:00,683.9799194335938,684.510009765625,683.7999877929688,684.3300170898438,510995
2026-02-17 19:10:00+00:00,684.1749877929688,684.219970703125,683.5800170898438,683.969970703125,467377
2026-02-17 19:15:00+00:00,683.9401245117188,684.239990234375,683.7899780273438,684.1699829101562,403784
2026-02-17 19:20:00+00:00,684.510009765625,684.6199951171875,683.8300170898438,683.9500122070312,500183
2026-02-17 19:25:00+00:00,683.989990234375,684.5399780273438,683.8499755859375,684.510009765625,644457
2026-02-17 19:30:00+00:00,684.6199951171875,684.6199951171875,683.7999877929688,683.969970703125,426867
2026-02-17 19:35:00+00:00,684.5599975585938,684.8699951171875,684.25,684.6199951171875,383090
2026-02-17 19:40:00+00:00,684.719970703125,684.9400024414062,684.4025268554688,684.5700073242188,590605
2026-02-17 19:45:00+00:00,684.3900146484375,684.75,684.2999877929688,684.719970703125,312716
2026-02-17 19:50:00+00:00,683.9600219726562,684.4199829101562,683.5750122070312,684.4000244140625,662221
2026-02-17 19:55:00+00:00,683.5700073242188,684.0499877929688,683.4099731445312,683.9400024414062,529548
2026-02-17 20:00:00+00:00,683.7650146484375,684.0999755859375,683.4400024414062,683.5700073242188,597836
2026-02-17 20:05:00+00:00,683.3800048828125,683.8599853515625,683.3099975585938,683.780029296875,471027
2026-02-17 20:10:00+00:00,683.489990234375,683.5599975585938,683.1599731445312,683.3900146484375,810519
2026-02-17 20:15:00+00:00,683.0999755859375,683.739990234375,683.0750122070312,683.5,572703
2026-02-17 20:20:00+00:00,682.8400268554688,683.3699951171875,682.7050170898438,683.0999755859375,812493
2026-02-17 20:25:00+00:00,682.8699951171875,683.1400146484375,682.6699829101562,682.8300170898438,804222
2026-02-17 20:30:00+00:00,682.3399047851562,682.9299926757812,682.0800170898438,682.8800048828125,1186510
2026-02-17 20:35:00+00:00,682.1699829101562,682.5499877929688,682.0050048828125,682.3300170898438,835321
2026-02-17 20:40:00+00:00,682.97998046875,683.2899780273438,682.0999755859375,682.1599731445312,1216888
2026-02-17 20:45:00+00:00,682.75,683.0700073242188,682.5499877929688,682.97998046875,1090617
2026-02-17 20:50:00+00:00,682.4000244140625,683.2000122070312,682.1099853515625,682.77001953125,1458379
2026-02-17 20:55:00+00:00,682.75,682.9299926757812,681.9299926757812,682.4199829101562,4107646
2026-02-18 14:30:00+00:00,683.5,684.3800048828125,682.8300170898438,684.02001953125,3736452
2026-02-18 14:35:00+00:00,684.239990234375,684.6500244140625,683.22998046875,683.530029296875,1399735
2026-02-18 14:40:00+00:00,685.0,685.4600219726562,683.9400024414062,684.25,1724308
2026-02-18 14:45:00+00:00,683.72998046875,685.280029296875,683.5599975585938,685.0,1214394
2026-02-18 14:50:00+00:00,685.260009765625,685.5,683.5900268554688,683.760009765625,991727
2026-02-18 14:55:00+00:00,686.1599731445312,686.3800048828125,685.1599731445312,685.2650146484375,1310845
2026-02-18 15:00:00+00:00,687.5800170898438,687.6099853515625,686.0850219726562,686.1699829101562,1796046
2026-02-18 15:05:00+00:00,687.3800048828125,688.1300048828125,687.1900024414062,687.5900268554688,2237095
2026-02-18 15:10:00+00:00,687.7849731445312,687.8900146484375,686.989990234375,687.3699951171875,1184170
2026-02-18 15:15:00+00:00,687.9099731445312,688.4650268554688,687.5,687.7899780273438,1324286
2026-02-18 15:20:00+00:00,687.6599731445312,688.1599731445312,687.6099853515625,687.9000244140625,826625
2026-02-18 15:25:00+00:00,687.8400268554688,688.0700073242188,687.47998046875,687.6599731445312,707622
2026-02-18 15:30:00+00:00,687.3599243164062,687.9400024414062,687.32080078125,687.8400268554688,647574
2026-02-18 15:35:00+00:00,688.0900268554688,688.1400146484375,687.2899780273438,687.3699951171875,721440
2026-02-18 15:40:00+00:00,688.2999877929688,688.52001953125,687.9600219726562,688.0900268554688,775957
2026-02-18 15:45:00+00:00,688.3300170898438,688.6400146484375,688.0399780273438,688.2999877929688,476919
2026-02-18 15:50:00+00:00,688.4600219726562,688.530029296875,688.0,688.3800048828125,401740
2026-02-18 15:55:00+00:00,688.5150146484375,688.7249755859375,688.3800048828125,688.4500122070312,476213
2026-02-18 16:00:00+00:00,688.5449829101562,688.5850219726562,688.239990234375,688.52001953125,451816
2026-02-18 16:05:00+00:00,688.3599853515625,688.9600219726562,688.2999877929688,688.5549926757812,580021
2026-02-18 16:10:00+00:00,688.4349975585938,688.6199951171875,688.2899780273438,688.3679809570312,523251
2026-02-18 16:15:00+00:00,688.2000122070312,688.6699829101562,688.1400146484375,688.4349975585938,547936
2026-02-18 16:20:00+00:00,688.3300170898438,688.3900146484375,688.02001953125,688.1699829101562,614554
2026-02-18 16:25:00+00:00,688.219970703125,688.4299926757812,688.0399780273438,688.3200073242188,474462
2026-02-18 16:30:00+00:00,688.469970703125,688.760009765625,688.1400146484375,688.219970703125,418223
2026-02-18 16:35:00+00:00,688.5150146484375,688.5850219726562,688.27001953125,688.5,252835
2026-02-18 16:40:00+00:00,688.3300170898438,688.6500244140625,688.2849731445312,688.5250244140625,324932
2026-02-18 16:45:00+00:00,688.0700073242188,688.5,688.0599975585938,688.3099975585938,344477
2026-02-18 16:50:00+00:00,687.739990234375,688.22998046875,687.5999755859375,688.0900268554688,599533
2026-02-18 16:55:00+00:00,687.530029296875,687.9450073242188,687.4998779296875,687.7349853515625,492679
2026-02-18 17:00:00+00:00,688.1500244140625,688.1699829101562,687.3800048828125,687.530029296875,561758
2026-02-18 17:05:00+00:00,688.489990234375,688.8900146484375,688.110107421875,688.1599731445312,665464
2026-02-18 17:10:00+00:00,688.2180786132812,688.6199951171875,687.97998046875,688.489990234375,764476
2026-02-18 17:15:00+00:00,688.5999755859375,688.6500244140625,688.0900268554688,688.2050170898438,469181
2026-02-18 17:20:00+00:00,688.4600219726562,688.6599731445312,688.4500122070312,688.5900268554688,242775
2026-02-18 17:25:00+00:00,688.2000122070312,688.4650268554688,688.1400146484375,688.4600219726562,263942
2026-02-18 17:30:00+00:00,687.9600219726562,688.4199829101562,687.8900146484375,688.1900024414062,374859
2026-02-18 17:35:00+00:00,688.2150268554688,688.2999877929688,687.9400024414062,687.9600219726562,246134
2026-02-18 17:40:00+00:00,688.030029296875,688.2150268554688,687.8900146484375,688.2150268554688,271516
2026-02-18 17:45:00+00:00,688.1699829101562,688.3699951171875,687.9500122070312,688.030029296875,320703
2026-02-18 17:50:00+00:00,688.6599731445312,688.7000122070312,688.1699829101562,688.1699829101562,349371
2026-02-18 17:55:00+00:00,688.5009765625,688.7999877929688,688.35498046875,688.6500244140625,423316
2026-02-18 18:00:00+00:00,688.7498779296875,689.1500244140625,688.469970703125,688.5,395595
2026-02-18 18:05:00+00:00,688.5399780273438,688.8099975585938,688.4400024414062,688.72998046875,268648
2026-02-18 18:10:00+00:00,688.4824829101562,688.6500244140625,688.375,688.5399780273438,255131
2026-02-18 18:15:00+00:00,688.47998046875,688.77001953125,688.4650268554688,688.469970703125,256765
2026-02-18 18:20:00+00:00,688.1199951171875,688.5399780273438,688.0700073242188,688.489990234375,387148
2026-02-18 18:25:00+00:00,687.8049926757812,688.22998046875,687.4749755859375,688.1300048828125,842313
2026-02-18 18:30:00+00:00,687.739990234375,687.9500122070312,687.4400024414062,687.8099975585938,566333
2026-02-18 18:35:00+00:00,687.6400146484375,688.02001953125,687.6300048828125,687.7349853515625,418408
2026-02-18 18:40:00+00:00,687.0800170898438,687.7000122070312,686.6300048828125,687.6300048828125,991491
2026-02-18 18:45:00+00:00,687.1849975585938,687.5549926757812,686.9500122070312,687.0650024414062,582134
2026-02-18 18:50:00+00:00,686.9000244140625,687.1950073242188,686.0399780273438,687.1799926757812,883293
2026-02-18 18:55:00+00:00,686.97998046875,687.1199951171875,686.6799926757812,686.8900146484375,682023
2026-02-18 19:00:00+00:00,687.3300170898438,687.3800048828125,686.5499877929688,686.989990234375,775829
2026-02-18 19:05:00+00:00,686.6834716796875,687.3900146484375,686.6599731445312,687.3399047851562,384341
2026-02-18 19:10:00+00:00,686.4299926757812,687.0792236328125,686.3900146484375,686.6900024414062,815435
2026-02-18 19:15:00+00:00,686.2000122070312,686.530029296875,686.0700073242188,686.4500122070312,818081
2026-02-18 19:20:00+00:00,686.6799926757812,686.8900146484375,686.1799926757812,686.2000122070312,709578
2026-02-18 19:25:00+00:00,686.4199829101562,686.889892578125,686.22998046875,686.6799926757812,761875
2026-02-18 19:30:00+00:00,685.885009765625,686.6300048828125,685.7100219726562,686.4299926757812,1015556
2026-02-18 19:35:00+00:00,685.22998046875,685.9299926757812,684.8499755859375,685.8800048828125,1289002
2026-02-18 19:40:00+00:00,685.1699829101562,685.6900024414062,685.030029296875,685.2100219726562,691429
2026-02-18 19:45:00+00:00,685.3200073242188,685.8150024414062,685.0800170898438,685.1799926757812,826470
2026-02-18 19:50:00+00:00,684.8599853515625,685.3800048828125,684.760009765625,685.3200073242188,568700
2026-02-18 19:55:00+00:00,684.5999755859375,684.9600219726562,684.0499877929688,684.8599243164062,1130294
2026-02-18 20:00:00+00:00,684.989990234375,685.3599853515625,684.510009765625,684.5800170898438,923752
2026-02-18 20:05:00+00:00,684.5499877929688,685.0599975585938,684.4400024414062,684.989990234375,603500
2026-02-18 20:10:00+00:00,684.4099731445312,684.6937255859375,684.1099853515625,684.5700073242188,1041995
2026-02-18 20:15:00+00:00,684.3300170898438,684.6649780273438,683.9199829101562,684.3900146484375,843916
2026-02-18 20:20:00+00:00,684.35498046875,684.3900146484375,683.9400024414062,684.3400268554688,628531
2026-02-18 20:25:00+00:00,684.2100219726562,684.4299926757812,684.0399780273438,684.3400268554688,573120
2026-02-18 20:30:00+00:00,685.0977172851562,685.19873046875,684.1199951171875,684.2100219726562,902707
2026-02-18 20:35:00+00:00,685.530029296875,685.6199951171875,684.969970703125,685.0900268554688,884599
2026-02-18 20:40:00+00:00,685.6600952148438,685.885009765625,685.3300170898438,685.5399780273438,1209764
2026-02-18 20:45:00+00:00,686.3800048828125,686.5,685.469970703125,685.6699829101562,2038282
2026-02-18 20:50:00+00:00,687.0,687.1799926757812,686.25,686.4099731445312,2108639
2026-02-18 20:55:00+00:00,686.1900024414062,687.1300048828125,685.9400024414062,687.0,6073603
2026-02-19 14:30:00+00:00,683.9500122070312,684.52001953125,683.5599975585938,683.8400268554688,2975274
2026-02-19 14:35:00+00:00,683.6199951171875,684.02001953125,682.469970703125,683.9500122070312,1566088
2026-02-19 14:40:00+00:00,684.6099853515625,684.75,682.9600219726562,683.6400146484375,1535366
2026-02-19 14:45:00+00:00,684.0900268554688,684.719970703125,683.25,684.6199951171875,1252700
2026-02-19 14:50:00+00:00,684.8800048828125,685.2899780273438,684.0399780273438,684.0599975585938,1105015
2026-02-19 14:55:00+00:00,685.010009765625,685.8200073242188,684.7501220703125,684.8599853515625,1375513
2026-02-19 15:00:00+00:00,685.510009765625,686.1799926757812,684.3599853515625,685.0,1286639
2026-02-19 15:05:00+00:00,684.39501953125,685.6179809570312,684.280029296875,685.510009765625,1045326
2026-02-19 15:10:00+00:00,684.1500244140625,684.8699951171875,683.97998046875,684.4400024414062,631468
2026-02-19 15:15:00+00:00,684.7999877929688,685.2999877929688,684.1199951171875,684.1699829101562,895733
2026-02-19 15:20:00+00:00,685.27001953125,685.3200073242188,684.1799926757812,684.7999877929688,783478
2026-02-19 15:25:00+00:00,683.9000244140625,685.2750244140625,683.8099975585938,685.2750244140625,841743
2026-02-19 15:30:00+00:00,685.70068359375,685.72998046875,683.7100219726562,683.8900146484375,750377
2026-02-19 15:35:00+00:00,685.47998046875,685.8599853515625,685.219970703125,685.7100219726562,557121
2026-02-19 15:40:00+00:00,685.52001953125,685.8599853515625,685.2949829101562,685.4600219726562,371162
2026-02-19 15:45:00+00:00,685.4949951171875,685.8098754882812,685.1599731445312,685.530029296875,426586
2026-02-19 15:50:00+00:00,684.3499755859375,685.510009765625,684.22998046875,685.510009765625,686453
2026-02-19 15:55:00+00:00,685.3200073242188,685.47998046875,684.3300170898438,684.3400268554688,467769
2026-02-19 16:00:00+00:00,684.6400146484375,685.5999755859375,684.5501098632812,685.3200073242188,332192
2026-02-19 16:05:00+00:00,684.6599731445312,684.780029296875,683.9000244140625,684.6599731445312,580601
2026-02-19 16:10:00+00:00,684.905029296875,684.97998046875,684.2899780273438,684.719970703125,308767
2026-02-19 16:15:00+00:00,685.6099853515625,685.760009765625,684.8400268554688,684.9099731445312,385278
2026-02-19 16:20:00+00:00,685.530029296875,685.8300170898438,685.3300170898438,685.6099853515625,443423
2026-02-19 16:25:00+00:00,684.14501953125,685.6500244140625,684.1099853515625,685.5399780273438,604880
2026-02-19 16:30:00+00:00,685.2000122070312,685.27001953125,684.1500244140625,684.1500244140625,552817
2026-02-19 16:35:00+00:00,684.6300048828125,685.219970703125,684.4199829101562,685.2000122070312,382748
2026-02-19 16:40:00+00:00,683.6300048828125,684.739990234375,683.5599975585938,684.6400146484375,457752
2026-02-19 16:45:00+00:00,683.239990234375,684.030029296875,683.010009765625,683.6300048828125,910835
2026-02-19 16:50:00+00:00,684.0399780273438,684.1199951171875,682.719970703125,683.25,780002
2026-02-19 16:55:00+00:00,683.52001953125,684.0900268554688,683.4199829101562,684.0599975585938,556175
2026-02-19 17:00:00+00:00,683.010009765625,683.7050170898438,682.8300170898438,683.5250244140625,533260
2026-02-19 17:05:00+00:00,683.0399780273438,683.5499877929688,682.7000122070312,683.010009765625,626896
2026-02-19 17:10:00+00:00,683.5499877929688,683.6500244140625,682.9400024414062,683.030029296875,329572
2026-02-19 17:15:00+00:00,684.135009765625,684.22998046875,683.25,683.5499877929688,481123
2026-02-19 17:20:00+00:00,684.5,684.780029296875,683.9199829101562,684.1199951171875,486299
2026-02-19 17:25:00+00:00,683.9299926757812,684.5399780273438,683.7100219726562,684.4749755859375,503767
2026-02-19 17:30:00+00:00,683.8665771484375,684.1400146484375,683.730712890625,683.9149780273438,236982
2026-02-19 17:35:00+00:00,683.7899780273438,684.1300048828125,683.4500122070312,683.8599853515625,329360
2026-02-19 17:40:00+00:00,683.77001953125,684.260009765625,683.6901245117188,683.780029296875,242644
2026-02-19 17:45:00+00:00,682.7000122070312,683.8250122070312,682.385009765625,683.77001953125,641426
2026-02-19 17:50:00+00:00,682.6900024414062,683.2899780273438,682.25,682.7100219726562,808178
2026-02-19 17:55:00+00:00,682.4400024414062,683.1099853515625,682.1300048828125,682.6799926757812,571664
2026-02-19 18:00:00+00:00,682.0700073242188,682.5700073242188,682.0599975585938,682.4199829101562,443257
2026-02-19 18:05:00+00:00,682.6199951171875,682.6900024414062,682.0599975585938,682.0601196289062,558838
2026-02-19 18:10:00+00:00,683.27001953125,683.4199829101562,682.3699951171875,682.594970703125,462494
2026-02-19 18:15:00+00:00,682.0697021484375,683.2899780273438,682.010009765625,683.260009765625,489609
2026-02-19 18:20:00+00:00,682.375,682.4600219726562,681.5474853515625,682.0399780273438,821660
2026-02-19 18:25:00+00:00,682.4000244140625,682.7550048828125,682.010009765625,682.3599853515625,528542
2026-02-19 18:30:00+00:00,682.1749877929688,682.780029296875,682.030029296875,682.3400268554688,424075
2026-02-19 18:35:00+00:00,682.5,682.5599975585938,682.010009765625,682.1699829101562,329489
2026-02-19 18:40:00+00:00,682.7000122070312,682.8099975585938,682.219970703125,682.47998046875,359347
2026-02-19 18:45:00+00:00,683.3400268554688,683.4500122070312,682.6699829101562,682.6799926757812,576233
2026-02-19 18:50:00+00:00,683.280029296875,683.5499877929688,682.9500122070312,683.3300170898438,453305
2026-02-19 18:55:00+00:00,683.739990234375,683.8800048828125,683.0999755859375,683.280029296875,526183
2026-02-19 19:00:00+00:00,683.5900268554688,683.8400268554688,683.3900146484375,683.739990234375,462641
2026-02-19 19:05:00+00:00,683.989990234375,684.0399780273438,683.4849853515625,683.5599975585938,328687
2026-02-19 19:10:00+00:00,683.6950073242188,684.02001953125,683.4600219726562,683.989990234375,462759
2026-02-19 19:15:00+00:00,683.9500122070312,683.9949951171875,683.5900268554688,683.6900024414062,311930
2026-02-19 19:20:00+00:00,683.9550170898438,684.0598754882812,683.64501953125,683.9400024414062,417806
2026-02-19 19:25:00+00:00,683.2750244140625,684.0093994140625,683.0,683.9550170898438,547178
2026-02-19 19:30:00+00:00,683.3499755859375,683.5650024414062,683.1500244140625,683.25,426854
2026-02-19 19:35:00+00:00,682.0499877929688,683.39501953125,682.02001953125,683.3460083007812,664939
2026-02-19 19:40:00+00:00,682.4700927734375,682.5800170898438,681.8800048828125,682.0399780273438,866280
2026-02-19 19:45:00+00:00,682.4600219726562,682.6849975585938,682.0900268554688,682.47998046875,458515
2026-02-19 19:50:00+00:00,682.4600219726562,682.9000244140625,682.260009765625,682.469970703125,537485
2026-02-19 19:55:00+00:00,682.5599975585938,682.8099975585938,682.4201049804688,682.4600219726562,471256
2026-02-19 20:00:00+00:00,683.2899780273438,683.489990234375,682.52001953125,682.530029296875,634110
2026-02-19 20:05:00+00:00,683.0399780273438,683.3099975585938,682.9500122070312,683.260009765625,963794
2026-02-19 20:10:00+00:00,683.1500244140625,683.2999877929688,682.8599853515625,683.0700073242188,519396
2026-02-19 20:15:00+00:00,683.239990234375,683.25,682.6500244140625,683.1799926757812,1013916
2026-02-19 20:20:00+00:00,682.9500122070312,683.3599853515625,682.8499755859375,683.25,863443
2026-02-19 20:25:00+00:00,682.9000244140625,683.0349731445312,682.7899780273438,682.9498901367188,474259
2026-02-19 20:30:00+00:00,683.2949829101562,683.6099853515625,682.8001098632812,682.8900146484375,1047607
2026-02-19 20:35:00+00:00,683.2050170898438,683.489990234375,683.0750122070312,683.3200073242188,582261
2026-02-19 20:40:00+00:00,683.3250122070312,683.4099731445312,682.9099731445312,683.2100219726562,684211
2026-02-19 20:45:00+00:00,683.8599853515625,684.0,683.239990234375,683.3300170898438,1381698
2026-02-19 20:50:00+00:00,683.9500122070312,684.0599975585938,683.5349731445312,683.8499755859375,1262028
2026-02-19 20:55:00+00:00,684.510009765625,684.5900268554688,683.719970703125,683.9400024414062,2690499
2026-02-20 14:30:00+00:00,683.3200073242188,683.469970703125,681.739990234375,682.3200073242188,3783108
2026-02-20 14:35:00+00:00,683.8599853515625,684.530029296875,682.97998046875,683.3300170898438,1579704
2026-02-20 14:40:00+00:00,684.739990234375,685.3499755859375,683.5499877929688,683.885009765625,964977
2026-02-20 14:45:00+00:00,684.1099853515625,685.1599731445312,684.010009765625,684.77001953125,721053
2026-02-20 14:50:00+00:00,684.10498046875,684.4199829101562,683.4500122070312,684.0999755859375,1171201
2026-02-20 14:55:00+00:00,684.8499755859375,685.0399780273438,683.8200073242188,684.1500244140625,931733
2026-02-20 15:00:00+00:00,686.9260864257812,689.4000244140625,684.75,684.8900146484375,3793602
2026-02-20 15:05:00+00:00,687.0900268554688,687.1799926757812,684.5499877929688,686.9400024414062,2321285
2026-02-20 15:10:00+00:00,685.4199829101562,688.0,685.3400268554688,687.1199951171875,1499928
2026-02-20 15:15:00+00:00,686.5900268554688,687.27001953125,684.1900024414062,685.4400024414062,1567062
2026-02-20 15:20:00+00:00,687.385009765625,687.97998046875,686.4299926757812,686.5999755859375,1199997
2026-02-20 15:25:00+00:00,686.7999877929688,688.0800170898438,686.3099975585938,687.3900146484375,946444
2026-02-20 15:30:00+00:00,686.0499877929688,687.3699951171875,685.510009765625,686.7999877929688,1005000
2026-02-20 15:35:00+00:00,687.22998046875,687.469970703125,685.6400146484375,686.0700073242188,830813
2026-02-20 15:40:00+00:00,688.0499877929688,688.1799926757812,686.0,687.260009765625,883168
2026-02-20 15:45:00+00:00,688.1599731445312,688.719970703125,687.3499755859375,688.0700073242188,952959
2026-02-20 15:50:00+00:00,688.8499755859375,689.0599975585938,687.5900268554688,688.1699829101562,1025124
2026-02-20 15:55:00+00:00,688.8300170898438,689.1699829101562,688.5,688.8400268554688,1162963
2026-02-20 16:00:00+00:00,688.9099731445312,689.239990234375,688.3400268554688,688.8200073242188,903901
2026-02-20 16:05:00+00:00,688.3699951171875,688.9099731445312,688.2700805664062,688.9099731445312,570028
2026-02-20 16:10:00+00:00,688.0499877929688,688.8300170898438,687.9500122070312,688.3599853515625,699120
2026-02-20 16:15:00+00:00,687.6799926757812,688.27001953125,687.0,688.1199951171875,2293636
2026-02-20 16:20:00+00:00,686.9600219726562,687.6900024414062,686.6799926757812,687.6599731445312,5225499
2026-02-20 16:25:00+00:00,686.1495971679688,687.030029296875,686.0900268554688,686.9600219726562,1395542
2026-02-20 16:30:00+00:00,687.2999877929688,687.489990234375,685.8900146484375,686.1300048828125,1722209
2026-02-20 16:35:00+00:00,688.1099853515625,688.130126953125,686.739990234375,687.2999877929688,590177
2026-02-20 16:40:00+00:00,688.4600219726562,688.8800048828125,687.8300170898438,688.1199951171875,1684181
2026-02-20 16:45:00+00:00,688.989990234375,689.0999755859375,688.39501953125,688.4600219726562,807351
2026-02-20 16:50:00+00:00,688.9199829101562,689.1500244140625,688.4600219726562,688.989990234375,861926
2026-02-20 16:55:00+00:00,688.5700073242188,689.0599975585938,688.3800048828125,688.9099731445312,696534
2026-02-20 17:00:00+00:00,687.8699951171875,688.8699951171875,687.85498046875,688.5700073242188,673547
2026-02-20 17:05:00+00:00,687.0999755859375,687.9600219726562,687.0399780273438,687.8900146484375,443488
2026-02-20 17:10:00+00:00,686.1099853515625,687.1400146484375,686.0850219726562,687.1099853515625,1356001
2026-02-20 17:15:00+00:00,685.0599975585938,686.1099853515625,684.8699951171875,686.1099853515625,1447347
2026-02-20 17:20:00+00:00,684.22998046875,685.2999877929688,684.2000122070312,685.0599975585938,838001
2026-02-20 17:25:00+00:00,685.2291870117188,685.25,684.0800170898438,684.239990234375,1123568
2026-02-20 17:30:00+00:00,685.760009765625,686.1149291992188,685.0599975585938,685.2349853515625,751787
2026-02-20 17:35:00+00:00,685.9199829101562,686.0900268554688,684.9700927734375,685.77001953125,755130
2026-02-20 17:40:00+00:00,686.011474609375,686.1799926757812,685.280029296875,685.9299926757812,621771
2026-02-20 17:45:00+00:00,686.8300170898438,686.9299926757812,685.75,686.030029296875,772139
2026-02-20 17:50:00+00:00,687.3800048828125,687.6799926757812,686.3900146484375,686.8200073242188,1003813
2026-02-20 17:55:00+00:00,687.47998046875,687.7100219726562,686.1300048828125,687.3699951171875,1023283
2026-02-20 18:00:00+00:00,687.0399780273438,687.7899780273438,686.989990234375,687.4299926757812,797372
2026-02-20 18:05:00+00:00,687.25,687.7999877929688,686.9199829101562,687.0599975585938,438834
2026-02-20 18:10:00+00:00,687.0999755859375,687.27001953125,686.6900024414062,687.27001953125,460657
2026-02-20 18:15:00+00:00,686.7100219726562,687.0999755859375,686.3599853515625,687.0900268554688,340091
2026-02-20 18:20:00+00:00,686.9229736328125,687.1699829101562,685.717529296875,686.719970703125,1200522
2026-02-20 18:25:00+00:00,686.5599975585938,687.0999755859375,686.0499877929688,686.9600219726562,980491
2026-02-20 18:30:00+00:00,687.8300170898438,688.8099975585938,685.760009765625,686.5399780273438,2092301
2026-02-20 18:35:00+00:00,687.760009765625,688.4600219726562,686.3599853515625,687.8499755859375,2666718
2026-02-20 18:40:00+00:00,688.7000122070312,689.02001953125,687.72998046875,687.77001953125,1056693
2026-02-20 18:45:00+00:00,689.0900268554688,690.0599975585938,688.6599731445312,688.7000122070312,1978262
2026-02-20 18:50:00+00:00,689.3800048828125,689.5399780273438,688.27001953125,689.0999755859375,912734
2026-02-20 18:55:00+00:00,689.2999877929688,689.5800170898438,689.0,689.4099731445312,554110
2026-02-20 19:00:00+00:00,689.469970703125,689.7899780273438,689.22998046875,689.2999877929688,786216
2026-02-20 19:05:00+00:00,689.1099853515625,689.5,688.8099975585938,689.489990234375,650437
2026-02-20 19:10:00+00:00,688.52001953125,689.1699829101562,688.4199829101562,689.1199951171875,850160
2026-02-20 19:15:00+00:00,688.4099731445312,688.618896484375,688.239990234375,688.52001953125,411753
2026-02-20 19:20:00+00:00,688.7100219726562,689.0,688.2899780273438,688.4199829101562,618521
2026-02-20 19:25:00+00:00,688.5800170898438,688.8099975585938,688.25,688.7100219726562,618991
2026-02-20 19:30:00+00:00,688.77001953125,689.1199951171875,688.5599975585938,688.5800170898438,496135
2026-02-20 19:35:00+00:00,688.4500122070312,688.8800048828125,688.3900146484375,688.77001953125,383676
2026-02-20 19:40:00+00:00,688.0399780273438,688.6900024414062,687.9600219726562,688.4500122070312,651356
2026-02-20 19:45:00+00:00,688.0599975585938,688.22998046875,687.8099975585938,688.0499877929688,675407
2026-02-20 19:50:00+00:00,688.1199951171875,688.6500244140625,687.969970703125,688.0499877929688,1004037
2026-02-20 19:55:00+00:00,688.0499877929688,688.4099731445312,687.8800048828125,688.1199951171875,366472
2026-02-20 20:00:00+00:00,688.6102905273438,688.8300170898438,688.0050048828125,688.0599975585938,597912
2026-02-20 20:05:00+00:00,689.0399780273438,689.3200073242188,688.5999755859375,688.6099853515625,1230173
2026-02-20 20:10:00+00:00,689.1199951171875,689.1849975585938,688.760009765625,689.0399780273438,686491
2026-02-20 20:15:00+00:00,688.5800170898438,689.1799926757812,688.5399780273438,689.1199951171875,553120
2026-02-20 20:20:00+00:00,688.47998046875,688.6799926757812,688.280029296875,688.5999755859375,628624
2026-02-20 20:25:00+00:00,688.3599853515625,688.5700073242188,688.0999755859375,688.4849853515625,753615
2026-02-20 20:30:00+00:00,688.4500122070312,688.719970703125,688.2999877929688,688.3599853515625,700089
2026-02-20 20:35:00+00:00,688.7000122070312,688.7449951171875,688.27001953125,688.4600219726562,595695
2026-02-20 20:40:00+00:00,689.0798950195312,689.0800170898438,688.5650024414062,688.6900024414062,862818
2026-02-20 20:45:00+00:00,688.7349853515625,689.1199951171875,688.719970703125,689.0700073242188,2327172
2026-02-20 20:50:00+00:00,688.8300170898438,688.9949951171875,688.3499755859375,688.739990234375,1965587
2026-02-20 20:55:00+00:00,689.3499755859375,689.5,688.6300048828125,688.8400268554688,4240243
2026-02-23 14:30:00+00:00,689.3900146484375,689.7598876953125,687.6799926757812,687.8300170898438,3345228
2026-02-23 14:35:00+00:00,689.5700073242188,690.0,688.8900756835938,689.3699951171875,1873508
2026-02-23 14:40:00+00:00,687.5399780273438,689.5700073242188,687.4400024414062,689.5599975585938,2075365
2026-02-23 14:45:00+00:00,686.9000244140625,687.8900146484375,686.760009765625,687.5499877929688,1907581
2026-02-23 14:50:00+00:00,687.1500244140625,688.1400146484375,686.8599853515625,686.9000244140625,1483015
2026-02-23 14:55:00+00:00,686.530029296875,687.25,686.2999877929688,687.0800170898438,1322263
2026-02-23 15:00:00+00:00,685.280029296875,687.22998046875,685.219970703125,686.5,1447051
2026-02-23 15:05:00+00:00,684.9299926757812,685.7100219726562,684.6599731445312,685.280029296875,1621624
2026-02-23 15:10:00+00:00,684.77001953125,685.6699829101562,684.530029296875,684.9400024414062,1490408
2026-02-23 15:15:00+00:00,684.9550170898438,685.0399780273438,684.510009765625,684.760009765625,1333776
2026-02-23 15:20:00+00:00,684.7999877929688,685.5599975585938,684.4212036132812,684.9550170898438,1258621
2026-02-23 15:25:00+00:00,684.510009765625,684.8599853515625,684.2799072265625,684.8300170898438,893982
2026-02-23 15:30:00+00:00,684.02001953125,685.0050048828125,683.969970703125,684.5,1242847
2026-02-23 15:35:00+00:00,684.0999755859375,684.5,683.639892578125,684.0250244140625,1176891
2026-02-23 15:40:00+00:00,683.6799926757812,684.25,683.4099731445312,684.0900268554688,947519
2026-02-23 15:45:00+00:00,683.5549926757812,683.9450073242188,683.3699951171875,683.6699829101562,1027741
2026-02-23 15:50:00+00:00,682.7999877929688,683.8699951171875,682.6699829101562,683.5599975585938,1319706
2026-02-23 15:55:00+00:00,682.260009765625,682.9149780273438,682.1799926757812,682.7999877929688,1378983
2026-02-23 16:00:00+00:00,681.3099975585938,682.510009765625,680.85498046875,682.27001953125,1731113
2026-02-23 16:05:00+00:00,680.9199829101562,681.3980102539062,680.75,681.3200073242188,1354738
2026-02-23 16:10:00+00:00,680.7000122070312,681.4099731445312,680.5800170898438,680.9400024414062,1206548
2026-02-23 16:15:00+00:00,681.5700073242188,681.6199951171875,680.3709716796875,680.6900024414062,1391522
2026-02-23 16:20:00+00:00,681.7899780273438,682.1400146484375,681.4600219726562,681.5599975585938,1415657
2026-02-23 16:25:00+00:00,682.8699951171875,682.9099731445312,681.7449951171875,681.780029296875,1210245
2026-02-23 16:30:00+00:00,682.6599731445312,683.0850219726562,682.510009765625,682.8800048828125,1041052
2026-02-23 16:35:00+00:00,682.4849853515625,682.97998046875,682.4000244140625,682.6500244140625,792069
2026-02-23 16:40:00+00:00,682.4000244140625,682.7449951171875,682.2100219726562,682.469970703125,720949
2026-02-23 16:45:00+00:00,682.1203002929688,682.5700073242188,681.780029296875,682.39501953125,651698
2026-02-23 16:50:00+00:00,682.1900024414062,682.625,681.969970703125,682.0999755859375,693126
2026-02-23 16:55:00+00:00,681.9600219726562,682.3200073242188,681.7899780273438,682.2000122070312,524159
2026-02-23 17:00:00+00:00,682.0800170898438,682.4600219726562,681.7899780273438,681.969970703125,648628
2026-02-23 17:05:00+00:00,682.0599975585938,682.469970703125,681.9299926757812,682.0499877929688,493360
2026-02-23 17:10:00+00:00,681.77001953125,682.260009765625,681.5900268554688,682.0399780273438,370903
2026-02-23 17:15:00+00:00,681.8201293945312,682.2650146484375,681.72998046875,681.77001953125,454714
2026-02-23 17:20:00+00:00,681.8499755859375,682.239990234375,681.739990234375,681.8300170898438,314164
2026-02-23 17:25:00+00:00,681.6900024414062,682.0800170898438,681.6699829101562,681.8499755859375,377878
2026-02-23 17:30:00+00:00,681.3499755859375,681.739990234375,681.27001953125,681.7000122070312,406975
2026-02-23 17:35:00+00:00,680.6199951171875,681.3599853515625,680.6099853515625,681.3499755859375,822318
2026-02-23 17:40:00+00:00,681.1599731445312,681.7000122070312,680.5900268554688,680.6300048828125,1036823
2026-02-23 17:45:00+00:00,681.1099853515625,681.5349731445312,680.97998046875,681.1599731445312,598001
2026-02-23 17:50:00+00:00,681.9550170898438,682.1699829101562,681.0700073242188,681.0999755859375,579348
2026-02-23 17:55:00+00:00,682.0449829101562,682.3499755859375,681.7899780273438,681.9550170898438,705685
2026-02-23 18:00:00+00:00,682.4199829101562,682.5089721679688,681.9400024414062,682.0399780273438,478052
2026-02-23 18:05:00+00:00,682.8800048828125,682.9000244140625,682.3599853515625,682.4099731445312,613515
2026-02-23 18:10:00+00:00,683.0800170898438,683.1900024414062,682.6400146484375,682.8699951171875,600757
2026-02-23 18:15:00+00:00,683.1400146484375,683.4099731445312,682.97998046875,683.0900268554688,604174
2026-02-23 18:20:00+00:00,683.739990234375,683.7899780273438,683.0700073242188,683.1500244140625,614536
2026-02-23 18:25:00+00:00,683.8098754882812,683.9500122070312,683.5700073242188,683.719970703125,613984
2026-02-23 18:30:00+00:00,683.7000122070312,683.8200073242188,683.4199829101562,683.8099975585938,491024
2026-02-23 18:35:00+00:00,683.385009765625,683.9099731445312,683.3699951171875,683.7100219726562,612092
2026-02-23 18:40:00+00:00,683.0250244140625,683.5399780273438,682.85498046875,683.4000244140625,464116
2026-02-23 18:45:00+00:00,683.2150268554688,683.4000244140625,682.8200073242188,683.030029296875,542588
2026-02-23 18:50:00+00:00,682.52001953125,683.280029296875,682.489990234375,683.219970703125,452630
2026-02-23 18:55:00+00:00,682.010009765625,682.5999755859375,681.8699951171875,682.510009765625,717720
2026-02-23 19:00:00+00:00,681.8099975585938,682.280029296875,681.7520141601562,682.02001953125,760028
2026-02-23 19:05:00+00:00,681.9000854492188,682.135009765625,681.72998046875,681.8099975585938,601216
2026-02-23 19:10:00+00:00,681.8599853515625,682.1500244140625,681.6950073242188,681.9099731445312,705011
2026-02-23 19:15:00+00:00,681.760009765625,682.0850219726562,681.6099853515625,681.8599853515625,466009
2026-02-23 19:20:00+00:00,681.7449951171875,681.905029296875,681.5499877929688,681.75,640791
2026-02-23 19:25:00+00:00,681.27001953125,681.8800048828125,681.1699829101562,681.7449951171875,1034955
2026-02-23 19:30:00+00:00,681.3099975585938,681.6599731445312,681.219970703125,681.2550048828125,553337
2026-02-23 19:35:00+00:00,681.1300048828125,681.3200073242188,680.9500122070312,681.2999877929688,548773
2026-02-23 19:40:00+00:00,680.8599853515625,681.1599731445312,680.5399780273438,681.1400146484375,631225
2026-02-23 19:45:00+00:00,681.3699951171875,681.5,680.77001953125,680.8599853515625,859241
2026-02-23 19:50:00+00:00,681.1599731445312,681.4600219726562,681.0899047851562,681.3599853515625,576541
2026-02-23 19:55:00+00:00,681.0599975585938,681.530029296875,680.9500122070312,681.1500244140625,710426
2026-02-23 20:00:00+00:00,681.2000122070312,681.4299926757812,680.97998046875,681.0599975585938,611179
2026-02-23 20:05:00+00:00,680.9000244140625,681.3400268554688,680.8099975585938,681.2000122070312,1116611
2026-02-23 20:10:00+00:00,680.719970703125,681.02001953125,680.6500244140625,680.905029296875,771871
2026-02-23 20:15:00+00:00,680.9749755859375,681.1900024414062,680.7150268554688,680.719970703125,638030
2026-02-23 20:20:00+00:00,681.0999755859375,681.0999755859375,680.760009765625,680.969970703125,480499
2026-02-23 20:25:00+00:00,681.3499755859375,681.52001953125,681.030029296875,681.0900268554688,856541
2026-02-23 20:30:00+00:00,682.08349609375,682.25,681.2999877929688,681.3400268554688,2097732
2026-02-23 20:35:00+00:00,681.625,682.0800170898438,681.489990234375,682.0800170898438,952665
2026-02-23 20:40:00+00:00,681.655029296875,681.780029296875,681.1400146484375,681.6199951171875,833495
2026-02-23 20:45:00+00:00,681.9329833984375,681.989990234375,681.35498046875,681.655029296875,1725089
2026-02-23 20:50:00+00:00,681.0599975585938,682.25,680.9600219726562,681.9400024414062,4555936
2026-02-23 20:55:00+00:00,682.4099731445312,682.469970703125,680.9000244140625,681.0549926757812,5574714
2026-02-24 14:30:00+00:00,680.7899780273438,682.217529296875,680.5499877929688,681.9000244140625,3614177
2026-02-24 14:35:00+00:00,682.2789916992188,682.530029296875,680.0,680.780029296875,2206600
2026-02-24 14:40:00+00:00,684.3200073242188,684.3800048828125,682.1900024414062,682.27001953125,1753819
2026-02-24 14:45:00+00:00,684.8699951171875,685.4600219726562,684.02001953125,684.3400268554688,1929663
2026-02-24 14:50:00+00:00,684.1199951171875,684.969970703125,683.9299926757812,684.8800048828125,1320953
2026-02-24 14:55:00+00:00,683.1500244140625,684.1300048828125,682.7999877929688,684.1199951171875,1490247
2026-02-24 15:00:00+00:00,682.6900024414062,683.3099975585938,682.030029296875,683.1799926757812,1141100
2026-02-24 15:05:00+00:00,683.9000244140625,684.02001953125,682.6099853515625,682.6599731445312,1189015
2026-02-24 15:10:00+00:00,683.239990234375,684.22998046875,682.969970703125,683.8699951171875,1056459
2026-02-24 15:15:00+00:00,684.1500244140625,684.3599853515625,683.0,683.2100219726562,808245
2026-02-24 15:20:00+00:00,685.1699829101562,685.2100219726562,684.0399780273438,684.1500244140625,1195647
2026-02-24 15:25:00+00:00,686.3350219726562,686.3900146484375,684.9401245117188,685.1799926757812,1510007
2026-02-24 15:30:00+00:00,686.1400146484375,686.5120239257812,685.9349975585938,686.3200073242188,1343418
2026-02-24 15:35:00+00:00,685.905029296875,686.1749877929688,685.6400146484375,686.1400146484375,961386
2026-02-24 15:40:00+00:00,686.2700805664062,686.5449829101562,685.77001953125,685.9000244140625,588842
2026-02-24 15:45:00+00:00,686.0449829101562,686.3099975585938,685.7999877929688,686.280029296875,791918
2026-02-24 15:50:00+00:00,685.614990234375,686.0399780273438,685.4500122070312,686.02001953125,625508
2026-02-24 15:55:00+00:00,685.3699951171875,685.8099975585938,685.1799926757812,685.60498046875,866822
2026-02-24 16:00:00+00:00,686.0507202148438,686.1500244140625,685.2921142578125,685.3699951171875,706937
2026-02-24 16:05:00+00:00,686.1500244140625,686.3200073242188,685.8499755859375,686.0599975585938,616515
2026-02-24 16:10:00+00:00,686.5999755859375,686.8699951171875,685.9299926757812,686.1300048828125,886993
2026-02-24 16:15:00+00:00,686.2100219726562,686.7449951171875,686.02001953125,686.5900268554688,599871
2026-02-24 16:20:00+00:00,685.989990234375,686.219970703125,685.7849731445312,686.2100219726562,634671
2026-02-24 16:25:00+00:00,686.0900268554688,686.2349853515625,685.89501953125,686.010009765625,292551
2026-02-24 16:30:00+00:00,685.27001953125,686.1300048828125,685.1500244140625,686.0999755859375,605037
2026-02-24 16:35:00+00:00,685.739990234375,685.8400268554688,685.219970703125,685.27001953125,623664
2026-02-24 16:40:00+00:00,685.5806274414062,686.1500244140625,685.4600219726562,685.72998046875,566225
2026-02-24 16:45:00+00:00,685.875,686.0700073242188,685.52001953125,685.5700073242188,345192
2026-02-24 16:50:00+00:00,686.4199829101562,686.530029296875,685.7050170898438,685.8699951171875,528940
2026-02-24 16:55:00+00:00,686.469970703125,686.7000122070312,686.280029296875,686.4249877929688,542491
2026-02-24 17:00:00+00:00,686.5700073242188,686.8200073242188,686.4000244140625,686.4600219726562,508007
2026-02-24 17:05:00+00:00,687.02001953125,687.0499877929688,686.5800170898438,686.5800170898438,414156
2026-02-24 17:10:00+00:00,687.25,687.5499877929688,687.030029296875,687.030029296875,1049472
2026-02-24 17:15:00+00:00,687.3200073242188,687.5999755859375,687.1599731445312,687.239990234375,640704
2026-02-24 17:20:00+00:00,687.4500122070312,687.5599975585938,687.3200073242188,687.3200073242188,483290
2026-02-24 17:25:00+00:00,687.5300903320312,687.7999877929688,687.4249877929688,687.4600219726562,462735
2026-02-24 17:30:00+00:00,687.4401245117188,687.6400146484375,687.3300170898438,687.530029296875,403020
2026-02-24 17:35:00+00:00,687.405029296875,687.5050048828125,687.2835083007812,687.4500122070312,441120
2026-02-24 17:40:00+00:00,687.1599731445312,687.47998046875,687.1199951171875,687.405029296875,432365
2026-02-24 17:45:00+00:00,687.510009765625,687.5999755859375,686.9619750976562,687.1599731445312,475855
2026-02-24 17:50:00+00:00,687.386474609375,687.6599731445312,687.3314208984375,687.510009765625,310963
2026-02-24 17:55:00+00:00,687.3699951171875,687.4940185546875,687.239990234375,687.3800048828125,248139
2026-02-24 18:00:00+00:00,687.9600219726562,688.0999755859375,687.3099975585938,687.3599853515625,389036
2026-02-24 18:05:00+00:00,687.5650024414062,687.9600219726562,687.5399780273438,687.9600219726562,406168
2026-02-24 18:10:00+00:00,687.4899291992188,687.6599731445312,687.3900146484375,687.5650024414062,357714
2026-02-24 18:15:00+00:00,687.2899780273438,687.510009765625,687.25,687.4749755859375,227674
2026-02-24 18:20:00+00:00,687.094970703125,687.3800048828125,687.0700073242188,687.2899780273438,384304
2026-02-24 18:25:00+00:00,687.030029296875,687.2249755859375,686.9400024414062,687.0999755859375,343785
2026-02-24 18:30:00+00:00,687.22998046875,687.3400268554688,686.905029296875,687.0399780273438,486832
2026-02-24 18:35:00+00:00,687.6900024414062,687.75,687.0800170898438,687.2100219726562,572347
2026-02-24 18:40:00+00:00,687.72998046875,687.8300170898438,687.5399780273438,687.6799926757812,437428
2026-02-24 18:45:00+00:00,687.64501953125,687.875,687.4600219726562,687.739990234375,347405
2026-02-24 18:50:00+00:00,687.719970703125,687.8400268554688,687.6400146484375,687.6400146484375,270084
2026-02-24 18:55:00+00:00,687.4598999023438,687.8099975585938,687.4500122070312,687.739990234375,334911
2026-02-24 19:00:00+00:00,687.4000244140625,687.5999755859375,687.3599853515625,687.4500122070312,737915
2026-02-24 19:05:00+00:00,687.239990234375,687.469970703125,687.1500244140625,687.4000244140625,528071
2026-02-24 19:10:00+00:00,687.1799926757812,687.3400268554688,686.7000122070312,687.239990234375,570154
2026-02-24 19:15:00+00:00,686.8900146484375,687.1900024414062,686.6500244140625,687.1699829101562,689648
2026-02-24 19:20:00+00:00,686.7899780273438,686.9799194335938,686.6500244140625,686.8800048828125,414257
2026-02-24 19:25:00+00:00,686.8900146484375,687.0900268554688,686.6950073242188,686.780029296875,858367
2026-02-24 19:30:00+00:00,686.8712158203125,687.1199951171875,686.8300170898438,686.8900146484375,374914
2026-02-24 19:35:00+00:00,687.0050048828125,687.030029296875,686.780029296875,686.8800048828125,347162
2026-02-24 19:40:00+00:00,687.1799926757812,687.3400268554688,686.9400024414062,687.0,388229
2026-02-24 19:45:00+00:00,687.1849975585938,687.344970703125,687.0050048828125,687.2000122070312,370264
2026-02-24 19:50:00+00:00,687.2100219726562,687.6900024414062,687.1699829101562,687.1900024414062,668731
2026-02-24 19:55:00+00:00,687.135009765625,687.3300170898438,687.0850219726562,687.2100219726562,540333
2026-02-24 20:00:00+00:00,687.0499877929688,687.3400268554688,686.9600219726562,687.135009765625,432132
2026-02-24 20:05:00+00:00,686.8510131835938,687.1400146484375,686.760009765625,687.0599975585938,472781
2026-02-24 20:10:00+00:00,686.6900024414062,686.9000244140625,686.5700073242188,686.8400268554688,465328
2026-02-24 20:15:00+00:00,686.8800048828125,686.9000244140625,686.4600219726562,686.6849975585938,758561
2026-02-24 20:20:00+00:00,686.8200073242188,687.0999755859375,686.75,686.8599853515625,677847
2026-02-24 20:25:00+00:00,686.5399780273438,686.989990234375,686.5,686.7999877929688,646483
2026-02-24 20:30:00+00:00,687.0,687.1199951171875,686.5100708007812,686.530029296875,674392
2026-02-24 20:35:00+00:00,686.7899780273438,687.0800170898438,686.75,686.989990234375,837007
2026-02-24 20:40:00+00:00,687.2100219726562,687.25,686.739990234375,686.7899780273438,700192
2026-02-24 20:45:00+00:00,687.5098876953125,687.64501953125,687.1699829101562,687.2000122070312,1631737
2026-02-24 20:50:00+00:00,687.8800048828125,688.3499755859375,687.4099731445312,687.510009765625,4128202
2026-02-24 20:55:00+00:00,687.375,687.8699951171875,687.239990234375,687.8699951171875,4607812
2026-02-25 14:30:00+00:00,690.8400268554688,691.239990234375,690.0999755859375,690.1799926757812,2775530
2026-02-25 14:35:00+00:00,691.1500244140625,691.4099731445312,690.72998046875,690.8300170898438,1102707
2026-02-25 14:40:00+00:00,690.9199829101562,691.3250122070312,690.6199951171875,691.1400146484375,986511
2026-02-25 14:45:00+00:00,691.6699829101562,691.8699951171875,690.9099731445312,690.9099731445312,999436
2026-02-25 14:50:00+00:00,691.39501953125,691.989990234375,691.280029296875,691.6799926757812,973263
2026-02-25 14:55:00+00:00,691.3200073242188,691.4949951171875,690.8400268554688,691.4000244140625,1007664
2026-02-25 15:00:00+00:00,690.9400024414062,691.5800170898438,690.9199829101562,691.3200073242188,667253
2026-02-25 15:05:00+00:00,690.5999755859375,691.04248046875,690.3699951171875,690.9600219726562,1057968
2026-02-25 15:10:00+00:00,690.4998779296875,690.8499755859375,690.3250122070312,690.5900268554688,654213
2026-02-25 15:15:00+00:00,690.613525390625,690.7880249023438,690.25,690.489990234375,472980
2026-02-25 15:20:00+00:00,690.7114868164062,690.9199829101562,690.260009765625,690.614990234375,610545
2026-02-25 15:25:00+00:00,691.1500244140625,691.219970703125,690.60498046875,690.7100219726562,539681
2026-02-25 15:30:00+00:00,690.4099731445312,691.3499755859375,690.3599853515625,691.14501953125,572696
2026-02-25 15:35:00+00:00,690.3699951171875,690.5399780273438,690.2100219726562,690.4199829101562,469540
2026-02-25 15:40:00+00:00,690.5399780273438,690.760009765625,690.3400268554688,690.3699951171875,427779
2026-02-25 15:45:00+00:00,690.489990234375,690.8499755859375,690.4299926757812,690.5499877929688,374719
2026-02-25 15:50:00+00:00,690.4849853515625,690.780029296875,690.3599853515625,690.510009765625,354145
2026-02-25 15:55:00+00:00,690.8400268554688,690.8800048828125,690.1701049804688,690.47998046875,349084
2026-02-25 16:00:00+00:00,690.9400024414062,691.1900024414062,690.780029296875,690.8300170898438,425769
2026-02-25 16:05:00+00:00,691.27001953125,691.280029296875,690.7899780273438,690.9199829101562,419216
2026-02-25 16:10:00+00:00,691.1458740234375,691.4099731445312,691.0700073242188,691.280029296875,456168
2026-02-25 16:15:00+00:00,690.8200073242188,691.1500244140625,690.6900024414062,691.1300048828125,382475
2026-02-25 16:20:00+00:00,691.0999755859375,691.1500244140625,690.6900024414062,690.8262939453125,370868
2026-02-25 16:25:00+00:00,691.469970703125,691.5800170898438,691.0800170898438,691.0900268554688,590815
2026-02-25 16:30:00+00:00,691.5,691.8400268554688,691.4400024414062,691.47998046875,624873
2026-02-25 16:35:00+00:00,691.6599731445312,691.7000122070312,691.4000244140625,691.47998046875,561185
2026-02-25 16:40:00+00:00,691.89501953125,691.97998046875,691.6300048828125,691.6599731445312,510032
2026-02-25 16:45:00+00:00,692.2100219726562,692.3900146484375,691.8900146484375,691.9099731445312,588276
2026-02-25 16:50:00+00:00,692.0900268554688,692.35498046875,692.0599975585938,692.2100219726562,558865
2026-02-25 16:55:00+00:00,692.0399780273438,692.1599731445312,691.969970703125,692.094970703125,420450
2026-02-25 17:00:00+00:00,692.1900024414062,692.3099975585938,691.969970703125,692.0399780273438,361202
2026-02-25 17:05:00+00:00,692.0900268554688,692.2999877929688,691.7999877929688,692.1900024414062,425714
2026-02-25 17:10:00+00:00,692.2999877929688,692.3300170898438,692.0599975585938,692.0897827148438,287764
2026-02-25 17:15:00+00:00,692.2901000976562,692.3499755859375,692.2100219726562,692.2999877929688,320599
2026-02-25 17:20:00+00:00,692.2650146484375,692.3200073242188,692.1799926757812,692.2899780273438,350170
2026-02-25 17:25:00+00:00,691.969970703125,692.2999877929688,691.9400024414062,692.260009765625,468995
2026-02-25 17:30:00+00:00,692.0482788085938,692.1599731445312,691.8400268554688,691.969970703125,382181
2026-02-25 17:35:00+00:00,692.219970703125,692.3049926757812,692.0200805664062,692.0449829101562,277678
2026-02-25 17:40:00+00:00,692.3200073242188,692.4600219726562,692.2100219726562,692.22998046875,461333
2026-02-25 17:45:00+00:00,692.3099975585938,692.52001953125,692.239990234375,692.3400268554688,504710
2026-02-25 17:50:00+00:00,692.4801025390625,692.5700073242188,692.25,692.2999877929688,357186
2026-02-25 17:55:00+00:00,692.5499877929688,692.5499877929688,692.4299926757812,692.489990234375,235639
2026-02-25 18:00:00+00:00,692.5,692.6900024414062,692.4600219726562,692.5499877929688,465401
2026-02-25 18:05:00+00:00,692.47998046875,692.5399780273438,692.4199829101562,692.5,367484
2026-02-25 18:10:00+00:00,692.489990234375,692.6400146484375,692.4500122070312,692.5,512953
2026-02-25 18:15:00+00:00,692.3800048828125,692.489990234375,692.3099975585938,692.489990234375,623495
2026-02-25 18:20:00+00:00,692.2750244140625,692.4099731445312,692.27001953125,692.3800048828125,425102
2026-02-25 18:25:00+00:00,692.3099975585938,692.3599853515625,692.2050170898438,692.280029296875,300485
2026-02-25 18:30:00+00:00,692.3099975585938,692.4799194335938,692.2899780273438,692.3099975585938,383880
2026-02-25 18:35:00+00:00,692.3099975585938,692.3499755859375,692.2100219726562,692.3150024414062,304886
2026-02-25 18:40:00+00:00,692.5499877929688,692.6199951171875,692.2899780273438,692.3099975585938,393005
2026-02-25 18:45:00+00:00,692.5399780273438,692.5900268554688,692.469970703125,692.5499877929688,250014
2026-02-25 18:50:00+00:00,692.5900268554688,692.6900024414062,692.530029296875,692.5499877929688,280588
2026-02-25 18:55:00+00:00,692.489990234375,692.6099853515625,692.4400024414062,692.5900268554688,395559
2026-02-25 19:00:00+00:00,692.760009765625,692.8699951171875,692.47998046875,692.489990234375,573648
2026-02-25 19:05:00+00:00,692.9299926757812,692.97998046875,692.6699829101562,692.77001953125,849324
2026-02-25 19:10:00+00:00,692.8499755859375,693.0050048828125,692.8499755859375,692.9299926757812,468451
2026-02-25 19:15:00+00:00,693.02001953125,693.0700073242188,692.7650146484375,692.8599853515625,459670
2026-02-25 19:20:00+00:00,692.9000244140625,693.0800170898438,692.864990234375,693.02001953125,471894
2026-02-25 19:25:00+00:00,692.8699951171875,692.9500122070312,692.8400268554688,692.9099731445312,383309
2026-02-25 19:30:00+00:00,693.2000122070312,693.2199096679688,692.8499755859375,692.8599853515625,419097
2026-02-25 19:35:00+00:00,693.239990234375,693.3200073242188,693.1599731445312,693.2000122070312,562717
2026-02-25 19:40:00+00:00,693.0800170898438,693.3049926757812,693.0700073242188,693.22998046875,389775
2026-02-25 19:45:00+00:00,693.2000122070312,693.280029296875,693.0499877929688,693.0850219726562,373564
2026-02-25 19:50:00+00:00,693.14501953125,693.239990234375,693.1099853515625,693.2050170898438,441498
2026-02-25 19:55:00+00:00,693.0850219726562,693.22998046875,693.0599975585938,693.1500244140625,426307
2026-02-25 20:00:00+00:00,693.10498046875,693.3300170898438,693.0700073242188,693.0850219726562,667421
2026-02-25 20:05:00+00:00,693.125,693.2100219726562,693.0900268554688,693.10498046875,525492
2026-02-25 20:10:00+00:00,693.0750122070312,693.1500244140625,692.9700927734375,693.1300048828125,443202
2026-02-25 20:15:00+00:00,693.1099853515625,693.1900024414062,693.02001953125,693.0800170898438,1099758
2026-02-25 20:20:00+00:00,692.9500122070312,693.1199951171875,692.8099975585938,693.10498046875,653426
2026-02-25 20:25:00+00:00,692.9199829101562,693.0798950195312,692.9099731445312,692.9600219726562,558514
2026-02-25 20:30:00+00:00,692.8599853515625,692.97998046875,692.739990234375,692.9199829101562,840035
2026-02-25 20:35:00+00:00,693.1500244140625,693.1900024414062,692.7999877929688,692.8599853515625,737748
2026-02-25 20:40:00+00:00,693.0900268554688,693.27001953125,693.0399780273438,693.1486206054688,840827
2026-02-25 20:45:00+00:00,693.239990234375,693.39501953125,693.0549926757812,693.0800170898438,1211364
2026-02-25 20:50:00+00:00,693.4400024414062,693.6799926757812,693.0499877929688,693.239990234375,3591455
2026-02-25 20:55:00+00:00,693.0999755859375,693.4500122070312,692.9400024414062,693.4500122070312,3274441
2026-02-26 14:30:00+00:00,692.260009765625,693.2999877929688,692.02001953125,693.280029296875,2477230
2026-02-26 14:35:00+00:00,692.176513671875,692.5700073242188,691.6699829101562,692.27001953125,1653604
2026-02-26 14:40:00+00:00,691.4500122070312,692.239990234375,690.9000244140625,692.1900024414062,1361006
2026-02-26 14:45:00+00:00,691.0449829101562,691.469970703125,690.6699829101562,691.4299926757812,1294969
2026-02-26 14:50:00+00:00,690.969970703125,691.5800170898438,690.5800170898438,691.0449829101562,887073
2026-02-26 14:55:00+00:00,690.6699829101562,691.4199829101562,690.4199829101562,690.97998046875,1140876
2026-02-26 15:00:00+00:00,690.3302001953125,691.030029296875,689.5750122070312,690.6799926757812,1618051
2026-02-26 15:05:00+00:00,689.97998046875,690.6389770507812,689.8602294921875,690.3400268554688,762168
2026-02-26 15:10:00+00:00,688.5850219726562,690.530029296875,688.5510864257812,689.97998046875,1394719
2026-02-26 15:15:00+00:00,686.4281005859375,688.5900268554688,686.3300170898438,688.5800170898438,2076226
2026-02-26 15:20:00+00:00,685.3200073242188,686.97998046875,684.9310302734375,686.5,2801695
2026-02-26 15:25:00+00:00,685.6900024414062,686.3599853515625,684.739990234375,685.3200073242188,2391697
2026-02-26 15:30:00+00:00,684.5800170898438,685.780029296875,684.3499755859375,685.6699829101562,1721194
2026-02-26 15:35:00+00:00,686.5800170898438,686.6300048828125,684.5900268554688,684.6199951171875,1435859
2026-02-26 15:40:00+00:00,686.9299926757812,687.0900268554688,686.2899780273438,686.5800170898438,1336463
2026-02-26 15:45:00+00:00,687.5800170898438,687.7999877929688,686.6500244140625,686.9400024414062,986578
2026-02-26 15:50:00+00:00,687.6799926757812,687.9498901367188,686.9600219726562,687.5800170898438,1073653
2026-02-26 15:55:00+00:00,687.7100219726562,688.1799926757812,687.27001953125,687.6799926757812,928051
2026-02-26 16:00:00+00:00,688.030029296875,688.219970703125,687.5700073242188,687.719970703125,721111
2026-02-26 16:05:00+00:00,688.0999755859375,688.280029296875,687.4600219726562,688.010009765625,657684
2026-02-26 16:10:00+00:00,688.5800170898438,688.5800170898438,687.8200073242188,688.100830078125,549233
2026-02-26 16:15:00+00:00,688.280029296875,688.989990234375,688.22998046875,688.5850219726562,752207
2026-02-26 16:20:00+00:00,688.4500122070312,688.739990234375,688.135986328125,688.27001953125,526939
2026-02-26 16:25:00+00:00,688.739990234375,689.0999755859375,688.4400024414062,688.47998046875,486626
2026-02-26 16:30:00+00:00,688.52001953125,688.9199829101562,688.4000244140625,688.739990234375,480335
2026-02-26 16:35:00+00:00,687.5050048828125,688.5900268554688,687.3740234375,688.530029296875,703079
2026-02-26 16:40:00+00:00,686.8400268554688,687.6799926757812,686.8400268554688,687.489990234375,558301
2026-02-26 16:45:00+00:00,687.3198852539062,687.3800048828125,686.2999877929688,686.8400268554688,1088913
2026-02-26 16:50:00+00:00,686.4097900390625,687.510009765625,686.3800048828125,687.3200073242188,461670
2026-02-26 16:55:00+00:00,686.25,686.5700073242188,686.0349731445312,686.4199829101562,625266
2026-02-26 17:00:00+00:00,686.5399780273438,686.5999755859375,686.0599975585938,686.239990234375,604391
2026-02-26 17:05:00+00:00,686.5700073242188,686.885009765625,686.4600219726562,686.530029296875,570028
2026-02-26 17:10:00+00:00,686.260009765625,687.0599975585938,686.25,686.5700073242188,448542
2026-02-26 17:15:00+00:00,686.3099975585938,686.52001953125,686.030029296875,686.260009765625,420194
2026-02-26 17:20:00+00:00,686.3699951171875,686.4400024414062,686.0800170898438,686.2949829101562,270831
2026-02-26 17:25:00+00:00,686.2849731445312,686.5399780273438,686.1500244140625,686.3599853515625,287157
2026-02-26 17:30:00+00:00,686.8200073242188,687.0900268554688,686.1699829101562,686.25,425057
2026-02-26 17:35:00+00:00,685.9299926757812,686.8200073242188,685.739990234375,686.8200073242188,575273
2026-02-26 17:40:00+00:00,685.6500244140625,686.097412109375,685.5999755859375,685.9349975585938,364092
2026-02-26 17:45:00+00:00,685.22998046875,685.8200073242188,685.1599731445312,685.6400146484375,403028
2026-02-26 17:50:00+00:00,685.8200073242188,685.9199829101562,685.010009765625,685.22998046875,621008
2026-02-26 17:55:00+00:00,685.4600219726562,685.81591796875,685.280029296875,685.8099975585938,242573
2026-02-26 18:00:00+00:00,685.1099853515625,685.5599975585938,684.9500122070312,685.469970703125,342525
2026-02-26 18:05:00+00:00,685.0800170898438,685.4000244140625,684.739990234375,685.1199951171875,713459
2026-02-26 18:10:00+00:00,685.3300170898438,685.5399780273438,685.0399780273438,685.0599975585938,522926
2026-02-26 18:15:00+00:00,685.72998046875,685.7999877929688,684.9299926757812,685.3099975585938,386911
2026-02-26 18:20:00+00:00,685.77001953125,685.85498046875,685.2899780273438,685.739990234375,549308
2026-02-26 18:25:00+00:00,685.6699829101562,685.9550170898438,685.5900268554688,685.760009765625,370346
2026-02-26 18:30:00+00:00,686.9600219726562,686.989990234375,685.4099731445312,685.6599731445312,1217378
2026-02-26 18:35:00+00:00,687.469970703125,687.6799926757812,686.5599975585938,686.969970703125,1127129
2026-02-26 18:40:00+00:00,687.5200805664062,687.780029296875,687.25,687.469970703125,500505
2026-02-26 18:45:00+00:00,687.5,688.1900024414062,687.1420288085938,687.530029296875,704266
2026-02-26 18:50:00+00:00,687.3099975585938,687.510009765625,687.0800170898438,687.4801025390625,586710
2026-02-26 18:55:00+00:00,687.3900146484375,687.6599731445312,687.135009765625,687.3099975585938,352200
2026-02-26 19:00:00+00:00,687.8800048828125,687.97998046875,687.1599731445312,687.4099731445312,516135
2026-02-26 19:05:00+00:00,688.4299926757812,688.489990234375,687.8200073242188,687.8800048828125,555119
2026-02-26 19:10:00+00:00,688.52001953125,688.7899780273438,688.2999877929688,688.4299926757812,692414
2026-02-26 19:15:00+00:00,688.969970703125,689.1900024414062,688.510009765625,688.52001953125,791413
2026-02-26 19:20:00+00:00,689.2050170898438,689.3200073242188,688.8800048828125,688.97998046875,719958
2026-02-26 19:25:00+00:00,688.6099853515625,689.219970703125,688.4500122070312,689.2050170898438,652740
2026-02-26 19:30:00+00:00,689.22998046875,689.2899780273438,688.469970703125,688.6199951171875,566361
2026-02-26 19:35:00+00:00,689.0900268554688,689.3099975585938,688.969970703125,689.22998046875,611321
2026-02-26 19:40:00+00:00,689.1500244140625,689.260009765625,688.9600219726562,689.0999755859375,447133
2026-02-26 19:45:00+00:00,689.5750122070312,689.6599731445312,689.1400146484375,689.14501953125,618643
2026-02-26 19:50:00+00:00,689.4949951171875,689.5900268554688,689.280029296875,689.5800170898438,564285
2026-02-26 19:55:00+00:00,689.02001953125,689.6599731445312,689.0050048828125,689.489990234375,525669
2026-02-26 20:00:00+00:00,689.5700073242188,689.6099853515625,688.8400268554688,689.010009765625,856233
2026-02-26 20:05:00+00:00,689.1400146484375,689.8099975585938,689.1099853515625,689.5700073242188,718859
2026-02-26 20:10:00+00:00,688.9099731445312,689.25,688.8900146484375,689.1400146484375,607024
2026-02-26 20:15:00+00:00,689.114990234375,689.239990234375,688.6799926757812,688.9000244140625,553019
2026-02-26 20:20:00+00:00,688.8400268554688,689.1699829101562,688.6871948242188,689.1199951171875,467508
2026-02-26 20:25:00+00:00,688.6649780273438,689.0399780273438,688.614990234375,688.844970703125,514883
2026-02-26 20:30:00+00:00,689.4099731445312,689.4299926757812,688.6199951171875,688.6649780273438,821122
2026-02-26 20:35:00+00:00,689.3900146484375,689.5167236328125,689.1199951171875,689.4099731445312,1080571
2026-02-26 20:40:00+00:00,689.3200073242188,689.4299926757812,689.010009765625,689.3801879882812,1097257
2026-02-26 20:45:00+00:00,689.1199951171875,689.3599853515625,688.905029296875,689.3200073242188,1552835
2026-02-26 20:50:00+00:00,688.989990234375,689.3200073242188,688.6500244140625,689.1199951171875,1593670
2026-02-26 20:55:00+00:00,689.3200073242188,689.3699951171875,688.8400268554688,688.97998046875,2426689
2026-02-27 14:30:00+00:00,683.794189453125,684.1599731445312,682.7999877929688,683.0900268554688,4555911
2026-02-27 14:35:00+00:00,684.0650024414062,684.25,682.8699951171875,683.8099975585938,1347041
2026-02-27 14:40:00+00:00,682.6199951171875,684.1199951171875,681.6400146484375,684.0650024414062,1683430
2026-02-27 14:45:00+00:00,683.5499877929688,683.8499755859375,682.2100219726562,682.614990234375,1632037
2026-02-27 14:50:00+00:00,683.0800170898438,683.6900024414062,682.7100219726562,683.530029296875,1060745
2026-02-27 14:55:00+00:00,682.8663940429688,683.3800048828125,682.5999755859375,683.0599975585938,1113549
2026-02-27 15:00:00+00:00,683.9193725585938,684.4299926757812,682.6599731445312,682.8599853515625,1618907
2026-02-27 15:05:00+00:00,684.7100219726562,685.4199829101562,683.8200073242188,683.9299926757812,1480807
2026-02-27 15:10:00+00:00,684.5800170898438,685.489990234375,684.510009765625,684.719970703125,1057207
2026-02-27 15:15:00+00:00,684.155029296875,684.8499755859375,683.5999755859375,684.5850219726562,802722
2026-02-27 15:20:00+00:00,684.7003173828125,684.989990234375,684.0,684.1199951171875,753626
2026-02-27 15:25:00+00:00,684.5294189453125,684.8150024414062,684.0900268554688,684.7000122070312,666451
2026-02-27 15:30:00+00:00,684.4401245117188,684.6699829101562,683.739990234375,684.510009765625,641592
2026-02-27 15:35:00+00:00,685.0700073242188,685.469970703125,684.4299926757812,684.4500122070312,600282
2026-02-27 15:40:00+00:00,685.6599731445312,685.75,684.75,685.0700073242188,510090
2026-02-27 15:45:00+00:00,685.0999755859375,686.0499877929688,685.0,685.6799926757812,707113
2026-02-27 15:50:00+00:00,684.5399780273438,685.1599731445312,684.2951049804688,685.0999755859375,578113
2026-02-27 15:55:00+00:00,685.219970703125,685.364990234375,684.22998046875,684.530029296875,519526
2026-02-27 16:00:00+00:00,685.6950073242188,685.9249877929688,685.0800170898438,685.239990234375,603350
2026-02-27 16:05:00+00:00,684.8099975585938,685.77001953125,684.6599731445312,685.7000122070312,657325
2026-02-27 16:10:00+00:00,685.4993286132812,685.6300048828125,684.7999877929688,684.8099975585938,584742
2026-02-27 16:15:00+00:00,685.6300048828125,686.0499877929688,685.25,685.5,698694
2026-02-27 16:20:00+00:00,685.8099975585938,685.8699951171875,685.1500244140625,685.6099853515625,436906
2026-02-27 16:25:00+00:00,685.385009765625,686.010009765625,685.3200073242188,685.8099975585938,503166
2026-02-27 16:30:00+00:00,686.1900024414062,686.260009765625,685.3400268554688,685.3900146484375,651761
2026-02-27 16:35:00+00:00,685.510009765625,686.2899169921875,685.4400024414062,686.2000122070312,517825
2026-02-27 16:40:00+00:00,684.72998046875,685.52001953125,684.6699829101562,685.489990234375,592810
2026-02-27 16:45:00+00:00,684.614990234375,685.0700073242188,684.5650024414062,684.739990234375,448509
2026-02-27 16:50:00+00:00,685.5850219726562,685.6649780273438,684.6199951171875,684.6300048828125,599177
2026-02-27 16:55:00+00:00,684.8699951171875,685.9199829101562,684.7800903320312,685.5800170898438,480439
2026-02-27 17:00:00+00:00,685.5999755859375,685.7899780273438,684.8400268554688,684.8599853515625,454086
2026-02-27 17:05:00+00:00,686.125,686.280029296875,685.47998046875,685.5999755859375,518507
2026-02-27 17:10:00+00:00,684.8646850585938,686.1500244140625,684.7899780273438,686.1300048828125,636350
2026-02-27 17:15:00+00:00,684.239990234375,684.905029296875,684.1599731445312,684.8800048828125,651079
2026-02-27 17:20:00+00:00,684.0499877929688,684.3099975585938,683.2899780273438,684.239990234375,898822
2026-02-27 17:25:00+00:00,684.1400146484375,684.5050048828125,683.9099731445312,684.0399780273438,1051283
2026-02-27 17:30:00+00:00,684.8699951171875,684.989990234375,683.739990234375,684.1300048828125,1245912
2026-02-27 17:35:00+00:00,684.27001953125,685.1199951171875,684.260009765625,684.8775024414062,667212
2026-02-27 17:40:00+00:00,683.9349975585938,684.4199829101562,683.6500244140625,684.2899780273438,613668
2026-02-27 17:45:00+00:00,683.8300170898438,683.97998046875,683.4755249023438,683.9400024414062,616062
2026-02-27 17:50:00+00:00,684.010009765625,684.27001953125,683.5900268554688,683.8599853515625,732868
2026-02-27 17:55:00+00:00,684.375,684.469970703125,684.010009765625,684.010009765625,616002
2026-02-27 18:00:00+00:00,684.1614990234375,684.6799926757812,684.030029296875,684.3699951171875,504674
2026-02-27 18:05:00+00:00,683.989990234375,684.4650268554688,683.9600219726562,684.1599731445312,413895
2026-02-27 18:10:00+00:00,683.864990234375,684.280029296875,683.8200073242188,683.97998046875,434391
2026-02-27 18:15:00+00:00,683.5999755859375,684.0126953125,683.5,683.875,399915
2026-02-27 18:20:00+00:00,683.489990234375,683.7349853515625,683.1699829101562,683.5900268554688,599814
2026-02-27 18:25:00+00:00,683.7999877929688,683.9099731445312,683.0599975585938,683.510009765625,570069
2026-02-27 18:30:00+00:00,683.6300048828125,683.9600219726562,683.4849853515625,683.7999877929688,470208
2026-02-27 18:35:00+00:00,683.7000122070312,683.81982421875,683.2999877929688,683.6500244140625,373946
2026-02-27 18:40:00+00:00,683.8499755859375,684.239990234375,683.6600952148438,683.6900024414062,433317
2026-02-27 18:45:00+00:00,683.719970703125,684.0399780273438,683.5349731445312,683.8300170898438,381079
2026-02-27 18:50:00+00:00,683.844970703125,684.0499877929688,683.469970703125,683.7000122070312,422537
2026-02-27 18:55:00+00:00,683.9500122070312,684.0700073242188,683.5399780273438,683.8599853515625,398644
2026-02-27 19:00:00+00:00,684.6599731445312,684.7249755859375,683.8800048828125,683.9500122070312,556590
2026-02-27 19:05:00+00:00,683.9000244140625,684.97998046875,683.7150268554688,684.6649780273438,885101
2026-02-27 19:10:00+00:00,683.8900146484375,684.219970703125,683.5900268554688,683.8900146484375,470141
2026-02-27 19:15:00+00:00,683.9199829101562,684.1199951171875,683.75,683.8939819335938,373232
2026-02-27 19:20:00+00:00,683.6849975585938,684.0599975585938,683.6300048828125,683.9400024414062,451385
2026-02-27 19:25:00+00:00,683.5999755859375,684.030029296875,683.47998046875,683.6799926757812,457807
2026-02-27 19:30:00+00:00,683.4199829101562,683.6099853515625,683.1801147460938,683.5999755859375,654044
2026-02-27 19:35:00+00:00,683.8300170898438,684.030029296875,683.4199829101562,683.4299926757812,368712
2026-02-27 19:40:00+00:00,683.3800048828125,683.9199829101562,682.989990234375,683.8400268554688,742688
2026-02-27 19:45:00+00:00,683.25,683.6500244140625,683.1699829101562,683.3699951171875,703145
2026-02-27 19:50:00+00:00,683.25,683.47998046875,683.114990234375,683.219970703125,363961
2026-02-27 19:55:00+00:00,683.3499755859375,683.6300048828125,683.22998046875,683.25,571567
2026-02-27 20:00:00+00:00,683.6500244140625,683.947998046875,683.3200073242188,683.3400268554688,558468
2026-02-27 20:05:00+00:00,683.9600219726562,684.1300048828125,683.60498046875,683.6500854492188,644896
2026-02-27 20:10:00+00:00,685.219970703125,685.219970703125,683.9450073242188,683.9600219726562,1521312
2026-02-27 20:15:00+00:00,685.5900268554688,685.7050170898438,685.1199951171875,685.219970703125,1296401
2026-02-27 20:20:00+00:00,685.8499145507812,686.0999755859375,685.1799926757812,685.5800170898438,1235746
2026-02-27 20:25:00+00:00,685.590087890625,685.969970703125,685.5399780273438,685.8400268554688,1429659
2026-02-27 20:30:00+00:00,685.3900146484375,685.8150024414062,685.2949829101562,685.5800170898438,1569447
2026-02-27 20:35:00+00:00,684.625,685.4099731445312,684.489990234375,685.3900146484375,1755916
2026-02-27 20:40:00+00:00,685.030029296875,685.489990234375,684.5800170898438,684.6300048828125,2174736
2026-02-27 20:45:00+00:00,685.4500122070312,685.5700073242188,684.9299926757812,685.030029296875,1663805
2026-02-27 20:50:00+00:00,685.5800170898438,686.1500244140625,685.0800170898438,685.4600219726562,2685078
2026-02-27 20:55:00+00:00,686.280029296875,686.8499755859375,685.2849731445312,685.5900268554688,6129650
2026-03-02 14:30:00+00:00,681.2000122070312,681.47998046875,678.02001953125,678.7000122070312,5603254
2026-03-02 14:35:00+00:00,681.0087890625,682.4600219726562,680.8300170898438,681.2100219726562,2295119
2026-03-02 14:40:00+00:00,682.0800170898438,682.338623046875,680.97998046875,680.9949951171875,1257232
2026-03-02 14:45:00+00:00,683.219970703125,683.3699951171875,681.760009765625,682.0700073242188,1706311
2026-03-02 14:50:00+00:00,682.510009765625,683.3099975585938,681.8800048828125,683.239990234375,1633616
2026-03-02 14:55:00+00:00,683.0,683.1099853515625,681.969970703125,682.510009765625,1022098
2026-03-02 15:00:00+00:00,684.239990234375,684.4600219726562,682.4000244140625,682.9500122070312,1615815
2026-03-02 15:05:00+00:00,684.2100219726562,684.9400024414062,683.8900146484375,684.260009765625,1628068
2026-03-02 15:10:00+00:00,684.919677734375,685.3250122070312,684.2100219726562,684.219970703125,1612335
2026-03-02 15:15:00+00:00,684.6500244140625,685.3599853515625,684.3200073242188,684.9349975585938,1424299
2026-03-02 15:20:00+00:00,684.1400146484375,684.8300170898438,683.489990234375,684.614990234375,1297275
2026-03-02 15:25:00+00:00,683.4299926757812,684.4199829101562,683.0700073242188,684.1400146484375,1021851
2026-03-02 15:30:00+00:00,682.969970703125,683.8699951171875,682.5499877929688,683.4199829101562,983499
2026-03-02 15:35:00+00:00,683.9299926757812,683.97900390625,682.4199829101562,682.989990234375,1012883
2026-03-02 15:40:00+00:00,684.2999877929688,684.3300170898438,683.4500122070312,683.9199829101562,742483
2026-03-02 15:45:00+00:00,684.1199951171875,684.8400268554688,683.760009765625,684.3300170898438,1043451
2026-03-02 15:50:00+00:00,683.3599853515625,684.52001953125,683.27001953125,684.1300048828125,729119
2026-03-02 15:55:00+00:00,684.2100219726562,684.2999877929688,683.1599731445312,683.3599853515625,775591
2026-03-02 16:00:00+00:00,684.6799926757812,684.7000122070312,683.6300048828125,684.1900024414062,846469
2026-03-02 16:05:00+00:00,685.5,685.5800170898438,684.4199829101562,684.6699829101562,848836
2026-03-02 16:10:00+00:00,685.2999877929688,685.6699829101562,685.1599731445312,685.510009765625,1182011
2026-03-02 16:15:00+00:00,684.72998046875,685.3400268554688,684.6624755859375,685.2999877929688,549157
2026-03-02 16:20:00+00:00,684.6500244140625,684.9299926757812,684.4000244140625,684.7000122070312,568970
2026-03-02 16:25:00+00:00,683.219970703125,684.739990234375,682.9500122070312,684.64501953125,1541474
2026-03-02 16:30:00+00:00,683.8300170898438,683.9600219726562,682.9199829101562,683.219970703125,903638
2026-03-02 16:35:00+00:00,685.1400146484375,685.1799926757812,683.52001953125,683.8599853515625,764874
2026-03-02 16:40:00+00:00,686.4400024414062,686.5250244140625,685.1199951171875,685.1500244140625,1356908
2026-03-02 16:45:00+00:00,686.4749755859375,686.969970703125,686.3099975585938,686.4500122070312,1058586
2026-03-02 16:50:00+00:00,686.1199951171875,686.5565185546875,685.989990234375,686.4749755859375,924508
2026-03-02 16:55:00+00:00,686.2349853515625,686.52001953125,685.9099731445312,686.1199951171875,551820
2026-03-02 17:00:00+00:00,686.3200073242188,686.4000244140625,685.8499755859375,686.2349853515625,522097
2026-03-02 17:05:00+00:00,686.1099853515625,686.6199951171875,685.8800048828125,686.2999877929688,504042
2026-03-02 17:10:00+00:00,686.364990234375,686.4099731445312,685.7100219726562,686.1099853515625,587567
2026-03-02 17:15:00+00:00,687.0399780273438,687.0900268554688,686.3250122070312,686.3699951171875,555931
2026-03-02 17:20:00+00:00,687.030029296875,687.1900024414062,686.6900024414062,687.0399780273438,611733
2026-03-02 17:25:00+00:00,686.4837036132812,687.0499877929688,686.47998046875,687.0399780273438,492183
2026-03-02 17:30:00+00:00,686.1099853515625,686.72998046875,686.0900268554688,686.47998046875,432094
2026-03-02 17:35:00+00:00,686.2650146484375,686.6900024414062,686.0800170898438,686.1099853515625,314790
2026-03-02 17:40:00+00:00,686.6900024414062,686.8800048828125,686.1500244140625,686.27001953125,433396
2026-03-02 17:45:00+00:00,686.8200073242188,687.0,686.5549926757812,686.7000122070312,430311
2026-03-02 17:50:00+00:00,687.14501953125,687.3099975585938,686.6500244140625,686.8200073242188,490240
2026-03-02 17:55:00+00:00,687.2199096679688,687.3099975585938,686.7100219726562,687.1309814453125,418267
2026-03-02 18:00:00+00:00,687.219970703125,687.4199829101562,687.0900268554688,687.219970703125,363748
2026-03-02 18:05:00+00:00,686.9299926757812,687.4099731445312,686.9299926757812,687.25,297394
2026-03-02 18:10:00+00:00,687.010009765625,687.096923828125,686.8300170898438,686.9249877929688,322598
2026-03-02 18:15:00+00:00,686.5599975585938,687.02001953125,686.5399780273438,686.989990234375,296596
2026-03-02 18:20:00+00:00,686.4299926757812,686.5999755859375,686.1002197265625,686.5700073242188,418416
2026-03-02 18:25:00+00:00,686.719970703125,686.8699951171875,686.239990234375,686.4199829101562,331240
2026-03-02 18:30:00+00:00,686.5599975585938,686.8400268554688,686.4349975585938,686.75,361430
2026-03-02 18:35:00+00:00,686.2000122070312,686.5650024414062,686.0700073242188,686.5599975585938,403187
2026-03-02 18:40:00+00:00,686.25,686.3350219726562,685.7849731445312,686.2000122070312,497575
2026-03-02 18:45:00+00:00,685.8300170898438,686.2349853515625,685.3098754882812,686.219970703125,536314
2026-03-02 18:50:00+00:00,685.719970703125,686.010009765625,685.5299072265625,685.8200073242188,343684
2026-03-02 18:55:00+00:00,685.280029296875,685.75,685.2249755859375,685.72998046875,658907
2026-03-02 19:00:00+00:00,685.6599731445312,685.739990234375,685.1900024414062,685.27001953125,620773
2026-03-02 19:05:00+00:00,686.4400024414062,686.47998046875,685.52001953125,685.6599731445312,512597
2026-03-02 19:10:00+00:00,686.9299926757812,686.989990234375,686.3900146484375,686.4500122070312,666017
2026-03-02 19:15:00+00:00,687.6799926757812,687.7899780273438,686.9299926757812,686.9299926757812,1021924
2026-03-02 19:20:00+00:00,687.7000122070312,688.2100219726562,687.625,687.6749877929688,844104
2026-03-02 19:25:00+00:00,688.2000122070312,688.280029296875,687.5499877929688,687.6923217773438,563990
2026-03-02 19:30:00+00:00,688.3699951171875,688.5499267578125,688.1300048828125,688.2100219726562,846342
2026-03-02 19:35:00+00:00,688.2550048828125,688.6199951171875,688.239990234375,688.3599853515625,648854
2026-03-02 19:40:00+00:00,688.0599975585938,688.4500122070312,687.969970703125,688.25,499571
2026-03-02 19:45:00+00:00,688.260009765625,688.4099731445312,688.0399780273438,688.0599975585938,358363
2026-03-02 19:50:00+00:00,688.4600830078125,688.530029296875,688.0999755859375,688.260009765625,342919
2026-03-02 19:55:00+00:00,688.1950073242188,688.52001953125,688.1400146484375,688.4600219726562,448551
2026-03-02 20:00:00+00:00,688.0250244140625,688.3300170898438,687.875,688.1900024414062,571489
2026-03-02 20:05:00+00:00,686.18798828125,688.1599731445312,685.9600219726562,688.0399780273438,2559327
2026-03-02 20:10:00+00:00,685.260009765625,686.219970703125,685.1199951171875,686.1900024414062,2572803
2026-03-02 20:15:00+00:00,686.0399780273438,686.5800170898438,684.8900146484375,685.260009765625,2116246
2026-03-02 20:20:00+00:00,685.6300048828125,686.2999877929688,685.4500122070312,686.0700073242188,1128474
2026-03-02 20:25:00+00:00,685.3499755859375,686.0499877929688,685.239990234375,685.6300048828125,1070422
2026-03-02 20:30:00+00:00,686.02001953125,686.0900268554688,685.2000122070312,685.3499755859375,754002
2026-03-02 20:35:00+00:00,686.0900268554688,686.4099731445312,685.6199951171875,686.02001953125,866897
2026-03-02 20:40:00+00:00,686.22998046875,686.2949829101562,685.5599975585938,686.0900268554688,760143
2026-03-02 20:45:00+00:00,686.3300170898438,686.6799926757812,685.9650268554688,686.219970703125,1324694
2026-03-02 20:50:00+00:00,686.739990234375,686.760009765625,685.97998046875,686.3300170898438,1952495
2026-03-02 20:55:00+00:00,686.3699951171875,687.3099975585938,686.3300170898438,686.760009765625,7033040
2026-03-03 14:30:00+00:00,674.5399780273438,676.4400024414062,674.4400024414062,675.0599975585938,8913931
2026-03-03 14:35:00+00:00,675.760009765625,677.0999755859375,674.125,674.5499877929688,2703830
2026-03-03 14:40:00+00:00,673.4400024414062,675.9949951171875,673.219970703125,675.780029296875,1851883
2026-03-03 14:45:00+00:00,672.469970703125,674.7999877929688,672.4600219726562,673.4400024414062,2672198
2026-03-03 14:50:00+00:00,673.280029296875,673.9290771484375,672.25,672.489990234375,2450628
2026-03-03 14:55:00+00:00,672.3800048828125,673.47998046875,671.9500122070312,673.260009765625,1508690
2026-03-03 15:00:00+00:00,672.1799926757812,673.9299926757812,671.780029296875,672.3599853515625,2403287
2026-03-03 15:05:00+00:00,672.3499755859375,673.239990234375,671.6300048828125,672.1599731445312,1958881
2026-03-03 15:10:00+00:00,672.6400146484375,673.5599975585938,671.6900024414062,672.3499755859375,1921847
2026-03-03 15:15:00+00:00,671.0599975585938,672.9500122070312,670.8800048828125,672.6199951171875,2741090
2026-03-03 15:20:00+00:00,670.4500122070312,671.1099853515625,669.8699951171875,671.0599975585938,2081185
2026-03-03 15:25:00+00:00,669.8499755859375,670.6199951171875,669.6599731445312,670.4500122070312,1915481
2026-03-03 15:30:00+00:00,671.030029296875,671.8743896484375,669.780029296875,669.8499755859375,2043670
2026-03-03 15:35:00+00:00,671.7000122070312,672.22998046875,670.8200073242188,671.02001953125,1244869
2026-03-03 15:40:00+00:00,671.22998046875,672.5,670.9600219726562,671.6799926757812,2181477
2026-03-03 15:45:00+00:00,671.3200073242188,672.1699829101562,670.72998046875,671.22998046875,1223848
2026-03-03 15:50:00+00:00,670.6099853515625,671.5999755859375,670.3400268554688,671.3098754882812,1100057
2026-03-03 15:55:00+00:00,671.97998046875,672.1099853515625,670.530029296875,670.5999755859375,1413670
2026-03-03 16:00:00+00:00,673.4600219726562,673.5499877929688,671.75,671.9600219726562,1562827
2026-03-03 16:05:00+00:00,674.5399780273438,674.9199829101562,673.4199829101562,673.469970703125,1680164
2026-03-03 16:10:00+00:00,675.030029296875,675.280029296875,674.239990234375,674.5700073242188,1064533
2026-03-03 16:15:00+00:00,675.280029296875,676.1699829101562,675.0,675.030029296875,1235342
2026-03-03 16:20:00+00:00,676.3499755859375,676.39501953125,674.97998046875,675.2899780273438,1360293
2026-03-03 16:25:00+00:00,676.02001953125,676.5800170898438,675.7999877929688,676.3300170898438,1113700
2026-03-03 16:30:00+00:00,675.7899780273438,676.0800170898438,674.6599731445312,676.0,1066209
2026-03-03 16:35:00+00:00,676.0800170898438,676.5700073242188,675.5499877929688,675.780029296875,1142530
2026-03-03 16:40:00+00:00,676.6900024414062,676.8499755859375,675.260009765625,676.0552978515625,1102146
2026-03-03 16:45:00+00:00,677.5999755859375,678.4500122070312,676.630615234375,676.6799926757812,1836798
2026-03-03 16:50:00+00:00,677.9199829101562,677.969970703125,677.22998046875,677.5999755859375,847973
2026-03-03 16:55:00+00:00,677.5599975585938,678.2899780273438,677.3599853515625,677.9500122070312,797965
2026-03-03 17:00:00+00:00,677.4400024414062,677.9199829101562,676.7899780273438,677.5700073242188,837096
2026-03-03 17:05:00+00:00,676.7698974609375,677.8300170898438,676.6500244140625,677.4400024414062,701266
2026-03-03 17:10:00+00:00,677.1099853515625,677.1699829101562,676.3699951171875,676.7999877929688,562561
2026-03-03 17:15:00+00:00,677.5800170898438,677.7000122070312,676.6500244140625,677.1300048828125,449450
2026-03-03 17:20:00+00:00,678.27001953125,678.280029296875,676.9099731445312,677.5800170898438,625951
2026-03-03 17:25:00+00:00,678.3200073242188,678.489990234375,677.739990234375,678.280029296875,611311
2026-03-03 17:30:00+00:00,676.5,678.3599853515625,676.3150024414062,678.3200073242188,813044
2026-03-03 17:35:00+00:00,676.780029296875,677.1199951171875,676.0800170898438,676.510009765625,622302
2026-03-03 17:40:00+00:00,678.2899780273438,678.4099731445312,676.739990234375,676.780029296875,613835
2026-03-03 17:45:00+00:00,678.260009765625,678.4739990234375,677.6799926757812,678.260009765625,616711
2026-03-03 17:50:00+00:00,677.0700073242188,678.3099975585938,676.905029296875,678.27001953125,673993
2026-03-03 17:55:00+00:00,677.4199829101562,677.75,676.8800048828125,677.0499877929688,412434
2026-03-03 18:00:00+00:00,678.4199829101562,678.780029296875,677.3800048828125,677.3900146484375,597169
2026-03-03 18:05:00+00:00,678.8099975585938,678.9099731445312,678.1699829101562,678.4500122070312,398137
2026-03-03 18:10:00+00:00,678.0700073242188,678.8900146484375,677.6199951171875,678.8099975585938,520173
2026-03-03 18:15:00+00:00,678.6599731445312,678.8200073242188,678.0399780273438,678.090087890625,377671
2026-03-03 18:20:00+00:00,680.0399780273438,680.0800170898438,678.6199951171875,678.6500244140625,986904
2026-03-03 18:25:00+00:00,679.8200073242188,680.4299926757812,679.6699829101562,680.0399780273438,973412
2026-03-03 18:30:00+00:00,680.5599975585938,680.780029296875,679.6699829101562,679.8200073242188,692049
2026-03-03 18:35:00+00:00,681.3300170898438,681.3499755859375,680.25,680.5499877929688,965914
2026-03-03 18:40:00+00:00,681.0850219726562,681.8699951171875,680.8599853515625,681.3499755859375,1372225
2026-03-03 18:45:00+00:00,681.4099731445312,681.47998046875,680.4500122070312,681.0999755859375,1033586
2026-03-03 18:50:00+00:00,681.4299926757812,681.9099731445312,681.2100219726562,681.4099731445312,940055
2026-03-03 18:55:00+00:00,681.260009765625,681.5800170898438,680.9299926757812,681.4000244140625,495423
2026-03-03 19:00:00+00:00,681.219970703125,681.469970703125,680.77001953125,681.239990234375,743113
2026-03-03 19:05:00+00:00,680.0800170898438,681.3400268554688,679.97998046875,681.219970703125,812247
2026-03-03 19:10:00+00:00,680.5800170898438,680.6699829101562,679.6649780273438,680.0900268554688,912754
2026-03-03 19:15:00+00:00,680.97998046875,681.160888671875,680.469970703125,680.5900268554688,475007
2026-03-03 19:20:00+00:00,680.97998046875,681.52001953125,680.9500122070312,681.0,492601
2026-03-03 19:25:00+00:00,680.5,681.0900268554688,680.4000244140625,680.9400024414062,423667
2026-03-03 19:30:00+00:00,679.6599731445312,680.719970703125,679.4500122070312,680.5,701162
2026-03-03 19:35:00+00:00,681.0,681.8200073242188,679.2750244140625,679.6500244140625,1808142
2026-03-03 19:40:00+00:00,681.9400024414062,682.0,680.780029296875,681.010009765625,1009201
2026-03-03 19:45:00+00:00,682.030029296875,682.6099853515625,681.8400268554688,681.9550170898438,1473045
2026-03-03 19:50:00+00:00,681.4199829101562,682.4000244140625,680.8499755859375,682.030029296875,1039893
2026-03-03 19:55:00+00:00,681.2329711914062,681.530029296875,680.6699829101562,681.4299926757812,643567
2026-03-03 20:00:00+00:00,681.1900024414062,681.9500122070312,680.8699951171875,681.25,770732
2026-03-03 20:05:00+00:00,681.47998046875,681.5900268554688,680.75,681.1599731445312,630778
2026-03-03 20:10:00+00:00,680.7449951171875,681.7899780273438,680.72998046875,681.4600219726562,697454
2026-03-03 20:15:00+00:00,680.489990234375,681.0800170898438,680.1799926757812,680.719970703125,1102295
2026-03-03 20:20:00+00:00,680.7050170898438,681.010009765625,680.3099975585938,680.5,804414
2026-03-03 20:25:00+00:00,681.0499877929688,681.3049926757812,680.1599731445312,680.7150268554688,810633
2026-03-03 20:30:00+00:00,680.7999877929688,681.3200073242188,680.77001953125,681.0399780273438,795630
2026-03-03 20:35:00+00:00,680.5700073242188,681.510009765625,680.2899780273438,680.8099975585938,977322
2026-03-03 20:40:00+00:00,680.4500122070312,680.8400268554688,680.2000122070312,680.5900268554688,926747
2026-03-03 20:45:00+00:00,680.47998046875,680.77001953125,680.0,680.4400024414062,1363669
2026-03-03 20:50:00+00:00,680.0900268554688,680.6400146484375,679.2100219726562,680.469970703125,1834964
2026-03-03 20:55:00+00:00,680.0399780273438,680.3200073242188,679.8150024414062,680.0800170898438,421367
2026-03-04 14:30:00+00:00,682.7999877929688,683.5180053710938,681.4000244140625,681.6300048828125,4797405
2026-03-04 14:35:00+00:00,680.989990234375,682.9099731445312,680.739990234375,682.7999877929688,1568352
2026-03-04 14:40:00+00:00,680.2100219726562,681.0399780273438,680.02001953125,681.02001953125,1155852
2026-03-04 14:45:00+00:00,680.8599853515625,681.72998046875,679.6199951171875,680.2000122070312,1053990
2026-03-04 14:50:00+00:00,681.469970703125,681.7474975585938,680.25,680.8599853515625,707816
2026-03-04 14:55:00+00:00,681.302978515625,681.5800170898438,680.739990234375,681.5,566474
2026-03-04 15:00:00+00:00,681.5800170898438,682.6699829101562,680.8699951171875,681.4099731445312,1308343
2026-03-04 15:05:00+00:00,683.1099853515625,683.2999877929688,681.3699951171875,681.5599975585938,853352
2026-03-04 15:10:00+00:00,683.239990234375,683.760009765625,682.5,683.1500244140625,878157
2026-03-04 15:15:00+00:00,684.4500122070312,684.52001953125,683.1500244140625,683.2100219726562,1126611
2026-03-04 15:20:00+00:00,685.5349731445312,685.5700073242188,684.27001953125,684.4600219726562,1520804
2026-03-04 15:25:00+00:00,686.1400146484375,686.27001953125,685.114990234375,685.5250244140625,1554959
2026-03-04 15:30:00+00:00,685.3699951171875,686.3099975585938,685.3499755859375,686.1500244140625,1400366
2026-03-04 15:35:00+00:00,684.6199951171875,685.52001953125,684.52001953125,685.3699951171875,1066922
2026-03-04 15:40:00+00:00,684.469970703125,684.9099731445312,684.3499755859375,684.6300048828125,1112508
2026-03-04 15:45:00+00:00,684.5700073242188,684.6900024414062,683.8800048828125,684.47998046875,995438
2026-03-04 15:50:00+00:00,684.9849853515625,685.0900268554688,684.0800170898438,684.5700073242188,948349
2026-03-04 15:55:00+00:00,685.8300170898438,685.9000244140625,684.9099731445312,684.9650268554688,744993
2026-03-04 16:00:00+00:00,686.239990234375,686.6400146484375,685.8400268554688,685.8400268554688,1338424
2026-03-04 16:05:00+00:00,685.6599731445312,686.3192749023438,685.510009765625,686.25,1067317
2026-03-04 16:10:00+00:00,684.5399780273438,685.719970703125,684.3300170898438,685.6799926757812,1487558
2026-03-04 16:15:00+00:00,684.530029296875,685.1500244140625,684.2899780273438,684.5599975585938,1057069
2026-03-04 16:20:00+00:00,684.4542846679688,684.9600219726562,684.1799926757812,684.52001953125,699700
2026-03-04 16:25:00+00:00,685.1900024414062,685.4500122070312,684.3200073242188,684.4400024414062,822866
2026-03-04 16:30:00+00:00,685.530029296875,685.8400268554688,685.0599975585938,685.1799926757812,504033
2026-03-04 16:35:00+00:00,685.0900268554688,685.8400268554688,684.8499755859375,685.530029296875,944728
2026-03-04 16:40:00+00:00,686.1300048828125,686.2999877929688,685.0399780273438,685.0800170898438,820287
2026-03-04 16:45:00+00:00,686.1099853515625,686.4000244140625,685.8599853515625,686.1400146484375,855290
2026-03-04 16:50:00+00:00,686.0750122070312,686.2899780273438,685.5800170898438,686.1099853515625,728571
2026-03-04 16:55:00+00:00,685.780029296875,686.280029296875,685.6799926757812,686.0800170898438,484326
2026-03-04 17:00:00+00:00,686.27001953125,686.3101196289062,685.530029296875,685.7949829101562,506690
2026-03-04 17:05:00+00:00,686.0850219726562,686.3599853515625,685.8599853515625,686.27001953125,563792
2026-03-04 17:10:00+00:00,686.0399780273438,686.3150024414062,685.989990234375,686.0999755859375,362950
2026-03-04 17:15:00+00:00,685.9400024414062,686.1400146484375,685.8099975585938,686.0399780273438,465723
2026-03-04 17:20:00+00:00,685.7999877929688,686.1400146484375,685.3800048828125,685.9199829101562,972526
2026-03-04 17:25:00+00:00,685.3250122070312,686.0999755859375,685.3099975585938,685.7899780273438,497853
2026-03-04 17:30:00+00:00,685.4500122070312,685.52001953125,684.5800170898438,685.3499755859375,906025
2026-03-04 17:35:00+00:00,686.0399780273438,686.0999755859375,685.3099975585938,685.469970703125,530617
2026-03-04 17:40:00+00:00,685.8099975585938,686.219970703125,685.5601196289062,686.0499877929688,834499
2026-03-04 17:45:00+00:00,685.9299926757812,686.1300048828125,685.760009765625,685.7899780273438,700748
2026-03-04 17:50:00+00:00,686.3200073242188,686.4199829101562,685.7899780273438,685.9400024414062,427361
2026-03-04 17:55:00+00:00,686.1900024414062,686.4199829101562,685.9000244140625,686.3300170898438,464259
2026-03-04 18:00:00+00:00,686.0,686.489990234375,685.9500122070312,686.2000122070312,618425
2026-03-04 18:05:00+00:00,686.239990234375,686.4199829101562,685.7750244140625,686.0,491711
2026-03-04 18:10:00+00:00,685.9349975585938,686.3499755859375,685.8399047851562,686.2550048828125,483080
2026-03-04 18:15:00+00:00,685.6099853515625,685.97998046875,685.6099853515625,685.9299926757812,493841
2026-03-04 18:20:00+00:00,685.6099853515625,685.9299926757812,685.3800048828125,685.5999755859375,585981
2026-03-04 18:25:00+00:00,686.10498046875,686.1599731445312,685.510009765625,685.6199951171875,378516
2026-03-04 18:30:00+00:00,686.3499755859375,686.7100219726562,686.0999755859375,686.1099853515625,645555
2026-03-04 18:35:00+00:00,686.385009765625,686.6801147460938,686.3200073242188,686.3485107421875,382834
2026-03-04 18:40:00+00:00,686.5399780273438,686.7899780273438,686.364990234375,686.375,430110
2026-03-04 18:45:00+00:00,686.739990234375,686.77001953125,686.260009765625,686.5499877929688,471322
2026-03-04 18:50:00+00:00,686.6199951171875,686.8699951171875,686.5900268554688,686.739990234375,359771
2026-03-04 18:55:00+00:00,686.5449829101562,686.6300048828125,686.2000122070312,686.6199951171875,641691
2026-03-04 19:00:00+00:00,686.8201293945312,686.9099731445312,686.3900146484375,686.5499877929688,473101
2026-03-04 19:05:00+00:00,686.72998046875,686.8800048828125,686.6099853515625,686.8300170898438,340819
2026-03-04 19:10:00+00:00,686.8350219726562,686.9500122070312,686.6599731445312,686.7294921875,337578
2026-03-04 19:15:00+00:00,686.7949829101562,686.9600219726562,686.72998046875,686.8400268554688,365332
2026-03-04 19:20:00+00:00,686.840087890625,686.9099731445312,686.6099853515625,686.7899780273438,308767
2026-03-04 19:25:00+00:00,686.5999755859375,686.8599853515625,686.4700927734375,686.844970703125,395722
2026-03-04 19:30:00+00:00,686.52001953125,686.8099975585938,686.4450073242188,686.6099853515625,417903
2026-03-04 19:35:00+00:00,686.864990234375,686.8800048828125,686.4949951171875,686.510009765625,503555
2026-03-04 19:40:00+00:00,686.6799926757812,686.9400024414062,686.510009765625,686.8800048828125,461150
2026-03-04 19:45:00+00:00,686.836181640625,686.8499755859375,686.5,686.6900024414062,450877
2026-03-04 19:50:00+00:00,687.0,687.0900268554688,686.7901000976562,686.8400268554688,479219
2026-03-04 19:55:00+00:00,686.8099975585938,687.0,686.739990234375,686.9949951171875,372089
2026-03-04 20:00:00+00:00,686.9099731445312,687.0050048828125,686.6599731445312,686.8150024414062,495751
2026-03-04 20:05:00+00:00,686.489990234375,686.989990234375,686.35498046875,686.9199829101562,546123
2026-03-04 20:10:00+00:00,686.2000122070312,686.489990234375,686.0750122070312,686.489990234375,613835
2026-03-04 20:15:00+00:00,685.9550170898438,686.2999877929688,685.9249877929688,686.2000122070312,918333
2026-03-04 20:20:00+00:00,685.75,686.0700073242188,685.4749755859375,685.947998046875,831935
2026-03-04 20:25:00+00:00,686.22998046875,686.280029296875,685.739990234375,685.739990234375,822731
2026-03-04 20:30:00+00:00,685.9899291992188,686.3798217773438,685.9299926757812,686.239990234375,704093
2026-03-04 20:35:00+00:00,686.1599731445312,686.3599853515625,685.9400024414062,685.9849853515625,633149
2026-03-04 20:40:00+00:00,686.5050048828125,686.6300048828125,686.0599975585938,686.1500244140625,842791
2026-03-04 20:45:00+00:00,686.3200073242188,686.6199951171875,686.25,686.5,1141693
2026-03-04 20:50:00+00:00,685.97998046875,686.3250122070312,685.3599853515625,686.3200073242188,2642473
2026-03-04 20:55:00+00:00,685.1649780273438,686.1849975585938,685.1599731445312,685.97998046875,5220417
2026-03-05 14:30:00+00:00,684.1300048828125,684.1500244140625,681.8699951171875,682.0800170898438,4130069
2026-03-05 14:35:00+00:00,683.6799926757812,684.4500122070312,683.0900268554688,684.1300048828125,1482017
2026-03-05 14:40:00+00:00,682.6900024414062,683.72998046875,682.4299926757812,683.6599731445312,1388037
2026-03-05 14:45:00+00:00,682.8109741210938,683.77001953125,682.1699829101562,682.7100219726562,1337441
2026-03-05 14:50:00+00:00,683.8599853515625,683.9299926757812,682.5900268554688,682.8099975585938,944676
2026-03-05 14:55:00+00:00,685.0999755859375,685.1011962890625,683.5900268554688,683.8400268554688,1387779
2026-03-05 15:00:00+00:00,684.25,685.530029296875,684.1900024414062,685.0900268554688,1590781
2026-03-05 15:05:00+00:00,683.52001953125,684.3400268554688,682.89501953125,684.25,1253201
2026-03-05 15:10:00+00:00,684.2888793945312,684.39990234375,683.0499877929688,683.530029296875,1740040
2026-03-05 15:15:00+00:00,682.840087890625,684.3499755859375,682.739990234375,684.2999877929688,944219
2026-03-05 15:20:00+00:00,681.0399780273438,682.8499755859375,681.0399780273438,682.8400268554688,1398903
2026-03-05 15:25:00+00:00,680.8200073242188,681.469970703125,680.3300170898438,681.0449829101562,2118184
2026-03-05 15:30:00+00:00,680.1799926757812,680.8699951171875,679.3200073242188,680.8300170898438,2430653
2026-03-05 15:35:00+00:00,681.0700073242188,681.1600952148438,679.8300170898438,680.1799926757812,1439936
2026-03-05 15:40:00+00:00,681.22998046875,681.8099975585938,680.8900146484375,681.1199951171875,1016781
2026-03-05 15:45:00+00:00,681.27001953125,682.0499877929688,681.1199951171875,681.2100219726562,717351
2026-03-05 15:50:00+00:00,682.1099853515625,682.5800170898438,681.1799926757812,681.2899780273438,966537
2026-03-05 15:55:00+00:00,682.1099853515625,682.260009765625,681.2899780273438,682.1099853515625,868417
2026-03-05 16:00:00+00:00,680.8499755859375,682.3599853515625,680.8099975585938,682.0999755859375,967740
2026-03-05 16:05:00+00:00,680.1099853515625,681.14501953125,680.0650024414062,680.8099975585938,1114074
2026-03-05 16:10:00+00:00,679.8099975585938,680.3499755859375,679.1500244140625,680.0900268554688,1630279
2026-03-05 16:15:00+00:00,679.14501953125,680.1799926757812,679.010009765625,679.7999877929688,2745487
2026-03-05 16:20:00+00:00,679.72998046875,680.3099975585938,679.1099853515625,679.1500244140625,1237078
2026-03-05 16:25:00+00:00,679.5349731445312,680.1699829101562,679.4099731445312,679.6849975585938,879069
2026-03-05 16:30:00+00:00,680.0999755859375,680.7899169921875,679.4600219726562,679.530029296875,1276409
2026-03-05 16:35:00+00:00,680.5800170898438,680.9550170898438,679.9299926757812,680.1199951171875,1034677
2026-03-05 16:40:00+00:00,680.219970703125,681.0399780273438,679.8599853515625,680.5700073242188,965900
2026-03-05 16:45:00+00:00,680.6699829101562,681.1900024414062,680.2150268554688,680.239990234375,763280
2026-03-05 16:50:00+00:00,680.9000244140625,681.02001953125,680.2449951171875,680.6599731445312,710262
2026-03-05 16:55:00+00:00,681.0599975585938,681.3499755859375,680.8200073242188,680.8800048828125,825718
2026-03-05 17:00:00+00:00,682.3300170898438,682.4000244140625,680.8300170898438,681.0549926757812,907078
2026-03-05 17:05:00+00:00,681.010009765625,682.4199829101562,680.969970703125,682.3300170898438,1039498
2026-03-05 17:10:00+00:00,680.5499877929688,681.1400146484375,680.1699829101562,680.969970703125,813286
2026-03-05 17:15:00+00:00,679.2999877929688,680.5800170898438,679.1697998046875,680.5399780273438,738462
2026-03-05 17:20:00+00:00,679.4000244140625,679.6699829101562,678.9400024414062,679.2999877929688,811506
2026-03-05 17:25:00+00:00,678.510009765625,679.6599731445312,678.489990234375,679.4099731445312,1077123
2026-03-05 17:30:00+00:00,677.3400268554688,678.8049926757812,677.239990234375,678.510009765625,1672485
2026-03-05 17:35:00+00:00,678.010009765625,678.6199951171875,677.0800170898438,677.3200073242188,1771077
2026-03-05 17:40:00+00:00,677.27001953125,678.4199829101562,676.9500122070312,678.010009765625,1041837
2026-03-05 17:45:00+00:00,676.4650268554688,677.2999877929688,676.2999877929688,677.260009765625,1020180
2026-03-05 17:50:00+00:00,676.469970703125,677.3699951171875,676.10498046875,676.4600219726562,1357263
2026-03-05 17:55:00+00:00,676.4600219726562,676.780029296875,676.030029296875,676.4600219726562,1084520
2026-03-05 18:00:00+00:00,677.0900268554688,677.1801147460938,676.3099975585938,676.4500122070312,1048447
2026-03-05 18:05:00+00:00,677.7899780273438,677.9099731445312,676.7999877929688,677.0599975585938,941158
2026-03-05 18:10:00+00:00,678.02001953125,678.260009765625,677.2899780273438,677.7999877929688,682505
2026-03-05 18:15:00+00:00,676.3800048828125,678.2249755859375,676.2901000976562,678.010009765625,732474
2026-03-05 18:20:00+00:00,676.9299926757812,677.3726196289062,676.3599853515625,676.3900146484375,668771
2026-03-05 18:25:00+00:00,676.2999877929688,677.0,675.9000244140625,676.9299926757812,788661
2026-03-05 18:30:00+00:00,676.369873046875,677.02880859375,675.8200073242188,676.280029296875,654510
2026-03-05 18:35:00+00:00,676.7000122070312,677.030029296875,676.2301025390625,676.3499755859375,681380
2026-03-05 18:40:00+00:00,677.7899780273438,677.9600219726562,676.7000122070312,676.75,741053
2026-03-05 18:45:00+00:00,676.905029296875,677.8499755859375,676.6900024414062,677.7899780273438,684285
2026-03-05 18:50:00+00:00,676.0700073242188,676.9199829101562,675.9400024414062,676.8900146484375,621507
2026-03-05 18:55:00+00:00,676.6199951171875,677.0150146484375,676.0599975585938,676.0599975585938,623271
2026-03-05 19:00:00+00:00,676.75,677.1199951171875,676.3800048828125,676.5999755859375,965706
2026-03-05 19:05:00+00:00,676.9600219726562,677.3250122070312,676.719970703125,676.7598876953125,598278
2026-03-05 19:10:00+00:00,677.3400268554688,677.4500122070312,676.5800170898438,676.9600219726562,442896
2026-03-05 19:15:00+00:00,677.3200073242188,677.3900146484375,676.6593017578125,677.3200073242188,593116
2026-03-05 19:20:00+00:00,677.2100219726562,677.7899780273438,676.8300170898438,677.3300170898438,563069
2026-03-05 19:25:00+00:00,676.6699829101562,677.4149780273438,676.2899780273438,677.2100219726562,960352
2026-03-05 19:30:00+00:00,675.989990234375,676.6699829101562,675.6099853515625,676.6699829101562,1018221
2026-03-05 19:35:00+00:00,676.3150024414062,676.3699951171875,675.6699829101562,675.989990234375,698375
2026-03-05 19:40:00+00:00,677.0385131835938,677.0499877929688,676.2899780273438,676.3200073242188,657136
2026-03-05 19:45:00+00:00,677.280029296875,677.4949951171875,676.5599975585938,677.010009765625,558092
2026-03-05 19:50:00+00:00,676.72998046875,677.72998046875,676.7158813476562,677.3099975585938,632168
2026-03-05 19:55:00+00:00,677.0900268554688,677.27001953125,676.4500122070312,676.7000122070312,698295
2026-03-05 20:00:00+00:00,677.9600830078125,678.1500244140625,676.3900146484375,677.0700073242188,1293838
2026-03-05 20:05:00+00:00,678.25,678.469970703125,676.780029296875,677.9450073242188,1422275
2026-03-05 20:10:00+00:00,678.8150024414062,679.0900268554688,678.1699829101562,678.2550048828125,1368496
2026-03-05 20:15:00+00:00,679.1199951171875,679.4600219726562,678.3900146484375,678.8300170898438,1539501
2026-03-05 20:20:00+00:00,679.8200073242188,679.8369140625,678.8699951171875,679.1199951171875,1264757
2026-03-05 20:25:00+00:00,679.4600219726562,680.4600219726562,679.3920288085938,679.8200073242188,1552343
2026-03-05 20:30:00+00:00,680.0499877929688,680.1799926757812,679.1699829101562,679.469970703125,1111466
2026-03-05 20:35:00+00:00,680.0399780273438,680.47998046875,679.8800048828125,680.0399780273438,874002
2026-03-05 20:40:00+00:00,679.97998046875,680.1599731445312,679.5900268554688,680.0499877929688,1115152
2026-03-05 20:45:00+00:00,680.5108032226562,680.52001953125,679.4099731445312,679.97998046875,1346636
2026-03-05 20:50:00+00:00,681.3599853515625,681.4400024414062,680.3250122070312,680.52001953125,4112840
2026-03-05 20:55:00+00:00,681.4400024414062,681.75,680.9600219726562,681.3599853515625,8715669
2026-03-06 14:30:00+00:00,672.4099731445312,674.0599975585938,672.02001953125,673.4099731445312,7914657
2026-03-06 14:35:00+00:00,671.1099853515625,672.5800170898438,670.4099731445312,672.3900146484375,2336813
2026-03-06 14:40:00+00:00,670.97998046875,672.1900024414062,670.760009765625,671.1199951171875,2170521
2026-03-06 14:45:00+00:00,670.7000122070312,671.8300170898438,670.0,671.0,2056042
2026-03-06 14:50:00+00:00,670.72998046875,672.1300048828125,670.4520263671875,670.72998046875,1686687
2026-03-06 14:55:00+00:00,670.8699951171875,671.1799926757812,669.760009765625,670.72998046875,2004899
2026-03-06 15:00:00+00:00,672.8300170898438,673.1300048828125,670.8400268554688,670.9099731445312,1963339
2026-03-06 15:05:00+00:00,670.97998046875,673.0499267578125,670.8400268554688,672.8300170898438,1456443
2026-03-06 15:10:00+00:00,673.22998046875,673.2999877929688,670.791015625,670.969970703125,1182078
2026-03-06 15:15:00+00:00,673.4099731445312,673.518798828125,672.6199951171875,673.1900024414062,1238723
2026-03-06 15:20:00+00:00,674.02001953125,674.3599853515625,673.1400146484375,673.419921875,1139493
2026-03-06 15:25:00+00:00,674.1699829101562,674.260009765625,673.530029296875,674.02001953125,896654
2026-03-06 15:30:00+00:00,674.9000244140625,675.0,674.1199951171875,674.1300048828125,1230005
2026-03-06 15:35:00+00:00,675.5999755859375,675.9149780273438,674.8300170898438,674.9000244140625,1273633
2026-03-06 15:40:00+00:00,674.719970703125,675.5900268554688,674.1649780273438,675.5900268554688,1297299
2026-03-06 15:45:00+00:00,673.77001953125,674.9000244140625,673.510009765625,674.7000122070312,849438
2026-03-06 15:50:00+00:00,673.4099731445312,673.8400268554688,672.4600219726562,673.7999877929688,1196137
2026-03-06 15:55:00+00:00,674.9199829101562,675.4000244140625,673.4099731445312,673.4099731445312,1249454
2026-03-06 16:00:00+00:00,675.9000244140625,676.010009765625,674.6900024414062,674.9600219726562,897045
2026-03-06 16:05:00+00:00,674.8900146484375,675.989990234375,674.780029296875,675.9000244140625,858921
2026-03-06 16:10:00+00:00,674.1900024414062,675.010009765625,674.0650024414062,674.9000244140625,796223
2026-03-06 16:15:00+00:00,674.9099731445312,675.0800170898438,673.969970703125,674.1799926757812,793246
2026-03-06 16:20:00+00:00,674.4249877929688,675.0399169921875,673.4349975585938,674.8800048828125,937340
2026-03-06 16:25:00+00:00,674.4199829101562,674.6599731445312,673.7999877929688,674.4199829101562,676147
2026-03-06 16:30:00+00:00,673.7000122070312,674.5999755859375,673.4000244140625,674.4299926757812,709892
2026-03-06 16:35:00+00:00,674.9400024414062,675.1799926757812,673.5700073242188,673.6799926757812,662558
2026-03-06 16:40:00+00:00,674.510009765625,675.22998046875,674.3800048828125,674.9500122070312,514138
2026-03-06 16:45:00+00:00,675.3499755859375,675.6799926757812,674.4500122070312,674.5,643625
2026-03-06 16:50:00+00:00,674.6199951171875,676.0,674.5050048828125,675.3400268554688,674842
2026-03-06 16:55:00+00:00,674.969970703125,675.510009765625,674.1500244140625,674.6400146484375,752951
2026-03-06 17:00:00+00:00,675.260009765625,675.8400268554688,674.5700073242188,674.97998046875,567030
2026-03-06 17:05:00+00:00,673.97998046875,675.3300170898438,673.6400146484375,675.25,923687
2026-03-06 17:10:00+00:00,673.969970703125,674.3599853515625,673.6599731445312,673.97998046875,483647
2026-03-06 17:15:00+00:00,674.4199829101562,674.469970703125,673.4400024414062,673.9500122070312,591741
2026-03-06 17:20:00+00:00,674.510009765625,675.1699829101562,674.0599975585938,674.4000244140625,481614
2026-03-06 17:25:00+00:00,673.8099975585938,674.5599975585938,673.3499755859375,674.52001953125,859210
2026-03-06 17:30:00+00:00,674.0900268554688,674.1599731445312,673.5999755859375,673.7999877929688,443118
2026-03-06 17:35:00+00:00,672.8900146484375,674.0999755859375,672.59130859375,674.0900268554688,1013511
2026-03-06 17:40:00+00:00,672.6298828125,673.1199951171875,672.030029296875,672.9299926757812,898838
2026-03-06 17:45:00+00:00,673.3499755859375,673.52001953125,672.5999755859375,672.6199951171875,671968
2026-03-06 17:50:00+00:00,673.219970703125,673.969970703125,673.030029296875,673.3200073242188,626408
2026-03-06 17:55:00+00:00,673.0800170898438,673.8300170898438,672.9500122070312,673.2100219726562,645884
2026-03-06 18:00:00+00:00,673.5599975585938,674.2899780273438,672.969970703125,673.0900268554688,703174
2026-03-06 18:05:00+00:00,674.1801147460938,674.489990234375,673.4000244140625,673.5599975585938,545310
2026-03-06 18:10:00+00:00,675.8300170898438,676.1099853515625,673.9199829101562,674.2100219726562,1314709
2026-03-06 18:15:00+00:00,675.875,676.0999755859375,675.2100219726562,675.8300170898438,1251863
2026-03-06 18:20:00+00:00,675.3200073242188,676.0250244140625,674.97998046875,675.8599853515625,649652
2026-03-06 18:25:00+00:00,674.6400146484375,675.3900146484375,674.2449951171875,675.3200073242188,623105
2026-03-06 18:30:00+00:00,674.9199829101562,675.2999877929688,674.3300170898438,674.6699829101562,654155
2026-03-06 18:35:00+00:00,674.3900146484375,674.969970703125,673.969970703125,674.9199829101562,1131815
2026-03-06 18:40:00+00:00,674.6199951171875,674.8699951171875,674.2100219726562,674.3699951171875,644629
2026-03-06 18:45:00+00:00,674.739990234375,674.77001953125,674.2000122070312,674.6500244140625,528560
2026-03-06 18:50:00+00:00,673.9000244140625,674.7899780273438,673.6900024414062,674.75,780331
2026-03-06 18:55:00+00:00,674.0399780273438,674.4199829101562,673.7100219726562,673.9000244140625,511009
2026-03-06 19:00:00+00:00,673.9000244140625,674.4000244140625,673.8699951171875,674.0700073242188,471087
2026-03-06 19:05:00+00:00,674.530029296875,674.72998046875,673.780029296875,673.8900146484375,462445
2026-03-06 19:10:00+00:00,675.1699829101562,675.4299926757812,674.469970703125,674.530029296875,615663
2026-03-06 19:15:00+00:00,675.0399780273438,675.2899780273438,674.4199829101562,675.1599731445312,664575
2026-03-06 19:20:00+00:00,674.280029296875,675.1849975585938,674.1500244140625,675.030029296875,621349
2026-03-06 19:25:00+00:00,674.9199829101562,675.0800170898438,673.9500122070312,674.2899780273438,535306
2026-03-06 19:30:00+00:00,675.0499877929688,675.3900146484375,674.75,674.9099731445312,707269
2026-03-06 19:35:00+00:00,674.72998046875,675.260009765625,674.239990234375,675.0700073242188,555257
2026-03-06 19:40:00+00:00,674.655029296875,675.6400146484375,674.6300048828125,674.77001953125,834428
2026-03-06 19:45:00+00:00,674.5700073242188,674.8099975585938,674.1799926757812,674.6500244140625,860236
2026-03-06 19:50:00+00:00,674.8800048828125,675.0399780273438,674.219970703125,674.5499877929688,748411
2026-03-06 19:55:00+00:00,675.010009765625,675.1400146484375,674.72998046875,674.8800048828125,1031192
2026-03-06 20:00:00+00:00,675.72998046875,675.969970703125,674.969970703125,675.0,994739
2026-03-06 20:05:00+00:00,674.9400024414062,675.7899780273438,674.9099731445312,675.719970703125,725861
2026-03-06 20:10:00+00:00,673.9400024414062,675.0999755859375,673.4600219726562,674.9500122070312,1582033
2026-03-06 20:15:00+00:00,673.8800048828125,674.4400024414062,673.489990234375,673.9500122070312,1001598
2026-03-06 20:20:00+00:00,672.9299926757812,673.9500122070312,672.8599853515625,673.8900146484375,1240172
2026-03-06 20:25:00+00:00,672.22998046875,672.989990234375,671.97998046875,672.9400024414062,1841756
2026-03-06 20:30:00+00:00,671.9199829101562,672.5750122070312,671.6900024414062,672.22998046875,1567366
2026-03-06 20:35:00+00:00,672.219970703125,672.3350219726562,671.1400146484375,671.9099731445312,1735536
2026-03-06 20:40:00+00:00,672.510009765625,673.4000244140625,671.8099975585938,672.25,1884283
2026-03-06 20:45:00+00:00,672.840087890625,673.0399780273438,672.4099731445312,672.5,1622012
2026-03-06 20:50:00+00:00,672.5999755859375,673.0499877929688,671.760009765625,672.8400268554688,3360192
2026-03-06 20:55:00+00:00,672.489990234375,673.22998046875,672.0900268554688,672.5900268554688,6380149
2026-03-09 13:30:00+00:00,666.3499755859375,667.6300048828125,665.739990234375,666.3900146484375,5316697
2026-03-09 13:35:00+00:00,664.75,666.5700073242188,664.6400146484375,666.35498046875,1978341
2026-03-09 13:40:00+00:00,664.3699951171875,664.9000244140625,663.6400146484375,664.739990234375,1657151
2026-03-09 13:45:00+00:00,663.6799926757812,664.9099731445312,663.3599853515625,664.3800048828125,1659455
2026-03-09 13:50:00+00:00,663.1599731445312,664.2000122070312,662.72998046875,663.6699829101562,1482073
2026-03-09 13:55:00+00:00,664.0800170898438,664.9099731445312,662.7000122070312,663.1500244140625,1449154
2026-03-09 14:00:00+00:00,665.8400268554688,665.8699951171875,663.75,664.0499877929688,1278007
2026-03-09 14:05:00+00:00,663.5150146484375,665.9500122070312,662.8699951171875,665.7999877929688,2015416
2026-03-09 14:10:00+00:00,663.1400146484375,663.5700073242188,662.3900146484375,663.5,1358599
2026-03-09 14:15:00+00:00,663.9299926757812,664.1799926757812,662.8400268554688,663.1300048828125,1098692
2026-03-09 14:20:00+00:00,665.2899780273438,665.6599731445312,663.02001953125,663.885498046875,1215134
2026-03-09 14:25:00+00:00,664.0599975585938,665.5549926757812,663.6300048828125,665.2999877929688,996574
2026-03-09 14:30:00+00:00,664.97998046875,665.2000122070312,663.97998046875,664.030029296875,1091991
2026-03-09 14:35:00+00:00,666.0399780273438,666.52001953125,664.760009765625,664.9600219726562,914778
2026-03-09 14:40:00+00:00,666.9000244140625,666.9199829101562,665.6199951171875,666.02001953125,920675
2026-03-09 14:45:00+00:00,667.6199951171875,667.75,666.7000122070312,666.9099731445312,1092368
2026-03-09 14:50:00+00:00,668.1199951171875,668.1699829101562,667.0599975585938,667.6099853515625,985880
2026-03-09 14:55:00+00:00,667.5800170898438,668.3099975585938,667.1199951171875,668.1199951171875,1050915
2026-03-09 15:00:00+00:00,668.510009765625,668.6799926757812,667.5800170898438,667.5800170898438,850840
2026-03-09 15:05:00+00:00,668.0499877929688,668.7100219726562,667.8200073242188,668.510009765625,795289
2026-03-09 15:10:00+00:00,668.77001953125,668.8399047851562,667.969970703125,668.0399780273438,746238
2026-03-09 15:15:00+00:00,668.8699951171875,669.3300170898438,668.3499755859375,668.780029296875,945642
2026-03-09 15:20:00+00:00,669.3400268554688,669.47998046875,668.5800170898438,668.8699951171875,1092386
2026-03-09 15:25:00+00:00,669.77001953125,669.9199829101562,669.0,669.3300170898438,1059089
2026-03-09 15:30:00+00:00,668.8499755859375,669.8099975585938,668.6699829101562,669.77001953125,938862
2026-03-09 15:35:00+00:00,668.5999755859375,669.0,668.47998046875,668.8499755859375,680999
2026-03-09 15:40:00+00:00,668.510009765625,668.8599853515625,668.3699951171875,668.5999755859375,722391
2026-03-09 15:45:00+00:00,669.1199951171875,669.4600219726562,668.3800048828125,668.5,790861
2026-03-09 15:50:00+00:00,669.610107421875,669.7899780273438,668.9299926757812,669.1300048828125,754892
2026-03-09 15:55:00+00:00,669.4450073242188,669.8900146484375,669.3203125,669.5999755859375,545997
2026-03-09 16:00:00+00:00,669.6691284179688,670.260009765625,669.169921875,669.4400024414062,705391
2026-03-09 16:05:00+00:00,669.8499755859375,670.0999755859375,669.5599975585938,669.6699829101562,555954
2026-03-09 16:10:00+00:00,669.8900146484375,670.1900024414062,669.52001953125,669.8599853515625,530815
2026-03-09 16:15:00+00:00,669.9299926757812,670.02001953125,669.52001953125,669.8900146484375,484554
2026-03-09 16:20:00+00:00,670.489990234375,670.6300048828125,669.25,669.9299926757812,966655
2026-03-09 16:25:00+00:00,670.8699951171875,671.5999755859375,670.280029296875,670.489990234375,1190931
2026-03-09 16:30:00+00:00,670.8400268554688,671.010009765625,669.8900146484375,670.8699951171875,1163937
2026-03-09 16:35:00+00:00,671.0900268554688,671.3699951171875,670.75,670.8099975585938,779726
2026-03-09 16:40:00+00:00,671.8499755859375,671.9400024414062,671.0800170898438,671.0900268554688,628519
2026-03-09 16:45:00+00:00,671.97998046875,672.25,671.6900024414062,671.8414916992188,744298
2026-03-09 16:50:00+00:00,671.5399780273438,672.0499877929688,671.4290161132812,671.969970703125,720438
2026-03-09 16:55:00+00:00,671.2698974609375,671.9500122070312,671.1900024414062,671.530029296875,601405
2026-03-09 17:00:00+00:00,670.7899780273438,671.3599853515625,670.3800048828125,671.2750244140625,968683
2026-03-09 17:05:00+00:00,670.739990234375,670.9199829101562,670.3150024414062,670.7899780273438,532816
2026-03-09 17:10:00+00:00,670.6500244140625,671.02001953125,670.4099731445312,670.760009765625,451520
2026-03-09 17:15:00+00:00,669.75,670.7899780273438,669.6900024414062,670.64501953125,620607
2026-03-09 17:20:00+00:00,669.02001953125,669.8800048828125,668.9849853515625,669.75,931733
2026-03-09 17:25:00+00:00,668.844970703125,669.1099853515625,668.7100219726562,669.0399780273438,763865
2026-03-09 17:30:00+00:00,668.8099975585938,669.1199951171875,668.6300048828125,668.8400268554688,738706
2026-03-09 17:35:00+00:00,668.4600219726562,669.0,668.4299926757812,668.8300170898438,670533
2026-03-09 17:40:00+00:00,668.219970703125,668.760009765625,668.0900268554688,668.4600219726562,751751
2026-03-09 17:45:00+00:00,668.6099853515625,669.0800170898438,668.1900024414062,668.239990234375,738186
2026-03-09 17:50:00+00:00,669.1632080078125,669.25,668.47998046875,668.6099853515625,524479
2026-03-09 17:55:00+00:00,668.8150024414062,669.3400268554688,668.6699829101562,669.1500244140625,492123
2026-03-09 18:00:00+00:00,669.0599975585938,669.3300170898438,668.77001953125,668.8400268554688,722073
2026-03-09 18:05:00+00:00,669.1199951171875,669.7899780273438,668.9600219726562,669.0599975585938,794658
2026-03-09 18:10:00+00:00,669.5499877929688,669.7899780273438,669.0,669.114990234375,600808
2026-03-09 18:15:00+00:00,670.2100219726562,670.27001953125,669.3499755859375,669.5499877929688,557020
2026-03-09 18:20:00+00:00,670.0999755859375,670.8699951171875,669.5900268554688,670.2100219726562,969887
2026-03-09 18:25:00+00:00,670.0599975585938,670.22998046875,669.8900146484375,670.0900268554688,632400
2026-03-09 18:30:00+00:00,671.0599975585938,671.1799926757812,670.0,670.0599975585938,798346
2026-03-09 18:35:00+00:00,670.9500122070312,671.2999877929688,670.760009765625,671.0800170898438,763468
2026-03-09 18:40:00+00:00,670.8599243164062,671.030029296875,670.6300048828125,670.9400024414062,678991
2026-03-09 18:45:00+00:00,670.9400024414062,671.239990234375,670.780029296875,670.8499755859375,387848
2026-03-09 18:50:00+00:00,670.9000244140625,671.22998046875,670.7000122070312,670.9349975585938,632466
2026-03-09 18:55:00+00:00,670.0800170898438,670.8900756835938,669.9378051757812,670.8900756835938,869304
2026-03-09 19:00:00+00:00,670.280029296875,670.5800170898438,669.9099731445312,670.0999755859375,524534
2026-03-09 19:05:00+00:00,670.33642578125,670.4000244140625,669.9000244140625,670.27001953125,556354
2026-03-09 19:10:00+00:00,670.4400024414062,670.75,670.3200073242188,670.3402709960938,641602
2026-03-09 19:15:00+00:00,673.4099731445312,673.530029296875,670.3200073242188,670.4500122070312,2627754
2026-03-09 19:20:00+00:00,675.1300048828125,675.7000122070312,672.97998046875,673.4099731445312,5260784
2026-03-09 19:25:00+00:00,677.3900146484375,677.5150146484375,674.719970703125,675.1599731445312,3161730
2026-03-09 19:30:00+00:00,678.4199829101562,678.5150146484375,675.8800048828125,677.3699951171875,2369501
2026-03-09 19:35:00+00:00,679.6599731445312,679.9199829101562,677.260009765625,678.4199829101562,2759389
2026-03-09 19:40:00+00:00,677.875,679.6699829101562,676.969970703125,679.6599731445312,2357870
2026-03-09 19:45:00+00:00,678.02001953125,678.510009765625,677.3599853515625,677.8900146484375,1472921
2026-03-09 19:50:00+00:00,677.1199951171875,678.030029296875,676.77001953125,678.02001953125,2480011
2026-03-09 19:55:00+00:00,678.2999877929688,678.760009765625,676.9099731445312,677.1300048828125,4660021
2026-03-10 13:30:00+00:00,677.5900268554688,678.7849731445312,677.1400146484375,677.719970703125,4091915
2026-03-10 13:35:00+00:00,677.2575073242188,677.7899780273438,676.77001953125,677.5900268554688,1408064
2026-03-10 13:40:00+00:00,677.1799926757812,677.77001953125,675.8300170898438,677.239990234375,1331200
2026-03-10 13:45:00+00:00,677.2899780273438,677.530029296875,676.2999877929688,677.1699829101562,887547
2026-03-10 13:50:00+00:00,676.3049926757812,677.3699951171875,676.2999877929688,677.3400268554688,820571
2026-03-10 13:55:00+00:00,675.8499755859375,676.5800170898438,675.489990234375,676.3099975585938,863792
2026-03-10 14:00:00+00:00,676.1699829101562,676.25,674.9442749023438,675.8300170898438,1011078
2026-03-10 14:05:00+00:00,674.9099731445312,677.030029296875,674.760009765625,676.1900024414062,772341
2026-03-10 14:10:00+00:00,675.530029296875,675.6900024414062,674.8300170898438,674.9199829101562,674045
2026-03-10 14:15:00+00:00,676.27001953125,676.4500122070312,674.8200073242188,675.530029296875,753804
2026-03-10 14:20:00+00:00,677.1900024414062,677.489990234375,676.1649780273438,676.2542724609375,799052
2026-03-10 14:25:00+00:00,677.6199951171875,678.0499877929688,677.1699829101562,677.2100219726562,670961
2026-03-10 14:30:00+00:00,678.969970703125,679.1400146484375,677.6300048828125,677.6400146484375,671015
2026-03-10 14:35:00+00:00,679.5700073242188,679.5700073242188,678.6099853515625,678.9400024414062,709972
2026-03-10 14:40:00+00:00,680.030029296875,680.25,679.3099975585938,679.5700073242188,1037381
2026-03-10 14:45:00+00:00,680.3699951171875,680.375,679.5599975585938,680.0399780273438,982920
2026-03-10 14:50:00+00:00,680.77001953125,680.7999877929688,680.260009765625,680.3499755859375,665966
2026-03-10 14:55:00+00:00,681.1400146484375,681.1599731445312,680.6799926757812,680.77001953125,975215
2026-03-10 15:00:00+00:00,681.3699951171875,681.6849975585938,681.02001953125,681.1300048828125,1226514
2026-03-10 15:05:00+00:00,680.5900268554688,681.4099731445312,680.4650268554688,681.3900146484375,953624
2026-03-10 15:10:00+00:00,680.4000244140625,680.7999877929688,680.22998046875,680.5999755859375,595847
2026-03-10 15:15:00+00:00,681.4299926757812,681.530029296875,680.3699951171875,680.4000244140625,600420
2026-03-10 15:20:00+00:00,681.1599731445312,681.5800170898438,681.010009765625,681.4199829101562,569722
2026-03-10 15:25:00+00:00,681.1099853515625,681.27001953125,680.9000244140625,681.1900024414062,414941
2026-03-10 15:30:00+00:00,680.5599975585938,681.1708984375,680.4400024414062,681.0999755859375,572956
2026-03-10 15:35:00+00:00,681.02001953125,681.0599975585938,680.530029296875,680.5499877929688,472386
2026-03-10 15:40:00+00:00,681.489990234375,681.9498901367188,680.780029296875,681.0499877929688,691461
2026-03-10 15:45:00+00:00,681.2000122070312,681.6099853515625,680.8300170898438,681.489990234375,561062
2026-03-10 15:50:00+00:00,680.9299926757812,681.719970703125,680.8699951171875,681.2100219726562,595982
2026-03-10 15:55:00+00:00,681.3699951171875,681.4600219726562,680.8499755859375,680.9290161132812,495724
2026-03-10 16:00:00+00:00,680.530029296875,681.4000244140625,680.3699951171875,681.3599853515625,677280
2026-03-10 16:05:00+00:00,680.0499877929688,680.5700073242188,679.6799926757812,680.5399780273438,693511
2026-03-10 16:10:00+00:00,680.5,680.8499755859375,679.9400024414062,680.0449829101562,592340
2026-03-10 16:15:00+00:00,680.97998046875,681.25,680.260009765625,680.4949951171875,568696
2026-03-10 16:20:00+00:00,680.6920166015625,681.010009765625,680.2999877929688,680.989990234375,598696
2026-03-10 16:25:00+00:00,680.5999755859375,681.3300170898438,680.4199829101562,680.6799926757812,742874
2026-03-10 16:30:00+00:00,681.3800048828125,681.4000244140625,680.6099853515625,680.6099853515625,1147063
2026-03-10 16:35:00+00:00,681.5999755859375,681.6599731445312,681.239990234375,681.3800048828125,616198
2026-03-10 16:40:00+00:00,681.5399780273438,681.6500244140625,681.25,681.5800170898438,499140
2026-03-10 16:45:00+00:00,680.8800048828125,681.5800170898438,680.6199951171875,681.5499877929688,645684
2026-03-10 16:50:00+00:00,681.6400146484375,681.8200073242188,680.7313232421875,680.8900146484375,821159
2026-03-10 16:55:00+00:00,681.4500122070312,681.739990234375,681.3499755859375,681.6400146484375,417417
2026-03-10 17:00:00+00:00,681.864990234375,682.0800170898438,681.27001953125,681.4500122070312,873354
2026-03-10 17:05:00+00:00,682.0501098632812,682.3499755859375,681.8099975585938,681.8720092773438,771156
2026-03-10 17:10:00+00:00,681.8101196289062,682.3400268554688,681.5800170898438,682.030029296875,685236
2026-03-10 17:15:00+00:00,682.6699829101562,682.72998046875,681.760009765625,681.8300170898438,971121
2026-03-10 17:20:00+00:00,682.6799926757812,682.7999877929688,682.3200073242188,682.6699829101562,736975
2026-03-10 17:25:00+00:00,683.2650146484375,683.3599853515625,682.5700073242188,682.6799926757812,906427
2026-03-10 17:30:00+00:00,682.0499877929688,683.25,681.97998046875,683.25,1011645
2026-03-10 17:35:00+00:00,681.3400268554688,682.2000122070312,680.6300048828125,682.0700073242188,1429594
2026-03-10 17:40:00+00:00,681.2899780273438,681.7899780273438,681.0,681.3099975585938,838041
2026-03-10 17:45:00+00:00,682.0880126953125,682.47998046875,681.1799926757812,681.2822265625,649469
2026-03-10 17:50:00+00:00,682.3800048828125,682.5900268554688,682.0,682.0399780273438,532220
2026-03-10 17:55:00+00:00,682.0469970703125,682.4000244140625,681.8250122070312,682.3599853515625,486829
2026-03-10 18:00:00+00:00,682.0499877929688,682.1900024414062,681.72998046875,682.0499877929688,874211
2026-03-10 18:05:00+00:00,681.4600219726562,682.0999755859375,681.3099975585938,682.0599975585938,586337
2026-03-10 18:10:00+00:00,678.6099853515625,682.02001953125,678.5999755859375,681.4500122070312,1974030
2026-03-10 18:15:00+00:00,678.0900268554688,679.7999877929688,677.6749877929688,678.6500244140625,3206640
2026-03-10 18:20:00+00:00,678.4249877929688,679.0599975585938,677.3800048828125,678.0499877929688,2158158
2026-03-10 18:25:00+00:00,679.3499755859375,680.1500244140625,678.3800048828125,678.4299926757812,1462627
2026-03-10 18:30:00+00:00,679.739990234375,680.3699951171875,678.9199829101562,679.3150024414062,1089047
2026-03-10 18:35:00+00:00,678.9400024414062,680.1099853515625,678.3800048828125,679.719970703125,1251092
2026-03-10 18:40:00+00:00,678.72998046875,679.4500122070312,678.4400024414062,678.9299926757812,733896
2026-03-10 18:45:00+00:00,678.9500122070312,679.4199829101562,678.530029296875,678.719970703125,482790
2026-03-10 18:50:00+00:00,678.8767700195312,679.7999877929688,678.4299926757812,678.97998046875,675687
2026-03-10 18:55:00+00:00,678.5,679.1599731445312,678.4000244140625,678.8900146484375,457254
2026-03-10 19:00:00+00:00,678.510009765625,679.0,678.2899169921875,678.52001953125,614245
2026-03-10 19:05:00+00:00,678.739990234375,678.9349975585938,678.0599975585938,678.5,818876
2026-03-10 19:10:00+00:00,678.9400024414062,679.0474853515625,678.1400146484375,678.6900024414062,659162
2026-03-10 19:15:00+00:00,679.3300170898438,679.530029296875,678.72998046875,678.9450073242188,583215
2026-03-10 19:20:00+00:00,678.6199951171875,679.4099731445312,677.8599853515625,679.3099975585938,1366337
2026-03-10 19:25:00+00:00,677.4099731445312,678.6400146484375,677.4099731445312,678.6300048828125,776296
2026-03-10 19:30:00+00:00,677.030029296875,677.619384765625,676.75,677.4199829101562,1068303
2026-03-10 19:35:00+00:00,677.5,677.6500244140625,676.6099853515625,677.0399780273438,1305529
2026-03-10 19:40:00+00:00,677.4550170898438,678.3200073242188,676.8099975585938,677.5,1959393
2026-03-10 19:45:00+00:00,676.760009765625,677.77001953125,676.469970703125,677.4500122070312,1139288
2026-03-10 19:50:00+00:00,676.75,677.0197143554688,676.25,676.77001953125,1650620
2026-03-10 19:55:00+00:00,677.0499877929688,677.1900024414062,676.22998046875,676.75,3286859
2026-03-11 13:30:00+00:00,677.780029296875,678.3800048828125,677.52001953125,677.5800170898438,3562491
2026-03-11 13:35:00+00:00,678.3900146484375,678.4400024414062,677.6099853515625,677.780029296875,852127
2026-03-11 13:40:00+00:00,677.3499755859375,678.5,677.1699829101562,678.3800048828125,837445
2026-03-11 13:45:00+00:00,676.6900024414062,677.9199829101562,676.4199829101562,677.3599853515625,1085181
2026-03-11 13:50:00+00:00,677.02001953125,677.6494750976562,676.1300048828125,676.7100219726562,910581
2026-03-11 13:55:00+00:00,677.8900146484375,678.1699829101562,676.530029296875,677.0399780273438,912257
2026-03-11 14:00:00+00:00,678.34912109375,680.0800170898438,677.6900024414062,677.9000244140625,2443610
2026-03-11 14:05:00+00:00,677.9998779296875,679.0499877929688,677.4299926757812,678.3499755859375,1024922
2026-03-11 14:10:00+00:00,678.0401000976562,678.280029296875,677.02001953125,678.0,789399
2026-03-11 14:15:00+00:00,677.8009033203125,678.260009765625,676.9400024414062,678.030029296875,569081
2026-03-11 14:20:00+00:00,676.1300048828125,677.8699951171875,676.1199951171875,677.75,689667
2026-03-11 14:25:00+00:00,676.1500244140625,676.3099975585938,675.1950073242188,676.1199951171875,1052960
2026-03-11 14:30:00+00:00,675.5,676.8099975585938,675.2000122070312,676.1400146484375,859056
2026-03-11 14:35:00+00:00,676.75,677.1500244140625,675.4600219726562,675.498291015625,662552
2026-03-11 14:40:00+00:00,677.3499755859375,677.6500244140625,676.52001953125,676.72998046875,562790
2026-03-11 14:45:00+00:00,677.7100219726562,677.7899780273438,676.989990234375,677.344970703125,548112
2026-03-11 14:50:00+00:00,677.7999877929688,677.9299926757812,677.4400024414062,677.6900024414062,361527
2026-03-11 14:55:00+00:00,678.0700073242188,678.3800048828125,677.52001953125,677.8200073242188,435323
2026-03-11 15:00:00+00:00,677.8499755859375,678.6400146484375,676.9199829101562,678.0800170898438,996201
2026-03-11 15:05:00+00:00,677.1099853515625,677.9099731445312,676.9400024414062,677.8599853515625,432031
2026-03-11 15:10:00+00:00,675.7999877929688,677.52001953125,675.280029296875,677.0999755859375,957591
2026-03-11 15:15:00+00:00,675.4000244140625,675.8399047851562,674.8800048828125,675.7849731445312,983377
2026-03-11 15:20:00+00:00,676.239990234375,676.3400268554688,675.1799926757812,675.4099731445312,828528
2026-03-11 15:25:00+00:00,674.6699829101562,676.530029296875,674.5900268554688,676.239990234375,853098
2026-03-11 15:30:00+00:00,674.8900146484375,675.1699829101562,674.0999755859375,674.6799926757812,1011044
2026-03-11 15:35:00+00:00,674.8699951171875,675.2899780273438,674.6799926757812,674.8881225585938,457241
2026-03-11 15:40:00+00:00,674.2449951171875,675.1400146484375,674.2100219726562,674.8599853515625,455411
2026-03-11 15:45:00+00:00,673.989990234375,674.3499755859375,673.6400146484375,674.260009765625,716848
2026-03-11 15:50:00+00:00,674.989990234375,674.989990234375,673.9849853515625,674.0499877929688,657879
2026-03-11 15:55:00+00:00,674.2017822265625,675.0399780273438,674.1599731445312,674.9199829101562,453397
2026-03-11 16:00:00+00:00,673.6740112304688,674.2899780273438,673.5599975585938,674.1900024414062,674655
2026-03-11 16:05:00+00:00,673.719970703125,674.0449829101562,673.510009765625,673.6699829101562,458100
2026-03-11 16:10:00+00:00,674.3699951171875,674.4000244140625,673.5800170898438,673.7000122070312,1350174
2026-03-11 16:15:00+00:00,673.8599853515625,674.510009765625,673.8099975585938,674.3400268554688,389241
2026-03-11 16:20:00+00:00,674.3900146484375,674.7299194335938,673.72998046875,673.8699951171875,498400
2026-03-11 16:25:00+00:00,674.7050170898438,674.739990234375,674.0800170898438,674.3826293945312,457445
2026-03-11 16:30:00+00:00,675.7899780273438,675.905029296875,674.6500244140625,674.7000122070312,749645
2026-03-11 16:35:00+00:00,675.3499755859375,675.9299926757812,675.0900268554688,675.7999877929688,457171
2026-03-11 16:40:00+00:00,675.47998046875,676.0175170898438,675.280029296875,675.3499755859375,435524
2026-03-11 16:45:00+00:00,675.3300170898438,675.780029296875,675.1500244140625,675.47998046875,410641
2026-03-11 16:50:00+00:00,675.9550170898438,676.0565795898438,675.3099975585938,675.3300170898438,310379
2026-03-11 16:55:00+00:00,676.2899780273438,676.3200073242188,675.72998046875,675.9600219726562,361304
2026-03-11 17:00:00+00:00,676.1300048828125,676.5499877929688,676.0800170898438,676.239990234375,379381
2026-03-11 17:05:00+00:00,676.1599731445312,676.5599975585938,676.0650024414062,676.1300048828125,340888
2026-03-11 17:10:00+00:00,675.767822265625,676.22998046875,675.5399780273438,676.1699829101562,1003231
2026-03-11 17:15:00+00:00,675.52001953125,676.0599975585938,675.3300170898438,675.760009765625,479523
2026-03-11 17:20:00+00:00,676.239990234375,676.239990234375,675.530029296875,675.5599975585938,251419
2026-03-11 17:25:00+00:00,676.4600219726562,676.77001953125,676.1099853515625,676.22998046875,418733
2026-03-11 17:30:00+00:00,676.1400146484375,676.639892578125,675.97998046875,676.469970703125,372346
2026-03-11 17:35:00+00:00,674.3300170898438,676.2999877929688,673.3400268554688,676.1300048828125,1802566
2026-03-11 17:40:00+00:00,674.530029296875,674.989990234375,673.75,674.3800048828125,1159003
2026-03-11 17:45:00+00:00,674.8599853515625,675.0,674.22998046875,674.5399780273438,594231
2026-03-11 17:50:00+00:00,675.030029296875,675.780029296875,674.8300170898438,674.8300170898438,562235
2026-03-11 17:55:00+00:00,674.989990234375,675.25,674.47998046875,675.010009765625,498146
2026-03-11 18:00:00+00:00,675.0499877929688,675.22998046875,674.739990234375,674.989990234375,665801
2026-03-11 18:05:00+00:00,674.3699951171875,675.125,674.2899780273438,675.0599975585938,453023
2026-03-11 18:10:00+00:00,674.3400268554688,674.4500122070312,673.7000122070312,674.3499755859375,872604
2026-03-11 18:15:00+00:00,674.8200073242188,675.030029296875,674.2000122070312,674.3599853515625,516977
2026-03-11 18:20:00+00:00,674.7999877929688,675.219970703125,674.3300170898438,674.8300170898438,554113
2026-03-11 18:25:00+00:00,675.27001953125,675.510009765625,674.5900268554688,674.760009765625,530188
2026-03-11 18:30:00+00:00,675.530029296875,675.5599975585938,675.1400146484375,675.27001953125,1236775
2026-03-11 18:35:00+00:00,675.02001953125,675.5700073242188,674.989990234375,675.5399780273438,897479
2026-03-11 18:40:00+00:00,675.0587768554688,675.2000122070312,674.7899780273438,675.02001953125,542932
2026-03-11 18:45:00+00:00,674.8078002929688,675.2899780273438,674.760009765625,675.0700073242188,436204
2026-03-11 18:50:00+00:00,675.4901123046875,675.7100219726562,674.8150024414062,674.8150024414062,466655
2026-03-11 18:55:00+00:00,675.25,675.7899780273438,675.02001953125,675.489990234375,505065
2026-03-11 19:00:00+00:00,674.8800048828125,675.469970703125,674.469970703125,675.260009765625,982091
2026-03-11 19:05:00+00:00,674.8150024414062,675.0,674.5650024414062,674.8699951171875,501920
2026-03-11 19:10:00+00:00,674.489990234375,674.9500122070312,674.3400268554688,674.8300170898438,493702
2026-03-11 19:15:00+00:00,674.9199829101562,675.030029296875,674.3200073242188,674.4849853515625,697045
2026-03-11 19:20:00+00:00,674.8800048828125,675.0700073242188,674.5,674.9249877929688,676472
2026-03-11 19:25:00+00:00,674.9749755859375,675.260009765625,674.7899780273438,674.864990234375,605784
2026-03-11 19:30:00+00:00,675.7449951171875,675.8900146484375,674.75,674.989990234375,761883
2026-03-11 19:35:00+00:00,675.844970703125,676.0,675.469970703125,675.780029296875,890341
2026-03-11 19:40:00+00:00,676.0761108398438,676.25,675.6900024414062,675.8599853515625,570974
2026-03-11 19:45:00+00:00,675.6300048828125,676.22998046875,675.5,676.0700073242188,909719
2026-03-11 19:50:00+00:00,676.3499755859375,676.3900146484375,675.4099731445312,675.6300048828125,1723027
2026-03-11 19:55:00+00:00,676.3300170898438,676.5999755859375,676.1400146484375,676.3499755859375,2815703
2026-03-12 13:30:00+00:00,670.8499755859375,671.3699951171875,669.8800048828125,671.1599731445312,4664746
2026-03-12 13:35:00+00:00,671.4000244140625,671.6500244140625,670.4099731445312,670.8400268554688,1687981
2026-03-12 13:40:00+00:00,670.2899780273438,671.5499877929688,670.22998046875,671.3599853515625,1343733
2026-03-12 13:45:00+00:00,670.1799926757812,670.280029296875,668.7449951171875,670.280029296875,2327709
2026-03-12 13:50:00+00:00,669.0399780273438,670.9099731445312,669.0399780273438,670.1799926757812,1542906
2026-03-12 13:55:00+00:00,668.8699951171875,669.2498779296875,668.1829833984375,669.0499877929688,1556046
2026-03-12 14:00:00+00:00,670.2899780273438,670.9199829101562,668.8099975585938,668.8699951171875,1889815
2026-03-12 14:05:00+00:00,670.3200073242188,670.6400146484375,669.7000122070312,670.2999877929688,1262266
2026-03-12 14:10:00+00:00,670.969970703125,671.1400146484375,670.1300048828125,670.3400268554688,949418
2026-03-12 14:15:00+00:00,669.5999755859375,671.2000122070312,669.5399780273438,670.989990234375,1162028
2026-03-12 14:20:00+00:00,669.3400268554688,669.6599731445312,669.0399780273438,669.5999755859375,1001760
2026-03-12 14:25:00+00:00,668.0599975585938,669.9400024414062,668.0499877929688,669.3300170898438,1072089
2026-03-12 14:30:00+00:00,668.0,668.25,667.6400146484375,668.0599975585938,1397091
2026-03-12 14:35:00+00:00,667.9600219726562,668.7000122070312,667.2999877929688,668.0,1357333
2026-03-12 14:40:00+00:00,668.9550170898438,669.1199951171875,667.60009765625,667.9600219726562,1018871
2026-03-12 14:45:00+00:00,668.4000244140625,670.5499877929688,668.1400146484375,668.9299926757812,1998649
2026-03-12 14:50:00+00:00,668.47998046875,668.6840209960938,668.0800170898438,668.3800048828125,1154830
2026-03-12 14:55:00+00:00,668.5,668.9299926757812,668.3200073242188,668.469970703125,923358
2026-03-12 15:00:00+00:00,668.1500244140625,668.7999877929688,667.6699829101562,668.510009765625,1056094
2026-03-12 15:05:00+00:00,667.9199829101562,668.4299926757812,667.8499755859375,668.1099853515625,656836
2026-03-12 15:10:00+00:00,667.3800048828125,667.905029296875,666.9199829101562,667.9000244140625,1218499
2026-03-12 15:15:00+00:00,667.3250122070312,667.739990234375,667.1199951171875,667.3800048828125,847863
2026-03-12 15:20:00+00:00,667.8499755859375,667.9099731445312,667.0599975585938,667.3300170898438,923932
2026-03-12 15:25:00+00:00,668.1699829101562,668.75,667.780029296875,667.8400268554688,1069094
2026-03-12 15:30:00+00:00,667.8699951171875,668.5800170898438,667.6699829101562,668.1699829101562,778194
2026-03-12 15:35:00+00:00,669.9500122070312,670.030029296875,667.239990234375,667.8720092773438,1709908
2026-03-12 15:40:00+00:00,669.7999877929688,670.3099975585938,668.6500244140625,669.9400024414062,2308090
2026-03-12 15:45:00+00:00,669.1599731445312,670.02001953125,668.469970703125,669.8200073242188,1619828
2026-03-12 15:50:00+00:00,669.5449829101562,669.6799926757812,668.6900024414062,669.1799926757812,788666
2026-03-12 15:55:00+00:00,669.2999267578125,669.5700073242188,668.8499755859375,669.544189453125,812112
2026-03-12 16:00:00+00:00,670.02001953125,670.0499877929688,669.0499877929688,669.3099975585938,735864
2026-03-12 16:05:00+00:00,667.8400268554688,670.3099975585938,667.6699829101562,670.010009765625,1289032
2026-03-12 16:10:00+00:00,668.9199829101562,668.9600219726562,667.72998046875,667.8499755859375,884023
2026-03-12 16:15:00+00:00,669.6599731445312,670.030029296875,668.8400268554688,668.8900146484375,896357
2026-03-12 16:20:00+00:00,669.760009765625,671.3099975585938,669.5999755859375,669.6500244140625,1941957
2026-03-12 16:25:00+00:00,668.8400268554688,669.8400268554688,668.6599731445312,669.77001953125,1089708
2026-03-12 16:30:00+00:00,669.260009765625,669.7100219726562,668.3400268554688,668.77001953125,924218
2026-03-12 16:35:00+00:00,670.0601196289062,670.2899780273438,669.1199951171875,669.239990234375,956782
2026-03-12 16:40:00+00:00,669.6909790039062,670.1400146484375,669.4000244140625,670.0900268554688,800086
2026-03-12 16:45:00+00:00,668.8358764648438,669.7899780273438,668.0399780273438,669.6699829101562,659959
2026-03-12 16:50:00+00:00,668.451904296875,669.260009765625,668.0800170898438,668.8099975585938,677052
2026-03-12 16:55:00+00:00,668.8400268554688,668.989990234375,668.1900024414062,668.4299926757812,526334
2026-03-12 17:00:00+00:00,669.7100219726562,669.75,668.6849975585938,668.8300170898438,594937
2026-03-12 17:05:00+00:00,668.9500122070312,670.3098754882812,668.77001953125,669.7100219726562,740348
2026-03-12 17:10:00+00:00,668.6986083984375,669.489990234375,668.619873046875,668.9000244140625,462968
2026-03-12 17:15:00+00:00,668.1300048828125,668.9299926757812,668.1099853515625,668.6900024414062,752499
2026-03-12 17:20:00+00:00,669.0399780273438,669.3800048828125,667.989990234375,668.1199951171875,1002254
2026-03-12 17:25:00+00:00,668.5599975585938,669.3099975585938,668.3800048828125,669.0399780273438,524900
2026-03-12 17:30:00+00:00,668.8599853515625,669.2000122070312,668.530029296875,668.5599975585938,589265
2026-03-12 17:35:00+00:00,669.47998046875,669.530029296875,668.8400268554688,668.8599853515625,872449
2026-03-12 17:40:00+00:00,668.5399780273438,669.75,668.4503784179688,669.5,899978
2026-03-12 17:45:00+00:00,668.22998046875,668.7899780273438,667.9500122070312,668.5399780273438,876598
2026-03-12 17:50:00+00:00,668.0800170898438,668.8099975585938,668.0700073242188,668.2100219726562,525913
2026-03-12 17:55:00+00:00,668.1600952148438,668.260009765625,667.2700805664062,668.0900268554688,1479028
2026-03-12 18:00:00+00:00,668.530029296875,668.989990234375,668.1699829101562,668.1699829101562,1181757
2026-03-12 18:05:00+00:00,668.6699829101562,669.1599731445312,668.219970703125,668.5399780273438,584315
2026-03-12 18:10:00+00:00,668.9197998046875,668.97998046875,668.52001953125,668.6900024414062,444925
2026-03-12 18:15:00+00:00,668.25,669.219970703125,668.1900024414062,668.9199829101562,623203
2026-03-12 18:20:00+00:00,668.1148071289062,668.3787231445312,667.780029296875,668.280029296875,1040182
2026-03-12 18:25:00+00:00,668.1900024414062,668.2899780273438,667.6901245117188,668.0999755859375,698583
2026-03-12 18:30:00+00:00,667.844970703125,668.47998046875,667.780029296875,668.1799926757812,685480
2026-03-12 18:35:00+00:00,667.875,668.0499877929688,667.47998046875,667.8499755859375,1980669
2026-03-12 18:40:00+00:00,667.6984252929688,667.9550170898438,667.510009765625,667.8800048828125,744209
2026-03-12 18:45:00+00:00,667.4600219726562,667.919921875,667.4000244140625,667.6799926757812,660391
2026-03-12 18:50:00+00:00,667.7999877929688,668.1799926757812,667.4400024414062,667.4550170898438,674281
2026-03-12 18:55:00+00:00,667.3289794921875,667.7899780273438,667.2000122070312,667.7899780273438,976248
2026-03-12 19:00:00+00:00,667.3250122070312,668.0399780273438,666.8699951171875,667.3200073242188,1556211
2026-03-12 19:05:00+00:00,667.6099853515625,667.9400024414062,667.176025390625,667.3200073242188,1160431
2026-03-12 19:10:00+00:00,667.5250244140625,667.8900146484375,666.989990234375,667.6099853515625,1000689
2026-03-12 19:15:00+00:00,667.7319946289062,667.9400024414062,667.2999877929688,667.5399780273438,1430614
2026-03-12 19:20:00+00:00,667.8599853515625,668.3900146484375,667.5599975585938,667.72998046875,1244811
2026-03-12 19:25:00+00:00,667.97998046875,668.1599731445312,667.6614990234375,667.8499755859375,912004
2026-03-12 19:30:00+00:00,668.2999877929688,668.6500244140625,667.9166259765625,667.989990234375,1146329
2026-03-12 19:35:00+00:00,667.9299926757812,668.4000244140625,667.659912109375,668.2999877929688,1095500
2026-03-12 19:40:00+00:00,667.1900024414062,667.9400024414062,667.0399780273438,667.9199829101562,1425256
2026-03-12 19:45:00+00:00,666.719970703125,667.219970703125,666.489990234375,667.1799926757812,2153372
2026-03-12 19:50:00+00:00,666.77001953125,666.9400024414062,666.1300048828125,666.719970703125,2280500
2026-03-12 19:55:00+00:00,666.0399780273438,667.0700073242188,665.905029296875,666.780029296875,4671020
2026-03-13 13:30:00+00:00,669.7849731445312,670.3099975585938,669.1500244140625,669.27001953125,4663838
2026-03-13 13:35:00+00:00,670.3800048828125,670.6900024414062,668.9600219726562,669.780029296875,1457370
2026-03-13 13:40:00+00:00,671.9400024414062,671.969970703125,670.1160278320312,670.4000244140625,1480051
2026-03-13 13:45:00+00:00,671.1199951171875,672.3350219726562,671.0800170898438,671.9199829101562,1951312
2026-03-13 13:50:00+00:00,671.6912841796875,671.8599853515625,670.6400146484375,671.1300048828125,1110199
2026-03-13 13:55:00+00:00,670.530029296875,671.719970703125,670.3699951171875,671.7100219726562,1348555
2026-03-13 14:00:00+00:00,670.0800170898438,671.25,669.72998046875,670.5399780273438,1131231
2026-03-13 14:05:00+00:00,669.3300170898438,670.530029296875,669.1199951171875,670.0900268554688,924287
2026-03-13 14:10:00+00:00,668.8602905273438,669.5,668.780029296875,669.2999877929688,1064409
2026-03-13 14:15:00+00:00,668.1799926757812,669.0900268554688,667.72998046875,668.8599853515625,1277319
2026-03-13 14:20:00+00:00,668.6500244140625,669.0800170898438,668.1099853515625,668.1799926757812,929622
2026-03-13 14:25:00+00:00,668.840087890625,669.27001953125,668.22998046875,668.6599731445312,879766
2026-03-13 14:30:00+00:00,669.5,670.22998046875,668.6900024414062,668.8699951171875,885717
2026-03-13 14:35:00+00:00,668.8800048828125,669.5399780273438,668.4299926757812,669.510009765625,671519
2026-03-13 14:40:00+00:00,667.2899780273438,668.8800048828125,667.219970703125,668.8800048828125,911316
2026-03-13 14:45:00+00:00,667.0499877929688,667.3800048828125,666.2899780273438,667.2899780273438,1544390
2026-03-13 14:50:00+00:00,666.530029296875,667.5999755859375,666.4500122070312,667.0499877929688,1136398
2026-03-13 14:55:00+00:00,665.3300170898438,666.8499755859375,664.989990234375,666.510009765625,1854148
2026-03-13 15:00:00+00:00,665.0999755859375,665.7100219726562,664.530029296875,665.3400268554688,1439580
2026-03-13 15:05:00+00:00,666.1699829101562,666.1799926757812,664.9000244140625,665.1199951171875,1197607
2026-03-13 15:10:00+00:00,666.8499755859375,666.9400024414062,665.739990234375,666.1699829101562,1114128
2026-03-13 15:15:00+00:00,665.8350219726562,666.9000244140625,665.7999877929688,666.8499755859375,893978
2026-03-13 15:20:00+00:00,664.7899780273438,666.3699951171875,664.7750244140625,665.8300170898438,967628
2026-03-13 15:25:00+00:00,664.5900268554688,664.9099731445312,664.4299926757812,664.7899780273438,1200792
2026-03-13 15:30:00+00:00,665.1400146484375,665.3300170898438,664.3200073242188,664.5700073242188,1003494
2026-03-13 15:35:00+00:00,664.6300048828125,665.2999877929688,663.969970703125,665.1400146484375,1033314
2026-03-13 15:40:00+00:00,663.6900024414062,664.8599853515625,663.3499755859375,664.5999755859375,978893
2026-03-13 15:45:00+00:00,664.3198852539062,665.1599731445312,663.27001953125,663.64501953125,1698097
2026-03-13 15:50:00+00:00,663.8920288085938,664.4500122070312,663.3099975585938,664.3400268554688,901814
2026-03-13 15:55:00+00:00,663.3800048828125,663.9600219726562,663.0999755859375,663.8800048828125,808679
2026-03-13 16:00:00+00:00,663.9099731445312,664.2899780273438,663.3400268554688,663.3599853515625,834305
2026-03-13 16:05:00+00:00,664.4500122070312,664.6900024414062,663.6300048828125,663.9299926757812,683865
2026-03-13 16:10:00+00:00,663.969970703125,664.9650268554688,663.418701171875,664.469970703125,800159
2026-03-13 16:15:00+00:00,663.7899780273438,664.27001953125,663.4600219726562,663.97998046875,643970
2026-03-13 16:20:00+00:00,664.1300048828125,664.5999755859375,663.6199951171875,663.780029296875,788834
2026-03-13 16:25:00+00:00,664.3300170898438,664.52001953125,663.5599975585938,664.1300048828125,737705
2026-03-13 16:30:00+00:00,664.1099853515625,664.8699951171875,664.0,664.3200073242188,805757
2026-03-13 16:35:00+00:00,664.4000244140625,665.22998046875,664.0999755859375,664.1099853515625,954389
2026-03-13 16:40:00+00:00,663.75,664.7999877929688,663.719970703125,664.3599853515625,667312
2026-03-13 16:45:00+00:00,664.030029296875,664.0700073242188,663.239990234375,663.739990234375,808534
2026-03-13 16:50:00+00:00,664.8400268554688,664.969970703125,663.9099731445312,664.030029296875,672980
2026-03-13 16:55:00+00:00,663.3350219726562,664.969970703125,663.135009765625,664.8300170898438,1076154
2026-03-13 17:00:00+00:00,663.469970703125,663.6900024414062,663.2899780273438,663.3200073242188,730877
2026-03-13 17:05:00+00:00,663.9199829101562,664.1099853515625,663.1300048828125,663.469970703125,592339
2026-03-13 17:10:00+00:00,664.719970703125,664.719970703125,663.3300170898438,663.9299926757812,838427
2026-03-13 17:15:00+00:00,664.77001953125,665.0800170898438,664.1799926757812,664.75,558368
2026-03-13 17:20:00+00:00,664.469970703125,664.8099975585938,663.7899780273438,664.780029296875,458785
2026-03-13 17:25:00+00:00,664.3699951171875,664.6500244140625,663.8499755859375,664.4500122070312,593614
2026-03-13 17:30:00+00:00,664.0198974609375,664.52001953125,663.739990234375,664.3499755859375,600557
2026-03-13 17:35:00+00:00,664.1300048828125,664.2899780273438,663.719970703125,664.02001953125,825044
2026-03-13 17:40:00+00:00,663.9400024414062,664.25,663.4400024414062,664.1400146484375,680111
2026-03-13 17:45:00+00:00,662.469970703125,664.1699829101562,662.4000244140625,663.9400024414062,1151734
2026-03-13 17:50:00+00:00,662.64501953125,662.8699951171875,662.0800170898438,662.4600219726562,1306408
2026-03-13 17:55:00+00:00,662.6300048828125,663.0399780273438,662.3400268554688,662.6599731445312,893058
2026-03-13 18:00:00+00:00,663.1519165039062,663.2999877929688,662.5700073242188,662.6400146484375,802454
2026-03-13 18:05:00+00:00,663.1300048828125,663.3099975585938,662.75,663.1500244140625,612661
2026-03-13 18:10:00+00:00,663.3800048828125,663.52001953125,663.0438842773438,663.1300048828125,739316
2026-03-13 18:15:00+00:00,662.9400024414062,663.72998046875,662.8201293945312,663.3699951171875,807682
2026-03-13 18:20:00+00:00,662.6849975585938,663.0999755859375,662.4500122070312,662.9450073242188,479515
2026-03-13 18:25:00+00:00,663.3400268554688,663.4099731445312,662.6400146484375,662.7000122070312,541400
2026-03-13 18:30:00+00:00,663.969970703125,664.22998046875,663.0999755859375,663.3300170898438,641025
2026-03-13 18:35:00+00:00,664.1500244140625,664.4600219726562,663.885009765625,663.969970703125,564288
2026-03-13 18:40:00+00:00,664.4299926757812,664.5599975585938,663.9818115234375,664.1599731445312,473310
2026-03-13 18:45:00+00:00,664.5599975585938,664.6699829101562,664.22998046875,664.4099731445312,670167
2026-03-13 18:50:00+00:00,664.5399780273438,664.8099975585938,664.1799926757812,664.5599975585938,536679
2026-03-13 18:55:00+00:00,664.1799926757812,664.5499877929688,663.9400024414062,664.5499877929688,603832
2026-03-13 19:00:00+00:00,663.5999755859375,664.2000122070312,663.5800170898438,664.1799926757812,799597
2026-03-13 19:05:00+00:00,663.6799926757812,663.8499755859375,663.2550048828125,663.5900268554688,867973
2026-03-13 19:10:00+00:00,663.5349731445312,663.989990234375,663.4000244140625,663.6699829101562,1153779
2026-03-13 19:15:00+00:00,663.5900268554688,663.9099731445312,663.4000244140625,663.5399780273438,1281956
2026-03-13 19:20:00+00:00,662.739990234375,663.5800170898438,662.510009765625,663.5800170898438,892677
2026-03-13 19:25:00+00:00,662.3699951171875,662.77001953125,662.1599731445312,662.719970703125,1017872
2026-03-13 19:30:00+00:00,662.4799194335938,663.0,662.3400268554688,662.3699951171875,989227
2026-03-13 19:35:00+00:00,661.8049926757812,662.5750122070312,661.77001953125,662.469970703125,1154372
2026-03-13 19:40:00+00:00,661.6900024414062,661.9650268554688,661.3599853515625,661.7999877929688,1255522
2026-03-13 19:45:00+00:00,661.8900146484375,661.9879760742188,661.4000244140625,661.6900024414062,1633736
2026-03-13 19:50:00+00:00,662.0499877929688,662.2650146484375,661.5349731445312,661.8900146484375,2497000
2026-03-13 19:55:00+00:00,662.2999877929688,662.489990234375,661.885009765625,662.0499877929688,3846028
2026-03-16 13:30:00+00:00,668.5700073242188,668.8800048828125,667.7000122070312,668.3800048828125,4904373
2026-03-16 13:35:00+00:00,669.010009765625,669.0800170898438,668.5,668.5800170898438,1325954
2026-03-16 13:40:00+00:00,669.6400146484375,669.760009765625,668.7000122070312,669.02001953125,1358427
2026-03-16 13:45:00+00:00,669.989990234375,670.6099853515625,669.469970703125,669.6300048828125,1726551
2026-03-16 13:50:00+00:00,669.7999877929688,670.030029296875,669.5499877929688,669.97998046875,1360710
2026-03-16 13:55:00+00:00,670.7999877929688,670.9000244140625,669.489990234375,669.8099975585938,1244172
2026-03-16 14:00:00+00:00,670.3200073242188,670.8900146484375,669.989990234375,670.7999877929688,898484
2026-03-16 14:05:00+00:00,670.7999877929688,671.0599975585938,670.0499877929688,670.3300170898438,809167
2026-03-16 14:10:00+00:00,670.6400146484375,671.4000244140625,670.4298706054688,670.7999877929688,1143663
2026-03-16 14:15:00+00:00,670.5700073242188,671.2100219726562,670.4000244140625,670.6500244140625,1173763
2026-03-16 14:20:00+00:00,670.9949951171875,671.3499755859375,670.510009765625,670.5800170898438,887370
2026-03-16 14:25:00+00:00,670.27001953125,671.1400146484375,670.25,670.989990234375,901751
2026-03-16 14:30:00+00:00,669.0750122070312,670.3499755859375,668.969970703125,670.27001953125,1132678
2026-03-16 14:35:00+00:00,668.4000244140625,669.6513061523438,668.3300170898438,669.0700073242188,1535612
2026-03-16 14:40:00+00:00,668.219970703125,668.760009765625,668.0499877929688,668.4000244140625,1120183
2026-03-16 14:45:00+00:00,668.0239868164062,668.6599731445312,667.7999877929688,668.2100219726562,1062913
2026-03-16 14:50:00+00:00,669.1875,669.2650146484375,667.5750122070312,668.02001953125,1081539
2026-03-16 14:55:00+00:00,669.8300170898438,669.8300170898438,668.8800048828125,669.1699829101562,698503
2026-03-16 15:00:00+00:00,669.0599975585938,669.8699951171875,668.9199829101562,669.8400268554688,663138
2026-03-16 15:05:00+00:00,669.2899780273438,669.2999877929688,668.6199951171875,669.0599975585938,514451
2026-03-16 15:10:00+00:00,669.3900756835938,669.5599975585938,668.6599731445312,669.2899780273438,540781
2026-03-16 15:15:00+00:00,669.6607055664062,669.6699829101562,668.8200073242188,669.3800048828125,486709
2026-03-16 15:20:00+00:00,670.1599731445312,670.2999877929688,669.4600219726562,669.6900024414062,1130500
2026-03-16 15:25:00+00:00,670.0599975585938,670.3200073242188,669.6900024414062,670.1699829101562,499724
2026-03-16 15:30:00+00:00,670.4199829101562,670.5800170898438,670.030029296875,670.0399780273438,705690
2026-03-16 15:35:00+00:00,670.1799926757812,670.6400146484375,670.1599731445312,670.4400024414062,443409
2026-03-16 15:40:00+00:00,669.8699951171875,670.239990234375,669.739990234375,670.1599731445312,526080
2026-03-16 15:45:00+00:00,670.114990234375,670.2899780273438,669.7999877929688,669.8599853515625,287920
2026-03-16 15:50:00+00:00,669.4099731445312,670.1300048828125,669.0800170898438,670.1300048828125,1105145
2026-03-16 15:55:00+00:00,668.469970703125,669.6099853515625,668.4400024414062,669.4099731445312,812997
2026-03-16 16:00:00+00:00,668.22998046875,668.8900146484375,668.2100219726562,668.469970703125,699349
2026-03-16 16:05:00+00:00,668.7399291992188,669.1500244140625,668.1799926757812,668.22998046875,506171
2026-03-16 16:10:00+00:00,668.8707275390625,669.1900024414062,668.530029296875,668.739990234375,661306
2026-03-16 16:15:00+00:00,668.6300048828125,669.0999755859375,668.39501953125,668.8599853515625,598565
2026-03-16 16:20:00+00:00,667.4000244140625,668.7000122070312,667.3599853515625,668.6199951171875,3582340
2026-03-16 16:25:00+00:00,667.4500122070312,667.8200073242188,667.1500244140625,667.3900146484375,1592985
2026-03-16 16:30:00+00:00,667.5,667.9299926757812,667.1199951171875,667.4199829101562,672641
2026-03-16 16:35:00+00:00,668.2000122070312,668.2100219726562,667.5050048828125,667.530029296875,561377
2026-03-16 16:40:00+00:00,668.6400146484375,668.8900146484375,667.9000244140625,668.1900024414062,383658
2026-03-16 16:45:00+00:00,668.530029296875,668.8099975585938,668.25,668.6500244140625,427203
2026-03-16 16:50:00+00:00,668.5700073242188,669.073974609375,668.3900146484375,668.52001953125,403587
2026-03-16 16:55:00+00:00,668.4249877929688,668.8099975585938,668.27001953125,668.5700073242188,448186
2026-03-16 17:00:00+00:00,668.6900024414062,669.530029296875,668.406005859375,668.4299926757812,889201
2026-03-16 17:05:00+00:00,668.9299926757812,669.1900024414062,668.5900268554688,668.719970703125,357442
2026-03-16 17:10:00+00:00,669.3499755859375,669.6400146484375,668.9299926757812,668.9299926757812,480624
2026-03-16 17:15:00+00:00,669.2750244140625,669.4400024414062,668.8800048828125,669.3599853515625,317900
2026-03-16 17:20:00+00:00,669.5,669.75,669.22998046875,669.280029296875,534538
2026-03-16 17:25:00+00:00,669.2000122070312,669.739990234375,669.1400146484375,669.5181274414062,557190
2026-03-16 17:30:00+00:00,669.0800170898438,669.5599975585938,668.8699951171875,669.2000122070312,367178
2026-03-16 17:35:00+00:00,668.9000244140625,669.3200073242188,668.8499755859375,669.0499877929688,281139
2026-03-16 17:40:00+00:00,668.6599731445312,669.0999755859375,668.6099853515625,668.9000854492188,367891
2026-03-16 17:45:00+00:00,668.3599853515625,669.2000122070312,668.2000122070312,668.6599731445312,752820
2026-03-16 17:50:00+00:00,668.6099853515625,668.8699951171875,667.97998046875,668.3499755859375,724936
2026-03-16 17:55:00+00:00,668.7550048828125,668.989990234375,668.469970703125,668.5900268554688,292799
2026-03-16 18:00:00+00:00,669.1649780273438,669.1649780273438,668.6599731445312,668.760009765625,2539026
2026-03-16 18:05:00+00:00,669.52001953125,669.77001953125,669.0,669.1599731445312,998591
2026-03-16 18:10:00+00:00,669.5499877929688,669.719970703125,669.25,669.52001953125,457094
2026-03-16 18:15:00+00:00,669.8200073242188,670.0599975585938,669.469970703125,669.5399780273438,725304
2026-03-16 18:20:00+00:00,669.9500122070312,670.0800170898438,669.6373901367188,669.8099975585938,397418
2026-03-16 18:25:00+00:00,669.7999877929688,670.0349731445312,669.5499877929688,669.9600219726562,555601
2026-03-16 18:30:00+00:00,669.9199829101562,669.989990234375,669.590087890625,669.7999877929688,436848
2026-03-16 18:35:00+00:00,670.0700073242188,670.159912109375,669.6900024414062,669.9199829101562,625590
2026-03-16 18:40:00+00:00,670.1799926757812,670.239990234375,669.8875122070312,670.0599975585938,651925
2026-03-16 18:45:00+00:00,670.0750122070312,670.3099975585938,670.0399780273438,670.2000122070312,753820
2026-03-16 18:50:00+00:00,669.739990234375,670.0800170898438,669.7100219726562,670.0800170898438,598302
2026-03-16 18:55:00+00:00,669.60498046875,669.8200073242188,669.489990234375,669.739990234375,741521
2026-03-16 19:00:00+00:00,669.5800170898438,670.0,669.3900146484375,669.60498046875,634957
2026-03-16 19:05:00+00:00,671.3400268554688,671.3699951171875,669.239990234375,669.5800170898438,1079312
2026-03-16 19:10:00+00:00,669.8499755859375,672.0700073242188,669.6500244140625,671.3400268554688,2027605
2026-03-16 19:15:00+00:00,669.4099731445312,670.2999877929688,669.3900146484375,669.8350219726562,1057203
2026-03-16 19:20:00+00:00,669.1500244140625,669.739990234375,668.9600219726562,669.4099731445312,1179748
2026-03-16 19:25:00+00:00,669.27001953125,669.510009765625,668.6900024414062,669.1400146484375,1816235
2026-03-16 19:30:00+00:00,668.969970703125,669.3975219726562,668.9199829101562,669.27001953125,1179685
2026-03-16 19:35:00+00:00,668.9699096679688,669.4299926757812,668.7999877929688,668.969970703125,1021643
2026-03-16 19:40:00+00:00,668.6002807617188,669.1199951171875,668.4199829101562,668.9600219726562,975583
2026-03-16 19:45:00+00:00,668.760009765625,668.8599853515625,668.4199829101562,668.5900268554688,1608019
2026-03-16 19:50:00+00:00,668.64501953125,669.0499877929688,668.469970703125,668.760009765625,1993354
2026-03-16 19:55:00+00:00,668.9600219726562,669.22998046875,668.6400146484375,668.6500244140625,3719085
2026-03-17 13:30:00+00:00,673.4400024414062,673.8300170898438,671.9099731445312,672.3900146484375,3741349
2026-03-17 13:35:00+00:00,673.905029296875,673.9299926757812,673.1900024414062,673.4600219726562,1427715
2026-03-17 13:40:00+00:00,673.510009765625,673.969970703125,673.4500122070312,673.9000244140625,951133
2026-03-17 13:45:00+00:00,674.2498168945312,674.4299926757812,673.3699951171875,673.5,1341748
2026-03-17 13:50:00+00:00,674.05810546875,674.260009765625,673.6699829101562,674.2449951171875,1150827
2026-03-17 13:55:00+00:00,673.8900146484375,674.1699829101562,673.6599731445312,674.0499877929688,663529
2026-03-17 14:00:00+00:00,673.1900024414062,673.9099731445312,672.97998046875,673.8800048828125,1709475
2026-03-17 14:05:00+00:00,673.27001953125,673.5549926757812,673.125,673.2000122070312,583251
2026-03-17 14:10:00+00:00,672.2999877929688,673.3499755859375,672.2849731445312,673.280029296875,1037868
2026-03-17 14:15:00+00:00,672.5999755859375,672.5999755859375,671.5599975585938,672.2999877929688,1376971
2026-03-17 14:20:00+00:00,672.480224609375,672.9199829101562,672.3099975585938,672.5900268554688,628899
2026-03-17 14:25:00+00:00,672.5599975585938,672.77001953125,672.0499877929688,672.5,677598
2026-03-17 14:30:00+00:00,673.030029296875,673.1199951171875,672.1400146484375,672.5700073242188,561522
2026-03-17 14:35:00+00:00,672.510009765625,673.27001953125,672.3300170898438,673.0399780273438,745135
2026-03-17 14:40:00+00:00,673.280029296875,673.3800048828125,672.25,672.510009765625,585165
2026-03-17 14:45:00+00:00,673.2999877929688,673.469970703125,673.0599975585938,673.280029296875,479878
2026-03-17 14:50:00+00:00,673.125,673.3699951171875,672.969970703125,673.3049926757812,597238
2026-03-17 14:55:00+00:00,673.030029296875,673.3300170898438,672.9000244140625,673.1300048828125,387978
2026-03-17 15:00:00+00:00,672.5,673.27001953125,672.4400024414062,673.02001953125,483631
2026-03-17 15:05:00+00:00,671.8300170898438,672.6199951171875,671.8099975585938,672.489990234375,1079305
2026-03-17 15:10:00+00:00,671.9299926757812,672.239990234375,671.6599731445312,671.8200073242188,929001
2026-03-17 15:15:00+00:00,672.4400024414062,672.6900024414062,671.9099731445312,671.9199829101562,629953
2026-03-17 15:20:00+00:00,672.1099853515625,672.6300048828125,671.5999755859375,672.4102783203125,731120
2026-03-17 15:25:00+00:00,671.635009765625,672.5399780273438,671.6300048828125,672.1099853515625,645363
2026-03-17 15:30:00+00:00,671.25,672.1900024414062,671.1599731445312,671.6300048828125,1020335
2026-03-17 15:35:00+00:00,670.8099975585938,671.52001953125,670.2999877929688,671.260009765625,1509177
2026-03-17 15:40:00+00:00,671.2100219726562,671.280029296875,670.5900268554688,670.8200073242188,1104104
2026-03-17 15:45:00+00:00,670.9400024414062,671.6500244140625,670.9400024414062,671.2000122070312,424582
2026-03-17 15:50:00+00:00,671.3579711914062,671.6300048828125,670.969970703125,670.969970703125,589577
2026-03-17 15:55:00+00:00,671.010009765625,671.510009765625,670.8300170898438,671.3599243164062,670082
2026-03-17 16:00:00+00:00,670.5900268554688,671.0999755859375,670.3099975585938,671.02001953125,723519
2026-03-17 16:05:00+00:00,670.7100219726562,671.0,669.7000122070312,670.5999755859375,1041661
2026-03-17 16:10:00+00:00,670.7100219726562,671.4000244140625,670.5999755859375,670.6799926757812,1561111
2026-03-17 16:15:00+00:00,671.5665283203125,671.5665283203125,670.5599975585938,670.7249755859375,419941
2026-03-17 16:20:00+00:00,671.47998046875,671.5900268554688,671.02001953125,671.5499877929688,401922
2026-03-17 16:25:00+00:00,671.2100219726562,671.489990234375,670.9600219726562,671.489990234375,398994
2026-03-17 16:30:00+00:00,671.1699829101562,671.4299926757812,670.7449951171875,671.2000122070312,521607
2026-03-17 16:35:00+00:00,670.8900146484375,671.5150146484375,670.719970703125,671.1699829101562,364454
2026-03-17 16:40:00+00:00,671.5449829101562,671.5499877929688,670.7899780273438,670.8900146484375,402426
2026-03-17 16:45:00+00:00,671.3099975585938,671.6400146484375,671.1400146484375,671.5399780273438,452743
2026-03-17 16:50:00+00:00,671.25,671.489990234375,671.0900268554688,671.3099975585938,430466
2026-03-17 16:55:00+00:00,670.9500122070312,671.4299926757812,670.9099731445312,671.2449951171875,409952
2026-03-17 17:00:00+00:00,671.8300170898438,671.9400024414062,670.9299926757812,670.9400024414062,496907
2026-03-17 17:05:00+00:00,671.8099975585938,671.8900146484375,671.6099853515625,671.8400268554688,445057
2026-03-17 17:10:00+00:00,671.5900268554688,671.8800048828125,671.22998046875,671.8200073242188,513763
2026-03-17 17:15:00+00:00,671.4099731445312,671.5850219726562,671.2650146484375,671.5800170898438,313490
2026-03-17 17:20:00+00:00,671.4616088867188,671.619873046875,671.1199951171875,671.4199829101562,548426
2026-03-17 17:25:00+00:00,671.530029296875,671.7050170898438,671.2650146484375,671.4600219726562,235791
2026-03-17 17:30:00+00:00,671.4550170898438,671.7100219726562,671.3300170898438,671.530029296875,295813
2026-03-17 17:35:00+00:00,671.9099731445312,671.9749755859375,671.4149780273438,671.4500122070312,368721
2026-03-17 17:40:00+00:00,671.2899780273438,671.9400024414062,671.1900024414062,671.9000244140625,357957
2026-03-17 17:45:00+00:00,671.330078125,671.5,671.030029296875,671.3300170898438,605138
2026-03-17 17:50:00+00:00,671.840087890625,671.951171875,671.1749877929688,671.3300170898438,590880
2026-03-17 17:55:00+00:00,671.7000122070312,671.8699951171875,671.6300048828125,671.8400268554688,446533
2026-03-17 18:00:00+00:00,671.9000244140625,672.0,671.4099731445312,671.7000122070312,2240688
2026-03-17 18:05:00+00:00,672.2100219726562,672.22998046875,671.6749877929688,671.9000244140625,1096010
2026-03-17 18:10:00+00:00,671.8599853515625,672.2999877929688,671.8599853515625,672.2050170898438,472085
2026-03-17 18:15:00+00:00,671.7899780273438,671.986328125,671.719970703125,671.8699951171875,346268
2026-03-17 18:20:00+00:00,670.9600219726562,671.8200073242188,670.9299926757812,671.7999877929688,812149
2026-03-17 18:25:00+00:00,670.9000244140625,671.239990234375,670.8599853515625,670.9500122070312,613485
2026-03-17 18:30:00+00:00,671.0900268554688,671.1900024414062,670.739990234375,670.9000244140625,612124
2026-03-17 18:35:00+00:00,671.0399780273438,671.2000122070312,670.9199829101562,671.092529296875,852624
2026-03-17 18:40:00+00:00,670.8599853515625,671.2000122070312,670.7899780273438,671.0399780273438,473627
2026-03-17 18:45:00+00:00,671.1199951171875,671.1799926757812,670.8300170898438,670.8599853515625,459953
2026-03-17 18:50:00+00:00,671.4000244140625,671.4400024414062,670.9099731445312,671.1099853515625,516945
2026-03-17 18:55:00+00:00,671.0899047851562,671.4000244140625,670.8499755859375,671.4000244140625,523996
2026-03-17 19:00:00+00:00,671.010009765625,671.3400268554688,670.969970703125,671.0900268554688,572950
2026-03-17 19:05:00+00:00,670.989990234375,671.030029296875,670.5900268554688,671.0,795859
2026-03-17 19:10:00+00:00,671.1900024414062,671.22998046875,670.9692993164062,670.989990234375,1148094
2026-03-17 19:15:00+00:00,671.4199829101562,671.60498046875,671.1400146484375,671.1950073242188,810157
2026-03-17 19:20:00+00:00,671.1699829101562,671.4500122070312,671.0999755859375,671.4099731445312,777886
2026-03-17 19:25:00+00:00,671.0399780273438,671.219970703125,670.969970703125,671.1799926757812,787379
2026-03-17 19:30:00+00:00,670.989990234375,671.280029296875,670.9450073242188,671.0399780273438,793313
2026-03-17 19:35:00+00:00,670.989990234375,671.1400146484375,670.9400024414062,671.0,514813
2026-03-17 19:40:00+00:00,670.8599853515625,671.1500244140625,670.75,670.989990234375,1054182
2026-03-17 19:45:00+00:00,671.1749877929688,671.2100219726562,670.8499755859375,670.8699951171875,1120394
2026-03-17 19:50:00+00:00,671.2050170898438,671.280029296875,670.5800170898438,671.1799926757812,2681505
2026-03-17 19:55:00+00:00,670.72998046875,671.2000122070312,670.469970703125,671.2000122070312,3979935
2026-03-18 13:30:00+00:00,668.77001953125,669.0700073242188,667.8800048828125,668.3599853515625,5716101
2026-03-18 13:35:00+00:00,669.0900268554688,669.2999877929688,668.5,668.780029296875,1454016
2026-03-18 13:40:00+00:00,668.7301025390625,669.5599975585938,668.2650146484375,669.0800170898438,1378290
2026-03-18 13:45:00+00:00,669.0850219726562,669.719970703125,668.510009765625,668.719970703125,1032226
2026-03-18 13:50:00+00:00,668.75,669.3200073242188,668.5399780273438,669.0850219726562,844314
2026-03-18 13:55:00+00:00,669.280029296875,669.2899780273438,668.3499755859375,668.77001953125,894899
2026-03-18 14:00:00+00:00,668.4600219726562,669.4099731445312,667.9299926757812,669.280029296875,802025
2026-03-18 14:05:00+00:00,668.8800048828125,669.3699951171875,668.2100219726562,668.469970703125,675161
2026-03-18 14:10:00+00:00,667.1599731445312,668.9000244140625,667.1599731445312,668.8499755859375,1098735
2026-03-18 14:15:00+00:00,667.5399780273438,667.8400268554688,667.1300048828125,667.1599731445312,714141
2026-03-18 14:20:00+00:00,667.280029296875,667.7000122070312,667.2100219726562,667.5399780273438,571488
2026-03-18 14:25:00+00:00,665.9600219726562,667.3699951171875,665.719970703125,667.2999877929688,1235589
2026-03-18 14:30:00+00:00,666.2199096679688,666.9400024414062,665.9000244140625,665.969970703125,1023860
2026-03-18 14:35:00+00:00,666.1099243164062,666.5700073242188,665.9534912109375,666.239990234375,622022
2026-03-18 14:40:00+00:00,665.9400024414062,666.280029296875,665.72998046875,666.0999755859375,581291
2026-03-18 14:45:00+00:00,665.9199829101562,666.4600219726562,665.6599731445312,665.9099731445312,581608
2026-03-18 14:50:00+00:00,666.219970703125,666.4199829101562,665.8800048828125,665.927001953125,498793
2026-03-18 14:55:00+00:00,667.1400146484375,667.155029296875,666.1624755859375,666.219970703125,810451
2026-03-18 15:00:00+00:00,667.2000122070312,667.7150268554688,666.739990234375,667.1300048828125,952972
2026-03-18 15:05:00+00:00,667.9400024414062,668.0,667.1300048828125,667.1699829101562,553061
2026-03-18 15:10:00+00:00,667.510009765625,667.9739990234375,667.3499755859375,667.9600219726562,585138
2026-03-18 15:15:00+00:00,666.8579711914062,667.7249755859375,666.7899780273438,667.510009765625,526609
2026-03-18 15:20:00+00:00,667.1300048828125,667.1699829101562,666.4000244140625,666.8699951171875,591279
2026-03-18 15:25:00+00:00,666.9342041015625,667.280029296875,666.8900146484375,667.1099853515625,347284
2026-03-18 15:30:00+00:00,667.330078125,667.6199951171875,666.7999877929688,666.9099731445312,513968
2026-03-18 15:35:00+00:00,667.3499755859375,667.5700073242188,667.0800170898438,667.3400268554688,403661
2026-03-18 15:40:00+00:00,667.1300048828125,667.4099731445312,666.719970703125,667.3400268554688,421161
2026-03-18 15:45:00+00:00,666.8699951171875,667.3800048828125,666.7000122070312,667.1300048828125,412920
2026-03-18 15:50:00+00:00,667.3300170898438,667.3300170898438,666.6699829101562,666.8699951171875,397142
2026-03-18 15:55:00+00:00,667.0399780273438,667.4650268554688,666.9349975585938,667.3200073242188,488631
2026-03-18 16:00:00+00:00,666.8800048828125,667.0599975585938,666.510009765625,667.030029296875,388346
2026-03-18 16:05:00+00:00,666.7100219726562,667.0800170898438,666.5999755859375,666.8900146484375,336035
2026-03-18 16:10:00+00:00,667.2999877929688,667.4100952148438,666.4918212890625,666.7000122070312,432788
2026-03-18 16:15:00+00:00,667.3499755859375,667.3599853515625,666.8079833984375,667.3099975585938,288323
2026-03-18 16:20:00+00:00,667.4099731445312,667.5800170898438,667.1799926757812,667.3599853515625,261644
2026-03-18 16:25:00+00:00,667.0700073242188,667.4400024414062,667.0,667.405029296875,368351
2026-03-18 16:30:00+00:00,666.3499755859375,667.2960205078125,666.27001953125,667.0700073242188,535732
2026-03-18 16:35:00+00:00,666.6849975585938,666.8200073242188,665.8300170898438,666.3400268554688,585130
2026-03-18 16:40:00+00:00,666.5,666.8300170898438,666.3599853515625,666.6849975585938,294346
2026-03-18 16:45:00+00:00,666.5999755859375,666.719970703125,666.239990234375,666.489990234375,242020
2026-03-18 16:50:00+00:00,667.02001953125,667.1199951171875,666.39501953125,666.5850219726562,325617
2026-03-18 16:55:00+00:00,666.5499877929688,667.2000122070312,666.4500122070312,667.02001953125,386801
2026-03-18 17:00:00+00:00,666.2999877929688,666.6300048828125,665.760009765625,666.5399780273438,729539
2026-03-18 17:05:00+00:00,665.9299926757812,666.4400024414062,665.8720703125,666.2899780273438,467791
2026-03-18 17:10:00+00:00,665.6500244140625,666.1099853515625,665.4299926757812,665.9299926757812,503962
2026-03-18 17:15:00+00:00,665.9500122070312,666.02001953125,665.4600219726562,665.6400146484375,549221
2026-03-18 17:20:00+00:00,666.0599975585938,666.1300048828125,665.8150024414062,665.9500122070312,353643
2026-03-18 17:25:00+00:00,665.8400268554688,666.0800170898438,665.6900024414062,666.0650024414062,508445
2026-03-18 17:30:00+00:00,666.010009765625,666.02001953125,665.2899780273438,665.8400268554688,571861
2026-03-18 17:35:00+00:00,666.375,666.530029296875,666.02001953125,666.030029296875,592951
2026-03-18 17:40:00+00:00,665.9199829101562,666.4000244140625,665.8200073242188,666.375,549241
2026-03-18 17:45:00+00:00,666.1599731445312,666.6500244140625,665.8400268554688,665.9199829101562,627733
2026-03-18 17:50:00+00:00,666.530029296875,666.5300903320312,665.9212036132812,666.1599731445312,256030
2026-03-18 17:55:00+00:00,666.719970703125,666.8699951171875,666.2999877929688,666.5499877929688,493753
2026-03-18 18:00:00+00:00,667.0800170898438,667.4400024414062,666.469970703125,666.7100219726562,1191152
2026-03-18 18:05:00+00:00,666.489990234375,667.0999755859375,666.4400024414062,667.0599975585938,443519
2026-03-18 18:10:00+00:00,666.5599975585938,666.760009765625,666.1950073242188,666.5,490430
2026-03-18 18:15:00+00:00,665.6500244140625,666.5700073242188,665.3900146484375,666.5499877929688,928012
2026-03-18 18:20:00+00:00,665.780029296875,666.0,665.3800048828125,665.6300048828125,494768
2026-03-18 18:25:00+00:00,666.1199951171875,666.1699829101562,665.5999755859375,665.780029296875,563189
2026-03-18 18:30:00+00:00,664.6599731445312,666.2999877929688,664.6199951171875,666.1099853515625,947657
2026-03-18 18:35:00+00:00,664.760009765625,666.1699829101562,664.510009765625,664.6699829101562,1349994
2026-03-18 18:40:00+00:00,664.989990234375,665.5399780273438,664.4099731445312,664.739990234375,1250280
2026-03-18 18:45:00+00:00,664.6699829101562,665.0800170898438,664.5900268554688,664.9600219726562,764281
2026-03-18 18:50:00+00:00,663.6199951171875,664.7000122070312,663.4299926757812,664.6599731445312,1361690
2026-03-18 18:55:00+00:00,663.4099731445312,664.0399780273438,663.3200073242188,663.6400146484375,1127847
2026-03-18 19:00:00+00:00,664.4299926757812,664.4400024414062,663.260009765625,663.4000244140625,1798882
2026-03-18 19:05:00+00:00,664.4600219726562,664.719970703125,664.1099853515625,664.4299926757812,1220056
2026-03-18 19:10:00+00:00,663.9500122070312,664.4299926757812,663.6300048828125,664.4299926757812,1386686
2026-03-18 19:15:00+00:00,663.3350219726562,664.030029296875,663.3300170898438,663.9400024414062,842818
2026-03-18 19:20:00+00:00,662.7449951171875,663.47998046875,662.6849975585938,663.3300170898438,1370613
2026-03-18 19:25:00+00:00,662.9099731445312,663.2100219726562,662.6799926757812,662.739990234375,1302646
2026-03-18 19:30:00+00:00,663.0599975585938,663.2191772460938,662.6099853515625,662.9000244140625,1674900
2026-03-18 19:35:00+00:00,662.510009765625,663.1099853515625,662.4000244140625,663.0700073242188,1404890
2026-03-18 19:40:00+00:00,662.0150146484375,662.6500244140625,661.77001953125,662.510009765625,1654279
2026-03-18 19:45:00+00:00,661.885009765625,662.1799926757812,661.6199951171875,662.010009765625,1796625
2026-03-18 19:50:00+00:00,661.9949951171875,662.3699951171875,661.780029296875,661.8900146484375,2515858
2026-03-18 19:55:00+00:00,661.5700073242188,662.125,661.1900024414062,661.989990234375,5192049
2026-03-19 13:30:00+00:00,656.1749877929688,657.0,655.1699829101562,656.969970703125,7692931
2026-03-19 13:35:00+00:00,656.239990234375,657.0,655.3200073242188,656.1749877929688,2577031
2026-03-19 13:40:00+00:00,657.3400268554688,657.6500244140625,656.010009765625,656.239990234375,2042248
2026-03-19 13:45:00+00:00,657.9324951171875,657.9600219726562,656.5599975585938,657.3300170898438,2100177
2026-03-19 13:50:00+00:00,658.7999877929688,658.9600219726562,657.6900024414062,657.9299926757812,1747727
2026-03-19 13:55:00+00:00,658.6799926757812,658.8300170898438,657.8400268554688,658.7999877929688,1026249
2026-03-19 14:00:00+00:00,658.3300170898438,659.1699829101562,658.1900024414062,658.6599731445312,986053
2026-03-19 14:05:00+00:00,658.260009765625,658.9299926757812,658.0599975585938,658.3300170898438,801065
2026-03-19 14:10:00+00:00,658.114990234375,659.469970703125,657.969970703125,658.27001953125,1312624
2026-03-19 14:15:00+00:00,657.635009765625,658.3635864257812,657.239990234375,658.1099853515625,1114269
2026-03-19 14:20:00+00:00,656.9000244140625,658.1699829101562,656.7000122070312,657.6500244140625,1188188
2026-03-19 14:25:00+00:00,656.3300170898438,657.22998046875,656.0399780273438,656.9299926757812,1021803
2026-03-19 14:30:00+00:00,658.4500122070312,658.5399780273438,656.260009765625,656.3400268554688,1166004
2026-03-19 14:35:00+00:00,657.3499755859375,659.0640258789062,657.0700073242188,658.4400024414062,1236138
2026-03-19 14:40:00+00:00,657.4349975585938,658.339111328125,657.239990234375,657.3499755859375,642082
2026-03-19 14:45:00+00:00,658.02001953125,658.030029296875,657.0800170898438,657.47998046875,589383
2026-03-19 14:50:00+00:00,657.8599853515625,658.4299926757812,657.530029296875,658.010009765625,889684
2026-03-19 14:55:00+00:00,657.7985229492188,658.4000244140625,657.3300170898438,657.8599853515625,860624
2026-03-19 15:00:00+00:00,658.5599975585938,658.5700073242188,657.510009765625,657.7899780273438,1449279
2026-03-19 15:05:00+00:00,658.7999877929688,659.7100219726562,658.3099975585938,658.5599975585938,1541551
2026-03-19 15:10:00+00:00,659.3593139648438,659.3900146484375,658.6500244140625,658.77001953125,731449
2026-03-19 15:15:00+00:00,658.1099853515625,659.64990234375,658.0449829101562,659.3599853515625,1047846
2026-03-19 15:20:00+00:00,657.530029296875,658.3499755859375,657.4500122070312,658.1599731445312,1102715
2026-03-19 15:25:00+00:00,657.719970703125,658.010009765625,657.2100219726562,657.530029296875,919162
2026-03-19 15:30:00+00:00,656.8099975585938,657.8300170898438,656.780029296875,657.719970703125,1031089
2026-03-19 15:35:00+00:00,656.8200073242188,657.1699829101562,656.3599853515625,656.7899780273438,1225951
2026-03-19 15:40:00+00:00,656.510009765625,657.280029296875,656.489990234375,656.8839721679688,952179
2026-03-19 15:45:00+00:00,656.969970703125,657.260009765625,656.1799926757812,656.510009765625,877158
2026-03-19 15:50:00+00:00,656.6900024414062,657.219970703125,656.64501953125,656.9699096679688,675422
2026-03-19 15:55:00+00:00,657.9249877929688,657.9500122070312,656.7000122070312,656.7000122070312,1668378
2026-03-19 16:00:00+00:00,658.3699951171875,658.9299926757812,657.4299926757812,657.9099731445312,1236017
2026-03-19 16:05:00+00:00,658.5,659.0399780273438,658.1500244140625,658.3699951171875,893425
2026-03-19 16:10:00+00:00,657.8150024414062,658.5599975585938,657.614990234375,658.530029296875,952862
2026-03-19 16:15:00+00:00,657.5599975585938,658.0800170898438,657.3400268554688,657.8300170898438,551550
2026-03-19 16:20:00+00:00,657.5399780273438,657.8800048828125,657.1199951171875,657.5700073242188,952253
2026-03-19 16:25:00+00:00,657.9500122070312,658.1400146484375,657.4199829101562,657.530029296875,863940
2026-03-19 16:30:00+00:00,657.8400268554688,658.1699829101562,657.47998046875,657.97998046875,653040
2026-03-19 16:35:00+00:00,658.010009765625,658.0900268554688,657.27001953125,657.8400268554688,1195723
2026-03-19 16:40:00+00:00,658.1900024414062,658.7100219726562,657.8599853515625,658.02001953125,969522
2026-03-19 16:45:00+00:00,657.6199951171875,658.3200073242188,657.489990234375,658.2000122070312,711735
2026-03-19 16:50:00+00:00,657.0399780273438,657.6900024414062,656.6099853515625,657.6199951171875,651812
2026-03-19 16:55:00+00:00,657.1680297851562,657.3099975585938,656.77001953125,657.0399780273438,617597
2026-03-19 17:00:00+00:00,656.5499877929688,657.35498046875,656.530029296875,657.1599731445312,849005
2026-03-19 17:05:00+00:00,655.85498046875,656.719970703125,655.7050170898438,656.5451049804688,779256
2026-03-19 17:10:00+00:00,655.8200073242188,656.25,655.6099853515625,655.8400268554688,747241
2026-03-19 17:15:00+00:00,656.8900146484375,656.9000854492188,655.6799926757812,655.8150024414062,810432
2026-03-19 17:20:00+00:00,657.22998046875,657.5499877929688,656.5700073242188,656.8800048828125,795425
2026-03-19 17:25:00+00:00,657.1199951171875,657.510009765625,656.9500122070312,657.239990234375,613145
2026-03-19 17:30:00+00:00,656.77001953125,657.489990234375,656.6699829101562,657.0999755859375,977859
2026-03-19 17:35:00+00:00,656.2999877929688,656.8699951171875,656.2899780273438,656.75,602618
2026-03-19 17:40:00+00:00,656.5399780273438,656.719970703125,656.1599731445312,656.2899780273438,446870
2026-03-19 17:45:00+00:00,656.7249755859375,656.8499755859375,656.3400268554688,656.5549926757812,300309
2026-03-19 17:50:00+00:00,657.72998046875,657.8800048828125,656.6699829101562,656.719970703125,733380
2026-03-19 17:55:00+00:00,657.239990234375,657.7349853515625,657.159912109375,657.7249755859375,716284
2026-03-19 18:00:00+00:00,656.719970703125,657.2899780273438,656.6300048828125,657.22998046875,913591
2026-03-19 18:05:00+00:00,657.239990234375,657.469970703125,656.6500244140625,656.7249755859375,1315492
2026-03-19 18:10:00+00:00,658.3499755859375,658.6199951171875,657.2650146484375,657.27001953125,1027849
2026-03-19 18:15:00+00:00,658.1799926757812,658.530029296875,657.72998046875,658.3599853515625,701921
2026-03-19 18:20:00+00:00,657.8250122070312,658.2999877929688,657.6900024414062,658.1900024414062,853178
2026-03-19 18:25:00+00:00,657.1749877929688,657.9450073242188,657.169921875,657.8200073242188,551886
2026-03-19 18:30:00+00:00,657.1900024414062,657.3200073242188,656.8200073242188,657.1799926757812,908280
2026-03-19 18:35:00+00:00,656.7999877929688,657.3800048828125,656.5800170898438,657.1900024414062,618824
2026-03-19 18:40:00+00:00,656.47998046875,656.8900146484375,656.3200073242188,656.8099975585938,957448
2026-03-19 18:45:00+00:00,656.6500244140625,656.8400268554688,656.375,656.489990234375,620197
2026-03-19 18:50:00+00:00,657.0,657.0401000976562,656.3300170898438,656.6500244140625,568357
2026-03-19 18:55:00+00:00,658.4500122070312,658.8099975585938,656.8800048828125,657.02001953125,1881705
2026-03-19 19:00:00+00:00,660.3599853515625,660.72998046875,658.3900146484375,658.4400024414062,3603058
2026-03-19 19:05:00+00:00,661.7100219726562,662.97998046875,660.3699951171875,660.3699951171875,4903627
2026-03-19 19:10:00+00:00,661.8499755859375,662.6599731445312,660.6699829101562,661.7100219726562,2436740
2026-03-19 19:15:00+00:00,661.8400268554688,662.2999877929688,661.1699829101562,661.8699951171875,1743111
2026-03-19 19:20:00+00:00,660.6199951171875,661.9199829101562,660.4600219726562,661.8599853515625,1520124
2026-03-19 19:25:00+00:00,660.25,660.6900024414062,659.6599731445312,660.6199951171875,2163094
2026-03-19 19:30:00+00:00,659.9400024414062,660.739990234375,659.75,660.239990234375,1456721
2026-03-19 19:35:00+00:00,660.3300170898438,660.3900146484375,658.97998046875,659.9299926757812,1521300
2026-03-19 19:40:00+00:00,660.27001953125,660.6300048828125,659.9400024414062,660.3499755859375,1569329
2026-03-19 19:45:00+00:00,660.010009765625,660.489990234375,659.8099975585938,660.260009765625,1827249
2026-03-19 19:50:00+00:00,659.739990234375,660.2000122070312,659.530029296875,659.97998046875,1723852
2026-03-19 19:55:00+00:00,659.719970703125,660.25,659.5900268554688,659.75,3402647
2026-03-20 13:30:00+00:00,655.0599975585938,656.5499877929688,654.8599853515625,656.510009765625,4655520
2026-03-20 13:35:00+00:00,654.8350219726562,655.5,654.6500244140625,655.0599975585938,2699739
2026-03-20 13:40:00+00:00,656.2598876953125,656.3200073242188,654.7100219726562,654.8400268554688,1559028
2026-03-20 13:45:00+00:00,655.5599975585938,656.6900024414062,655.3300170898438,656.25,1307610
2026-03-20 13:50:00+00:00,654.5,655.5800170898438,653.9400024414062,655.530029296875,1929610
2026-03-20 13:55:00+00:00,653.1500244140625,654.6900024414062,653.0,654.510009765625,1780666
2026-03-20 14:00:00+00:00,653.0900268554688,653.6300048828125,652.47998046875,653.1699829101562,2071896
2026-03-20 14:05:00+00:00,652.9099731445312,653.8110961914062,652.5599975585938,653.0800170898438,1099147
2026-03-20 14:10:00+00:00,651.7899780273438,653.3300170898438,651.47998046875,652.9199829101562,1489509
2026-03-20 14:15:00+00:00,652.1799926757812,652.5499877929688,651.6400146484375,651.780029296875,1048880
2026-03-20 14:20:00+00:00,652.0700073242188,652.4500122070312,651.5999755859375,652.1599731445312,1108133
2026-03-20 14:25:00+00:00,651.8599853515625,652.3200073242188,651.6300048828125,652.0599975585938,964135
2026-03-20 14:30:00+00:00,653.1799926757812,653.2249755859375,651.8499755859375,651.8599853515625,1454202
2026-03-20 14:35:00+00:00,652.5,653.5,651.97998046875,653.1799926757812,1307787
2026-03-20 14:40:00+00:00,652.3699951171875,652.8599853515625,652.239990234375,652.5,842237
2026-03-20 14:45:00+00:00,652.760009765625,652.9249877929688,652.22998046875,652.3699951171875,589971
2026-03-20 14:50:00+00:00,651.2899780273438,652.8599853515625,651.2000122070312,652.739990234375,12559097
2026-03-20 14:55:00+00:00,652.1199951171875,652.7000122070312,651.2899780273438,651.3099975585938,1096519
2026-03-20 15:00:00+00:00,652.02001953125,653.0900268554688,651.7098999023438,652.1099853515625,1306630
2026-03-20 15:05:00+00:00,652.239990234375,652.5700073242188,651.6799926757812,652.0499877929688,604756
2026-03-20 15:10:00+00:00,653.1199951171875,653.2598876953125,652.1599731445312,652.25,772912
2026-03-20 15:15:00+00:00,652.14599609375,653.1900024414062,652.0900268554688,653.1300048828125,666654
2026-03-20 15:20:00+00:00,652.4000244140625,654.1599731445312,651.8699951171875,652.1199951171875,1972042
2026-03-20 15:25:00+00:00,651.9199829101562,652.6900024414062,651.5,652.4299926757812,1120648
2026-03-20 15:30:00+00:00,652.5599975585938,652.730224609375,651.72998046875,651.9400024414062,654396
2026-03-20 15:35:00+00:00,652.2999877929688,652.8499755859375,651.97998046875,652.5700073242188,574211
2026-03-20 15:40:00+00:00,652.619873046875,652.8499755859375,652.030029296875,652.2999877929688,454615
2026-03-20 15:45:00+00:00,652.49462890625,652.75,652.02001953125,652.5900268554688,543190
2026-03-20 15:50:00+00:00,652.9299926757812,652.9600219726562,652.0499877929688,652.5,618795
2026-03-20 15:55:00+00:00,652.9450073242188,653.260009765625,652.5499877929688,652.9299926757812,5638726
2026-03-20 16:00:00+00:00,653.6884155273438,653.8699951171875,652.780029296875,652.969970703125,1124141
2026-03-20 16:05:00+00:00,653.1699829101562,653.6799926757812,652.8599853515625,653.6799926757812,1100032
2026-03-20 16:10:00+00:00,653.3499755859375,653.6500244140625,653.1099853515625,653.1799926757812,498905
2026-03-20 16:15:00+00:00,653.7999877929688,653.8300170898438,652.8300170898438,653.3499755859375,2410880
2026-03-20 16:20:00+00:00,653.5999755859375,653.989990234375,653.489990234375,653.8200073242188,734425
2026-03-20 16:25:00+00:00,653.0999755859375,653.639892578125,652.9600219726562,653.5900268554688,1005183
2026-03-20 16:30:00+00:00,652.5900268554688,653.1199951171875,651.9600219726562,653.0999755859375,1184332
2026-03-20 16:35:00+00:00,652.47998046875,652.8499755859375,652.1500244140625,652.5999755859375,559599
2026-03-20 16:40:00+00:00,652.510009765625,652.77001953125,652.3200073242188,652.469970703125,943308
2026-03-20 16:45:00+00:00,652.416015625,652.6199951171875,652.0700073242188,652.5,465388
2026-03-20 16:50:00+00:00,652.5700073242188,652.719970703125,651.9500122070312,652.4099731445312,539453
2026-03-20 16:55:00+00:00,652.77001953125,653.4000244140625,652.52001953125,652.5499877929688,715394
2026-03-20 17:00:00+00:00,653.1099853515625,653.2000122070312,652.760009765625,652.760009765625,912189
2026-03-20 17:05:00+00:00,652.8499755859375,653.25,651.75,653.1199951171875,1589726
2026-03-20 17:10:00+00:00,652.3200073242188,653.1199951171875,652.239990234375,652.8699951171875,690617
2026-03-20 17:15:00+00:00,652.1998901367188,652.5900268554688,652.0700073242188,652.3499755859375,467232
2026-03-20 17:20:00+00:00,652.3599853515625,652.72998046875,652.1099853515625,652.2000122070312,689275
2026-03-20 17:25:00+00:00,652.1599731445312,652.47998046875,651.97998046875,652.3699951171875,428091
2026-03-20 17:30:00+00:00,651.489990234375,652.3699951171875,651.3200073242188,652.1900024414062,719017
2026-03-20 17:35:00+00:00,651.4500122070312,651.7899780273438,650.6799926757812,651.47998046875,1012724
2026-03-20 17:40:00+00:00,651.135009765625,651.72998046875,650.9600219726562,651.4500122070312,707158
2026-03-20 17:45:00+00:00,650.8200073242188,651.25,650.5499877929688,651.1400146484375,854507
2026-03-20 17:50:00+00:00,651.3419799804688,651.510009765625,650.6699829101562,650.8099975585938,805387
2026-03-20 17:55:00+00:00,651.4000244140625,651.6900024414062,651.2100219726562,651.3499755859375,927964
2026-03-20 18:00:00+00:00,650.8099975585938,651.6950073242188,650.780029296875,651.4099731445312,1128203
2026-03-20 18:05:00+00:00,650.844970703125,651.2000122070312,650.510009765625,650.8099975585938,1150654
2026-03-20 18:10:00+00:00,650.5900268554688,650.8499755859375,650.3099975585938,650.8400268554688,990228
2026-03-20 18:15:00+00:00,650.489990234375,650.72998046875,650.1300048828125,650.5999755859375,1716778
2026-03-20 18:20:00+00:00,648.9749755859375,650.6599731445312,648.6599731445312,650.47998046875,3201287
2026-03-20 18:25:00+00:00,649.4299926757812,649.8499755859375,648.969970703125,648.9749755859375,1922331
2026-03-20 18:30:00+00:00,648.9500122070312,649.655029296875,648.8699951171875,649.4299926757812,1187879
2026-03-20 18:35:00+00:00,648.3400268554688,649.0930786132812,648.1599731445312,648.9650268554688,1487937
2026-03-20 18:40:00+00:00,648.1599731445312,648.7000122070312,647.9199829101562,648.3499755859375,1950519
2026-03-20 18:45:00+00:00,647.9400024414062,648.4299926757812,647.739990234375,648.1599731445312,1633131
2026-03-20 18:50:00+00:00,647.969970703125,648.260009765625,647.6699829101562,647.9299926757812,1451381
2026-03-20 18:55:00+00:00,648.0800170898438,648.2000122070312,647.6400146484375,647.9600219726562,1826564
2026-03-20 19:00:00+00:00,648.1699829101562,648.64501953125,648.0574951171875,648.0709838867188,1848755
2026-03-20 19:05:00+00:00,647.9400024414062,648.239990234375,647.6199951171875,648.1599731445312,1782911
2026-03-20 19:10:00+00:00,647.760009765625,647.969970703125,647.3049926757812,647.9299926757812,1696959
2026-03-20 19:15:00+00:00,648.02001953125,648.0399780273438,647.5700073242188,647.7572021484375,1059166
2026-03-20 19:20:00+00:00,646.8699951171875,648.0250244140625,646.780029296875,648.0250244140625,2445381
2026-03-20 19:25:00+00:00,647.1199951171875,647.3499755859375,646.7949829101562,646.8699951171875,2992949
2026-03-20 19:30:00+00:00,646.1799926757812,647.4000244140625,646.0700073242188,647.1300048828125,2555729
2026-03-20 19:35:00+00:00,645.5700073242188,646.3099975585938,644.719970703125,646.1900024414062,3380265
2026-03-20 19:40:00+00:00,646.9199829101562,647.0,645.4400024414062,645.5599975585938,3567555
2026-03-20 19:45:00+00:00,646.02001953125,646.9199829101562,645.8699951171875,646.9199829101562,4652152
2026-03-20 19:50:00+00:00,647.8099975585938,647.9099731445312,645.8099975585938,646.02001953125,3899340
2026-03-20 19:55:00+00:00,648.510009765625,648.52001953125,647.75,647.8200073242188,9788144
2026-03-23 13:30:00+00:00,656.77001953125,658.3800048828125,656.6199951171875,658.0700073242188,15908330
2026-03-23 13:35:00+00:00,658.2999877929688,658.3300170898438,656.0700073242188,656.780029296875,2855276
2026-03-23 13:40:00+00:00,657.9949951171875,659.5399780273438,656.97998046875,658.2999877929688,3076437
2026-03-23 13:45:00+00:00,659.0,659.02001953125,657.3900146484375,658.010009765625,2265187
2026-03-23 13:50:00+00:00,659.5800170898438,660.1099853515625,658.6599731445312,659.0050048828125,2482273
2026-03-23 13:55:00+00:00,660.219970703125,660.25,658.72998046875,659.5599975585938,1715018
2026-03-23 14:00:00+00:00,659.239990234375,660.77001953125,659.12158203125,660.2000122070312,2051010
2026-03-23 14:05:00+00:00,659.6500244140625,659.9199829101562,658.5800170898438,659.260009765625,1518031
2026-03-23 14:10:00+00:00,660.1400146484375,660.489990234375,659.25,659.6500244140625,2050667
2026-03-23 14:15:00+00:00,661.1699829101562,661.1799926757812,660.0900268554688,660.1500244140625,1743163
2026-03-23 14:20:00+00:00,661.8099975585938,662.27001953125,660.780029296875,661.1749877929688,1756378
2026-03-23 14:25:00+00:00,660.989990234375,661.8900146484375,660.5700073242188,661.7899780273438,1341336
2026-03-23 14:30:00+00:00,660.989990234375,661.2899780273438,660.3499755859375,660.97998046875,1347220
2026-03-23 14:35:00+00:00,660.52001953125,661.4000244140625,660.1699829101562,660.989990234375,982707
2026-03-23 14:40:00+00:00,660.3900146484375,660.7999877929688,660.0999755859375,660.5,860587
2026-03-23 14:45:00+00:00,661.3350219726562,661.7999877929688,659.9500122070312,660.4199829101562,897119
2026-03-23 14:50:00+00:00,660.9000244140625,661.3699951171875,660.4099731445312,661.3099975585938,1164563
2026-03-23 14:55:00+00:00,661.0499877929688,661.4000244140625,660.5599975585938,660.8900146484375,579139
2026-03-23 15:00:00+00:00,662.3599853515625,662.614990234375,660.8400268554688,661.0700073242188,1926689
2026-03-23 15:05:00+00:00,662.22998046875,662.5499877929688,661.8900146484375,662.3699951171875,1017985
2026-03-23 15:10:00+00:00,662.02001953125,662.5999755859375,661.739990234375,662.239990234375,1286976
2026-03-23 15:15:00+00:00,661.4550170898438,662.1900024414062,661.3800048828125,662.02001953125,677705
2026-03-23 15:20:00+00:00,661.9600219726562,662.10498046875,660.77001953125,661.4299926757812,1144299
2026-03-23 15:25:00+00:00,660.8900146484375,661.97998046875,660.7000122070312,661.9400024414062,936520
2026-03-23 15:30:00+00:00,660.6599731445312,661.3300170898438,660.47998046875,660.9000244140625,1086291
2026-03-23 15:35:00+00:00,659.280029296875,660.6900024414062,659.2100219726562,660.6500244140625,1541306
2026-03-23 15:40:00+00:00,659.22998046875,659.780029296875,658.8300170898438,659.27001953125,1517180
2026-03-23 15:45:00+00:00,658.7100219726562,659.2750244140625,658.1199951171875,659.22998046875,2361742
2026-03-23 15:50:00+00:00,657.3200073242188,659.0,657.0999755859375,658.7000122070312,2289818
2026-03-23 15:55:00+00:00,656.010009765625,657.4299926757812,655.8300170898438,657.3099975585938,2972568
2026-03-23 16:00:00+00:00,656.489990234375,657.1900024414062,655.9500122070312,655.989990234375,2121336
2026-03-23 16:05:00+00:00,656.9400024414062,657.4299926757812,656.125,656.47998046875,1353235
2026-03-23 16:10:00+00:00,657.0999755859375,657.6300048828125,656.5599975585938,656.9249877929688,1008549
2026-03-23 16:15:00+00:00,656.0499877929688,657.22998046875,655.8900146484375,657.0700073242188,849702
2026-03-23 16:20:00+00:00,655.6799926757812,656.3099975585938,655.3800048828125,656.0399780273438,1037121
2026-03-23 16:25:00+00:00,654.0900268554688,655.6799926757812,653.9400024414062,655.6500244140625,1581643
2026-03-23 16:30:00+00:00,655.5900268554688,655.6199951171875,653.989990234375,654.1088256835938,1440583
2026-03-23 16:35:00+00:00,655.4600219726562,656.22998046875,655.3099975585938,655.5999755859375,1020518
2026-03-23 16:40:00+00:00,656.0599975585938,656.1900024414062,655.4299926757812,655.4400024414062,797473
2026-03-23 16:45:00+00:00,656.3198852539062,656.72998046875,655.72998046875,656.0499877929688,884550
2026-03-23 16:50:00+00:00,655.8900146484375,656.739990234375,655.5399780273438,656.3099975585938,604512
2026-03-23 16:55:00+00:00,655.5900268554688,656.1099853515625,655.0850219726562,655.9000244140625,714472
2026-03-23 17:00:00+00:00,655.0750122070312,656.1199951171875,655.0,655.5800170898438,541281
2026-03-23 17:05:00+00:00,656.1099853515625,656.25,654.8800048828125,655.0800170898438,552861
2026-03-23 17:10:00+00:00,655.340087890625,656.2100219726562,655.3099975585938,656.1099853515625,544390
2026-03-23 17:15:00+00:00,655.1900024414062,655.5499877929688,654.6599731445312,655.3400268554688,503928
2026-03-23 17:20:00+00:00,654.780029296875,655.2000122070312,654.3099975585938,655.1699829101562,623117
2026-03-23 17:25:00+00:00,655.280029296875,655.6300048828125,654.6699829101562,654.77001953125,877484
2026-03-23 17:30:00+00:00,657.0700073242188,657.1500244140625,655.260009765625,655.280029296875,1079419
2026-03-23 17:35:00+00:00,657.8200073242188,658.239990234375,657.0700073242188,657.0900268554688,1834138
2026-03-23 17:40:00+00:00,656.780029296875,657.8300170898438,656.4299926757812,657.8099975585938,938634
2026-03-23 17:45:00+00:00,656.77001953125,656.9580078125,656.2899780273438,656.7999877929688,505560
2026-03-23 17:50:00+00:00,657.4299926757812,657.469970703125,656.5999755859375,656.719970703125,825337
2026-03-23 17:55:00+00:00,658.0599975585938,658.25,657.160888671875,657.4199829101562,576212
2026-03-23 18:00:00+00:00,658.1500244140625,658.3099975585938,657.739990234375,658.0900268554688,694646
2026-03-23 18:05:00+00:00,657.4500122070312,658.219970703125,656.530029296875,658.1400146484375,1840091
2026-03-23 18:10:00+00:00,657.6400146484375,658.0800170898438,657.4299926757812,657.4500122070312,717331
2026-03-23 18:15:00+00:00,657.4099731445312,657.8099975585938,657.0599975585938,657.6199951171875,557767
2026-03-23 18:20:00+00:00,657.5449829101562,657.5800170898438,657.1699829101562,657.4099731445312,552655
2026-03-23 18:25:00+00:00,657.3900146484375,657.9000244140625,657.260009765625,657.5399780273438,738933
2026-03-23 18:30:00+00:00,658.8499755859375,658.9299926757812,657.4099731445312,657.4099731445312,1302812
2026-03-23 18:35:00+00:00,658.969970703125,659.6500244140625,657.719970703125,658.8400268554688,1885121
2026-03-23 18:40:00+00:00,658.77001953125,659.1400146484375,658.469970703125,658.989990234375,1497908
2026-03-23 18:45:00+00:00,659.1599731445312,659.27001953125,658.530029296875,658.77001953125,630395
2026-03-23 18:50:00+00:00,658.8599853515625,659.260009765625,658.5800170898438,659.1699829101562,708065
2026-03-23 18:55:00+00:00,658.9500122070312,659.1500244140625,658.6199951171875,658.8699951171875,670520
2026-03-23 19:00:00+00:00,658.5900268554688,659.02001953125,658.4099731445312,658.9500122070312,580255
2026-03-23 19:05:00+00:00,658.6900024414062,658.8099975585938,658.3699951171875,658.5700073242188,575565
2026-03-23 19:10:00+00:00,658.1300048828125,658.780029296875,658.0999755859375,658.6900024414062,647960
2026-03-23 19:15:00+00:00,657.844970703125,658.35498046875,657.5800170898438,658.135009765625,870373
2026-03-23 19:20:00+00:00,657.5399780273438,657.9400024414062,657.4099731445312,657.8599853515625,1291977
2026-03-23 19:25:00+00:00,657.3300170898438,657.739501953125,657.030029296875,657.5399780273438,1024785
2026-03-23 19:30:00+00:00,657.330078125,657.5999755859375,657.2000122070312,657.3200073242188,786460
2026-03-23 19:35:00+00:00,657.5999755859375,657.780029296875,657.1699829101562,657.3400268554688,1232392
2026-03-23 19:40:00+00:00,657.9199829101562,657.9299926757812,657.3800048828125,657.594970703125,1022705
2026-03-23 19:45:00+00:00,657.8250122070312,658.3499755859375,657.489990234375,657.9199829101562,1571377
2026-03-23 19:50:00+00:00,656.72998046875,657.9000244140625,656.72998046875,657.8200073242188,3000781
2026-03-23 19:55:00+00:00,655.3699951171875,656.8599853515625,655.3699951171875,656.72998046875,6284922
2026-03-24 13:30:00+00:00,652.7899780273438,652.8599853515625,650.8800048828125,651.3200073242188,4654102
2026-03-24 13:35:00+00:00,651.2999877929688,653.0399780273438,651.1300048828125,652.8400268554688,1516748
2026-03-24 13:40:00+00:00,650.72998046875,651.4400024414062,649.8800048828125,651.3099975585938,1617869
2026-03-24 13:45:00+00:00,650.1799926757812,651.6370239257812,650.1500244140625,650.760009765625,1081320
2026-03-24 13:50:00+00:00,650.3499755859375,650.969970703125,649.8900146484375,650.1699829101562,1031875
2026-03-24 13:55:00+00:00,651.47998046875,651.5599975585938,650.280029296875,650.3900146484375,870951
2026-03-24 14:00:00+00:00,652.3200073242188,652.3800048828125,651.2261962890625,651.47998046875,1164241
2026-03-24 14:05:00+00:00,653.4099731445312,653.5599975585938,651.6099853515625,652.3200073242188,1069881
2026-03-24 14:10:00+00:00,652.6099853515625,653.585693359375,651.5449829101562,653.4199829101562,1357900
2026-03-24 14:15:00+00:00,652.5700073242188,652.7100219726562,651.7000122070312,652.60498046875,884814
2026-03-24 14:20:00+00:00,652.3099975585938,652.9299926757812,651.739990234375,652.5599975585938,909350
2026-03-24 14:25:00+00:00,652.489990234375,653.4099731445312,651.8300170898438,652.3099975585938,998089
2026-03-24 14:30:00+00:00,653.3499755859375,653.4299926757812,652.3499755859375,652.510009765625,885499
2026-03-24 14:35:00+00:00,652.7100219726562,653.47998046875,652.2000122070312,653.3599853515625,820079
2026-03-24 14:40:00+00:00,653.7440185546875,653.77001953125,652.489990234375,652.719970703125,892456
2026-03-24 14:45:00+00:00,652.7501220703125,654.1400146484375,652.6699829101562,653.75,1472614
2026-03-24 14:50:00+00:00,654.4299926757812,655.9400024414062,652.2100219726562,652.760009765625,2876230
2026-03-24 14:55:00+00:00,653.9400024414062,655.6199951171875,651.219970703125,654.4299926757812,3029530
2026-03-24 15:00:00+00:00,654.9249877929688,655.5399780273438,653.9199829101562,653.97998046875,1454590
2026-03-24 15:05:00+00:00,654.9199829101562,655.239990234375,654.5900268554688,654.9000244140625,570292
2026-03-24 15:10:00+00:00,655.25,655.5,654.4400024414062,654.9400024414062,770651
2026-03-24 15:15:00+00:00,655.7000122070312,655.8900146484375,655.1099853515625,655.25,905726
2026-03-24 15:20:00+00:00,656.3800048828125,656.4400024414062,655.3300170898438,655.6799926757812,1071197
2026-03-24 15:25:00+00:00,656.0399780273438,656.8300170898438,655.780029296875,656.3900146484375,1320522
2026-03-24 15:30:00+00:00,655.739990234375,656.3800048828125,655.2899780273438,656.0599975585938,476262
2026-03-24 15:35:00+00:00,656.27001953125,656.5399780273438,655.6699829101562,655.72998046875,367020
2026-03-24 15:40:00+00:00,656.239990234375,656.52001953125,656.010009765625,656.25,467309
2026-03-24 15:45:00+00:00,656.5599975585938,656.6799926757812,656.0499877929688,656.22998046875,514269
2026-03-24 15:50:00+00:00,656.4400024414062,657.030029296875,656.3900146484375,656.5599975585938,525817
2026-03-24 15:55:00+00:00,655.0399780273438,656.4650268554688,654.9099731445312,656.4500122070312,1321773
2026-03-24 16:00:00+00:00,654.6799926757812,655.289306640625,654.4000244140625,655.0499877929688,909200
2026-03-24 16:05:00+00:00,655.0850219726562,655.1165771484375,654.2999877929688,654.6900024414062,662351
2026-03-24 16:10:00+00:00,655.0,655.2100219726562,654.5599975585938,655.080078125,600898
2026-03-24 16:15:00+00:00,655.9099731445312,656.1199951171875,654.8900146484375,654.989990234375,672708
2026-03-24 16:20:00+00:00,656.010009765625,656.25,655.5349731445312,655.9099731445312,687348
2026-03-24 16:25:00+00:00,655.9600219726562,656.0900268554688,655.5499877929688,656.010009765625,873404
2026-03-24 16:30:00+00:00,655.4299926757812,656.1199951171875,655.4199829101562,655.969970703125,364847
2026-03-24 16:35:00+00:00,654.1799926757812,655.489990234375,654.0900268554688,655.4500122070312,697086
2026-03-24 16:40:00+00:00,655.25,655.25,654.0399780273438,654.2000122070312,928897
2026-03-24 16:45:00+00:00,655.0800170898438,655.77001953125,654.9500122070312,655.27001953125,482639
2026-03-24 16:50:00+00:00,655.0800170898438,655.6199951171875,654.97998046875,655.0800170898438,413248
2026-03-24 16:55:00+00:00,655.1500244140625,655.3900146484375,654.4299926757812,655.0999755859375,244620
2026-03-24 17:00:00+00:00,653.5900268554688,655.3900146484375,653.5399780273438,655.1300048828125,725346
2026-03-24 17:05:00+00:00,653.02001953125,653.6599731445312,652.719970703125,653.5800170898438,1616062
2026-03-24 17:10:00+00:00,652.9400024414062,653.3699951171875,652.5499877929688,653.030029296875,1032651
2026-03-24 17:15:00+00:00,652.8200073242188,653.25,652.6199951171875,652.9299926757812,619140
2026-03-24 17:20:00+00:00,653.0499877929688,653.3900146484375,652.7000122070312,652.8200073242188,700616
2026-03-24 17:25:00+00:00,653.405029296875,653.5150146484375,652.8699951171875,653.0999755859375,485857
2026-03-24 17:30:00+00:00,652.9600219726562,654.0499877929688,652.9000244140625,653.4000244140625,665590
2026-03-24 17:35:00+00:00,653.3800048828125,653.530029296875,652.7050170898438,652.969970703125,542372
2026-03-24 17:40:00+00:00,652.5900268554688,653.7050170898438,652.4500122070312,653.3800048828125,689010
2026-03-24 17:45:00+00:00,652.8499755859375,653.1099853515625,652.3800048828125,652.6099853515625,470111
2026-03-24 17:50:00+00:00,653.1500244140625,653.8300170898438,652.7098999023438,652.8599853515625,821813
2026-03-24 17:55:00+00:00,654.2999877929688,654.3400268554688,652.969970703125,653.1599731445312,1857538
2026-03-24 18:00:00+00:00,654.260009765625,654.97998046875,653.9500122070312,654.2999877929688,1183900
2026-03-24 18:05:00+00:00,653.7899780273438,654.3900146484375,653.7100219726562,654.27001953125,537423
2026-03-24 18:10:00+00:00,653.8200073242188,654.032470703125,653.5900268554688,653.780029296875,552402
2026-03-24 18:15:00+00:00,654.0399780273438,654.22998046875,653.2000122070312,653.8499755859375,864444
2026-03-24 18:20:00+00:00,654.0999755859375,654.3699951171875,653.719970703125,654.0599975585938,1072167
2026-03-24 18:25:00+00:00,654.5900268554688,654.8699951171875,654.0,654.0999755859375,790552
2026-03-24 18:30:00+00:00,654.9600219726562,655.7999877929688,654.280029296875,654.5900268554688,973911
2026-03-24 18:35:00+00:00,656.510009765625,656.5900268554688,654.9199829101562,654.9500122070312,1157018
2026-03-24 18:40:00+00:00,655.3200073242188,656.52001953125,654.7601928710938,656.510009765625,1403355
2026-03-24 18:45:00+00:00,655.02001953125,655.4400024414062,654.75,655.3300170898438,626950
2026-03-24 18:50:00+00:00,655.239990234375,655.77001953125,654.969970703125,655.0,810446
2026-03-24 18:55:00+00:00,654.8599853515625,655.260009765625,654.4400024414062,655.25,745154
2026-03-24 19:00:00+00:00,655.1300048828125,655.5999755859375,654.7999877929688,654.8300170898438,693876
2026-03-24 19:05:00+00:00,655.3099975585938,655.39501953125,654.8350219726562,655.1201171875,696600
2026-03-24 19:10:00+00:00,655.6500244140625,655.6799926757812,655.2100219726562,655.2999877929688,547054
2026-03-24 19:15:00+00:00,655.219970703125,655.6900024414062,654.9600219726562,655.6599731445312,848017
2026-03-24 19:20:00+00:00,655.0499877929688,655.3200073242188,654.72998046875,655.239990234375,761626
2026-03-24 19:25:00+00:00,654.4500122070312,655.1799926757812,654.3099975585938,655.0499877929688,697645
2026-03-24 19:30:00+00:00,654.1083984375,654.7750244140625,653.9600219726562,654.4500122070312,1203860
2026-03-24 19:35:00+00:00,653.97998046875,654.1300048828125,653.5800170898438,654.1099853515625,1049218
2026-03-24 19:40:00+00:00,653.8200073242188,654.3200073242188,653.7899780273438,653.9600219726562,981739
2026-03-24 19:45:00+00:00,653.5499877929688,653.8300170898438,653.1599731445312,653.8200073242188,1477873
2026-03-24 19:50:00+00:00,652.8699951171875,653.6699829101562,652.780029296875,653.5599975585938,1568514
2026-03-24 19:55:00+00:00,653.2000122070312,653.3099975585938,652.5599975585938,652.8699951171875,3762379
2026-03-25 13:30:00+00:00,659.6799926757812,660.25,658.5999755859375,658.6699829101562,5561404
2026-03-25 13:35:00+00:00,659.9099731445312,660.8900146484375,659.5109252929688,659.7000122070312,2018498
2026-03-25 13:40:00+00:00,658.9000244140625,660.52001953125,658.75,659.9199829101562,1737845
2026-03-25 13:45:00+00:00,657.8099975585938,659.1799926757812,657.75,658.9099731445312,1414442
2026-03-25 13:50:00+00:00,656.760009765625,657.9299926757812,656.6799926757812,657.8200073242188,1829877
2026-03-25 13:55:00+00:00,656.489990234375,657.5900268554688,656.4199829101562,656.780029296875,1608121
2026-03-25 14:00:00+00:00,657.001220703125,657.4849853515625,655.6699829101562,656.5599975585938,1881590
2026-03-25 14:05:00+00:00,657.0999755859375,657.530029296875,656.4249877929688,657.0020141601562,1588245
2026-03-25 14:10:00+00:00,658.0599975585938,658.1199951171875,656.6400146484375,657.1199951171875,1164952
2026-03-25 14:15:00+00:00,657.6107177734375,658.2662963867188,657.4400024414062,658.0599975585938,862361
2026-03-25 14:20:00+00:00,657.4000244140625,658.5499877929688,657.1699829101562,657.6300048828125,1358586
2026-03-25 14:25:00+00:00,658.1400146484375,660.5,657.2249755859375,657.4000244140625,1850291
2026-03-25 14:30:00+00:00,658.760009765625,658.77001953125,657.6500244140625,658.1599731445312,970674
2026-03-25 14:35:00+00:00,658.219970703125,659.030029296875,657.8499755859375,658.77001953125,845379
2026-03-25 14:40:00+00:00,658.4349975585938,658.9749755859375,657.8699951171875,658.22998046875,931623
2026-03-25 14:45:00+00:00,658.9099731445312,659.0800170898438,658.3800048828125,658.4400024414062,803683
2026-03-25 14:50:00+00:00,658.75,659.25,658.6300048828125,658.9000244140625,775522
2026-03-25 14:55:00+00:00,658.6900024414062,659.0800170898438,658.4299926757812,658.760009765625,755828
2026-03-25 15:00:00+00:00,658.760009765625,659.0078125,658.3800048828125,658.6900024414062,605696
2026-03-25 15:05:00+00:00,657.22998046875,658.8900146484375,657.1199951171875,658.77001953125,984233
2026-03-25 15:10:00+00:00,656.5700073242188,657.5599975585938,656.469970703125,657.25,1466595
2026-03-25 15:15:00+00:00,655.1400146484375,656.8099975585938,654.239990234375,656.5599975585938,3609137
2026-03-25 15:20:00+00:00,656.9149780273438,657.3200073242188,655.0844116210938,655.1500244140625,1483097
2026-03-25 15:25:00+00:00,657.8400268554688,657.8724975585938,656.7100219726562,656.9199829101562,1346068
2026-03-25 15:30:00+00:00,657.9000244140625,658.239990234375,657.5999755859375,657.8499755859375,1094151
2026-03-25 15:35:00+00:00,656.7550048828125,657.9500122070312,656.5999755859375,657.9099731445312,1168305
2026-03-25 15:40:00+00:00,656.6799926757812,657.0700073242188,656.1199951171875,656.7550048828125,693079
2026-03-25 15:45:00+00:00,656.6799926757812,656.8499755859375,656.27001953125,656.6799926757812,591435
2026-03-25 15:50:00+00:00,656.75,657.0798950195312,656.3900146484375,656.6699829101562,706790
2026-03-25 15:55:00+00:00,657.0,657.4099731445312,656.3599853515625,656.75,964156
2026-03-25 16:00:00+00:00,656.4400024414062,657.2000122070312,656.3900146484375,657.0,698124
2026-03-25 16:05:00+00:00,656.6099853515625,656.8579711914062,656.010009765625,656.4500122070312,630011
2026-03-25 16:10:00+00:00,656.5700073242188,656.719970703125,656.1199951171875,656.6099853515625,506349
2026-03-25 16:15:00+00:00,656.3599853515625,656.75,656.125,656.5599975585938,416433
2026-03-25 16:20:00+00:00,657.6599731445312,657.6599731445312,656.1500244140625,656.3800048828125,762590
2026-03-25 16:25:00+00:00,657.5,658.0700073242188,657.22998046875,657.6699829101562,1321227
2026-03-25 16:30:00+00:00,658.0700073242188,658.3150024414062,657.0599975585938,657.4600219726562,827666
2026-03-25 16:35:00+00:00,658.0999755859375,658.3099975585938,657.75,658.0700073242188,706527
2026-03-25 16:40:00+00:00,657.969970703125,658.1699829101562,657.6599731445312,658.0999755859375,743502
2026-03-25 16:45:00+00:00,657.6300048828125,658.0900268554688,657.4400024414062,657.969970703125,1154760
2026-03-25 16:50:00+00:00,658.0650024414062,658.1300048828125,657.0999755859375,657.6300048828125,659842
2026-03-25 16:55:00+00:00,657.75,658.1599731445312,657.52001953125,658.0700073242188,560377
2026-03-25 17:00:00+00:00,657.5,658.280029296875,657.2100219726562,657.75,816998
2026-03-25 17:05:00+00:00,656.9849853515625,657.6199951171875,656.9600219726562,657.52001953125,724672
2026-03-25 17:10:00+00:00,657.5900268554688,657.77001953125,656.9149780273438,656.9849853515625,581786
2026-03-25 17:15:00+00:00,657.280029296875,657.6199951171875,656.9199829101562,657.5900268554688,621215
2026-03-25 17:20:00+00:00,657.6599731445312,658.0150146484375,657.2000122070312,657.2899780273438,633190
2026-03-25 17:25:00+00:00,658.02001953125,658.3200073242188,657.6300048828125,657.6699829101562,705394
2026-03-25 17:30:00+00:00,658.22998046875,658.27001953125,657.5599975585938,658.0399780273438,634809
2026-03-25 17:35:00+00:00,658.6199951171875,658.7050170898438,658.1500244140625,658.239990234375,710872
2026-03-25 17:40:00+00:00,658.8350219726562,659.3800048828125,658.3599853515625,658.5900268554688,1092921
2026-03-25 17:45:00+00:00,658.094970703125,658.8599853515625,658.030029296875,658.8350219726562,704357
2026-03-25 17:50:00+00:00,657.47998046875,658.719970703125,657.3300170898438,658.0999755859375,1418299
2026-03-25 17:55:00+00:00,657.9000244140625,658.7899780273438,657.3400268554688,657.489990234375,1029101
2026-03-25 18:00:00+00:00,657.8200073242188,658.0700073242188,657.5599975585938,657.8900146484375,619201
2026-03-25 18:05:00+00:00,657.780029296875,658.2550048828125,657.5599975585938,657.8200073242188,520916
2026-03-25 18:10:00+00:00,657.97998046875,658.14501953125,657.739990234375,657.7999877929688,498453
2026-03-25 18:15:00+00:00,657.9099731445312,658.510009765625,657.8499755859375,657.97998046875,762492
2026-03-25 18:20:00+00:00,658.010009765625,658.2100219726562,657.8099975585938,657.9080200195312,444413
2026-03-25 18:25:00+00:00,657.5150146484375,658.0706787109375,657.4099731445312,658.0,426412
2026-03-25 18:30:00+00:00,657.6599731445312,657.8099975585938,657.4299926757812,657.510009765625,746796
2026-03-25 18:35:00+00:00,657.5800170898438,657.7000122070312,657.385009765625,657.6599731445312,482385
2026-03-25 18:40:00+00:00,657.3099975585938,657.6500244140625,657.0700073242188,657.5900268554688,589196
2026-03-25 18:45:00+00:00,657.1099853515625,657.3599853515625,657.0399780273438,657.3099975585938,515915
2026-03-25 18:50:00+00:00,657.1798706054688,657.239990234375,656.969970703125,657.1099853515625,978769
2026-03-25 18:55:00+00:00,656.5,657.1799926757812,655.6400146484375,657.1715087890625,1873124
2026-03-25 19:00:00+00:00,656.0599975585938,656.52001953125,655.5800170898438,656.489990234375,1418218
2026-03-25 19:05:00+00:00,656.1099853515625,656.2999877929688,655.9000244140625,656.0599975585938,1061009
2026-03-25 19:10:00+00:00,656.4299926757812,656.4758911132812,655.8400268554688,656.1099853515625,725541
2026-03-25 19:15:00+00:00,656.8499755859375,657.0,656.4000244140625,656.4271850585938,1502916
2026-03-25 19:20:00+00:00,656.9824829101562,657.3201293945312,656.7650146484375,656.8599853515625,820037
2026-03-25 19:25:00+00:00,656.510009765625,657.0900268554688,656.47998046875,656.989990234375,789734
2026-03-25 19:30:00+00:00,656.280029296875,656.5700073242188,656.1400146484375,656.510009765625,723942
2026-03-25 19:35:00+00:00,656.0800170898438,656.4199829101562,655.7550048828125,656.280029296875,886231
2026-03-25 19:40:00+00:00,656.2100219726562,656.6500244140625,655.989990234375,656.0800170898438,1643174
2026-03-25 19:45:00+00:00,656.1300048828125,656.3200073242188,655.969970703125,656.2100219726562,1171323
2026-03-25 19:50:00+00:00,656.6099853515625,656.8499755859375,656.1400146484375,656.1400146484375,1499191
2026-03-25 19:55:00+00:00,656.739990234375,657.0599975585938,656.219970703125,656.6199951171875,3121346
2026-03-26 13:30:00+00:00,651.6300048828125,652.1199951171875,651.02001953125,652.0599975585938,4251782
2026-03-26 13:35:00+00:00,650.8200073242188,651.739990234375,650.760009765625,651.6300048828125,1535688
2026-03-26 13:40:00+00:00,653.0,653.0499877929688,650.72998046875,650.8099975585938,1730274
2026-03-26 13:45:00+00:00,653.405029296875,654.0900268554688,652.9299926757812,653.02001953125,2209309
2026-03-26 13:50:00+00:00,654.4249877929688,654.6300048828125,653.22998046875,653.4099731445312,1900165
2026-03-26 13:55:00+00:00,654.469970703125,654.5499877929688,652.780029296875,654.4249877929688,2299547
2026-03-26 14:00:00+00:00,653.97998046875,654.6900024414062,653.7899780273438,654.469970703125,1234475
2026-03-26 14:05:00+00:00,653.9199829101562,654.8300170898438,653.5,653.9600219726562,1311059
2026-03-26 14:10:00+00:00,654.4299926757812,654.4500122070312,653.364990234375,653.9000244140625,667192
2026-03-26 14:15:00+00:00,653.989990234375,654.8400268554688,653.8800048828125,654.4299926757812,770723
2026-03-26 14:20:00+00:00,654.239990234375,654.7100219726562,653.719970703125,653.969970703125,613325
2026-03-26 14:25:00+00:00,653.6199951171875,654.4600219726562,653.5800170898438,654.239990234375,688876
2026-03-26 14:30:00+00:00,654.3200073242188,654.4500122070312,653.6099243164062,653.6199951171875,644975
2026-03-26 14:35:00+00:00,653.77001953125,654.3699951171875,653.469970703125,654.3300170898438,903877
2026-03-26 14:40:00+00:00,652.6599731445312,654.8499755859375,652.4299926757812,653.780029296875,2317158
2026-03-26 14:45:00+00:00,652.51171875,653.1699829101562,652.2000122070312,652.6599731445312,1942060
2026-03-26 14:50:00+00:00,651.419921875,652.8599853515625,651.4099731445312,652.5399780273438,1578890
2026-03-26 14:55:00+00:00,652.2100219726562,652.4600219726562,650.8200073242188,651.4199829101562,1915837
2026-03-26 15:00:00+00:00,652.1099853515625,652.6799926757812,652.030029296875,652.219970703125,1340243
2026-03-26 15:05:00+00:00,652.22998046875,652.9099731445312,651.97998046875,652.0999755859375,1081809
2026-03-26 15:10:00+00:00,652.22998046875,652.780029296875,652.219970703125,652.22998046875,584675
2026-03-26 15:15:00+00:00,651.8800048828125,652.4400024414062,651.5800170898438,652.260009765625,1061999
2026-03-26 15:20:00+00:00,652.030029296875,652.260009765625,651.760009765625,651.8699951171875,876347
2026-03-26 15:25:00+00:00,651.7100219726562,652.1799926757812,651.6599731445312,652.0399780273438,615807
2026-03-26 15:30:00+00:00,651.2899780273438,651.7100219726562,650.8699951171875,651.7100219726562,831237
2026-03-26 15:35:00+00:00,651.6400146484375,651.8200073242188,651.2100219726562,651.3200073242188,506369
2026-03-26 15:40:00+00:00,651.219970703125,651.8400268554688,651.0999755859375,651.6300048828125,555929
2026-03-26 15:45:00+00:00,651.60009765625,652.3499755859375,651.0,651.239990234375,1156580
2026-03-26 15:50:00+00:00,651.8400268554688,652.0900268554688,651.4199829101562,651.5999755859375,687909
2026-03-26 15:55:00+00:00,651.52001953125,651.8900146484375,651.27001953125,651.8599853515625,521195
2026-03-26 16:00:00+00:00,651.22998046875,651.6599731445312,651.0999755859375,651.489990234375,535541
2026-03-26 16:05:00+00:00,651.4349975585938,651.6900024414062,651.0499877929688,651.219970703125,1011149
2026-03-26 16:10:00+00:00,651.3400268554688,651.5900268554688,650.8502807617188,651.4400024414062,582527
2026-03-26 16:15:00+00:00,650.8200073242188,651.3200073242188,649.8400268554688,651.3200073242188,1110678
2026-03-26 16:20:00+00:00,650.3599853515625,650.8400268554688,649.7999877929688,650.8300170898438,1042427
2026-03-26 16:25:00+00:00,649.469970703125,650.4299926757812,649.2899780273438,650.3599853515625,1136263
2026-03-26 16:30:00+00:00,649.3900146484375,649.5449829101562,648.8900146484375,649.4912719726562,1141463
2026-03-26 16:35:00+00:00,649.1300048828125,649.6799926757812,649.0399780273438,649.4099731445312,615166
2026-03-26 16:40:00+00:00,649.47998046875,649.6300048828125,649.0499267578125,649.1199951171875,411783
2026-03-26 16:45:00+00:00,649.0999755859375,649.6900024414062,648.9299926757812,649.5,497636
2026-03-26 16:50:00+00:00,649.47998046875,649.5700073242188,648.97998046875,649.1300048828125,526754
2026-03-26 16:55:00+00:00,649.6400146484375,649.719970703125,649.2999877929688,649.47998046875,326299
2026-03-26 17:00:00+00:00,649.4400024414062,650.0999755859375,649.3800048828125,649.6400146484375,572463
2026-03-26 17:05:00+00:00,649.530029296875,649.719970703125,649.3699951171875,649.4299926757812,240683
2026-03-26 17:10:00+00:00,648.989990234375,649.52001953125,648.9000244140625,649.52001953125,515519
2026-03-26 17:15:00+00:00,649.1699829101562,649.2999877929688,648.9099731445312,648.9849853515625,400608
2026-03-26 17:20:00+00:00,648.3300170898438,649.1900024414062,648.27001953125,649.1699829101562,830353
2026-03-26 17:25:00+00:00,648.6199951171875,648.6400146484375,647.97998046875,648.3300170898438,923648
2026-03-26 17:30:00+00:00,648.9500122070312,648.9550170898438,648.22998046875,648.6199951171875,580367
2026-03-26 17:35:00+00:00,648.5,649.0599975585938,648.4600219726562,648.9299926757812,417922
2026-03-26 17:40:00+00:00,647.9400024414062,648.5,647.7999877929688,648.4949951171875,502187
2026-03-26 17:45:00+00:00,647.5800170898438,648.0900268554688,647.5700073242188,647.9500122070312,791310
2026-03-26 17:50:00+00:00,647.1199951171875,647.5800170898438,647.0499877929688,647.5700073242188,1952375
2026-03-26 17:55:00+00:00,646.6699829101562,647.2025146484375,646.4400024414062,647.1199951171875,1053722
2026-03-26 18:00:00+00:00,647.2100219726562,647.5700073242188,646.6400146484375,646.655029296875,1317939
2026-03-26 18:05:00+00:00,647.3200073242188,647.4299926757812,646.9500122070312,647.2100219726562,741513
2026-03-26 18:10:00+00:00,647.0549926757812,647.385009765625,646.8900146484375,647.3099975585938,802110
2026-03-26 18:15:00+00:00,646.8699951171875,647.1099853515625,646.7100219726562,647.0599975585938,562128
2026-03-26 18:20:00+00:00,647.0800170898438,647.1699829101562,646.5601196289062,646.8699951171875,699229
2026-03-26 18:25:00+00:00,646.5999755859375,647.25,646.489990234375,647.0750122070312,898954
2026-03-26 18:30:00+00:00,647.135009765625,647.2100219726562,646.5800170898438,646.6099853515625,757070
2026-03-26 18:35:00+00:00,647.3900146484375,647.4500122070312,646.9749755859375,647.1400146484375,805944
2026-03-26 18:40:00+00:00,647.135009765625,647.5399780273438,646.8099975585938,647.3900146484375,856611
2026-03-26 18:45:00+00:00,647.4400024414062,647.510009765625,646.8599853515625,647.1300048828125,1628251
2026-03-26 18:50:00+00:00,647.52001953125,647.6500244140625,647.27001953125,647.4400024414062,742318
2026-03-26 18:55:00+00:00,647.4299926757812,647.510009765625,647.0599975585938,647.510009765625,699004
2026-03-26 19:00:00+00:00,646.7050170898438,647.52001953125,646.6199951171875,647.4400024414062,1411584
2026-03-26 19:05:00+00:00,646.22998046875,646.760009765625,646.0,646.7050170898438,1161389
2026-03-26 19:10:00+00:00,646.2449951171875,646.3250122070312,645.8699951171875,646.239990234375,1017757
2026-03-26 19:15:00+00:00,646.5599975585938,646.7100219726562,646.219970703125,646.260009765625,1106490
2026-03-26 19:20:00+00:00,646.125,646.6099853515625,646.0700073242188,646.5599975585938,686094
2026-03-26 19:25:00+00:00,646.2100219726562,646.22998046875,645.8499755859375,646.125,1129762
2026-03-26 19:30:00+00:00,645.72998046875,646.27001953125,645.4400024414062,646.2100219726562,1516457
2026-03-26 19:35:00+00:00,645.8400268554688,646.1500244140625,645.6300048828125,645.72998046875,1034640
2026-03-26 19:40:00+00:00,645.510009765625,646.0499877929688,645.4000244140625,645.8300170898438,1413398
2026-03-26 19:45:00+00:00,645.7100219726562,645.75,645.3200073242188,645.5,2158650
2026-03-26 19:50:00+00:00,645.0050048828125,645.864990234375,644.969970703125,645.719970703125,2217872
2026-03-26 19:55:00+00:00,645.10498046875,645.5,644.8200073242188,645.0,4985625
2026-03-27 13:30:00+00:00,640.4949951171875,642.6599731445312,640.3499755859375,642.5,4726885
2026-03-27 13:35:00+00:00,640.9749755859375,641.2999877929688,639.780029296875,640.5,2341550
2026-03-27 13:40:00+00:00,641.0599975585938,641.5399780273438,640.5499877929688,640.969970703125,1392055
2026-03-27 13:45:00+00:00,641.8699951171875,642.4600219726562,641.02001953125,641.0599975585938,1427828
2026-03-27 13:50:00+00:00,640.0098876953125,642.0211791992188,639.9199829101562,641.8800048828125,1439701
2026-03-27 13:55:00+00:00,639.0499877929688,640.030029296875,638.593994140625,640.010009765625,1591239
2026-03-27 14:00:00+00:00,639.489990234375,639.780029296875,638.6599731445312,639.030029296875,1383695
2026-03-27 14:05:00+00:00,638.8499755859375,639.719970703125,638.6900024414062,639.5,1124571
2026-03-27 14:10:00+00:00,639.7100219726562,639.9801025390625,638.8099975585938,638.8599853515625,1447078
2026-03-27 14:15:00+00:00,640.5499877929688,640.7449951171875,639.5700073242188,639.7100219726562,1239787
2026-03-27 14:20:00+00:00,639.7650146484375,640.7999877929688,639.4301147460938,640.530029296875,767929
2026-03-27 14:25:00+00:00,639.0999755859375,640.3599853515625,639.0800170898438,639.7999877929688,632096
2026-03-27 14:30:00+00:00,639.5999755859375,640.0,639.0399780273438,639.0999755859375,603239
2026-03-27 14:35:00+00:00,638.8300170898438,639.75,638.7150268554688,639.6199951171875,612022
2026-03-27 14:40:00+00:00,639.0910034179688,639.2899780273438,638.75,638.8499755859375,682728
2026-03-27 14:45:00+00:00,640.22998046875,640.25,638.2999877929688,639.0999755859375,1110096
2026-03-27 14:50:00+00:00,639.5465698242188,640.5880126953125,639.4500122070312,640.219970703125,867398
2026-03-27 14:55:00+00:00,640.1900024414062,640.4099731445312,639.5499877929688,639.5800170898438,694759
2026-03-27 15:00:00+00:00,640.719970703125,640.8699951171875,639.9600219726562,640.1900024414062,829159
2026-03-27 15:05:00+00:00,640.1699829101562,641.27001953125,640.0050048828125,640.72998046875,1116020
2026-03-27 15:10:00+00:00,639.760009765625,640.22998046875,639.594970703125,639.75,757033
2026-03-27 15:15:00+00:00,639.2999877929688,639.875,639.0700073242188,639.77001953125,1046052
2026-03-27 15:20:00+00:00,640.22998046875,641.489990234375,638.9401245117188,639.3099975585938,1860832
2026-03-27 15:25:00+00:00,640.9600219726562,641.030029296875,640.0499877929688,640.25,930145
2026-03-27 15:30:00+00:00,641.780029296875,641.989990234375,640.6900024414062,640.9600219726562,1266016
2026-03-27 15:35:00+00:00,641.1400146484375,642.1400146484375,640.989990234375,641.780029296875,775717
2026-03-27 15:40:00+00:00,640.6900024414062,641.1300048828125,640.1699829101562,641.1300048828125,824159
2026-03-27 15:45:00+00:00,641.0700073242188,641.1599731445312,640.5700073242188,640.6900024414062,479278
2026-03-27 15:50:00+00:00,640.8499755859375,641.4149780273438,640.6900024414062,641.0700073242188,671924
2026-03-27 15:55:00+00:00,640.280029296875,640.969970703125,640.1099853515625,640.8499755859375,770583
2026-03-27 16:00:00+00:00,639.97998046875,640.4299926757812,639.7899780273438,640.2999877929688,615915
2026-03-27 16:05:00+00:00,639.1799926757812,640.0598754882812,639.1599731445312,639.97998046875,655962
2026-03-27 16:10:00+00:00,639.5150146484375,639.5250244140625,638.8599853515625,639.1900024414062,699307
2026-03-27 16:15:00+00:00,639.1649780273438,639.5900268554688,639.030029296875,639.5250244140625,671377
2026-03-27 16:20:00+00:00,639.02001953125,639.5800170898438,639.0,639.1699829101562,782404
2026-03-27 16:25:00+00:00,638.8900146484375,639.0700073242188,638.5800170898438,639.030029296875,819428
2026-03-27 16:30:00+00:00,638.8099975585938,639.0499877929688,638.75,638.8800048828125,455534
2026-03-27 16:35:00+00:00,638.3200073242188,638.9099731445312,638.1799926757812,638.8099975585938,860516
2026-03-27 16:40:00+00:00,638.5900268554688,638.8599853515625,638.0800170898438,638.3200073242188,874198
2026-03-27 16:45:00+00:00,639.47998046875,639.5650024414062,638.4500122070312,638.5999755859375,1084242
2026-03-27 16:50:00+00:00,638.9099731445312,639.6300048828125,638.8099975585938,639.47998046875,777646
2026-03-27 16:55:00+00:00,638.7000122070312,639.0499877929688,638.6199951171875,638.9099731445312,496005
2026-03-27 17:00:00+00:00,638.469970703125,638.8400268554688,638.1400146484375,638.7000122070312,1144586
2026-03-27 17:05:00+00:00,638.8300170898438,639.9299926757812,638.1400146484375,638.4600219726562,1680084
2026-03-27 17:10:00+00:00,638.3800048828125,638.9400024414062,638.1199951171875,638.8200073242188,520030
2026-03-27 17:15:00+00:00,637.8900146484375,638.4500122070312,637.760009765625,638.4099731445312,680269
2026-03-27 17:20:00+00:00,637.5800170898438,637.9099731445312,637.4000244140625,637.8900146484375,839428
2026-03-27 17:25:00+00:00,636.6199951171875,637.5700073242188,636.5900268554688,637.5700073242188,1280921
2026-03-27 17:30:00+00:00,637.1099853515625,637.1900024414062,636.5999755859375,636.6199951171875,814279
2026-03-27 17:35:00+00:00,636.9650268554688,637.25,636.8499755859375,637.1099853515625,563991
2026-03-27 17:40:00+00:00,636.47998046875,637.0,636.3499755859375,636.9600219726562,923125
2026-03-27 17:45:00+00:00,636.4299926757812,636.8350219726562,636.3699951171875,636.47998046875,673001
2026-03-27 17:50:00+00:00,636.4000244140625,636.5700073242188,636.2100219726562,636.4000244140625,843195
2026-03-27 17:55:00+00:00,636.1300048828125,636.52001953125,635.9400024414062,636.4099731445312,914368
2026-03-27 18:00:00+00:00,635.875,636.3049926757812,635.8309936523438,636.1397705078125,818353
2026-03-27 18:05:00+00:00,635.4149780273438,636.1199951171875,635.3800048828125,635.8699951171875,824381
2026-03-27 18:10:00+00:00,635.510009765625,635.6099853515625,635.1300048828125,635.4149780273438,1018086
2026-03-27 18:15:00+00:00,636.10498046875,636.1599731445312,635.3200073242188,635.510009765625,1583867
2026-03-27 18:20:00+00:00,635.6699829101562,636.3400268554688,635.5900268554688,636.0999755859375,967794
2026-03-27 18:25:00+00:00,635.77001953125,636.030029296875,635.530029296875,635.6699829101562,696939
2026-03-27 18:30:00+00:00,635.8200073242188,635.9600219726562,635.5,635.7650146484375,767256
2026-03-27 18:35:00+00:00,635.75,636.0599975585938,635.52001953125,635.8300170898438,752603
2026-03-27 18:40:00+00:00,635.9600219726562,636.7249755859375,635.4600219726562,635.77001953125,1540160
2026-03-27 18:45:00+00:00,635.6699829101562,636.1599731445312,635.6500244140625,635.97998046875,642595
2026-03-27 18:50:00+00:00,635.3699951171875,635.8699951171875,635.2000122070312,635.6699829101562,772936
2026-03-27 18:55:00+00:00,635.3800048828125,635.510009765625,635.219970703125,635.3699951171875,1049384
2026-03-27 19:00:00+00:00,634.7899780273438,635.6799926757812,634.719970703125,635.3800048828125,1380913
2026-03-27 19:05:00+00:00,634.719970703125,634.9400024414062,634.52001953125,634.7899780273438,1411445
2026-03-27 19:10:00+00:00,635.0499877929688,635.1799926757812,634.530029296875,634.7150268554688,1117401
2026-03-27 19:15:00+00:00,635.4099731445312,635.6099243164062,634.969970703125,635.0599975585938,1414705
2026-03-27 19:20:00+00:00,635.1799926757812,635.4099731445312,634.8699951171875,635.4000244140625,1595094
2026-03-27 19:25:00+00:00,634.8590087890625,635.1649780273438,634.6900024414062,635.1599731445312,1045451
2026-03-27 19:30:00+00:00,635.2899780273438,635.3400268554688,634.6900024414062,634.8599853515625,1384083
2026-03-27 19:35:00+00:00,634.7899780273438,635.3499755859375,634.77001953125,635.2999877929688,1213782
2026-03-27 19:40:00+00:00,634.1699829101562,634.8099975585938,634.0499877929688,634.7899780273438,1861503
2026-03-27 19:45:00+00:00,633.8499755859375,634.1950073242188,633.260009765625,634.1500244140625,2898441
2026-03-27 19:50:00+00:00,634.0499877929688,634.280029296875,633.10498046875,633.8499755859375,2915226
2026-03-27 19:55:00+00:00,634.0800170898438,635.1500244140625,634.0399780273438,634.0499877929688,6676262
2026-03-30 13:30:00+00:00,638.8499755859375,640.3699951171875,638.780029296875,640.1099853515625,4906621
2026-03-30 13:35:00+00:00,637.9500122070312,638.9299926757812,637.780029296875,638.8699951171875,1572607
2026-03-30 13:40:00+00:00,637.1699829101562,637.9099731445312,636.780029296875,637.9099731445312,1530497
2026-03-30 13:45:00+00:00,636.094970703125,637.47607421875,635.969970703125,637.1599731445312,1227272
2026-03-30 13:50:00+00:00,635.7650146484375,636.6300048828125,635.739990234375,636.0999755859375,1273512
2026-03-30 13:55:00+00:00,635.0700073242188,635.8499755859375,634.6799926757812,635.72998046875,1701723
2026-03-30 14:00:00+00:00,636.0399780273438,636.27001953125,635.0,635.0549926757812,1575783
2026-03-30 14:05:00+00:00,636.1599731445312,636.1900024414062,635.1900024414062,636.0349731445312,1276058
2026-03-30 14:10:00+00:00,636.510009765625,636.8099975585938,635.72998046875,636.1199951171875,1217882
2026-03-30 14:15:00+00:00,635.8900146484375,636.6900024414062,635.3900146484375,636.5,1018047
2026-03-30 14:20:00+00:00,636.2999877929688,636.4299926757812,635.6799926757812,635.8599853515625,754976
2026-03-30 14:25:00+00:00,635.8599853515625,636.5449829101562,635.5999755859375,636.3099975585938,964104
2026-03-30 14:30:00+00:00,635.9600219726562,636.5399780273438,635.7899780273438,635.8499755859375,803197
2026-03-30 14:35:00+00:00,635.8599853515625,636.1400146484375,635.239990234375,635.969970703125,1281809
2026-03-30 14:40:00+00:00,634.9500122070312,636.27001953125,634.760009765625,635.8699951171875,1187385
2026-03-30 14:45:00+00:00,635.760009765625,636.9500122070312,634.72998046875,634.9500122070312,1890180
2026-03-30 14:50:00+00:00,636.260009765625,636.3900146484375,635.510009765625,635.77001953125,1032081
2026-03-30 14:55:00+00:00,637.510009765625,637.5800170898438,635.8900146484375,636.25,1278880
2026-03-30 15:00:00+00:00,638.360107421875,638.3800048828125,637.489990234375,637.510009765625,1578187
2026-03-30 15:05:00+00:00,636.8599853515625,638.7999877929688,636.6500244140625,638.3800048828125,1209124
2026-03-30 15:10:00+00:00,636.52001953125,637.25,636.4099731445312,636.8099975585938,619826
2026-03-30 15:15:00+00:00,636.4099731445312,636.5700073242188,635.5599975585938,636.52001953125,1111653
2026-03-30 15:20:00+00:00,636.780029296875,636.8699951171875,636.1699829101562,636.4299926757812,750548
2026-03-30 15:25:00+00:00,636.4600219726562,637.1099853515625,636.4000244140625,636.780029296875,1964960
2026-03-30 15:30:00+00:00,637.5700073242188,637.6799926757812,636.0399780273438,636.4500122070312,813475
2026-03-30 15:35:00+00:00,637.3900146484375,638.1599731445312,637.2899780273438,637.5900268554688,885114
2026-03-30 15:40:00+00:00,637.989990234375,638.0900268554688,637.2100219726562,637.3880004882812,827871
2026-03-30 15:45:00+00:00,637.7899780273438,638.0850219726562,637.47998046875,637.989990234375,606907
2026-03-30 15:50:00+00:00,637.9299926757812,638.4749755859375,637.739990234375,637.7949829101562,678705
2026-03-30 15:55:00+00:00,637.3599853515625,637.9299926757812,637.1799926757812,637.9299926757812,921891
2026-03-30 16:00:00+00:00,636.2899169921875,637.4600219726562,636.1900024414062,637.3400268554688,707343
2026-03-30 16:05:00+00:00,636.3499755859375,636.6107177734375,636.0800170898438,636.280029296875,730262
2026-03-30 16:10:00+00:00,636.719970703125,636.8900146484375,636.22998046875,636.3400268554688,479399
2026-03-30 16:15:00+00:00,636.1500854492188,636.7293090820312,635.97998046875,636.6799926757812,350846
2026-03-30 16:20:00+00:00,635.7999877929688,636.4299926757812,635.6300048828125,636.1500244140625,776360
2026-03-30 16:25:00+00:00,635.260009765625,635.8900146484375,635.1649780273438,635.8151245117188,742188
2026-03-30 16:30:00+00:00,635.5549926757812,635.760009765625,635.1199951171875,635.27001953125,647233
2026-03-30 16:35:00+00:00,635.8599853515625,636.010009765625,635.3599853515625,635.5599975585938,428630
2026-03-30 16:40:00+00:00,635.594970703125,635.8499755859375,635.4500122070312,635.8499755859375,400253
2026-03-30 16:45:00+00:00,635.3800048828125,635.6500244140625,635.260009765625,635.5999755859375,296532
2026-03-30 16:50:00+00:00,635.2000122070312,635.77001953125,635.1900024414062,635.3699951171875,517012
2026-03-30 16:55:00+00:00,635.2999877929688,635.419921875,634.9849853515625,635.2000122070312,1560688
2026-03-30 17:00:00+00:00,634.8800048828125,635.8499755859375,634.8400268554688,635.2949829101562,708175
2026-03-30 17:05:00+00:00,635.4000244140625,635.6199951171875,634.7949829101562,634.8800048828125,568984
2026-03-30 17:10:00+00:00,634.5499877929688,635.510009765625,634.4600219726562,635.4000244140625,606068
2026-03-30 17:15:00+00:00,634.0850219726562,634.7379760742188,633.780029296875,634.5399780273438,959601
2026-03-30 17:20:00+00:00,633.7100219726562,634.260009765625,633.4550170898438,634.0850219726562,975552
2026-03-30 17:25:00+00:00,633.4000244140625,633.8800048828125,633.239990234375,633.7125854492188,1015807
2026-03-30 17:30:00+00:00,632.9249877929688,633.4600219726562,632.8200073242188,633.4000244140625,1232915
2026-03-30 17:35:00+00:00,633.6199951171875,633.6599731445312,632.7100219726562,632.9199829101562,1155993
2026-03-30 17:40:00+00:00,634.2100219726562,634.3499755859375,633.4500122070312,633.6099853515625,909717
2026-03-30 17:45:00+00:00,633.6403198242188,634.6300048828125,633.5999755859375,634.2150268554688,1452298
2026-03-30 17:50:00+00:00,633.5,633.7899780273438,633.4199829101562,633.6400146484375,843451
2026-03-30 17:55:00+00:00,633.5700073242188,633.6300048828125,633.2000122070312,633.5,584481
2026-03-30 18:00:00+00:00,633.2899780273438,633.75,633.2000122070312,633.5599975585938,858002
2026-03-30 18:05:00+00:00,632.9400024414062,633.5999755859375,632.85498046875,633.2899780273438,971757
2026-03-30 18:10:00+00:00,633.260009765625,633.4099731445312,632.8599853515625,632.9600219726562,801506
2026-03-30 18:15:00+00:00,633.4600219726562,633.530029296875,632.969970703125,633.239990234375,812512
2026-03-30 18:20:00+00:00,633.0499877929688,633.6699829101562,632.97998046875,633.4500122070312,722799
2026-03-30 18:25:00+00:00,632.280029296875,633.0800170898438,632.260009765625,633.0499877929688,931535
2026-03-30 18:30:00+00:00,632.614990234375,632.719970703125,632.260009765625,632.2899780273438,2592385
2026-03-30 18:35:00+00:00,632.4949951171875,633.1699829101562,632.47998046875,632.5999755859375,814817
2026-03-30 18:40:00+00:00,632.4600219726562,632.7100219726562,632.3800048828125,632.489990234375,1094096
2026-03-30 18:45:00+00:00,632.2449951171875,632.739990234375,632.1799926757812,632.47998046875,805984
2026-03-30 18:50:00+00:00,631.8350219726562,632.3099975585938,631.6300048828125,632.239990234375,1090409
2026-03-30 18:55:00+00:00,631.75,632.0499877929688,631.4500122070312,631.8400268554688,424418
2026-03-30 19:00:00+00:00,631.52001953125,631.9199829101562,631.3699951171875,631.75,1023042
2026-03-30 19:05:00+00:00,630.469970703125,631.52001953125,630.4099731445312,631.510009765625,1670872
2026-03-30 19:10:00+00:00,629.9400024414062,630.5399780273438,629.625,630.4600219726562,1833297
2026-03-30 19:15:00+00:00,630.030029296875,630.3524780273438,629.907470703125,629.9481201171875,1145437
2026-03-30 19:20:00+00:00,629.8800048828125,630.260009765625,629.75,630.030029296875,1311033
2026-03-30 19:25:00+00:00,629.5800170898438,629.9400024414062,629.280029296875,629.860107421875,1274545
2026-03-30 19:30:00+00:00,629.4500122070312,630.0599975585938,629.3499755859375,629.5850219726562,1529097
2026-03-30 19:35:00+00:00,630.219970703125,630.6998901367188,629.4500122070312,629.469970703125,1956735
2026-03-30 19:40:00+00:00,630.7349853515625,631.0800170898438,630.2100219726562,630.22998046875,1246354
2026-03-30 19:45:00+00:00,631.0800170898438,631.469970703125,630.6699829101562,630.7299194335938,1762823
2026-03-30 19:50:00+00:00,632.030029296875,632.0999755859375,630.7899780273438,631.0900268554688,2608009
2026-03-30 19:55:00+00:00,632.0,632.6401977539062,631.5,632.02001953125,4914511
2026-03-31 13:30:00+00:00,639.72998046875,639.77001953125,638.3099975585938,638.9400024414062,6644232
2026-03-31 13:35:00+00:00,639.8991088867188,639.9099731445312,638.7899780273438,639.72998046875,1352179
2026-03-31 13:40:00+00:00,639.260009765625,640.530029296875,639.0999755859375,639.8699951171875,1835887
2026-03-31 13:45:00+00:00,641.8200073242188,641.8300170898438,639.280029296875,639.2899780273438,2028602
2026-03-31 13:50:00+00:00,642.3400268554688,642.47998046875,641.280029296875,641.8200073242188,1656724
2026-03-31 13:55:00+00:00,642.6300048828125,642.7100219726562,641.3707275390625,642.3400268554688,1633587
2026-03-31 14:00:00+00:00,642.3800048828125,642.9500122070312,642.0599975585938,642.6400146484375,1525809
2026-03-31 14:05:00+00:00,641.2150268554688,642.3800048828125,641.1099853515625,642.3599853515625,2080464
2026-03-31 14:10:00+00:00,641.5,641.97998046875,641.1300048828125,641.219970703125,1362110
2026-03-31 14:15:00+00:00,641.969970703125,642.3599853515625,640.989990234375,641.489990234375,1410964
2026-03-31 14:20:00+00:00,642.1799926757812,642.4400024414062,640.8900146484375,641.97998046875,1030285
2026-03-31 14:25:00+00:00,642.5,642.7000122070312,641.8099975585938,642.1900024414062,876334
2026-03-31 14:30:00+00:00,642.2650146484375,642.6500244140625,641.844970703125,642.47998046875,885717
2026-03-31 14:35:00+00:00,641.0800170898438,642.4199829101562,640.8400268554688,642.260009765625,1217626
2026-03-31 14:40:00+00:00,640.2515869140625,641.510009765625,639.9600219726562,641.0800170898438,1473903
2026-03-31 14:45:00+00:00,639.4099731445312,640.489990234375,639.369873046875,640.25,1305718
2026-03-31 14:50:00+00:00,638.6799926757812,639.5399780273438,638.52001953125,639.4099731445312,1508809
2026-03-31 14:55:00+00:00,638.6799926757812,638.8099975585938,637.97998046875,638.6699829101562,1554643
2026-03-31 15:00:00+00:00,639.969970703125,640.1900024414062,638.6699829101562,638.6900024414062,3643879
2026-03-31 15:05:00+00:00,640.5850219726562,641.280029296875,639.8699951171875,639.9600219726562,1712726
2026-03-31 15:10:00+00:00,641.9450073242188,642.0399780273438,640.3300170898438,640.5700073242188,986082
2026-03-31 15:15:00+00:00,641.75,642.2899780273438,641.510009765625,641.9299926757812,2036807
2026-03-31 15:20:00+00:00,641.72998046875,641.780029296875,640.8800048828125,641.739990234375,1145733
2026-03-31 15:25:00+00:00,640.6799926757812,641.9000244140625,640.52001953125,641.72998046875,1039095
2026-03-31 15:30:00+00:00,640.7000122070312,640.75,639.9199829101562,640.6799926757812,1128973
2026-03-31 15:35:00+00:00,640.9404296875,641.2899780273438,640.6699829101562,640.6799926757812,835258
2026-03-31 15:40:00+00:00,640.760009765625,641.0800170898438,640.5399780273438,640.9588012695312,746035
2026-03-31 15:45:00+00:00,640.4149780273438,640.760009765625,640.0999755859375,640.739990234375,677065
2026-03-31 15:50:00+00:00,640.6300048828125,641.1900024414062,640.2249755859375,640.4099731445312,890967
2026-03-31 15:55:00+00:00,639.7899780273438,640.8099975585938,639.6900024414062,640.6306762695312,790168
2026-03-31 16:00:00+00:00,640.594970703125,641.1799926757812,639.52001953125,639.7899780273438,871724
2026-03-31 16:05:00+00:00,641.3699951171875,641.6699829101562,640.5999755859375,640.5999755859375,795999
2026-03-31 16:10:00+00:00,641.27001953125,641.4500122070312,640.4301147460938,641.3699951171875,649855
2026-03-31 16:15:00+00:00,641.5,641.9199829101562,641.27001953125,641.27001953125,637733
2026-03-31 16:20:00+00:00,642.4400024414062,642.4400024414062,641.4000244140625,641.510009765625,726476
2026-03-31 16:25:00+00:00,642.1199951171875,642.6300048828125,641.9688110351562,642.4349975585938,1031974
2026-03-31 16:30:00+00:00,641.9600219726562,642.1400146484375,641.7100219726562,642.1099853515625,544417
2026-03-31 16:35:00+00:00,644.8699951171875,644.9400024414062,641.6500244140625,641.9600219726562,2160077
2026-03-31 16:40:00+00:00,647.0800170898438,649.4600219726562,644.780029296875,644.8900146484375,7660251
2026-03-31 16:45:00+00:00,646.3099975585938,647.97998046875,644.9000244140625,647.0900268554688,3363498
2026-03-31 16:50:00+00:00,646.3099975585938,647.8900146484375,645.1699829101562,646.3099975585938,2676335
2026-03-31 16:55:00+00:00,646.6400146484375,646.760009765625,645.510009765625,646.280029296875,1402801
2026-03-31 17:00:00+00:00,648.0599975585938,648.5499877929688,646.5700073242188,646.6599731445312,1872404
2026-03-31 17:05:00+00:00,646.47998046875,648.1400146484375,645.4400024414062,648.0599975585938,1630121
2026-03-31 17:10:00+00:00,647.489990234375,647.5900268554688,646.2999877929688,646.47998046875,1070996
2026-03-31 17:15:00+00:00,648.2999877929688,648.510009765625,647.469970703125,647.5,975688
2026-03-31 17:20:00+00:00,647.85498046875,648.4400024414062,647.6599731445312,648.3099975585938,771442
2026-03-31 17:25:00+00:00,647.0,647.9500122070312,646.7899780273438,647.8599853515625,1201706
2026-03-31 17:30:00+00:00,648.1300048828125,648.2999877929688,646.9500122070312,647.030029296875,884269
2026-03-31 17:35:00+00:00,646.8699951171875,648.4099731445312,646.2000122070312,648.1199951171875,2867763
2026-03-31 17:40:00+00:00,646.7100219726562,647.47998046875,646.2999877929688,646.8400268554688,1372167
2026-03-31 17:45:00+00:00,647.136474609375,647.5499877929688,646.4500122070312,646.719970703125,1037735
2026-03-31 17:50:00+00:00,647.2000122070312,647.489990234375,646.8900146484375,647.1799926757812,636007
2026-03-31 17:55:00+00:00,646.4149780273438,647.22998046875,646.1400146484375,647.2000122070312,1259606
2026-03-31 18:00:00+00:00,647.0,647.6099853515625,646.3900146484375,646.4099731445312,1082244
2026-03-31 18:05:00+00:00,647.6599731445312,647.9299926757812,646.97998046875,647.010009765625,1212339
2026-03-31 18:10:00+00:00,647.489990234375,647.7000122070312,646.8300170898438,647.6599731445312,711082
2026-03-31 18:15:00+00:00,647.8200073242188,648.1300048828125,647.4400024414062,647.469970703125,969522
2026-03-31 18:20:00+00:00,647.2899780273438,647.8900146484375,647.2000122070312,647.8300170898438,548884
2026-03-31 18:25:00+00:00,647.7050170898438,648.239990234375,646.969970703125,647.3099975585938,1119319
2026-03-31 18:30:00+00:00,647.5599975585938,647.8699951171875,647.2000122070312,647.7000122070312,918069
2026-03-31 18:35:00+00:00,648.280029296875,648.6599731445312,647.4199829101562,647.5599975585938,1086448
2026-03-31 18:40:00+00:00,647.9749755859375,648.3300170898438,647.6300048828125,648.2896728515625,1008211
2026-03-31 18:45:00+00:00,648.3193969726562,648.7050170898438,647.8900146484375,647.989990234375,1454868
2026-03-31 18:50:00+00:00,648.6799926757812,648.9000244140625,648.2899780273438,648.3300170898438,926126
2026-03-31 18:55:00+00:00,648.6400146484375,648.8800048828125,648.510009765625,648.6799926757812,654743
2026-03-31 19:00:00+00:00,648.940185546875,649.1699829101562,648.5775146484375,648.6400146484375,806216
2026-03-31 19:05:00+00:00,648.2999877929688,648.9600219726562,648.0,648.9400024414062,1387707
2026-03-31 19:10:00+00:00,649.0700073242188,649.22998046875,648.260009765625,648.2899780273438,2015070
2026-03-31 19:15:00+00:00,649.25,649.6400146484375,648.9500122070312,649.0800170898438,1230140
2026-03-31 19:20:00+00:00,649.6199951171875,649.9099731445312,649.1699829101562,649.2520141601562,1300723
2026-03-31 19:25:00+00:00,649.4019775390625,649.6699829101562,649.1500244140625,649.6199951171875,1492247
2026-03-31 19:30:00+00:00,649.7100219726562,650.02001953125,649.3499755859375,649.4199829101562,1425123
2026-03-31 19:35:00+00:00,650.4500122070312,650.6099853515625,649.6599731445312,649.719970703125,2283949
2026-03-31 19:40:00+00:00,650.177978515625,650.6099853515625,649.8350219726562,650.4600219726562,1884115
2026-03-31 19:45:00+00:00,650.8699951171875,651.0499877929688,649.969970703125,650.1699829101562,2917661
2026-03-31 19:50:00+00:00,649.905029296875,651.5399780273438,649.6900024414062,650.8800048828125,5810595
2026-03-31 19:55:00+00:00,650.239990234375,650.739990234375,649.3200073242188,649.9000244140625,10625849
2026-04-01 13:30:00+00:00,654.989990234375,655.4199829101562,653.489990234375,653.9000244140625,9247983
2026-04-01 13:35:00+00:00,655.8350219726562,656.0499877929688,654.5800170898438,654.97998046875,1885738
2026-04-01 13:40:00+00:00,653.969970703125,655.8599853515625,653.3599853515625,655.839111328125,2491018
2026-04-01 13:45:00+00:00,653.22998046875,654.489990234375,653.0,653.9500122070312,1946245
2026-04-01 13:50:00+00:00,653.9299926757812,654.8590087890625,653.02001953125,653.22998046875,1541117
2026-04-01 13:55:00+00:00,654.2899780273438,654.5800170898438,653.6500244140625,653.9500122070312,873557
2026-04-01 14:00:00+00:00,654.6500244140625,655.1799926757812,653.8900146484375,654.2999877929688,1234742
2026-04-01 14:05:00+00:00,654.7999877929688,655.280029296875,653.9600219726562,654.6699829101562,1138587
2026-04-01 14:10:00+00:00,654.5900268554688,654.9199829101562,654.0,654.7899780273438,1009984
2026-04-01 14:15:00+00:00,654.72998046875,655.02001953125,654.2399291992188,654.5599975585938,766692
2026-04-01 14:20:00+00:00,654.6199951171875,655.469970703125,654.239990234375,654.719970703125,1323801
2026-04-01 14:25:00+00:00,655.030029296875,655.0900268554688,654.3499755859375,654.5999755859375,1237590
2026-04-01 14:30:00+00:00,654.530029296875,655.594970703125,654.4199829101562,655.030029296875,1218855
2026-04-01 14:35:00+00:00,655.489990234375,656.2899780273438,653.5800170898438,654.530029296875,1645496
2026-04-01 14:40:00+00:00,655.6500244140625,656.0399780273438,654.5,655.489990234375,1319600
2026-04-01 14:45:00+00:00,656.1799926757812,656.3599853515625,655.02001953125,655.6400146484375,885427
2026-04-01 14:50:00+00:00,656.52197265625,656.8499755859375,655.739990234375,656.1900024414062,1015825
2026-04-01 14:55:00+00:00,656.5,656.77001953125,656.1710205078125,656.52001953125,1425345
2026-04-01 15:00:00+00:00,656.5800170898438,656.9299926757812,656.3099975585938,656.5,1028840
2026-04-01 15:05:00+00:00,656.969970703125,657.0700073242188,656.3699951171875,656.5850219726562,789690
2026-04-01 15:10:00+00:00,656.6099853515625,657.010009765625,656.52001953125,656.969970703125,775601
2026-04-01 15:15:00+00:00,656.9400024414062,656.9400024414062,656.469970703125,656.6199951171875,589429
2026-04-01 15:20:00+00:00,656.6749877929688,657.030029296875,656.489990234375,656.905029296875,601888
2026-04-01 15:25:00+00:00,656.3300170898438,656.9400024414062,656.3300170898438,656.6699829101562,744043
2026-04-01 15:30:00+00:00,656.5050048828125,656.6599731445312,655.9299926757812,656.3300170898438,834219
2026-04-01 15:35:00+00:00,657.0996704101562,657.3400268554688,656.469970703125,656.510009765625,812488
2026-04-01 15:40:00+00:00,657.2100219726562,657.280029296875,656.6699829101562,657.0900268554688,484886
2026-04-01 15:45:00+00:00,657.2100219726562,657.47998046875,657.02001953125,657.219970703125,569006
2026-04-01 15:50:00+00:00,657.5,657.6099853515625,657.0499877929688,657.2100219726562,512289
2026-04-01 15:55:00+00:00,657.8200073242188,658.094970703125,657.469970703125,657.4949951171875,1194926
2026-04-01 16:00:00+00:00,657.9000244140625,658.0,657.5999755859375,657.8150024414062,610841
2026-04-01 16:05:00+00:00,657.9749755859375,658.089599609375,657.6699829101562,657.9099731445312,501351
2026-04-01 16:10:00+00:00,657.5599975585938,658.0150146484375,657.4400024414062,657.989990234375,894945
2026-04-01 16:15:00+00:00,657.8250122070312,657.9199829101562,657.4000244140625,657.5700073242188,607750
2026-04-01 16:20:00+00:00,657.4199829101562,657.8300170898438,657.4099731445312,657.8300170898438,594176
2026-04-01 16:25:00+00:00,657.1749877929688,657.5800170898438,657.1199951171875,657.4299926757812,687313
2026-04-01 16:30:00+00:00,657.4299926757812,657.4400024414062,656.8400268554688,657.1849975585938,913747
2026-04-01 16:35:00+00:00,657.5900268554688,657.739990234375,657.4299926757812,657.4299926757812,474282
2026-04-01 16:40:00+00:00,657.8699951171875,657.9199829101562,657.5349731445312,657.5800170898438,473305
2026-04-01 16:45:00+00:00,657.75,657.9299926757812,657.5850219726562,657.8699951171875,432545
2026-04-01 16:50:00+00:00,657.8499755859375,657.9299926757812,657.6900024414062,657.739990234375,376494
2026-04-01 16:55:00+00:00,657.8099975585938,657.969970703125,657.6699829101562,657.8400268554688,397503
2026-04-01 17:00:00+00:00,658.3099975585938,658.3800048828125,657.7000732421875,657.8200073242188,1482147
2026-04-01 17:05:00+00:00,658.3200073242188,658.4949951171875,658.2199096679688,658.2999877929688,489305
2026-04-01 17:10:00+00:00,658.35498046875,658.4849853515625,658.2105102539062,658.3200073242188,345535
2026-04-01 17:15:00+00:00,658.3250122070312,658.4299926757812,658.1400146484375,658.3599853515625,465458
2026-04-01 17:20:00+00:00,658.4450073242188,658.52001953125,658.2249755859375,658.3300170898438,440023
2026-04-01 17:25:00+00:00,658.2999877929688,658.4600219726562,658.239990234375,658.4500122070312,440384
2026-04-01 17:30:00+00:00,657.9349975585938,658.4400024414062,657.9000244140625,658.3099975585938,542455
2026-04-01 17:35:00+00:00,658.0800170898438,658.22998046875,657.7999267578125,657.9400024414062,550298
2026-04-01 17:40:00+00:00,657.9000244140625,658.25,657.72998046875,658.0800170898438,423899
2026-04-01 17:45:00+00:00,657.625,658.0269775390625,657.5250244140625,657.9000244140625,546837
2026-04-01 17:50:00+00:00,657.5499877929688,657.7949829101562,657.4299926757812,657.6300048828125,541905
2026-04-01 17:55:00+00:00,656.7899780273438,657.64501953125,656.77001953125,657.5499877929688,1032720
2026-04-01 18:00:00+00:00,655.9600219726562,656.9400024414062,655.655029296875,656.7899780273438,1750532
2026-04-01 18:05:00+00:00,656.1098022460938,656.4000244140625,655.8499755859375,655.9500122070312,934794
2026-04-01 18:10:00+00:00,655.905029296875,656.3900146484375,655.8800048828125,656.0999755859375,1005832
2026-04-01 18:15:00+00:00,654.9749755859375,655.9000244140625,654.5399780273438,655.9000244140625,1366746
2026-04-01 18:20:00+00:00,654.1300048828125,655.22998046875,653.9099731445312,654.97998046875,1328568
2026-04-01 18:25:00+00:00,654.22998046875,654.7999877929688,653.8300170898438,654.1300048828125,1289684
2026-04-01 18:30:00+00:00,654.0050048828125,654.5399780273438,653.9000244140625,654.2249755859375,1114150
2026-04-01 18:35:00+00:00,654.4600219726562,654.77001953125,653.6669921875,654.010009765625,1436769
2026-04-01 18:40:00+00:00,654.8599853515625,655.5,654.4299926757812,654.4500122070312,1276264
2026-04-01 18:45:00+00:00,654.64501953125,654.97998046875,654.2899780273438,654.8599853515625,1596761
2026-04-01 18:50:00+00:00,654.5700073242188,654.7899780273438,654.1599731445312,654.6500244140625,725423
2026-04-01 18:55:00+00:00,654.4099731445312,654.5999755859375,654.1300048828125,654.5599975585938,676012
2026-04-01 19:00:00+00:00,654.8099975585938,655.0900268554688,654.2550048828125,654.3900146484375,920526
2026-04-01 19:05:00+00:00,655.1699829101562,655.3643188476562,654.7949829101562,654.7999877929688,888493
2026-04-01 19:10:00+00:00,655.1900024414062,655.280029296875,654.8200073242188,655.1699829101562,729791
2026-04-01 19:15:00+00:00,655.5650024414062,655.6300048828125,654.969970703125,655.1900024414062,840451
2026-04-01 19:20:00+00:00,655.6950073242188,655.7899780273438,655.280029296875,655.5700073242188,835720
2026-04-01 19:25:00+00:00,656.0999755859375,656.340087890625,655.6699829101562,655.6950073242188,1217784
2026-04-01 19:30:00+00:00,656.02001953125,656.3499755859375,655.6599731445312,656.0999755859375,1337082
2026-04-01 19:35:00+00:00,656.2100219726562,656.3800048828125,655.739990234375,656.0499877929688,1966527
2026-04-01 19:40:00+00:00,656.155029296875,656.75,656.114990234375,656.219970703125,1064024
2026-04-01 19:45:00+00:00,655.97998046875,656.3400268554688,655.869873046875,656.1500244140625,2093720
2026-04-01 19:50:00+00:00,655.260009765625,656.1199951171875,655.030029296875,656.0,2705269
2026-04-01 19:55:00+00:00,655.1799926757812,655.510009765625,654.719970703125,655.25,4245666
2026-04-02 13:30:00+00:00,647.0946044921875,647.469970703125,646.2899780273438,646.4199829101562,4335174
2026-04-02 13:35:00+00:00,645.3499755859375,647.135009765625,645.3200073242188,647.1199951171875,1337215
2026-04-02 13:40:00+00:00,645.6900024414062,646.4600219726562,645.1099853515625,645.3499755859375,1063395
2026-04-02 13:45:00+00:00,647.0399780273438,647.4000244140625,645.4299926757812,645.7100219726562,1090083
2026-04-02 13:50:00+00:00,648.6300048828125,648.9299926757812,646.8900146484375,647.0499877929688,1175061
2026-04-02 13:55:00+00:00,649.6300048828125,649.8900146484375,648.3400268554688,648.6300048828125,1184002
2026-04-02 14:00:00+00:00,649.0399780273438,650.0982055664062,648.780029296875,649.64501953125,1473231
2026-04-02 14:05:00+00:00,649.8400268554688,650.52001953125,648.5499877929688,649.02001953125,1279942
2026-04-02 14:10:00+00:00,649.6400146484375,650.4600219726562,649.4201049804688,649.8300170898438,878001
2026-04-02 14:15:00+00:00,650.2999877929688,650.77001953125,649.520751953125,649.6199951171875,980066
2026-04-02 14:20:00+00:00,650.7100219726562,651.0999755859375,650.22998046875,650.2899780273438,948739
2026-04-02 14:25:00+00:00,650.3400268554688,650.780029296875,650.010009765625,650.719970703125,751131
2026-04-02 14:30:00+00:00,652.2000122070312,652.3800048828125,650.0999755859375,650.3499755859375,974111
2026-04-02 14:35:00+00:00,656.4500122070312,658.2000122070312,652.1699829101562,652.2100219726562,4539504
2026-04-02 14:40:00+00:00,656.0499877929688,656.6099853515625,654.3300170898438,656.4099731445312,1865682
2026-04-02 14:45:00+00:00,654.1199951171875,656.2899780273438,654.0700073242188,656.0399780273438,1272764
2026-04-02 14:50:00+00:00,654.7050170898438,654.969970703125,653.3699951171875,654.1300048828125,1064986
2026-04-02 14:55:00+00:00,655.3900146484375,656.0,654.5999755859375,654.6900024414062,735858
2026-04-02 15:00:00+00:00,655.010009765625,655.47998046875,653.8200073242188,655.3900146484375,1022709
2026-04-02 15:05:00+00:00,654.843017578125,655.1500244140625,654.0800170898438,654.989990234375,625550
2026-04-02 15:10:00+00:00,655.25,655.9299926757812,654.5999755859375,654.8499755859375,632741
2026-04-02 15:15:00+00:00,655.1900024414062,655.780029296875,654.6900024414062,655.26123046875,706186
2026-04-02 15:20:00+00:00,654.7000122070312,655.22998046875,653.9199829101562,655.1799926757812,669959
2026-04-02 15:25:00+00:00,655.2899780273438,655.7100219726562,654.0,654.6799926757812,798655
2026-04-02 15:30:00+00:00,654.9656982421875,655.4199829101562,654.3200073242188,655.3200073242188,476572
2026-04-02 15:35:00+00:00,655.2100219726562,655.889404296875,654.8300170898438,654.97998046875,442483
2026-04-02 15:40:00+00:00,655.219970703125,655.409912109375,654.260009765625,655.1900024414062,459943
2026-04-02 15:45:00+00:00,654.1599731445312,655.2398071289062,654.0900268554688,655.219970703125,447248
2026-04-02 15:50:00+00:00,654.469970703125,654.62939453125,653.0300903320312,654.1799926757812,922434
2026-04-02 15:55:00+00:00,654.0,654.7550048828125,653.7630004882812,654.4500122070312,713738
2026-04-02 16:00:00+00:00,653.77001953125,654.6699829101562,653.5900268554688,653.9849853515625,421113
2026-04-02 16:05:00+00:00,653.5800170898438,654.1099853515625,652.7999877929688,653.77001953125,432507
2026-04-02 16:10:00+00:00,653.38818359375,653.739990234375,653.030029296875,653.5800170898438,346307
2026-04-02 16:15:00+00:00,652.5,653.6500244140625,652.4600219726562,653.3800048828125,521906
2026-04-02 16:20:00+00:00,652.5499877929688,653.0900268554688,652.1699829101562,652.489990234375,568159
2026-04-02 16:25:00+00:00,652.719970703125,653.25,652.3300170898438,652.5399780273438,455083
2026-04-02 16:30:00+00:00,653.5700073242188,654.0,652.52001953125,652.7100219726562,442600
2026-04-02 16:35:00+00:00,653.280029296875,653.843994140625,652.5650024414062,653.5599975585938,566358
2026-04-02 16:40:00+00:00,654.22998046875,654.9500122070312,653.2100219726562,653.219970703125,708811
2026-04-02 16:45:00+00:00,654.27001953125,654.5599975585938,653.9500122070312,654.27001953125,278319
2026-04-02 16:50:00+00:00,654.3499145507812,654.5800170898438,653.8900146484375,654.27001953125,781347
2026-04-02 16:55:00+00:00,653.5599975585938,654.3150024414062,653.5399780273438,654.3150024414062,201078
2026-04-02 17:00:00+00:00,653.8099975585938,653.9400024414062,653.030029296875,653.5700073242188,300878
2026-04-02 17:05:00+00:00,653.77001953125,654.0,653.5,653.7899780273438,175779
2026-04-02 17:10:00+00:00,654.3599853515625,654.6099853515625,653.4099731445312,653.7899780273438,256705
2026-04-02 17:15:00+00:00,654.6099853515625,655.030029296875,654.260009765625,654.3400268554688,278976
2026-04-02 17:20:00+00:00,654.8400268554688,655.0,654.4144287109375,654.5700073242188,267716
2026-04-02 17:25:00+00:00,654.6300048828125,655.0399780273438,654.5723266601562,654.8800048828125,194336
2026-04-02 17:30:00+00:00,654.2999877929688,654.75,654.1699829101562,654.6500244140625,613069
2026-04-02 17:35:00+00:00,654.2899780273438,654.35498046875,653.9500122070312,654.2999877929688,209726
2026-04-02 17:40:00+00:00,654.22998046875,654.4199829101562,653.7999877929688,654.280029296875,248873
2026-04-02 17:45:00+00:00,652.77001953125,654.2999877929688,652.6900024414062,654.25,449528
2026-04-02 17:50:00+00:00,653.22998046875,653.260009765625,652.5499877929688,652.760009765625,385707
2026-04-02 17:55:00+00:00,653.210205078125,653.4749755859375,652.8599853515625,653.239990234375,263347
2026-04-02 18:00:00+00:00,653.9000244140625,653.9199829101562,653.239990234375,653.239990234375,468835
2026-04-02 18:05:00+00:00,654.0097045898438,654.4180297851562,653.719970703125,653.905029296875,443465
2026-04-02 18:10:00+00:00,653.9000244140625,654.3400268554688,653.8099975585938,653.989990234375,424549
2026-04-02 18:15:00+00:00,653.989990234375,654.239990234375,653.5900268554688,653.9099731445312,344297
2026-04-02 18:20:00+00:00,653.6699829101562,654.0900268554688,653.6599731445312,653.97998046875,214384
2026-04-02 18:25:00+00:00,653.510009765625,653.739990234375,653.3599853515625,653.6599731445312,366261
2026-04-02 18:30:00+00:00,653.719970703125,653.8400268554688,653.3900146484375,653.5,415381
2026-04-02 18:35:00+00:00,653.5700073242188,653.8099975585938,653.4199829101562,653.6900024414062,378138
2026-04-02 18:40:00+00:00,654.3400268554688,654.5399780273438,653.52001953125,653.5399780273438,487413
2026-04-02 18:45:00+00:00,654.4998779296875,654.6500244140625,654.219970703125,654.3099975585938,492404
2026-04-02 18:50:00+00:00,654.6901245117188,655.0150146484375,654.3200073242188,654.4945068359375,637874
2026-04-02 18:55:00+00:00,654.4600219726562,654.72998046875,654.3499755859375,654.719970703125,399408
2026-04-02 19:00:00+00:00,654.530029296875,654.8499755859375,654.3900146484375,654.4600219726562,433586
2026-04-02 19:05:00+00:00,654.8300170898438,654.9099731445312,654.5,654.530029296875,427402
2026-04-02 19:10:00+00:00,654.72998046875,655.27001953125,654.6400146484375,654.8499755859375,539132
2026-04-02 19:15:00+00:00,654.5401000976562,654.8599853515625,654.280029296875,654.739990234375,623866
2026-04-02 19:20:00+00:00,654.4500122070312,654.8499755859375,654.1400146484375,654.5449829101562,2124081
2026-04-02 19:25:00+00:00,654.3798828125,654.489990234375,654.1300048828125,654.4500122070312,463039
2026-04-02 19:30:00+00:00,654.3099975585938,654.6199951171875,654.0900268554688,654.3699951171875,445079
2026-04-02 19:35:00+00:00,654.760009765625,654.780029296875,654.280029296875,654.2901000976562,492285
2026-04-02 19:40:00+00:00,654.3889770507812,655.010009765625,654.3590087890625,654.75,564221
2026-04-02 19:45:00+00:00,654.5900268554688,654.6599731445312,654.1799926757812,654.3900146484375,778658
2026-04-02 19:50:00+00:00,655.469970703125,655.6099853515625,654.5999755859375,654.6099853515625,1852755
2026-04-02 19:55:00+00:00,655.8800048828125,656.0999755859375,655.3499755859375,655.461181640625,3831162
2026-04-06 13:30:00+00:00,657.3699951171875,657.4199829101562,655.7999877929688,655.8599853515625,2579032
2026-04-06 13:35:00+00:00,656.59521484375,657.9099731445312,655.52001953125,657.3599853515625,956946
2026-04-06 13:40:00+00:00,656.7550048828125,657.2899780273438,655.8900146484375,656.5599975585938,593564
2026-04-06 13:45:00+00:00,657.0800170898438,657.8400268554688,656.6900024414062,656.760009765625,553723
2026-04-06 13:50:00+00:00,657.5750122070312,657.9500122070312,656.8599853515625,657.0999755859375,512242
2026-04-06 13:55:00+00:00,658.530029296875,658.5499877929688,657.280029296875,657.6099853515625,406501
2026-04-06 14:00:00+00:00,656.4400024414062,659.719970703125,656.3400268554688,657.9299926757812,996129
2026-04-06 14:05:00+00:00,657.1651000976562,657.219970703125,656.030029296875,656.4099731445312,826907
2026-04-06 14:10:00+00:00,658.0599975585938,658.114990234375,656.4199829101562,657.1599731445312,554697
2026-04-06 14:15:00+00:00,658.2849731445312,658.5399780273438,657.5800170898438,658.0800170898438,598174
2026-04-06 14:20:00+00:00,658.630126953125,658.97998046875,658.260009765625,658.280029296875,385918
2026-04-06 14:25:00+00:00,658.3699951171875,658.7899780273438,658.1599731445312,658.6699829101562,346483
2026-04-06 14:30:00+00:00,658.4500122070312,659.0599975585938,658.239990234375,658.4299926757812,418981
2026-04-06 14:35:00+00:00,657.0999755859375,658.8800048828125,656.771484375,658.469970703125,994120
2026-04-06 14:40:00+00:00,657.6799926757812,658.3400268554688,657.010009765625,657.0800170898438,581137
2026-04-06 14:45:00+00:00,656.7756958007812,657.6699829101562,656.6199951171875,657.6599731445312,375107
2026-04-06 14:50:00+00:00,657.3200073242188,657.5900268554688,656.760009765625,656.8099975585938,428466
2026-04-06 14:55:00+00:00,657.489990234375,657.905029296875,656.989990234375,657.3400268554688,328373
2026-04-06 15:00:00+00:00,657.5399780273438,658.0399780273438,657.0900268554688,657.510009765625,300141
2026-04-06 15:05:00+00:00,657.739990234375,657.8300170898438,657.0900268554688,657.5399780273438,471884
2026-04-06 15:10:00+00:00,657.4901123046875,657.739990234375,657.0399780273438,657.72998046875,307709
2026-04-06 15:15:00+00:00,657.3455200195312,657.7100219726562,657.1400146484375,657.52001953125,221942
2026-04-06 15:20:00+00:00,657.030029296875,657.5700073242188,656.9149780273438,657.3599853515625,199325
2026-04-06 15:25:00+00:00,656.9249877929688,657.2000122070312,656.6599731445312,657.02001953125,240086
2026-04-06 15:30:00+00:00,656.8900146484375,657.0650024414062,656.3800048828125,656.9299926757812,292973
2026-04-06 15:35:00+00:00,656.9749755859375,657.1300048828125,656.3400268554688,656.9000244140625,298831
2026-04-06 15:40:00+00:00,657.0999755859375,657.1812133789062,656.7100219726562,656.969970703125,178011
2026-04-06 15:45:00+00:00,657.4699096679688,657.5999755859375,656.9249877929688,657.0900268554688,227334
2026-04-06 15:50:00+00:00,657.8800048828125,657.969970703125,657.260009765625,657.469970703125,323719
2026-04-06 15:55:00+00:00,657.8499755859375,657.9099731445312,657.4699096679688,657.9099731445312,282269
2026-04-06 16:00:00+00:00,657.4650268554688,658.0399780273438,657.4000244140625,657.8679809570312,411248
2026-04-06 16:05:00+00:00,657.2899780273438,657.75,657.280029296875,657.469970703125,136662
2026-04-06 16:10:00+00:00,657.6192016601562,657.6900024414062,657.2000122070312,657.2999877929688,117458
2026-04-06 16:15:00+00:00,657.5800170898438,657.8200073242188,657.4099731445312,657.6500244140625,129397
2026-04-06 16:20:00+00:00,657.739990234375,657.9000244140625,657.4100952148438,657.5800170898438,191075
2026-04-06 16:25:00+00:00,657.793212890625,658.0,657.630126953125,657.719970703125,113808
2026-04-06 16:30:00+00:00,657.989990234375,658.0700073242188,657.5800170898438,657.780029296875,151968
2026-04-06 16:35:00+00:00,658.1400146484375,658.510009765625,657.9000244140625,658.0,343486
2026-04-06 16:40:00+00:00,658.2650146484375,658.3300170898438,657.9400024414062,658.1300048828125,208066
2026-04-06 16:45:00+00:00,658.3499755859375,658.4600219726562,658.1400146484375,658.280029296875,223493
2026-04-06 16:50:00+00:00,658.010009765625,658.4625854492188,656.8800048828125,658.3699951171875,436809
2026-04-06 16:55:00+00:00,657.9299926757812,658.1099853515625,657.6300048828125,658.030029296875,240692
2026-04-06 17:00:00+00:00,657.3300170898438,657.989990234375,656.8150024414062,657.9299926757812,394219
2026-04-06 17:05:00+00:00,657.260009765625,657.47998046875,656.9199829101562,657.3400268554688,275659
2026-04-06 17:10:00+00:00,656.0399780273438,657.3099975585938,655.52001953125,657.280029296875,743659
2026-04-06 17:15:00+00:00,656.47998046875,656.760009765625,655.8300170898438,656.0499877929688,468682
2026-04-06 17:20:00+00:00,657.2550048828125,657.280029296875,656.031005859375,656.4600219726562,296819
2026-04-06 17:25:00+00:00,657.3900756835938,657.5700073242188,656.97998046875,657.260009765625,287597
2026-04-06 17:30:00+00:00,657.4199829101562,658.0,657.1599731445312,657.4099731445312,355812
2026-04-06 17:35:00+00:00,657.2100219726562,657.7100219726562,657.0599975585938,657.4199829101562,230526
2026-04-06 17:40:00+00:00,657.1300048828125,657.239990234375,656.8098754882812,657.1900024414062,271766
2026-04-06 17:45:00+00:00,656.8300170898438,657.1199951171875,656.6015014648438,657.1199951171875,1205387
2026-04-06 17:50:00+00:00,656.60498046875,656.97998046875,656.4500732421875,656.8300170898438,251076
2026-04-06 17:55:00+00:00,656.469970703125,656.8800048828125,656.4299926757812,656.614990234375,304577
2026-04-06 18:00:00+00:00,656.3300170898438,656.6300048828125,656.219970703125,656.5,285150
2026-04-06 18:05:00+00:00,656.7449951171875,656.8699951171875,656.3001098632812,656.3099975585938,198560
2026-04-06 18:10:00+00:00,657.3400268554688,657.8699951171875,656.719970703125,656.72998046875,534919
2026-04-06 18:15:00+00:00,657.9650268554688,658.1300048828125,657.280029296875,657.3699951171875,335652
2026-04-06 18:20:00+00:00,658.360107421875,658.6500244140625,657.7999877929688,657.9600219726562,461839
2026-04-06 18:25:00+00:00,658.239990234375,658.6199951171875,657.8699951171875,658.3900146484375,475398
2026-04-06 18:30:00+00:00,657.9600219726562,658.5223999023438,657.72998046875,658.22998046875,350382
2026-04-06 18:35:00+00:00,657.8900756835938,658.22998046875,657.8800048828125,657.9299926757812,91657
2026-04-06 18:40:00+00:00,657.9000244140625,657.989990234375,657.739990234375,657.9299926757812,672512
2026-04-06 18:45:00+00:00,658.1298828125,658.280029296875,657.8599853515625,657.89990234375,201787
2026-04-06 18:50:00+00:00,658.280029296875,658.3900146484375,658.10498046875,658.1300048828125,224285
2026-04-06 18:55:00+00:00,658.2899780273438,658.4099731445312,658.22998046875,658.27001953125,209735
2026-04-06 19:00:00+00:00,658.3701171875,658.3701171875,658.1207275390625,658.3200073242188,282855
2026-04-06 19:05:00+00:00,657.97998046875,658.4199829101562,657.9099731445312,658.3800048828125,263571
2026-04-06 19:10:00+00:00,658.1300048828125,658.2199096679688,657.8599853515625,657.97998046875,325815
2026-04-06 19:15:00+00:00,658.0499877929688,658.1900024414062,657.8699951171875,658.1348876953125,358348
2026-04-06 19:20:00+00:00,657.9700927734375,658.2899780273438,657.8900146484375,658.0599975585938,284745
2026-04-06 19:25:00+00:00,657.880126953125,658.1599731445312,657.8599853515625,657.9749755859375,263543
2026-04-06 19:30:00+00:00,658.0999755859375,658.1895141601562,657.8099975585938,657.8800048828125,299320
2026-04-06 19:35:00+00:00,658.1099853515625,658.27001953125,658.02001953125,658.1099853515625,383487
2026-04-06 19:40:00+00:00,658.27001953125,658.2899780273438,657.8300170898438,658.1099853515625,398508
2026-04-06 19:45:00+00:00,658.72998046875,658.780029296875,658.2100219726562,658.239990234375,1203274
2026-04-06 19:50:00+00:00,658.2999877929688,658.9000244140625,658.280029296875,658.739990234375,1443612
2026-04-06 19:55:00+00:00,658.8699951171875,658.9199829101562,658.0700073242188,658.3099975585938,1534663
2026-04-07 13:30:00+00:00,655.739990234375,657.5800170898438,655.6599731445312,656.6500244140625,4179834
2026-04-07 13:35:00+00:00,655.239990234375,656.3488159179688,655.1400146484375,655.719970703125,861898
2026-04-07 13:40:00+00:00,654.97998046875,655.6599731445312,654.8599853515625,655.1900024414062,565117
2026-04-07 13:45:00+00:00,654.5800170898438,655.2050170898438,654.1599731445312,655.010009765625,725807
2026-04-07 13:50:00+00:00,655.719970703125,655.760009765625,654.280029296875,654.5999755859375,554853
2026-04-07 13:55:00+00:00,654.0499877929688,655.9686279296875,654.010009765625,655.719970703125,556793
2026-04-07 14:00:00+00:00,653.5050048828125,654.219970703125,653.3200073242188,654.0311889648438,935954
2026-04-07 14:05:00+00:00,652.3699951171875,653.510009765625,651.9199829101562,653.5,1134955
2026-04-07 14:10:00+00:00,652.755126953125,652.8800048828125,652.2899780273438,652.3699951171875,751600
2026-04-07 14:15:00+00:00,653.27001953125,653.4600219726562,652.6400146484375,652.739990234375,984083
2026-04-07 14:20:00+00:00,654.5,654.780029296875,653.2391967773438,653.260009765625,943211
2026-04-07 14:25:00+00:00,654.4000244140625,654.5499877929688,653.72998046875,654.489990234375,708911
2026-04-07 14:30:00+00:00,654.6400146484375,655.3400268554688,653.8599853515625,654.4500122070312,819412
2026-04-07 14:35:00+00:00,654.3699951171875,654.9099731445312,654.0399780273438,654.6500244140625,707314
2026-04-07 14:40:00+00:00,654.0900268554688,654.5700073242188,653.7598876953125,654.3900146484375,577544
2026-04-07 14:45:00+00:00,654.280029296875,655.1400146484375,653.8099975585938,654.0499877929688,652227
2026-04-07 14:50:00+00:00,653.8049926757812,654.1298828125,653.3800048828125,653.8099975585938,580886
2026-04-07 14:55:00+00:00,652.5999755859375,653.75,652.5499877929688,653.75,792291
2026-04-07 15:00:00+00:00,651.8668823242188,652.6900024414062,651.739990234375,652.5800170898438,1040356
2026-04-07 15:05:00+00:00,651.4299926757812,651.8599853515625,651.0599975585938,651.8599853515625,870489
2026-04-07 15:10:00+00:00,652.0700073242188,652.489990234375,651.4199829101562,651.4199829101562,989798
2026-04-07 15:15:00+00:00,653.0150146484375,653.8599853515625,651.8200073242188,652.0599975585938,1570385
2026-04-07 15:20:00+00:00,652.4249877929688,653.0800170898438,652.3900146484375,653.0250244140625,360635
2026-04-07 15:25:00+00:00,653.2550048828125,653.3099975585938,652.4099731445312,652.4199829101562,301737
2026-04-07 15:30:00+00:00,653.260009765625,653.5180053710938,652.75,653.260009765625,344250
2026-04-07 15:35:00+00:00,653.0200805664062,653.72998046875,652.7999877929688,653.22998046875,450180
2026-04-07 15:40:00+00:00,652.6799926757812,653.1699829101562,652.5700073242188,653.02001953125,954824
2026-04-07 15:45:00+00:00,652.9909057617188,653.2299194335938,652.6099853515625,652.72998046875,153660
2026-04-07 15:50:00+00:00,653.3099975585938,653.4199829101562,652.6400146484375,653.0,316673
2026-04-07 15:55:00+00:00,653.8099975585938,654.4000244140625,653.1699829101562,653.2999877929688,752848
2026-04-07 16:00:00+00:00,655.4299926757812,657.0,653.8099975585938,653.8200073242188,1668123
2026-04-07 16:05:00+00:00,654.780029296875,655.7000122070312,654.6799926757812,655.4099731445312,593795
2026-04-07 16:10:00+00:00,655.1799926757812,655.4600219726562,654.7000122070312,654.77001953125,254521
2026-04-07 16:15:00+00:00,655.1799926757812,655.5399780273438,654.9199829101562,655.1699829101562,265046
2026-04-07 16:20:00+00:00,655.8099975585938,656.5399780273438,654.8499755859375,655.1699829101562,804016
2026-04-07 16:25:00+00:00,655.9199829101562,656.4199829101562,655.5900268554688,655.7999877929688,498141
2026-04-07 16:30:00+00:00,656.2349853515625,656.280029296875,655.6163940429688,655.8900146484375,307678
2026-04-07 16:35:00+00:00,655.5999755859375,656.3099975585938,655.3400268554688,656.239990234375,289202
2026-04-07 16:40:00+00:00,656.0800170898438,656.0800170898438,655.4500122070312,655.5999145507812,210872
2026-04-07 16:45:00+00:00,656.47998046875,656.8699951171875,656.0499877929688,656.0499877929688,307972
2026-04-07 16:50:00+00:00,656.5399780273438,656.8300170898438,656.301025390625,656.469970703125,238439
2026-04-07 16:55:00+00:00,656.0399780273438,656.530029296875,656.010009765625,656.530029296875,256307
2026-04-07 17:00:00+00:00,656.6400146484375,656.8800048828125,655.760009765625,656.0499877929688,494565
2026-04-07 17:05:00+00:00,656.4650268554688,656.8499755859375,656.3400268554688,656.6400146484375,154311
2026-04-07 17:10:00+00:00,656.25,656.6500244140625,656.1400756835938,656.4559936523438,152304
2026-04-07 17:15:00+00:00,656.0599975585938,656.4628295898438,655.8900146484375,656.239990234375,231331
2026-04-07 17:20:00+00:00,655.8300170898438,656.1400146484375,655.489990234375,656.0700073242188,261134
2026-04-07 17:25:00+00:00,655.8200073242188,656.0599975585938,655.47998046875,655.8300170898438,257331
2026-04-07 17:30:00+00:00,656.72998046875,656.8499755859375,655.5700073242188,655.8300170898438,413596
2026-04-07 17:35:00+00:00,657.4400024414062,658.3599853515625,656.7520141601562,656.760009765625,880790
2026-04-07 17:40:00+00:00,656.75,657.4600219726562,656.6799926757812,657.4199829101562,362395
2026-04-07 17:45:00+00:00,656.8599853515625,656.9099731445312,656.3599853515625,656.7570190429688,225062
2026-04-07 17:50:00+00:00,656.97998046875,657.2899780273438,656.760009765625,656.875,335494
2026-04-07 17:55:00+00:00,656.7249755859375,657.0499877929688,656.47998046875,657.0,502201
2026-04-07 18:00:00+00:00,656.639892578125,657.02001953125,656.5700073242188,656.72998046875,255290
2026-04-07 18:05:00+00:00,656.3400268554688,656.6400146484375,656.130126953125,656.635009765625,232766
2026-04-07 18:10:00+00:00,656.4500122070312,656.5599975585938,656.0900268554688,656.3499755859375,217169
2026-04-07 18:15:00+00:00,656.8400268554688,656.9099731445312,656.3499755859375,656.4400024414062,235237
2026-04-07 18:20:00+00:00,656.2150268554688,656.9299926757812,656.1199951171875,656.8300170898438,308901
2026-04-07 18:25:00+00:00,656.1500244140625,656.4000244140625,656.030029296875,656.2249755859375,727603
2026-04-07 18:30:00+00:00,656.1950073242188,656.3400268554688,655.9199829101562,656.1300048828125,302839
2026-04-07 18:35:00+00:00,655.97998046875,656.3200073242188,655.7899780273438,656.1799926757812,316547
2026-04-07 18:40:00+00:00,655.489990234375,656.0399780273438,655.1519775390625,655.9600219726562,429299
2026-04-07 18:45:00+00:00,655.030029296875,655.510009765625,654.9299926757812,655.469970703125,595949
2026-04-07 18:50:00+00:00,654.2100219726562,655.02001953125,654.1099853515625,655.02001953125,650625
2026-04-07 18:55:00+00:00,653.9600219726562,654.239990234375,653.4301147460938,654.2100219726562,850511
2026-04-07 19:00:00+00:00,654.0800170898438,654.4400024414062,653.5800170898438,653.9600219726562,722545
2026-04-07 19:05:00+00:00,653.7999877929688,654.47998046875,653.4121704101562,654.0800170898438,873921
2026-04-07 19:10:00+00:00,654.4500122070312,654.5700073242188,653.75,653.7999877929688,1049797
2026-04-07 19:15:00+00:00,657.1799926757812,657.5700073242188,654.3300170898438,654.4500122070312,1454420
2026-04-07 19:20:00+00:00,656.6699829101562,658.1699829101562,656.0499877929688,657.1400146484375,1821051
2026-04-07 19:25:00+00:00,656.6599731445312,656.8900146484375,655.9299926757812,656.6599731445312,710103
2026-04-07 19:30:00+00:00,656.4500122070312,656.8099975585938,656.280029296875,656.6500244140625,666492
2026-04-07 19:35:00+00:00,656.04150390625,656.4849853515625,655.9199829101562,656.4400024414062,1511641
2026-04-07 19:40:00+00:00,656.7899780273438,657.239990234375,655.8900146484375,656.0499877929688,883987
2026-04-07 19:45:00+00:00,657.719970703125,659.2000122070312,656.4400024414062,656.780029296875,3211401
2026-04-07 19:50:00+00:00,658.41748046875,658.8200073242188,657.7000122070312,657.75,2074707
2026-04-07 19:55:00+00:00,659.260009765625,659.5999755859375,658.3599853515625,658.4199829101562,3419789
2026-04-08 13:30:00+00:00,676.0189819335938,677.0800170898438,675.3800048828125,676.3900146484375,7795786
2026-04-08 13:35:00+00:00,675.4299926757812,676.2899780273438,675.2100219726562,676.030029296875,2367856
2026-04-08 13:40:00+00:00,675.0800170898438,675.6400146484375,674.75,675.4199829101562,1893993
2026-04-08 13:45:00+00:00,676.0999755859375,676.405029296875,674.989990234375,675.0800170898438,2482286
2026-04-08 13:50:00+00:00,674.0999755859375,676.10498046875,674.02001953125,676.10498046875,1952333
2026-04-08 13:55:00+00:00,674.6300048828125,674.989990234375,673.969970703125,674.0900268554688,1364561
2026-04-08 14:00:00+00:00,675.0549926757812,675.2000122070312,674.5999755859375,674.635009765625,1124620
2026-04-08 14:05:00+00:00,674.8499755859375,675.22998046875,674.0599975585938,675.0599975585938,1341856
2026-04-08 14:10:00+00:00,674.9099731445312,675.1500244140625,674.4600219726562,674.8400268554688,686522
2026-04-08 14:15:00+00:00,674.5999755859375,675.27001953125,674.239990234375,674.905029296875,1141942
2026-04-08 14:20:00+00:00,674.719970703125,675.1799926757812,674.5599975585938,674.6099853515625,911165
2026-04-08 14:25:00+00:00,674.1300048828125,674.75,674.0399780273438,674.72998046875,1472864
2026-04-08 14:30:00+00:00,673.72998046875,674.3499755859375,673.4600219726562,674.1300048828125,1853776
2026-04-08 14:35:00+00:00,673.3200073242188,673.9099731445312,673.1799926757812,673.739990234375,1394895
2026-04-08 14:40:00+00:00,673.4000244140625,673.97998046875,673.2413940429688,673.3209228515625,870158
2026-04-08 14:45:00+00:00,673.469970703125,673.6300048828125,672.75,673.4000244140625,877829
2026-04-08 14:50:00+00:00,673.0700073242188,673.52001953125,672.6699829101562,673.5050048828125,632640
2026-04-08 14:55:00+00:00,672.8800048828125,673.0800170898438,671.4600219726562,673.0798950195312,1573527
2026-04-08 15:00:00+00:00,673.6500244140625,673.97998046875,672.8499755859375,672.8699951171875,932224
2026-04-08 15:05:00+00:00,672.72998046875,673.760009765625,672.6400146484375,673.64501953125,676377
2026-04-08 15:10:00+00:00,673.1199951171875,673.3499145507812,672.4600219726562,672.72998046875,1015690
2026-04-08 15:15:00+00:00,673.4099731445312,673.4600219726562,672.7501220703125,673.1199951171875,402644
2026-04-08 15:20:00+00:00,673.52001953125,673.5900268554688,673.0700073242188,673.4199829101562,437693
2026-04-08 15:25:00+00:00,673.030029296875,673.5499877929688,672.9600219726562,673.510009765625,508499
2026-04-08 15:30:00+00:00,673.77001953125,673.8300170898438,673.0050048828125,673.0900268554688,440009
2026-04-08 15:35:00+00:00,674.22998046875,674.3200073242188,673.6300048828125,673.7899780273438,642997
2026-04-08 15:40:00+00:00,674.239990234375,674.260009765625,673.77001953125,674.219970703125,401667
2026-04-08 15:45:00+00:00,674.7849731445312,674.8699951171875,674.239990234375,674.239990234375,1084167
2026-04-08 15:50:00+00:00,674.8599853515625,675.0800170898438,674.760009765625,674.7899780273438,509190
2026-04-08 15:55:00+00:00,674.8900146484375,675.1199951171875,674.7999877929688,674.8800048828125,579297
2026-04-08 16:00:00+00:00,675.3800048828125,675.6749877929688,674.8701171875,674.8900146484375,713085
2026-04-08 16:05:00+00:00,675.1900024414062,675.4500122070312,675.1300048828125,675.3900146484375,528698
2026-04-08 16:10:00+00:00,674.9000244140625,675.3499755859375,674.8400268554688,675.2050170898438,526928
2026-04-08 16:15:00+00:00,674.8099975585938,675.0999755859375,674.47998046875,674.9000244140625,642138
2026-04-08 16:20:00+00:00,674.8900146484375,675.0499877929688,674.5900268554688,674.8200073242188,371471
2026-04-08 16:25:00+00:00,675.02001953125,675.1199951171875,674.77001953125,674.9000244140625,475700
2026-04-08 16:30:00+00:00,675.3499755859375,675.4500122070312,674.8900146484375,675.030029296875,384666
2026-04-08 16:35:00+00:00,675.5050048828125,675.510009765625,675.2000122070312,675.3599853515625,336867
2026-04-08 16:40:00+00:00,675.8699951171875,675.9000244140625,675.47998046875,675.510009765625,418711
2026-04-08 16:45:00+00:00,675.969970703125,676.1300048828125,675.8099975585938,675.8699951171875,397743
2026-04-08 16:50:00+00:00,675.97998046875,676.1099853515625,675.842529296875,675.969970703125,443202
2026-04-08 16:55:00+00:00,676.052978515625,676.22998046875,675.97998046875,675.97998046875,423213
2026-04-08 17:00:00+00:00,676.0800170898438,676.4349975585938,676.030029296875,676.0700073242188,355590
2026-04-08 17:05:00+00:00,675.8099975585938,676.1096801757812,675.7100219726562,676.0900268554688,413376
2026-04-08 17:10:00+00:00,675.8699951171875,676.0700073242188,675.74072265625,675.8099975585938,354872
2026-04-08 17:15:00+00:00,675.719970703125,676.0800170898438,675.5499877929688,675.864990234375,440114
2026-04-08 17:20:00+00:00,675.25,675.9199829101562,675.1500244140625,675.72998046875,680121
2026-04-08 17:25:00+00:00,675.010009765625,675.4299926757812,674.77001953125,675.260009765625,683419
2026-04-08 17:30:00+00:00,675.1799926757812,675.4199829101562,674.9600219726562,675.0100708007812,520290
2026-04-08 17:35:00+00:00,675.260009765625,675.5499877929688,674.739990234375,675.1799926757812,1070473
2026-04-08 17:40:00+00:00,675.5750122070312,675.6900024414062,675.1699829101562,675.260009765625,661993
2026-04-08 17:45:00+00:00,675.4100952148438,675.77001953125,675.3499755859375,675.5700073242188,466654
2026-04-08 17:50:00+00:00,675.6300048828125,675.75,675.4299926757812,675.4299926757812,285358
2026-04-08 17:55:00+00:00,675.8099975585938,675.8900146484375,675.5700073242188,675.6300048828125,712585
2026-04-08 18:00:00+00:00,676.219970703125,676.2449951171875,675.3599853515625,675.7999877929688,1180546
2026-04-08 18:05:00+00:00,676.4450073242188,676.469970703125,676.1201171875,676.219970703125,809520
2026-04-08 18:10:00+00:00,676.344970703125,676.469970703125,676.1300048828125,676.4450073242188,531970
2026-04-08 18:15:00+00:00,674.8114013671875,676.60498046875,674.3400268554688,676.344970703125,1833819
2026-04-08 18:20:00+00:00,675.0,675.9400024414062,674.5900268554688,674.77001953125,1321929
2026-04-08 18:25:00+00:00,674.8800048828125,675.4099731445312,674.6699829101562,675.0,797920
2026-04-08 18:30:00+00:00,674.844970703125,675.3200073242188,674.719970703125,674.9000244140625,885946
2026-04-08 18:35:00+00:00,674.5499877929688,675.0499877929688,674.510009765625,674.8400268554688,648880
2026-04-08 18:40:00+00:00,674.02001953125,674.5900268554688,673.9099731445312,674.5549926757812,928642
2026-04-08 18:45:00+00:00,673.8294067382812,674.3599853515625,673.760009765625,674.010009765625,730646
2026-04-08 18:50:00+00:00,673.9000244140625,674.2000122070312,673.6699829101562,673.8250122070312,1568753
2026-04-08 18:55:00+00:00,672.9400024414062,673.9099731445312,672.8300170898438,673.9000244140625,1148392
2026-04-08 19:00:00+00:00,673.2944946289062,673.64501953125,672.780029296875,672.9249877929688,1210930
2026-04-08 19:05:00+00:00,673.6500244140625,673.8800048828125,673.0900268554688,673.2999877929688,1023327
2026-04-08 19:10:00+00:00,674.3400268554688,674.4450073242188,673.6599731445312,673.6699829101562,807447
2026-04-08 19:15:00+00:00,673.7999877929688,674.489990234375,673.6099853515625,674.3400268554688,860973
2026-04-08 19:20:00+00:00,673.8099975585938,673.9359741210938,673.3900146484375,673.8099975585938,1202910
2026-04-08 19:25:00+00:00,673.5399780273438,674.1799926757812,673.489990234375,673.8099975585938,1146285
2026-04-08 19:30:00+00:00,674.5399780273438,674.5499877929688,673.489990234375,673.5399780273438,1015716
2026-04-08 19:35:00+00:00,674.7899780273438,675.0399780273438,674.3499755859375,674.5399780273438,1618219
2026-04-08 19:40:00+00:00,674.7000122070312,674.8099975585938,674.1475219726562,674.7899780273438,1294693
2026-04-08 19:45:00+00:00,674.9600219726562,675.0999755859375,674.6599731445312,674.7000122070312,2016604
2026-04-08 19:50:00+00:00,675.3099975585938,675.4299926757812,674.9199829101562,674.969970703125,2560097
2026-04-08 19:55:00+00:00,675.8800048828125,676.0499877929688,675.0399780273438,675.3099975585938,6305960
2026-04-09 13:30:00+00:00,674.6599731445312,675.25,674.4299926757812,674.8400268554688,2470934
2026-04-09 13:35:00+00:00,675.1500244140625,675.2999877929688,674.510009765625,674.6599731445312,765275
2026-04-09 13:40:00+00:00,675.5377197265625,675.7899169921875,674.8499755859375,675.1199951171875,962509
2026-04-09 13:45:00+00:00,675.4550170898438,675.719970703125,674.9500122070312,675.5349731445312,664580
2026-04-09 13:50:00+00:00,674.8300170898438,675.4400024414062,674.6799926757812,675.4400024414062,485590
2026-04-09 13:55:00+00:00,675.27001953125,675.3250122070312,674.6500244140625,674.8300170898438,495109
2026-04-09 14:00:00+00:00,675.364990234375,675.489990234375,674.8800048828125,675.260009765625,496283
2026-04-09 14:05:00+00:00,674.9849853515625,675.6900024414062,674.9600219726562,675.3499755859375,381628
2026-04-09 14:10:00+00:00,674.760009765625,675.5,674.719970703125,674.969970703125,639246
2026-04-09 14:15:00+00:00,674.4000244140625,674.760009765625,674.1599731445312,674.760009765625,1638619
2026-04-09 14:20:00+00:00,674.5798950195312,674.7899780273438,674.27001953125,674.4199829101562,586879
2026-04-09 14:25:00+00:00,674.2949829101562,674.5900268554688,673.9299926757812,674.5700073242188,576659
2026-04-09 14:30:00+00:00,674.1300048828125,674.4000244140625,673.77001953125,674.2899780273438,925323
2026-04-09 14:35:00+00:00,674.4949951171875,674.5599975585938,673.8800048828125,674.1500244140625,760551
2026-04-09 14:40:00+00:00,674.2899780273438,674.6500244140625,674.19091796875,674.4600219726562,771983
2026-04-09 14:45:00+00:00,674.760009765625,674.875,674.239990234375,674.280029296875,528955
2026-04-09 14:50:00+00:00,675.1599731445312,675.1699829101562,674.6900024414062,674.7650146484375,447280
2026-04-09 14:55:00+00:00,675.3099975585938,675.5,674.9650268554688,675.1699829101562,868779
2026-04-09 15:00:00+00:00,674.97998046875,675.3800048828125,674.6099853515625,675.3099975585938,536144
2026-04-09 15:05:00+00:00,675.010009765625,675.1300048828125,674.780029296875,675.0,202989
2026-04-09 15:10:00+00:00,675.7000122070312,675.7999877929688,675.0,675.010009765625,725095
2026-04-09 15:15:00+00:00,676.4199829101562,676.469970703125,675.7000122070312,675.7000122070312,1115104
2026-04-09 15:20:00+00:00,676.2899780273438,676.5499877929688,676.0,676.4199829101562,910554
2026-04-09 15:25:00+00:00,675.9299926757812,676.2750244140625,675.77001953125,676.27001953125,596415
2026-04-09 15:30:00+00:00,677.3699951171875,678.0700073242188,675.72998046875,675.9199829101562,1362188
2026-04-09 15:35:00+00:00,677.239990234375,677.9099731445312,676.75,677.3699951171875,1257986
2026-04-09 15:40:00+00:00,677.4600219726562,677.7999877929688,677.219970703125,677.219970703125,645497
2026-04-09 15:45:00+00:00,677.969970703125,678.4390258789062,677.0999755859375,677.47998046875,748064
2026-04-09 15:50:00+00:00,678.5349731445312,678.5499877929688,677.8499755859375,677.969970703125,524045
2026-04-09 15:55:00+00:00,678.8300170898438,678.9000244140625,678.5,678.52001953125,638838
2026-04-09 16:00:00+00:00,680.0,680.75,678.8200073242188,678.8200073242188,1607042
2026-04-09 16:05:00+00:00,679.8699951171875,680.3200073242188,679.6799926757812,680.02001953125,651091
2026-04-09 16:10:00+00:00,679.52001953125,680.1699829101562,679.52001953125,679.8800048828125,541974
2026-04-09 16:15:00+00:00,680.280029296875,680.3400268554688,679.4500122070312,679.5499877929688,415697
2026-04-09 16:20:00+00:00,679.8150024414062,680.3900146484375,679.780029296875,680.2999877929688,520374
2026-04-09 16:25:00+00:00,679.9000244140625,680.0900268554688,679.6300048828125,679.8099975585938,405486
2026-04-09 16:30:00+00:00,679.6900024414062,680.0,679.4400024414062,679.9199829101562,412363
2026-04-09 16:35:00+00:00,679.4000244140625,679.739990234375,679.1900024414062,679.6900024414062,335705
2026-04-09 16:40:00+00:00,679.3499755859375,679.4299926757812,679.0499877929688,679.4000244140625,326529
2026-04-09 16:45:00+00:00,679.1591186523438,679.35498046875,678.969970703125,679.3400268554688,1119368
2026-04-09 16:50:00+00:00,679.9299926757812,680.0999755859375,679.1599731445312,679.1599731445312,486930
2026-04-09 16:55:00+00:00,679.8699951171875,679.969970703125,679.6900024414062,679.9199829101562,513806
2026-04-09 17:00:00+00:00,680.1400146484375,680.1400146484375,679.7100219726562,679.85498046875,339577
2026-04-09 17:05:00+00:00,680.4849853515625,680.6500244140625,679.97998046875,680.1400146484375,362159
2026-04-09 17:10:00+00:00,680.4000244140625,680.719970703125,680.27001953125,680.489990234375,530089
2026-04-09 17:15:00+00:00,680.7999267578125,681.0159912109375,680.3099975585938,680.4099731445312,633567
2026-04-09 17:20:00+00:00,680.5700073242188,680.8699951171875,680.47998046875,680.7999877929688,425795
2026-04-09 17:25:00+00:00,680.2901000976562,680.6400146484375,680.280029296875,680.5700073242188,358166
2026-04-09 17:30:00+00:00,680.2100219726562,680.2999267578125,679.6599731445312,680.2999267578125,464804
2026-04-09 17:35:00+00:00,681.0,681.0599975585938,680.1600952148438,680.2050170898438,518664
2026-04-09 17:40:00+00:00,680.64501953125,681.1599731445312,680.5,681.0,410063
2026-04-09 17:45:00+00:00,680.8099975585938,680.9400024414062,680.5599975585938,680.6500244140625,369551
2026-04-09 17:50:00+00:00,680.52001953125,680.8099975585938,680.3400268554688,680.8099975585938,269476
2026-04-09 17:55:00+00:00,680.5399780273438,680.5399780273438,680.344970703125,680.52001953125,213154
2026-04-09 18:00:00+00:00,679.1099853515625,680.6099853515625,678.6900024414062,680.5399780273438,969374
2026-04-09 18:05:00+00:00,679.47998046875,679.8250122070312,679.0900268554688,679.1099853515625,763708
2026-04-09 18:10:00+00:00,679.27001953125,679.6199951171875,678.97998046875,679.47998046875,363690
2026-04-09 18:15:00+00:00,679.3099975585938,679.5800170898438,679.0700073242188,679.27001953125,264041
2026-04-09 18:20:00+00:00,678.8800048828125,679.469970703125,678.6900024414062,679.3400268554688,474294
2026-04-09 18:25:00+00:00,678.8499755859375,679.2000122070312,678.5800170898438,678.8900146484375,530795
2026-04-09 18:30:00+00:00,678.6300048828125,679.0499877929688,678.4400024414062,678.8599853515625,321986
2026-04-09 18:35:00+00:00,679.3200073242188,679.3900146484375,678.5599975585938,678.6300048828125,449716
2026-04-09 18:40:00+00:00,679.0,679.4199829101562,678.8150024414062,679.2999877929688,516589
2026-04-09 18:45:00+00:00,679.2000122070312,679.25,678.9099731445312,678.989990234375,288606
2026-04-09 18:50:00+00:00,679.0599975585938,679.260009765625,678.780029296875,679.1900024414062,475933
2026-04-09 18:55:00+00:00,679.1199951171875,679.3099975585938,679.030029296875,679.0599975585938,411115
2026-04-09 19:00:00+00:00,679.639892578125,679.7899780273438,678.9503173828125,679.1300048828125,358275
2026-04-09 19:05:00+00:00,680.0399780273438,680.0599975585938,679.4000244140625,679.6199951171875,468109
2026-04-09 19:10:00+00:00,680.02001953125,680.239990234375,679.9600219726562,680.0499877929688,426951
2026-04-09 19:15:00+00:00,679.6749877929688,680.2000122070312,679.6099853515625,680.02001953125,471888
2026-04-09 19:20:00+00:00,679.8920288085938,679.9099731445312,679.5999755859375,679.6799926757812,378034
2026-04-09 19:25:00+00:00,679.9199829101562,680.0800170898438,679.780029296875,679.89501953125,432195
2026-04-09 19:30:00+00:00,680.27001953125,680.6699829101562,679.8699951171875,679.9099731445312,1019903
2026-04-09 19:35:00+00:00,680.2849731445312,680.5599975585938,680.1199951171875,680.27001953125,525886
2026-04-09 19:40:00+00:00,680.3800048828125,680.4600219726562,680.0,680.2849731445312,660736
2026-04-09 19:45:00+00:00,680.1199951171875,680.5499877929688,680.0599975585938,680.3800048828125,975255
2026-04-09 19:50:00+00:00,680.52001953125,680.6699829101562,680.030029296875,680.1199951171875,1372198
2026-04-09 19:55:00+00:00,679.8699951171875,680.5679931640625,679.8300170898438,680.52001953125,2427243
2026-04-10 13:30:00+00:00,680.969970703125,681.9299926757812,680.9199829101562,681.3200073242188,2475784
2026-04-10 13:35:00+00:00,680.739990234375,681.1500244140625,680.52001953125,680.989990234375,719130
2026-04-10 13:40:00+00:00,680.8599853515625,681.0198974609375,680.510009765625,680.72998046875,751607
2026-04-10 13:45:00+00:00,680.52001953125,680.97998046875,680.3300170898438,680.864990234375,732377
2026-04-10 13:50:00+00:00,680.8200073242188,680.8800048828125,680.1699829101562,680.489990234375,642171
2026-04-10 13:55:00+00:00,680.760009765625,680.9000244140625,680.5900268554688,680.7999877929688,612974
2026-04-10 14:00:00+00:00,680.5787963867188,680.760009765625,680.0280151367188,680.75,624788
2026-04-10 14:05:00+00:00,680.5499877929688,680.7899780273438,680.260009765625,680.5700073242188,335238
2026-04-10 14:10:00+00:00,681.219970703125,681.280029296875,680.1300048828125,680.5700073242188,635536
2026-04-10 14:15:00+00:00,681.3300170898438,681.3699951171875,680.9337768554688,681.219970703125,367343
2026-04-10 14:20:00+00:00,681.4199829101562,681.4299926757812,681.1099853515625,681.3400268554688,349897
2026-04-10 14:25:00+00:00,681.52001953125,681.5700073242188,681.22998046875,681.4299926757812,328614
2026-04-10 14:30:00+00:00,681.5,681.9400024414062,681.47998046875,681.5399780273438,473435
2026-04-10 14:35:00+00:00,681.4299926757812,681.7100219726562,681.3599853515625,681.510009765625,310853
2026-04-10 14:40:00+00:00,680.8900146484375,681.5399780273438,680.4199829101562,681.4299926757812,688715
2026-04-10 14:45:00+00:00,680.739990234375,681.3400268554688,680.6500244140625,680.9199829101562,500069
2026-04-10 14:50:00+00:00,680.8099975585938,681.3599853515625,680.6599731445312,680.739990234375,344495
2026-04-10 14:55:00+00:00,681.3599853515625,681.5,680.6400146484375,680.8200073242188,339840
2026-04-10 15:00:00+00:00,681.1300048828125,681.4400024414062,681.0700073242188,681.3599853515625,396720
2026-04-10 15:05:00+00:00,681.4299926757812,681.549072265625,680.880126953125,681.1300048828125,494915
2026-04-10 15:10:00+00:00,681.5900268554688,681.719970703125,681.2899780273438,681.4201049804688,412799
2026-04-10 15:15:00+00:00,681.5599975585938,681.8400268554688,681.5,681.5900268554688,254659
2026-04-10 15:20:00+00:00,681.9500122070312,682.030029296875,681.5,681.5700073242188,321634
2026-04-10 15:25:00+00:00,681.239990234375,681.9500122070312,681.1500244140625,681.9500122070312,418945
2026-04-10 15:30:00+00:00,680.8400268554688,681.4500122070312,680.6900024414062,681.22998046875,555572
2026-04-10 15:35:00+00:00,680.4500122070312,680.97998046875,680.3800048828125,680.8699951171875,491274
2026-04-10 15:40:00+00:00,680.4749755859375,680.5399780273438,680.0700073242188,680.4500122070312,438912
2026-04-10 15:45:00+00:00,680.2349853515625,680.7172241210938,680.1500244140625,680.4500122070312,381632
2026-04-10 15:50:00+00:00,679.760009765625,680.3499755859375,679.7150268554688,680.239990234375,470666
2026-04-10 15:55:00+00:00,679.4600219726562,679.7899780273438,679.1199951171875,679.760009765625,571549
2026-04-10 16:00:00+00:00,679.2899780273438,679.5700073242188,679.1300048828125,679.4600219726562,883533
2026-04-10 16:05:00+00:00,679.375,679.5700073242188,679.1099853515625,679.2899780273438,368030
2026-04-10 16:10:00+00:00,679.9400024414062,680.1099853515625,679.3400268554688,679.3599853515625,387905
2026-04-10 16:15:00+00:00,679.8200073242188,680.094970703125,679.719970703125,679.9400024414062,191898
2026-04-10 16:20:00+00:00,679.8701171875,679.8900146484375,679.4400024414062,679.8699951171875,207916
2026-04-10 16:25:00+00:00,679.52001953125,679.8851928710938,679.3800048828125,679.8800048828125,247735
2026-04-10 16:30:00+00:00,679.380126953125,679.7100219726562,679.2000732421875,679.52001953125,236316
2026-04-10 16:35:00+00:00,679.0800170898438,679.4099731445312,678.97998046875,679.3901977539062,283016
2026-04-10 16:40:00+00:00,678.6699829101562,679.1599731445312,678.5,679.0900268554688,453479
2026-04-10 16:45:00+00:00,679.219970703125,679.25,678.6199951171875,678.6699829101562,380682
2026-04-10 16:50:00+00:00,679.510009765625,679.6799926757812,679.010009765625,679.2100219726562,439084
2026-04-10 16:55:00+00:00,679.489990234375,679.5800170898438,679.3200073242188,679.52001953125,262773
2026-04-10 17:00:00+00:00,678.7999267578125,679.4890747070312,678.760009765625,679.469970703125,317270
2026-04-10 17:05:00+00:00,678.9099731445312,679.02001953125,678.6099853515625,678.7999877929688,319157
2026-04-10 17:10:00+00:00,679.0999755859375,679.1799926757812,678.6799926757812,678.9099731445312,274863
2026-04-10 17:15:00+00:00,679.010009765625,679.2271118164062,678.7999877929688,679.1199951171875,175682
2026-04-10 17:20:00+00:00,678.8200073242188,679.0399780273438,678.5900268554688,679.0250244140625,196482
2026-04-10 17:25:00+00:00,678.6701049804688,679.0900268554688,678.5900268554688,678.8200073242188,203102
2026-04-10 17:30:00+00:00,678.844970703125,679.02001953125,678.4500122070312,678.6500244140625,283046
2026-04-10 17:35:00+00:00,678.9849853515625,679.0399780273438,678.6901245117188,678.8400268554688,195699
2026-04-10 17:40:00+00:00,679.1749877929688,679.25,678.77001953125,678.97998046875,245093
2026-04-10 17:45:00+00:00,679.25,679.3099975585938,679.0999755859375,679.1799926757812,230318
2026-04-10 17:50:00+00:00,679.5050048828125,679.530029296875,679.2293701171875,679.25,305335
2026-04-10 17:55:00+00:00,679.4500122070312,679.530029296875,679.3599853515625,679.5025024414062,142715
2026-04-10 18:00:00+00:00,679.0449829101562,679.4749755859375,679.0020141601562,679.4500122070312,263970
2026-04-10 18:05:00+00:00,678.994873046875,679.1699829101562,678.8499755859375,679.0399780273438,890014
2026-04-10 18:10:00+00:00,679.1400146484375,679.280029296875,678.9400024414062,678.989990234375,183958
2026-04-10 18:15:00+00:00,679.4949951171875,679.530029296875,679.1500244140625,679.1599731445312,194815
2026-04-10 18:20:00+00:00,679.489990234375,679.7000122070312,679.4299926757812,679.4949951171875,370207
2026-04-10 18:25:00+00:00,679.4000244140625,679.5399780273438,679.3300170898438,679.4700927734375,231973
2026-04-10 18:30:00+00:00,679.3499755859375,679.4600219726562,679.1500244140625,679.4149780273438,273979
2026-04-10 18:35:00+00:00,679.219970703125,679.4199829101562,679.1199951171875,679.3400268554688,311224
2026-04-10 18:40:00+00:00,679.0700073242188,679.3099975585938,678.8699951171875,679.219970703125,276666
2026-04-10 18:45:00+00:00,679.1400146484375,679.2473754882812,679.0100708007812,679.0599975585938,184930
2026-04-10 18:50:00+00:00,679.2899780273438,679.2899780273438,679.0700073242188,679.1199951171875,286752
2026-04-10 18:55:00+00:00,679.3099975585938,679.3699951171875,679.1099853515625,679.27001953125,372708
2026-04-10 19:00:00+00:00,679.5794067382812,679.6400146484375,679.2899780273438,679.3200073242188,488260
2026-04-10 19:05:00+00:00,679.5750122070312,679.739990234375,679.510009765625,679.5750122070312,279845
2026-04-10 19:10:00+00:00,679.9600219726562,679.989990234375,679.5499877929688,679.5800170898438,1116714
2026-04-10 19:15:00+00:00,679.864990234375,679.9600219726562,679.75,679.9500122070312,322565
2026-04-10 19:20:00+00:00,679.6497192382812,679.97998046875,679.5900268554688,679.864990234375,337478
2026-04-10 19:25:00+00:00,679.6400756835938,679.6799926757812,679.4500122070312,679.6400146484375,304601
2026-04-10 19:30:00+00:00,679.3870239257812,679.6500244140625,679.3099975585938,679.6500244140625,357369
2026-04-10 19:35:00+00:00,679.0700073242188,679.489990234375,678.969970703125,679.3900146484375,517402
2026-04-10 19:40:00+00:00,679.1099853515625,679.25,678.739990234375,679.0599975585938,661059
2026-04-10 19:45:00+00:00,678.8400268554688,679.260009765625,678.6599731445312,679.0999755859375,1478572
2026-04-10 19:50:00+00:00,678.8499755859375,679.2598876953125,678.6699829101562,678.8499755859375,1339513
2026-04-10 19:55:00+00:00,679.3400268554688,679.5399780273438,678.739990234375,678.8699951171875,2269349
2026-04-13 13:30:00+00:00,677.5,677.9299926757812,676.989990234375,677.4099731445312,3682343
2026-04-13 13:35:00+00:00,677.25,677.5,676.5800170898438,677.47998046875,626392
2026-04-13 13:40:00+00:00,676.969970703125,677.469970703125,676.830078125,677.25,581265
2026-04-13 13:45:00+00:00,678.7899780273438,678.969970703125,676.7000122070312,676.9400024414062,858673
2026-04-13 13:50:00+00:00,678.6599731445312,679.405029296875,678.0,678.77001953125,1208186
2026-04-13 13:55:00+00:00,679.7100219726562,679.72998046875,678.4400024414062,678.6699829101562,713700
2026-04-13 14:00:00+00:00,679.3099975585938,680.02001953125,678.8599853515625,679.719970703125,895148
2026-04-13 14:05:00+00:00,679.3599853515625,679.7899780273438,679.1199951171875,679.3009033203125,451713
2026-04-13 14:10:00+00:00,679.0700073242188,679.3699951171875,678.8599853515625,679.3350219726562,304465
2026-04-13 14:15:00+00:00,679.005615234375,679.1099853515625,678.5449829101562,679.0599975585938,366019
2026-04-13 14:20:00+00:00,679.4849853515625,679.510009765625,678.4000244140625,679.010009765625,687167
2026-04-13 14:25:00+00:00,679.5687866210938,679.5900268554688,679.1699829101562,679.47998046875,360768
2026-04-13 14:30:00+00:00,679.7512817382812,679.97998046875,679.4400024414062,679.5700073242188,331289
2026-04-13 14:35:00+00:00,679.510009765625,679.72998046875,679.3099975585938,679.72998046875,188840
2026-04-13 14:40:00+00:00,679.97998046875,680.0999755859375,679.469970703125,679.510009765625,270371
2026-04-13 14:45:00+00:00,679.5999755859375,680.0800170898438,679.5,679.97998046875,352399
2026-04-13 14:50:00+00:00,680.114990234375,680.239990234375,679.5,679.6099853515625,299139
2026-04-13 14:55:00+00:00,680.5213012695312,680.6599731445312,679.8599853515625,680.1099853515625,523556
2026-04-13 15:00:00+00:00,679.780029296875,680.530029296875,679.72998046875,680.530029296875,554167
2026-04-13 15:05:00+00:00,679.97998046875,680.0797729492188,679.6400146484375,679.7849731445312,520644
2026-04-13 15:10:00+00:00,680.010009765625,680.3098754882812,679.8099975585938,679.97998046875,221824
2026-04-13 15:15:00+00:00,679.6799926757812,680.1699829101562,679.6199951171875,680.010009765625,410433
2026-04-13 15:20:00+00:00,679.6500244140625,680.0700073242188,679.5999755859375,679.6749877929688,281202
2026-04-13 15:25:00+00:00,679.510009765625,679.8499755859375,679.469970703125,679.6400146484375,335694
2026-04-13 15:30:00+00:00,679.469970703125,679.5999755859375,679.219970703125,679.530029296875,287486
2026-04-13 15:35:00+00:00,679.9600219726562,680.260009765625,679.3701171875,679.469970703125,342501
2026-04-13 15:40:00+00:00,679.510009765625,680.0499877929688,679.4299926757812,679.9600219726562,234285
2026-04-13 15:45:00+00:00,679.469970703125,679.6400146484375,679.280029296875,679.5150146484375,204220
2026-04-13 15:50:00+00:00,679.3399047851562,679.52001953125,679.3200073242188,679.469970703125,184173
2026-04-13 15:55:00+00:00,679.47998046875,679.6500244140625,679.3099975585938,679.3250122070312,198883
2026-04-13 16:00:00+00:00,679.2100219726562,679.5900268554688,679.0150146484375,679.4700927734375,227124
2026-04-13 16:05:00+00:00,679.719970703125,680.4000244140625,679.059326171875,679.2100219726562,467527
2026-04-13 16:10:00+00:00,679.875,680.0800170898438,679.6400146484375,679.7100219726562,263791
2026-04-13 16:15:00+00:00,680.2000122070312,680.239990234375,679.719970703125,679.8800048828125,356491
2026-04-13 16:20:00+00:00,680.719970703125,680.9099731445312,680.2100219726562,680.2100219726562,442360
2026-04-13 16:25:00+00:00,681.3900146484375,681.6199951171875,680.6300048828125,680.719970703125,570411
2026-04-13 16:30:00+00:00,681.3499755859375,682.0,681.1400146484375,681.3800048828125,791572
2026-04-13 16:35:00+00:00,681.47998046875,682.3200073242188,681.3300170898438,681.3599853515625,612065
2026-04-13 16:40:00+00:00,681.5499877929688,681.8499755859375,680.7000122070312,681.47998046875,670276
2026-04-13 16:45:00+00:00,682.0399780273438,682.3699951171875,681.489990234375,681.52001953125,696539
2026-04-13 16:50:00+00:00,682.1199951171875,682.8300170898438,681.97998046875,682.0800170898438,701061
2026-04-13 16:55:00+00:00,682.3099975585938,682.385009765625,681.8400268554688,682.1099853515625,358589
2026-04-13 17:00:00+00:00,682.47998046875,682.5499877929688,682.1799926757812,682.3200073242188,353722
2026-04-13 17:05:00+00:00,682.239990234375,682.5399780273438,682.0900268554688,682.489990234375,317013
2026-04-13 17:10:00+00:00,682.3099975585938,682.3599853515625,682.1699829101562,682.22998046875,259725
2026-04-13 17:15:00+00:00,682.5700073242188,682.8200073242188,682.2750244140625,682.3099975585938,362473
2026-04-13 17:20:00+00:00,682.2899780273438,682.5700073242188,682.2700805664062,682.5700073242188,265804
2026-04-13 17:25:00+00:00,682.47998046875,682.5,682.280029296875,682.2949829101562,281709
2026-04-13 17:30:00+00:00,682.3499755859375,682.7000122070312,682.3400268554688,682.489990234375,282593
2026-04-13 17:35:00+00:00,682.260009765625,682.4199829101562,682.0999755859375,682.3499755859375,294458
2026-04-13 17:40:00+00:00,682.1599731445312,682.3699951171875,682.1199951171875,682.25,238633
2026-04-13 17:45:00+00:00,682.0650024414062,682.219970703125,682.030029296875,682.1500244140625,275012
2026-04-13 17:50:00+00:00,682.1799926757812,682.25,681.8699951171875,682.0650024414062,308587
2026-04-13 17:55:00+00:00,682.1400146484375,682.3107299804688,682.0900268554688,682.1699829101562,227034
2026-04-13 18:00:00+00:00,682.3900146484375,682.5499877929688,682.1500244140625,682.1500244140625,518840
2026-04-13 18:05:00+00:00,682.4949951171875,682.5449829101562,682.3099975585938,682.3800048828125,357691
2026-04-13 18:10:00+00:00,682.5650024414062,682.619873046875,682.47998046875,682.489990234375,234703
2026-04-13 18:15:00+00:00,682.489990234375,682.6199951171875,682.47998046875,682.5601196289062,176741
2026-04-13 18:20:00+00:00,682.3800048828125,682.6500244140625,682.3499755859375,682.489990234375,181804
2026-04-13 18:25:00+00:00,682.375,682.4749755859375,682.2100219726562,682.3994750976562,332449
2026-04-13 18:30:00+00:00,682.5349731445312,682.5700073242188,682.27001953125,682.3699951171875,198231
2026-04-13 18:35:00+00:00,682.614990234375,682.6799926757812,682.4600219726562,682.52001953125,255071
2026-04-13 18:40:00+00:00,682.7890014648438,682.8099975585938,682.5399780273438,682.614990234375,340949
2026-04-13 18:45:00+00:00,683.0999755859375,683.22998046875,682.7899780273438,682.7899780273438,717549
2026-04-13 18:50:00+00:00,683.3599243164062,683.4000244140625,683.030029296875,683.0999755859375,420694
2026-04-13 18:55:00+00:00,683.2949829101562,683.469970703125,683.25,683.3400268554688,340571
2026-04-13 19:00:00+00:00,683.3699951171875,683.5700073242188,683.2700805664062,683.2899780273438,468578
2026-04-13 19:05:00+00:00,683.27880859375,683.3699951171875,683.1199951171875,683.364990234375,296399
2026-04-13 19:10:00+00:00,683.1849975585938,683.2999877929688,683.0399780273438,683.27001953125,467670
2026-04-13 19:15:00+00:00,683.4500122070312,683.5,683.138916015625,683.1849975585938,375505
2026-04-13 19:20:00+00:00,683.760009765625,683.7999877929688,683.4000244140625,683.4550170898438,554349
2026-04-13 19:25:00+00:00,683.8049926757812,683.8400268554688,683.719970703125,683.760009765625,584385
2026-04-13 19:30:00+00:00,684.0999755859375,684.260009765625,683.6599731445312,683.7999877929688,756245
2026-04-13 19:35:00+00:00,684.1799926757812,684.5,684.0,684.0999755859375,818485
2026-04-13 19:40:00+00:00,684.185302734375,684.27001953125,683.9401245117188,684.1699829101562,648306
2026-04-13 19:45:00+00:00,684.0700073242188,684.1900024414062,683.780029296875,684.1699829101562,916221
2026-04-13 19:50:00+00:00,685.6599731445312,685.8900146484375,684.0599975585938,684.0700073242188,2719105
2026-04-13 19:55:00+00:00,686.010009765625,686.2999877929688,685.6699829101562,685.6699829101562,5764969
2026-04-14 13:30:00+00:00,688.47998046875,688.6199951171875,687.6599731445312,687.6900024414062,3230803
2026-04-14 13:35:00+00:00,689.030029296875,689.3499755859375,688.4000244140625,688.4600219726562,1551496
2026-04-14 13:40:00+00:00,689.8250122070312,689.9650268554688,688.97998046875,689.0399780273438,1276555
2026-04-14 13:45:00+00:00,689.7691040039062,689.8699951171875,689.3800048828125,689.8259887695312,1016081
2026-04-14 13:50:00+00:00,689.5974731445312,689.8599853515625,689.469970703125,689.7650146484375,498537
2026-04-14 13:55:00+00:00,689.489990234375,689.75,689.4219970703125,689.5900268554688,344994
2026-04-14 14:00:00+00:00,689.630126953125,689.8200073242188,689.4600219726562,689.489990234375,1008021
2026-04-14 14:05:00+00:00,690.3800048828125,690.4199829101562,689.5800170898438,689.6500244140625,985336
2026-04-14 14:10:00+00:00,690.8798828125,690.9000244140625,690.1500244140625,690.3699951171875,926415
2026-04-14 14:15:00+00:00,690.6599731445312,691.0499877929688,690.5800170898438,690.8699951171875,943289
2026-04-14 14:20:00+00:00,690.7899780273438,691.0,690.6300048828125,690.6599731445312,563930
2026-04-14 14:25:00+00:00,690.97998046875,691.030029296875,690.6400146484375,690.7899169921875,593206
2026-04-14 14:30:00+00:00,690.875,691.010009765625,690.7899780273438,690.989990234375,520671
2026-04-14 14:35:00+00:00,690.8200073242188,691.3757934570312,690.7999877929688,690.875,794271
2026-04-14 14:40:00+00:00,690.8599853515625,691.0,690.6099853515625,690.8200073242188,993955
2026-04-14 14:45:00+00:00,691.3200073242188,691.469970703125,690.8599853515625,690.864990234375,567231
2026-04-14 14:50:00+00:00,691.6500244140625,691.6798706054688,691.0900268554688,691.3200073242188,601461
2026-04-14 14:55:00+00:00,691.5399169921875,691.6699829101562,691.4199829101562,691.6500244140625,508592
2026-04-14 15:00:00+00:00,691.239990234375,691.5700073242188,691.239990234375,691.530029296875,505628
2026-04-14 15:05:00+00:00,690.989990234375,691.280029296875,690.9000244140625,691.25,567148
2026-04-14 15:10:00+00:00,690.9849853515625,691.1599731445312,690.9000244140625,690.969970703125,415408
2026-04-14 15:15:00+00:00,691.5900268554688,691.7100219726562,690.9400024414062,690.9893188476562,425218
2026-04-14 15:20:00+00:00,691.9199829101562,692.0399780273438,691.510009765625,691.5999755859375,800807
2026-04-14 15:25:00+00:00,692.25,692.469970703125,691.9199829101562,691.9299926757812,1054627
2026-04-14 15:30:00+00:00,692.469970703125,692.6300048828125,692.239990234375,692.25,513582
2026-04-14 15:35:00+00:00,692.6900024414062,692.780029296875,692.4600219726562,692.469970703125,460504
2026-04-14 15:40:00+00:00,692.8200073242188,693.1599731445312,692.47998046875,692.6849975585938,736437
2026-04-14 15:45:00+00:00,692.9299926757812,693.0800170898438,692.8099975585938,692.8099975585938,700506
2026-04-14 15:50:00+00:00,693.1950073242188,693.2999877929688,692.9199829101562,692.9202270507812,443023
2026-04-14 15:55:00+00:00,692.8599853515625,693.22998046875,692.8300170898438,693.2000122070312,929789
2026-04-14 16:00:00+00:00,693.0850219726562,693.1699829101562,692.780029296875,692.8599853515625,943302
2026-04-14 16:05:00+00:00,693.0650024414062,693.155029296875,692.9199829101562,693.0900268554688,370654
2026-04-14 16:10:00+00:00,693.02001953125,693.1799926757812,692.9000244140625,693.0650024414062,337458
2026-04-14 16:15:00+00:00,693.27001953125,693.2899780273438,692.9600219726562,693.0250244140625,380640
2026-04-14 16:20:00+00:00,693.47998046875,693.5,693.1900024414062,693.2700805664062,530636
2026-04-14 16:25:00+00:00,693.594970703125,693.719970703125,693.4400024414062,693.47998046875,694226
2026-04-14 16:30:00+00:00,693.3200073242188,693.719970703125,693.2996826171875,693.5900268554688,998881
2026-04-14 16:35:00+00:00,693.4099731445312,693.489990234375,693.1900024414062,693.3300170898438,518938
2026-04-14 16:40:00+00:00,693.47998046875,693.5399780273438,693.3099975585938,693.405029296875,552698
2026-04-14 16:45:00+00:00,693.6099853515625,693.6599731445312,693.4099731445312,693.5,412766
2026-04-14 16:50:00+00:00,693.1300048828125,693.6400146484375,693.1099853515625,693.614990234375,651672
2026-04-14 16:55:00+00:00,692.9500122070312,693.1799926757812,692.8300170898438,693.1300048828125,529339
2026-04-14 17:00:00+00:00,693.1649780273438,693.2899780273438,692.9500122070312,692.9530029296875,382097
2026-04-14 17:05:00+00:00,693.14501953125,693.3800048828125,693.0800170898438,693.1599731445312,367616
2026-04-14 17:10:00+00:00,693.25,693.3200073242188,693.1199951171875,693.1500244140625,197815
2026-04-14 17:15:00+00:00,693.6950073242188,693.739990234375,693.22998046875,693.2550048828125,461127
2026-04-14 17:20:00+00:00,693.9099731445312,694.0599975585938,693.6699829101562,693.6950073242188,697526
2026-04-14 17:25:00+00:00,693.739990234375,693.9400024414062,693.6500244140625,693.9199829101562,483404
2026-04-14 17:30:00+00:00,694.0,694.0599975585938,693.7349853515625,693.739990234375,204086
2026-04-14 17:35:00+00:00,693.9349975585938,694.0999755859375,693.8300170898438,694.010009765625,400922
2026-04-14 17:40:00+00:00,694.0150146484375,694.0800170898438,693.8599853515625,693.9400024414062,271713
2026-04-14 17:45:00+00:00,693.9849853515625,694.0900268554688,693.9099731445312,694.0150146484375,1296432
2026-04-14 17:50:00+00:00,693.6900024414062,694.0499877929688,693.5999755859375,693.989990234375,534360
2026-04-14 17:55:00+00:00,693.7249755859375,693.77001953125,693.5800170898438,693.6900024414062,305021
2026-04-14 18:00:00+00:00,693.8400268554688,693.9349975585938,693.7100219726562,693.719970703125,765920
2026-04-14 18:05:00+00:00,693.8400268554688,693.8699951171875,693.6799926757812,693.8300170898438,350157
2026-04-14 18:10:00+00:00,693.5449829101562,693.8400268554688,693.5,693.8400268554688,509360
2026-04-14 18:15:00+00:00,692.9500122070312,693.5700073242188,692.72998046875,693.5399780273438,721468
2026-04-14 18:20:00+00:00,692.3099975585938,693.1300048828125,692.219970703125,692.9558715820312,904666
2026-04-14 18:25:00+00:00,692.5999755859375,692.8499755859375,692.1300048828125,692.3099975585938,757230
2026-04-14 18:30:00+00:00,692.6550903320312,692.8300170898438,692.530029296875,692.5999755859375,344449
2026-04-14 18:35:00+00:00,692.9849853515625,693.0399780273438,692.6699829101562,692.6799926757812,370545
2026-04-14 18:40:00+00:00,692.5872802734375,693.1900024414062,692.510009765625,692.97998046875,385184
2026-04-14 18:45:00+00:00,692.4099731445312,692.7999877929688,692.3200073242188,692.5800170898438,492011
2026-04-14 18:50:00+00:00,692.6300048828125,692.75,692.35498046875,692.4000244140625,423500
2026-04-14 18:55:00+00:00,692.760009765625,692.7999877929688,692.5607299804688,692.6199951171875,355656
2026-04-14 19:00:00+00:00,693.2000122070312,693.27001953125,692.6900024414062,692.760009765625,465365
2026-04-14 19:05:00+00:00,693.3770751953125,693.4600219726562,693.1799926757812,693.1900024414062,396393
2026-04-14 19:10:00+00:00,693.5050048828125,693.760009765625,693.2899780273438,693.375,480320
2026-04-14 19:15:00+00:00,693.6749877929688,693.8400268554688,693.5,693.5050048828125,1060316
2026-04-14 19:20:00+00:00,694.0700073242188,694.0999755859375,693.6500244140625,693.6699829101562,1609268
2026-04-14 19:25:00+00:00,694.239990234375,694.2698974609375,694.0599975585938,694.0800170898438,545104
2026-04-14 19:30:00+00:00,693.969970703125,694.5800170898438,693.9500122070312,694.22998046875,872769
2026-04-14 19:35:00+00:00,694.3200073242188,694.4000244140625,693.72998046875,693.969970703125,585583
2026-04-14 19:40:00+00:00,694.0700073242188,694.3499755859375,693.8599853515625,694.3200073242188,679421
2026-04-14 19:45:00+00:00,694.0499877929688,694.1799926757812,693.8400268554688,694.0599975585938,721932
2026-04-14 19:50:00+00:00,693.530029296875,694.3900146484375,693.4099731445312,694.0499877929688,1527680
2026-04-14 19:55:00+00:00,694.39501953125,694.4099731445312,693.5399780273438,693.5399780273438,2151148
2026-04-15 13:30:00+00:00,695.75,695.8400268554688,695.0800170898438,695.260009765625,2354310
2026-04-15 13:35:00+00:00,696.280029296875,696.3099975585938,695.489990234375,695.7899780273438,1201549
2026-04-15 13:40:00+00:00,694.3900146484375,696.3499755859375,694.2000122070312,696.280029296875,1113606
2026-04-15 13:45:00+00:00,695.02001953125,695.2899780273438,694.3800048828125,694.3800048828125,705651
2026-04-15 13:50:00+00:00,695.02001953125,695.1900024414062,694.52001953125,695.030029296875,471065
2026-04-15 13:55:00+00:00,695.6799926757812,695.7100219726562,695.010009765625,695.010009765625,437630
2026-04-15 14:00:00+00:00,695.2666015625,695.760009765625,695.1199951171875,695.6799926757812,393896
2026-04-15 14:05:00+00:00,695.4500732421875,695.5599975585938,695.0,695.27001953125,462371
2026-04-15 14:10:00+00:00,695.9351196289062,695.969970703125,695.3599853515625,695.4600219726562,476936
2026-04-15 14:15:00+00:00,695.9000244140625,696.3699951171875,695.780029296875,695.9500122070312,1153146
2026-04-15 14:20:00+00:00,696.6300048828125,696.9199829101562,695.8699951171875,695.8699951171875,753768
2026-04-15 14:25:00+00:00,696.9199829101562,696.9400024414062,696.5700073242188,696.635009765625,743670
2026-04-15 14:30:00+00:00,696.5,697.0700073242188,696.4600219726562,696.9199829101562,796439
2026-04-15 14:35:00+00:00,696.0288696289062,696.760009765625,695.9299926757812,696.5,601970
2026-04-15 14:40:00+00:00,696.739990234375,696.8200073242188,696.030029296875,696.030029296875,750418
2026-04-15 14:45:00+00:00,697.02001953125,697.02001953125,696.6129150390625,696.7449951171875,420791
2026-04-15 14:50:00+00:00,696.7100219726562,697.1400146484375,696.6500244140625,697.02001953125,544288
2026-04-15 14:55:00+00:00,696.72998046875,696.989990234375,696.6199951171875,696.6799926757812,335723
2026-04-15 15:00:00+00:00,696.8997802734375,696.9500122070312,696.52001953125,696.739990234375,466071
2026-04-15 15:05:00+00:00,696.6699829101562,697.0,696.4400024414062,696.8900146484375,418296
2026-04-15 15:10:00+00:00,697.2999267578125,697.3200073242188,696.6300048828125,696.6799926757812,579662
2026-04-15 15:15:00+00:00,697.3599853515625,697.4400024414062,697.1599731445312,697.2999877929688,1032252
2026-04-15 15:20:00+00:00,697.344970703125,697.5,697.239990234375,697.3699951171875,1038362
2026-04-15 15:25:00+00:00,697.3699951171875,697.5599975585938,697.2700805664062,697.344970703125,421291
2026-04-15 15:30:00+00:00,696.9099731445312,697.3900146484375,696.8200073242188,697.3699951171875,623688
2026-04-15 15:35:00+00:00,697.10498046875,697.18701171875,696.8499755859375,696.9099731445312,490882
2026-04-15 15:40:00+00:00,697.4199829101562,697.5499877929688,697.0999755859375,697.1099853515625,351958
2026-04-15 15:45:00+00:00,697.4298706054688,697.5599975585938,697.3300170898438,697.4199829101562,383142
2026-04-15 15:50:00+00:00,697.219970703125,697.510009765625,697.1900024414062,697.4299926757812,321626
2026-04-15 15:55:00+00:00,697.010009765625,697.2349853515625,696.905029296875,697.22998046875,407978
2026-04-15 16:00:00+00:00,697.0599975585938,697.1492919921875,696.7999877929688,697.010009765625,433877
2026-04-15 16:05:00+00:00,697.4299926757812,697.469970703125,696.9299926757812,697.0599975585938,499627
2026-04-15 16:10:00+00:00,697.3701171875,697.4400024414062,697.22998046875,697.4298095703125,210163
2026-04-15 16:15:00+00:00,697.5800170898438,697.5900268554688,697.219970703125,697.3800048828125,444640
2026-04-15 16:20:00+00:00,697.7698974609375,697.7999877929688,697.5900268554688,697.5900268554688,592934
2026-04-15 16:25:00+00:00,697.3599243164062,697.760009765625,697.3300170898438,697.760009765625,610746
2026-04-15 16:30:00+00:00,697.260009765625,697.4400024414062,697.1199951171875,697.3599853515625,379769
2026-04-15 16:35:00+00:00,697.169921875,697.4949951171875,697.1400146484375,697.27001953125,500254
2026-04-15 16:40:00+00:00,696.3900146484375,697.1599731445312,696.3499755859375,697.1500244140625,652325
2026-04-15 16:45:00+00:00,696.6649780273438,696.6950073242188,695.9600219726562,696.3699951171875,740644
2026-04-15 16:50:00+00:00,696.1649780273438,696.780029296875,695.97998046875,696.6799926757812,500356
2026-04-15 16:55:00+00:00,696.530029296875,696.6300048828125,695.7000122070312,696.1799926757812,362304
2026-04-15 17:00:00+00:00,697.0399169921875,697.0700073242188,696.4099731445312,696.5599975585938,278413
2026-04-15 17:05:00+00:00,697.219970703125,697.4000244140625,696.97998046875,697.030029296875,708270
2026-04-15 17:10:00+00:00,697.1599731445312,697.2999877929688,697.0,697.22998046875,264599
2026-04-15 17:15:00+00:00,697.2899780273438,697.4500122070312,697.1599731445312,697.1599731445312,245119
2026-04-15 17:20:00+00:00,697.2899780273438,697.3499755859375,697.0692749023438,697.280029296875,226377
2026-04-15 17:25:00+00:00,697.4199829101562,697.6199951171875,697.25,697.2899780273438,349472
2026-04-15 17:30:00+00:00,697.7888793945312,697.8300170898438,697.3800048828125,697.4199829101562,453344
2026-04-15 17:35:00+00:00,697.6500244140625,698.0,697.6099853515625,697.7899780273438,559010
2026-04-15 17:40:00+00:00,697.4674072265625,697.6599731445312,697.280029296875,697.655029296875,664868
2026-04-15 17:45:00+00:00,697.5599975585938,697.7000122070312,697.469970703125,697.469970703125,256764
2026-04-15 17:50:00+00:00,697.739990234375,697.8699951171875,697.5599975585938,697.5599975585938,342253
2026-04-15 17:55:00+00:00,697.4801025390625,697.8699951171875,697.4500122070312,697.7401123046875,302610
2026-04-15 18:00:00+00:00,698.010009765625,698.6199951171875,697.1900024414062,697.489990234375,1042970
2026-04-15 18:05:00+00:00,698.0999755859375,698.219970703125,697.9500122070312,698.02001953125,414516
2026-04-15 18:10:00+00:00,698.3150024414062,698.4600219726562,697.8599853515625,698.1099853515625,463450
2026-04-15 18:15:00+00:00,698.364990234375,698.6500244140625,698.280029296875,698.3200073242188,527013
2026-04-15 18:20:00+00:00,698.489990234375,698.530029296875,698.1799926757812,698.3599853515625,470454
2026-04-15 18:25:00+00:00,698.5,698.5800170898438,698.2899780273438,698.4849853515625,369788
2026-04-15 18:30:00+00:00,699.030029296875,699.030029296875,698.47998046875,698.489990234375,887309
2026-04-15 18:35:00+00:00,699.010009765625,699.2000122070312,698.760009765625,699.030029296875,793019
2026-04-15 18:40:00+00:00,698.8740844726562,699.02001953125,698.5999755859375,699.0,573699
2026-04-15 18:45:00+00:00,699.260009765625,699.260009765625,698.8900146484375,698.8900146484375,553269
2026-04-15 18:50:00+00:00,699.5029296875,699.5599975585938,699.22998046875,699.27001953125,683640
2026-04-15 18:55:00+00:00,699.6400146484375,699.8400268554688,699.4099731445312,699.5,612826
2026-04-15 19:00:00+00:00,699.7349853515625,699.75,699.3900146484375,699.6400146484375,658662
2026-04-15 19:05:00+00:00,699.8499755859375,699.9224853515625,699.739990234375,699.739990234375,683098
2026-04-15 19:10:00+00:00,699.469970703125,699.9600219726562,699.4099731445312,699.85498046875,726709
2026-04-15 19:15:00+00:00,699.6400146484375,699.64990234375,699.3800048828125,699.469970703125,899541
2026-04-15 19:20:00+00:00,699.8099975585938,699.8900146484375,699.5399780273438,699.635009765625,591262
2026-04-15 19:25:00+00:00,700.0,700.030029296875,699.7100219726562,699.8049926757812,744910
2026-04-15 19:30:00+00:00,699.97998046875,700.010009765625,699.6900024414062,699.9949951171875,927555
2026-04-15 19:35:00+00:00,699.52001953125,700.1400146484375,699.52001953125,699.97998046875,923137
2026-04-15 19:40:00+00:00,699.52001953125,699.6900024414062,699.260009765625,699.5250244140625,1160869
2026-04-15 19:45:00+00:00,699.5499877929688,699.8400268554688,699.3300170898438,699.510009765625,1366543
2026-04-15 19:50:00+00:00,699.8701171875,700.1099853515625,699.510009765625,699.5499877929688,1216556
2026-04-15 19:55:00+00:00,699.8400268554688,700.280029296875,699.7100219726562,699.8699951171875,2618580
2026-04-16 13:30:00+00:00,701.0499877929688,701.2999877929688,700.52001953125,701.0599975585938,2153637
2026-04-16 13:35:00+00:00,700.6199951171875,701.1400146484375,700.5499877929688,701.0399780273438,694056
2026-04-16 13:40:00+00:00,700.8201293945312,700.969970703125,700.1099853515625,700.6500244140625,659288
2026-04-16 13:45:00+00:00,700.6099853515625,700.9000244140625,700.3900146484375,700.8300170898438,656413
2026-04-16 13:50:00+00:00,698.75,700.6300048828125,698.719970703125,700.6300048828125,1056768
2026-04-16 13:55:00+00:00,699.47998046875,699.5900268554688,698.530029296875,698.77001953125,850121
2026-04-16 14:00:00+00:00,699.3499755859375,699.5299072265625,698.719970703125,699.469970703125,609872
2026-04-16 14:05:00+00:00,699.6400146484375,699.9199829101562,699.1699829101562,699.3499755859375,670484
2026-04-16 14:10:00+00:00,699.64501953125,700.1500244140625,699.5601196289062,699.6500244140625,745924
2026-04-16 14:15:00+00:00,698.919921875,699.844970703125,698.8599853515625,699.6400146484375,505479
2026-04-16 14:20:00+00:00,699.0150146484375,699.1699829101562,698.6519775390625,698.9199829101562,632798
2026-04-16 14:25:00+00:00,699.1400146484375,699.3499755859375,698.8200073242188,698.989990234375,693344
2026-04-16 14:30:00+00:00,699.3200073242188,699.43798828125,698.9299926757812,699.14990234375,499486
2026-04-16 14:35:00+00:00,699.0599975585938,699.4400024414062,699.0100708007812,699.3099975585938,331439
2026-04-16 14:40:00+00:00,699.5,699.52001953125,698.8699951171875,699.0599975585938,269306
2026-04-16 14:45:00+00:00,699.9500122070312,699.9500122070312,699.3699951171875,699.4849853515625,513812
2026-04-16 14:50:00+00:00,700.0700073242188,700.2100219726562,699.7899780273438,699.9500122070312,671436
2026-04-16 14:55:00+00:00,699.9400024414062,700.1201171875,699.5800170898438,700.0700073242188,313565
2026-04-16 15:00:00+00:00,700.5399780273438,700.6300048828125,699.9299926757812,699.9299926757812,508651
2026-04-16 15:05:00+00:00,700.97998046875,701.1300048828125,700.3099975585938,700.530029296875,374732
2026-04-16 15:10:00+00:00,701.4199829101562,701.4600219726562,700.97998046875,700.97998046875,559764
2026-04-16 15:15:00+00:00,701.3499755859375,702.030029296875,701.2999877929688,701.4199829101562,660515
2026-04-16 15:20:00+00:00,701.6199951171875,701.8099975585938,701.3599853515625,701.3699951171875,622828
2026-04-16 15:25:00+00:00,700.780029296875,701.77001953125,700.780029296875,701.6099853515625,870661
2026-04-16 15:30:00+00:00,701.1099853515625,701.1799926757812,700.6599731445312,700.77001953125,666402
2026-04-16 15:35:00+00:00,701.6799926757812,702.3599853515625,701.0800170898438,701.1199951171875,916651
2026-04-16 15:40:00+00:00,701.3831176757812,701.7100219726562,701.010009765625,701.6699829101562,419056
2026-04-16 15:45:00+00:00,701.239990234375,701.5850219726562,701.0,701.405029296875,293742
2026-04-16 15:50:00+00:00,701.7100219726562,701.8099975585938,701.2100219726562,701.2449951171875,295096
2026-04-16 15:55:00+00:00,702.219970703125,702.2999877929688,701.7000122070312,701.719970703125,456977
2026-04-16 16:00:00+00:00,702.4099731445312,702.5,702.2000732421875,702.219970703125,358403
2026-04-16 16:05:00+00:00,702.3198852539062,702.489990234375,702.0700073242188,702.401123046875,355214
2026-04-16 16:10:00+00:00,702.4550170898438,702.52001953125,702.260009765625,702.3200073242188,333268
2026-04-16 16:15:00+00:00,702.6950073242188,702.780029296875,702.4600219726562,702.4600219726562,627492
2026-04-16 16:20:00+00:00,702.1599731445312,702.72998046875,701.9199829101562,702.7000122070312,479999
2026-04-16 16:25:00+00:00,702.010009765625,702.2999267578125,701.9600219726562,702.1599731445312,232517
2026-04-16 16:30:00+00:00,701.0499877929688,702.0698852539062,700.1749877929688,702.0150146484375,1024207
2026-04-16 16:35:00+00:00,701.6300048828125,701.669921875,700.8599853515625,701.0399780273438,413823
2026-04-16 16:40:00+00:00,701.385009765625,701.8400268554688,701.0900268554688,701.6375122070312,499567
2026-04-16 16:45:00+00:00,701.419921875,701.6500244140625,701.2899780273438,701.3699951171875,438852
2026-04-16 16:50:00+00:00,700.9199829101562,701.6099243164062,700.8099975585938,701.39501953125,240612
2026-04-16 16:55:00+00:00,700.8099975585938,701.1779174804688,700.75,700.9299926757812,1122619
2026-04-16 17:00:00+00:00,700.5999755859375,700.8900146484375,700.469970703125,700.8300170898438,911013
2026-04-16 17:05:00+00:00,700.614990234375,700.6900024414062,700.1300048828125,700.5999755859375,1035694
2026-04-16 17:10:00+00:00,700.0800170898438,700.7899780273438,700.0499877929688,700.6199951171875,391720
2026-04-16 17:15:00+00:00,700.1500244140625,700.273681640625,699.8300170898438,700.0499877929688,706505
2026-04-16 17:20:00+00:00,700.739990234375,700.780029296875,700.010009765625,700.1699829101562,303748
2026-04-16 17:25:00+00:00,700.7000122070312,700.9400024414062,700.5700073242188,700.75,268505
2026-04-16 17:30:00+00:00,700.8099975585938,701.1400146484375,700.6400146484375,700.719970703125,287603
2026-04-16 17:35:00+00:00,700.989990234375,701.0399780273438,700.5850219726562,700.7750244140625,251528
2026-04-16 17:40:00+00:00,701.3699951171875,701.4299926757812,700.9500122070312,700.97998046875,408416
2026-04-16 17:45:00+00:00,701.4749755859375,701.530029296875,701.1699829101562,701.3699951171875,170607
2026-04-16 17:50:00+00:00,701.135009765625,701.47998046875,701.0999755859375,701.4749755859375,175672
2026-04-16 17:55:00+00:00,700.5999755859375,701.1400146484375,700.1699829101562,701.1400146484375,539894
2026-04-16 18:00:00+00:00,700.669921875,701.1799926757812,700.4099731445312,700.6099853515625,532097
2026-04-16 18:05:00+00:00,700.1799926757812,700.8400268554688,699.9600219726562,700.6849975585938,331582
2026-04-16 18:10:00+00:00,700.5399780273438,700.6099853515625,699.9400024414062,700.2000122070312,340649
2026-04-16 18:15:00+00:00,700.3900146484375,700.739990234375,700.3300170898438,700.5399780273438,223974
2026-04-16 18:20:00+00:00,699.8900146484375,700.6300048828125,699.8099975585938,700.3900146484375,300183
2026-04-16 18:25:00+00:00,699.7899780273438,700.0499877929688,699.4736938476562,699.9199829101562,444535
2026-04-16 18:30:00+00:00,700.47998046875,700.5999755859375,699.7750244140625,699.7999877929688,483849
2026-04-16 18:35:00+00:00,700.625,700.7999877929688,700.3400268554688,700.469970703125,361066
2026-04-16 18:40:00+00:00,700.7899780273438,700.9199829101562,700.5800170898438,700.6300048828125,289747
2026-04-16 18:45:00+00:00,700.760009765625,701.030029296875,700.6900024414062,700.7860107421875,240979
2026-04-16 18:50:00+00:00,700.614990234375,700.7899780273438,700.510009765625,700.77001953125,329319
2026-04-16 18:55:00+00:00,700.7050170898438,700.7098999023438,700.3800048828125,700.614990234375,316734
2026-04-16 19:00:00+00:00,700.9799194335938,701.14501953125,700.7000122070312,700.7100219726562,551621
2026-04-16 19:05:00+00:00,700.8499755859375,701.0599975585938,700.7249755859375,700.9749755859375,284538
2026-04-16 19:10:00+00:00,700.8098754882812,700.9758911132812,700.5999755859375,700.844970703125,306372
2026-04-16 19:15:00+00:00,701.0800170898438,701.1950073242188,700.8099975585938,700.8200073242188,340999
2026-04-16 19:20:00+00:00,701.0402221679688,701.1599731445312,700.8599853515625,701.0800170898438,280395
2026-04-16 19:25:00+00:00,700.9100952148438,701.1500244140625,700.8900146484375,701.0430297851562,452488
2026-04-16 19:30:00+00:00,701.1199951171875,701.25,700.8300170898438,700.9099731445312,323306
2026-04-16 19:35:00+00:00,701.4000244140625,701.4099731445312,701.0599975585938,701.1300048828125,374219
2026-04-16 19:40:00+00:00,701.3099975585938,701.5999755859375,701.2999877929688,701.415283203125,424102
2026-04-16 19:45:00+00:00,701.6400146484375,701.6599731445312,701.1400146484375,701.3200073242188,819157
2026-04-16 19:50:00+00:00,701.6500244140625,701.9400024414062,701.3400268554688,701.6300048828125,1457884
2026-04-16 19:55:00+00:00,701.5499877929688,701.9299926757812,701.4400024414062,701.6699829101562,2873901
2026-04-17 13:30:00+00:00,706.9793090820312,707.1400146484375,705.969970703125,706.1400146484375,4744941
2026-04-17 13:35:00+00:00,707.0900268554688,707.6099853515625,706.8699951171875,706.97998046875,986945
2026-04-17 13:40:00+00:00,707.1400146484375,707.3300170898438,706.5449829101562,707.0900268554688,1065332
2026-04-17 13:45:00+00:00,707.0653076171875,707.469970703125,705.760009765625,707.1400146484375,1360166
2026-04-17 13:50:00+00:00,707.719970703125,707.8400268554688,706.9600219726562,707.0599975585938,822755
2026-04-17 13:55:00+00:00,708.330078125,708.3599853515625,707.510009765625,707.7249755859375,710664
2026-04-17 14:00:00+00:00,708.85498046875,708.9199829101562,708.1500244140625,708.3499755859375,1531973
2026-04-17 14:05:00+00:00,709.1400146484375,709.1593017578125,708.7899780273438,708.8599853515625,791298
2026-04-17 14:10:00+00:00,709.1500244140625,709.3900146484375,708.7100219726562,709.1400146484375,1022426
2026-04-17 14:15:00+00:00,708.9600830078125,709.3300170898438,708.8599853515625,709.1500244140625,613307
2026-04-17 14:20:00+00:00,709.260009765625,709.3699951171875,708.510009765625,708.9650268554688,787299
2026-04-17 14:25:00+00:00,709.2249755859375,709.4600219726562,708.969970703125,709.260009765625,621540
2026-04-17 14:30:00+00:00,710.1400146484375,710.25,709.22998046875,709.239990234375,1148130
2026-04-17 14:35:00+00:00,710.3300170898438,710.3300170898438,709.6400146484375,710.1199951171875,837239
2026-04-17 14:40:00+00:00,710.8599853515625,710.989990234375,710.2899780273438,710.3250122070312,1074751
2026-04-17 14:45:00+00:00,711.239990234375,711.3099975585938,710.760009765625,710.8599853515625,894944
2026-04-17 14:50:00+00:00,710.8699951171875,711.3350219726562,710.8099975585938,711.239990234375,817432
2026-04-17 14:55:00+00:00,710.47998046875,710.8699951171875,710.1950073242188,710.8699951171875,641602
2026-04-17 15:00:00+00:00,710.7100219726562,711.1699829101562,710.2100219726562,710.47998046875,1433185
2026-04-17 15:05:00+00:00,710.8814086914062,711.1599731445312,710.6599731445312,710.72998046875,514536
2026-04-17 15:10:00+00:00,710.22998046875,711.0399780273438,710.1099853515625,710.8499755859375,668829
2026-04-17 15:15:00+00:00,710.1500244140625,710.739990234375,709.8599853515625,710.239990234375,643825
2026-04-17 15:20:00+00:00,710.47998046875,710.6300048828125,709.8800048828125,710.1494140625,741489
2026-04-17 15:25:00+00:00,710.6199951171875,710.7199096679688,710.27001953125,710.47998046875,360358
2026-04-17 15:30:00+00:00,711.239990234375,711.280029296875,710.60498046875,710.6300048828125,637120
2026-04-17 15:35:00+00:00,711.2301025390625,711.3499755859375,710.8400268554688,711.239990234375,985960
2026-04-17 15:40:00+00:00,710.4349975585938,711.27001953125,710.4193115234375,711.25,435087
2026-04-17 15:45:00+00:00,710.7999877929688,711.25,710.4299926757812,710.47998046875,1198831
2026-04-17 15:50:00+00:00,711.0700073242188,711.3499755859375,710.760009765625,710.7999877929688,505384
2026-04-17 15:55:00+00:00,710.739990234375,711.260009765625,710.6699829101562,711.0399780273438,5123259
2026-04-17 16:00:00+00:00,711.2100219726562,711.4600219726562,710.5399780273438,710.739990234375,478286
2026-04-17 16:05:00+00:00,711.1599731445312,711.6400146484375,711.1500244140625,711.2000122070312,459579
2026-04-17 16:10:00+00:00,711.3699951171875,711.5999755859375,711.0700073242188,711.1599731445312,270340
2026-04-17 16:15:00+00:00,711.260009765625,711.510009765625,710.9400024414062,711.3599853515625,350511
2026-04-17 16:20:00+00:00,711.489990234375,711.5399780273438,711.1599731445312,711.260009765625,437766
2026-04-17 16:25:00+00:00,711.510009765625,711.5499877929688,711.3599853515625,711.4949951171875,283012
2026-04-17 16:30:00+00:00,711.9000244140625,711.97998046875,711.5150146484375,711.5150146484375,903388
2026-04-17 16:35:00+00:00,712.0599975585938,712.22998046875,711.8499755859375,711.9000244140625,505386
2026-04-17 16:40:00+00:00,712.1799926757812,712.2000122070312,711.8599853515625,712.0599975585938,261301
2026-04-17 16:45:00+00:00,712.1900024414062,712.3900146484375,712.1400146484375,712.1799926757812,311677
2026-04-17 16:50:00+00:00,712.10498046875,712.3400268554688,712.0650024414062,712.1998901367188,254399
2026-04-17 16:55:00+00:00,711.9099731445312,712.1099853515625,711.9000244140625,712.10498046875,293302
2026-04-17 17:00:00+00:00,712.0700073242188,712.1699829101562,711.8900146484375,711.9099731445312,260439
2026-04-17 17:05:00+00:00,711.4249877929688,712.0999755859375,710.72998046875,712.0800170898438,685976
2026-04-17 17:10:00+00:00,711.25,711.469970703125,710.9199829101562,711.4500122070312,556124
2026-04-17 17:15:00+00:00,710.8900146484375,711.385009765625,710.8699951171875,711.25,483069
2026-04-17 17:20:00+00:00,709.5499877929688,711.0800170898438,709.030029296875,710.8800048828125,1311304
2026-04-17 17:25:00+00:00,709.8800048828125,710.1599731445312,709.1799926757812,709.530029296875,1155409
2026-04-17 17:30:00+00:00,709.8400268554688,710.2999877929688,709.6799926757812,709.8800048828125,444949
2026-04-17 17:35:00+00:00,710.0399780273438,710.3699951171875,709.5800170898438,709.8300170898438,710990
2026-04-17 17:40:00+00:00,709.8900146484375,710.1400146484375,709.780029296875,710.02001953125,711384
2026-04-17 17:45:00+00:00,710.4450073242188,710.7000122070312,709.8900146484375,709.9199829101562,1004374
2026-04-17 17:50:00+00:00,710.5499877929688,710.6699829101562,710.3599853515625,710.4400024414062,411254
2026-04-17 17:55:00+00:00,710.2949829101562,710.6900024414062,710.239990234375,710.5800170898438,223495
2026-04-17 18:00:00+00:00,710.030029296875,710.47998046875,709.9199829101562,710.3099975585938,463931
2026-04-17 18:05:00+00:00,709.5800170898438,710.0900268554688,709.5,710.0100708007812,459588
2026-04-17 18:10:00+00:00,709.4500122070312,709.8300170898438,709.3400268554688,709.6099243164062,512760
2026-04-17 18:15:00+00:00,709.6500244140625,709.8400268554688,709.4099731445312,709.4500122070312,295465
2026-04-17 18:20:00+00:00,709.7899169921875,709.9099731445312,709.1400146484375,709.6300048828125,566769
2026-04-17 18:25:00+00:00,709.8099975585938,710.3300170898438,709.6699829101562,709.760009765625,477834
2026-04-17 18:30:00+00:00,710.2999877929688,710.3900146484375,709.8099975585938,709.8099975585938,911495
2026-04-17 18:35:00+00:00,710.1500244140625,710.3699951171875,710.0399780273438,710.3099975585938,318917
2026-04-17 18:40:00+00:00,710.1099853515625,710.22998046875,709.7753295898438,710.1400146484375,384864
2026-04-17 18:45:00+00:00,709.9249877929688,710.1900024414062,709.8300170898438,710.1199951171875,614303
2026-04-17 18:50:00+00:00,709.5399780273438,709.9500122070312,709.1300048828125,709.9299926757812,519339
2026-04-17 18:55:00+00:00,709.6400146484375,709.989990234375,709.47998046875,709.5399780273438,369995
2026-04-17 19:00:00+00:00,709.6599731445312,709.8900146484375,709.5900268554688,709.6400146484375,422600
2026-04-17 19:05:00+00:00,709.4199829101562,709.6699829101562,709.280029296875,709.6699829101562,453247
2026-04-17 19:10:00+00:00,709.1300048828125,709.4600219726562,708.989990234375,709.4199829101562,468897
2026-04-17 19:15:00+00:00,709.4400024414062,709.5850219726562,709.0800170898438,709.1099853515625,499084
2026-04-17 19:20:00+00:00,709.3400268554688,709.5767211914062,709.1699829101562,709.4500122070312,357890
2026-04-17 19:25:00+00:00,709.260009765625,709.5499877929688,709.2000122070312,709.3300170898438,399856
2026-04-17 19:30:00+00:00,709.780029296875,709.9199829101562,709.260009765625,709.27001953125,804561
2026-04-17 19:35:00+00:00,710.030029296875,710.1500244140625,709.5599975585938,709.77001953125,567322
2026-04-17 19:40:00+00:00,710.2999877929688,710.3599853515625,709.8400268554688,710.030029296875,760797
2026-04-17 19:45:00+00:00,709.8699951171875,710.2999877929688,709.77001953125,710.2899780273438,1162210
2026-04-17 19:50:00+00:00,710.1799926757812,710.239990234375,709.6900024414062,709.8800048828125,1159794
2026-04-17 19:55:00+00:00,710.0499877929688,710.4000244140625,709.8400268554688,710.1799926757812,3105316
2026-04-20 13:30:00+00:00,709.1300048828125,709.3209838867188,708.3699951171875,708.780029296875,3003260
2026-04-20 13:35:00+00:00,708.6400146484375,709.4400024414062,708.3800048828125,709.0900268554688,777569
2026-04-20 13:40:00+00:00,708.8250122070312,709.0,708.22998046875,708.5999755859375,569240
2026-04-20 13:45:00+00:00,708.6300048828125,709.25,708.4299926757812,708.8250122070312,501291
2026-04-20 13:50:00+00:00,709.3450927734375,709.3939819335938,708.530029296875,708.6199951171875,390893
2026-04-20 13:55:00+00:00,709.6699829101562,709.9099731445312,709.3099975585938,709.3400268554688,822447
2026-04-20 14:00:00+00:00,709.260009765625,709.719970703125,709.0599975585938,709.6699829101562,745048
2026-04-20 14:05:00+00:00,709.3900146484375,709.6400146484375,709.010009765625,709.2899780273438,354579
2026-04-20 14:10:00+00:00,709.2550048828125,709.5800170898438,708.6699829101562,709.3900146484375,432612
2026-04-20 14:15:00+00:00,709.0599975585938,709.3200073242188,708.7899780273438,709.239990234375,468326
2026-04-20 14:20:00+00:00,709.489990234375,709.5599975585938,708.9301147460938,709.0399780273438,381164
2026-04-20 14:25:00+00:00,708.9500122070312,709.6400146484375,708.8200073242188,709.4949951171875,389291
2026-04-20 14:30:00+00:00,708.6199951171875,709.0,708.3099975585938,708.9299926757812,1035053
2026-04-20 14:35:00+00:00,708.4949951171875,708.760009765625,708.280029296875,708.6300048828125,296260
2026-04-20 14:40:00+00:00,708.1099853515625,708.52001953125,707.9100952148438,708.4949951171875,482284
2026-04-20 14:45:00+00:00,708.6699829101562,708.760009765625,707.9199829101562,708.10498046875,363543
2026-04-20 14:50:00+00:00,707.77001953125,708.780029296875,706.489990234375,708.6699829101562,2045280
2026-04-20 14:55:00+00:00,707.1400146484375,707.760009765625,706.9099731445312,707.75,522185
2026-04-20 15:00:00+00:00,706.6998901367188,707.5800170898438,706.469970703125,707.155029296875,515317
2026-04-20 15:05:00+00:00,706.5399780273438,706.969970703125,706.1400146484375,706.6799926757812,786787
2026-04-20 15:10:00+00:00,706.739990234375,707.1099853515625,706.2999877929688,706.5399780273438,405031
2026-04-20 15:15:00+00:00,706.9349975585938,707.1500244140625,706.4199829101562,706.719970703125,412941
2026-04-20 15:20:00+00:00,707.6400146484375,708.0800170898438,706.760009765625,706.9099731445312,606381
2026-04-20 15:25:00+00:00,708.3300170898438,708.52001953125,707.52001953125,707.6199951171875,474140
2026-04-20 15:30:00+00:00,707.5700073242188,708.3099975585938,707.3800048828125,708.3099975585938,511448
2026-04-20 15:35:00+00:00,707.6199951171875,707.6799926757812,707.25,707.5590209960938,195075
2026-04-20 15:40:00+00:00,707.52001953125,708.0399780273438,707.4199829101562,707.6099853515625,242561
2026-04-20 15:45:00+00:00,707.4801025390625,707.8499755859375,707.3099975585938,707.530029296875,156086
2026-04-20 15:50:00+00:00,707.4849853515625,707.530029296875,707.1099853515625,707.47998046875,185948
2026-04-20 15:55:00+00:00,707.5991821289062,707.719970703125,707.4600219726562,707.47998046875,231244
2026-04-20 16:00:00+00:00,707.1400146484375,707.7000122070312,707.0399780273438,707.5999755859375,701232
2026-04-20 16:05:00+00:00,707.4600219726562,707.5999755859375,707.0900268554688,707.1500244140625,180576
2026-04-20 16:10:00+00:00,707.5900268554688,707.7498168945312,707.469970703125,707.47802734375,164146
2026-04-20 16:15:00+00:00,707.52001953125,707.6300048828125,707.02001953125,707.5900268554688,224784
2026-04-20 16:20:00+00:00,707.6099853515625,707.780029296875,707.4199829101562,707.5999755859375,184333
2026-04-20 16:25:00+00:00,707.6500244140625,707.7999877929688,707.5399780273438,707.5900268554688,103617
2026-04-20 16:30:00+00:00,707.9400024414062,708.0999755859375,707.6599731445312,707.6599731445312,176899
2026-04-20 16:35:00+00:00,707.5399780273438,707.969970703125,707.3800048828125,707.9299926757812,346680
2026-04-20 16:40:00+00:00,707.6900024414062,708.0599975585938,707.3699951171875,707.5399780273438,131128
2026-04-20 16:45:00+00:00,707.7100219726562,707.9000244140625,707.6400146484375,707.7000122070312,137213
2026-04-20 16:50:00+00:00,707.7449951171875,707.780029296875,707.530029296875,707.719970703125,145951
2026-04-20 16:55:00+00:00,707.639892578125,707.75,707.469970703125,707.75,410878
2026-04-20 17:00:00+00:00,707.4299926757812,707.8499755859375,707.260009765625,707.6400146484375,554417
2026-04-20 17:05:00+00:00,707.7899780273438,707.8400268554688,707.3798828125,707.4299926757812,408273
2026-04-20 17:10:00+00:00,708.0599975585938,708.1179809570312,707.6900024414062,707.7849731445312,171731
2026-04-20 17:15:00+00:00,708.27001953125,708.3499755859375,707.9500122070312,708.030029296875,205865
2026-04-20 17:20:00+00:00,708.2301025390625,708.3900146484375,708.030029296875,708.27001953125,436902
2026-04-20 17:25:00+00:00,707.97998046875,708.3101806640625,707.9500122070312,708.239990234375,161009
2026-04-20 17:30:00+00:00,707.6599731445312,708.0150146484375,707.6099853515625,707.9882202148438,214036
2026-04-20 17:35:00+00:00,707.885009765625,707.969970703125,707.6099853515625,707.6500244140625,273538
2026-04-20 17:40:00+00:00,707.9417724609375,708.260009765625,707.6199951171875,707.8800048828125,206082
2026-04-20 17:45:00+00:00,707.9749755859375,708.030029296875,707.8200073242188,707.9450073242188,269505
2026-04-20 17:50:00+00:00,708.0200805664062,708.0499877929688,707.7999877929688,707.9749755859375,187045
2026-04-20 17:55:00+00:00,707.739990234375,708.0399780273438,707.6699829101562,708.02001953125,123465
2026-04-20 18:00:00+00:00,707.7000122070312,707.780029296875,707.4810180664062,707.739990234375,242280
2026-04-20 18:05:00+00:00,708.1649780273438,708.260009765625,707.7000122070312,707.719970703125,329702
2026-04-20 18:10:00+00:00,708.2000122070312,708.22998046875,707.5700073242188,708.1599731445312,327248
2026-04-20 18:15:00+00:00,708.4099731445312,708.469970703125,708.0800170898438,708.1893920898438,201600
2026-04-20 18:20:00+00:00,708.5900268554688,708.6099853515625,708.2899780273438,708.418701171875,236775
2026-04-20 18:25:00+00:00,708.3200073242188,708.5999755859375,708.0,708.5800170898438,550740
2026-04-20 18:30:00+00:00,708.2999877929688,708.4199829101562,707.969970703125,708.3200073242188,334208
2026-04-20 18:35:00+00:00,707.9299926757812,708.3499755859375,707.9099731445312,708.3099975585938,338411
2026-04-20 18:40:00+00:00,708.1199951171875,708.27001953125,707.8599853515625,707.9299926757812,380171
2026-04-20 18:45:00+00:00,708.332275390625,708.3599853515625,708.0599975585938,708.1199951171875,291312
2026-04-20 18:50:00+00:00,708.5700073242188,708.5999755859375,708.3400268554688,708.3400268554688,274976
2026-04-20 18:55:00+00:00,708.2650146484375,708.6099853515625,708.2020874023438,708.5999755859375,471542
2026-04-20 19:00:00+00:00,708.260009765625,708.4550170898438,708.1900024414062,708.27001953125,477513
2026-04-20 19:05:00+00:00,708.4199829101562,708.5800170898438,708.2307739257812,708.25,318942
2026-04-20 19:10:00+00:00,708.4500122070312,708.5,708.3099975585938,708.4249877929688,259848
2026-04-20 19:15:00+00:00,708.3200073242188,708.489990234375,708.280029296875,708.4500122070312,284444
2026-04-20 19:20:00+00:00,708.1500244140625,708.3699951171875,708.1099853515625,708.3200073242188,345920
2026-04-20 19:25:00+00:00,708.02001953125,708.1699829101562,707.9600219726562,708.155029296875,360785
2026-04-20 19:30:00+00:00,707.7999877929688,708.1699829101562,707.780029296875,708.02001953125,507068
2026-04-20 19:35:00+00:00,707.9290161132812,708.0399780273438,707.7100830078125,707.7999877929688,396252
2026-04-20 19:40:00+00:00,707.7098999023438,708.02001953125,707.6300048828125,707.9249877929688,891565
2026-04-20 19:45:00+00:00,707.9199829101562,707.9299926757812,707.5999755859375,707.6950073242188,603614
2026-04-20 19:50:00+00:00,708.030029296875,708.1900024414062,707.75,707.9199829101562,1457167
2026-04-20 19:55:00+00:00,708.6900024414062,708.7999877929688,707.8400268554688,708.030029296875,3184310
2026-04-21 13:30:00+00:00,709.4000244140625,710.4400024414062,709.0499877929688,710.280029296875,2468233
2026-04-21 13:35:00+00:00,709.0399169921875,709.4349975585938,708.75,709.4099731445312,625699
2026-04-21 13:40:00+00:00,709.6900024414062,709.7100219726562,708.97998046875,709.0399780273438,416774
2026-04-21 13:45:00+00:00,710.22998046875,710.4299926757812,709.3900146484375,709.6799926757812,516289
2026-04-21 13:50:00+00:00,710.6400756835938,710.864990234375,710.0900268554688,710.22998046875,490030
2026-04-21 13:55:00+00:00,710.75,710.8400268554688,710.5800170898438,710.6400146484375,401255
2026-04-21 14:00:00+00:00,710.5999755859375,710.969970703125,710.4600219726562,710.75,425352
2026-04-21 14:05:00+00:00,711.030029296875,711.1799926757812,710.5599975585938,710.6090087890625,365304
2026-04-21 14:10:00+00:00,711.0200805664062,711.1699829101562,710.705078125,711.030029296875,324055
2026-04-21 14:15:00+00:00,710.8200073242188,711.2750244140625,710.8099975585938,711.0250244140625,325315
2026-04-21 14:20:00+00:00,710.3200073242188,710.8499755859375,710.1599731445312,710.8200073242188,469573
2026-04-21 14:25:00+00:00,710.5700073242188,710.6699829101562,710.27001953125,710.3099975585938,277848
2026-04-21 14:30:00+00:00,710.1900024414062,710.780029296875,709.969970703125,710.5599975585938,359974
2026-04-21 14:35:00+00:00,709.9450073242188,710.3099975585938,709.8499755859375,710.219970703125,367703
2026-04-21 14:40:00+00:00,709.885009765625,710.5599975585938,709.739990234375,709.9500122070312,486875
2026-04-21 14:45:00+00:00,709.1599731445312,709.9400024414062,708.9500122070312,709.8900146484375,635342
2026-04-21 14:50:00+00:00,709.0349731445312,709.2999877929688,708.6500244140625,709.1799926757812,513985
2026-04-21 14:55:00+00:00,707.5900268554688,709.0449829101562,707.4600219726562,709.0449829101562,705641
2026-04-21 15:00:00+00:00,706.7349853515625,707.8883056640625,706.25,707.5900268554688,1205568
2026-04-21 15:05:00+00:00,707.760009765625,707.8400268554688,706.1500244140625,706.739990234375,1157975
2026-04-21 15:10:00+00:00,707.9099731445312,708.0800170898438,707.72998046875,707.756591796875,508669
2026-04-21 15:15:00+00:00,707.8300170898438,708.2000122070312,707.3200073242188,707.9000244140625,472900
2026-04-21 15:20:00+00:00,707.2308959960938,707.97998046875,707.1300048828125,707.8200073242188,357625
2026-04-21 15:25:00+00:00,706.6900024414062,707.2100219726562,706.2750244140625,707.2100219726562,570018
2026-04-21 15:30:00+00:00,706.8900146484375,707.4199829101562,706.6099853515625,706.6599731445312,421228
2026-04-21 15:35:00+00:00,706.72998046875,706.9600219726562,706.0399780273438,706.9099731445312,677822
2026-04-21 15:40:00+00:00,706.9400024414062,707.1199951171875,706.4199829101562,706.719970703125,316095
2026-04-21 15:45:00+00:00,707.0599975585938,707.47998046875,706.6799926757812,707.010009765625,303949
2026-04-21 15:50:00+00:00,706.52001953125,707.0700073242188,706.4500122070312,707.0399780273438,293507
2026-04-21 15:55:00+00:00,706.719970703125,706.969970703125,706.4500732421875,706.52001953125,231448
2026-04-21 16:00:00+00:00,707.219970703125,707.885009765625,706.7449951171875,706.7449951171875,823340
2026-04-21 16:05:00+00:00,707.340087890625,707.52001953125,706.9749755859375,707.1600952148438,266110
2026-04-21 16:10:00+00:00,706.9000244140625,707.3699951171875,706.6300048828125,707.3400268554688,288790
2026-04-21 16:15:00+00:00,707.0,707.1900024414062,706.7249755859375,706.8701171875,177293
2026-04-21 16:20:00+00:00,706.5399780273438,707.010009765625,706.4299926757812,707.0,392392
2026-04-21 16:25:00+00:00,706.3599853515625,706.6300048828125,706.280029296875,706.5599975585938,144588
2026-04-21 16:30:00+00:00,706.9199829101562,706.9500122070312,706.3314208984375,706.3314208984375,233028
2026-04-21 16:35:00+00:00,706.5250244140625,707.1400146484375,706.2919921875,706.9199829101562,229912
2026-04-21 16:40:00+00:00,705.8499755859375,706.6300048828125,705.6599731445312,706.5299072265625,315207
2026-04-21 16:45:00+00:00,706.5599975585938,706.6199951171875,705.8499755859375,705.8499755859375,282487
2026-04-21 16:50:00+00:00,706.1099853515625,706.5999755859375,706.02001953125,706.5512084960938,376084
2026-04-21 16:55:00+00:00,705.5800170898438,706.1298828125,705.510009765625,706.0999755859375,280994
2026-04-21 17:00:00+00:00,705.96728515625,706.3087768554688,705.5800170898438,705.5800170898438,334871
2026-04-21 17:05:00+00:00,705.4600219726562,705.9600219726562,704.75,705.9600219726562,1470958
2026-04-21 17:10:00+00:00,704.7100219726562,705.47998046875,704.3200073242188,705.4600219726562,982542
2026-04-21 17:15:00+00:00,704.0399780273438,704.9600219726562,703.9299926757812,704.7100219726562,680759
2026-04-21 17:20:00+00:00,704.4500122070312,704.6300048828125,703.8400268554688,704.0399780273438,720954
2026-04-21 17:25:00+00:00,704.6900024414062,704.969970703125,704.409912109375,704.4600219726562,423386
2026-04-21 17:30:00+00:00,705.25,705.4149780273438,704.6400146484375,704.6799926757812,602966
2026-04-21 17:35:00+00:00,706.3250122070312,706.8200073242188,705.0,705.25,836721
2026-04-21 17:40:00+00:00,706.5,707.4099731445312,706.1900024414062,706.3192138671875,1204639
2026-04-21 17:45:00+00:00,706.1799926757812,706.5499877929688,705.8200073242188,706.510009765625,619507
2026-04-21 17:50:00+00:00,705.8099975585938,706.4500122070312,705.6199951171875,706.2000122070312,336997
2026-04-21 17:55:00+00:00,705.7949829101562,705.8499755859375,705.3099975585938,705.8099975585938,388153
2026-04-21 18:00:00+00:00,705.969970703125,706.510009765625,705.7949829101562,705.7949829101562,666888
2026-04-21 18:05:00+00:00,705.8400268554688,706.3699951171875,705.7899780273438,705.989990234375,260770
2026-04-21 18:10:00+00:00,705.9199829101562,705.9199829101562,705.469970703125,705.8200073242188,187363
2026-04-21 18:15:00+00:00,705.1193237304688,706.1799926757812,704.7100219726562,705.9199829101562,1165267
2026-04-21 18:20:00+00:00,705.0399780273438,705.3099975585938,704.8200073242188,705.1099853515625,402883
2026-04-21 18:25:00+00:00,705.0989990234375,705.280029296875,704.8800048828125,705.0,208894
2026-04-21 18:30:00+00:00,705.7100219726562,705.77001953125,705.094970703125,705.094970703125,308312
2026-04-21 18:35:00+00:00,705.4199829101562,705.77001953125,705.25,705.719970703125,445931
2026-04-21 18:40:00+00:00,705.4400024414062,705.5800170898438,705.2899780273438,705.4299926757812,217594
2026-04-21 18:45:00+00:00,705.1699829101562,705.530029296875,705.1099853515625,705.4299926757812,214983
2026-04-21 18:50:00+00:00,706.3699951171875,706.7100219726562,705.0203247070312,705.1900024414062,495590
2026-04-21 18:55:00+00:00,706.3200073242188,706.8900146484375,705.7100219726562,706.3599853515625,1035262
2026-04-21 19:00:00+00:00,706.6599731445312,706.9000244140625,706.3300170898438,706.3300170898438,483658
2026-04-21 19:05:00+00:00,706.6900024414062,706.8499755859375,706.4320068359375,706.6699829101562,336196
2026-04-21 19:10:00+00:00,706.614990234375,707.3099975585938,706.1900024414062,706.6900024414062,892246
2026-04-21 19:15:00+00:00,706.6400146484375,706.9600219726562,706.25,706.6699829101562,836035
2026-04-21 19:20:00+00:00,707.52001953125,707.594970703125,706.6699829101562,706.6699829101562,570759
2026-04-21 19:25:00+00:00,707.7249755859375,707.780029296875,707.3699951171875,707.510009765625,631643
2026-04-21 19:30:00+00:00,707.3298950195312,707.8699951171875,707.0999755859375,707.719970703125,590186
2026-04-21 19:35:00+00:00,706.27001953125,707.3099975585938,705.719970703125,707.3099975585938,1242290
2026-04-21 19:40:00+00:00,703.1799926757812,706.3200073242188,702.6400146484375,706.260009765625,2790134
2026-04-21 19:45:00+00:00,703.9998779296875,704.4600219726562,703.1099853515625,703.2000122070312,1737709
2026-04-21 19:50:00+00:00,703.7011108398438,704.9500122070312,703.35498046875,704.0,2083426
2026-04-21 19:55:00+00:00,704.1400146484375,704.4099731445312,703.4199829101562,703.7000122070312,3679352
2026-04-22 13:30:00+00:00,708.5599975585938,709.3300170898438,708.4550170898438,709.1500244140625,2650201
2026-04-22 13:35:00+00:00,708.9000244140625,709.0,708.219970703125,708.5399780273438,520414
2026-04-22 13:40:00+00:00,708.7000122070312,709.2100219726562,708.5800170898438,708.8800048828125,365894
2026-04-22 13:45:00+00:00,708.6500244140625,709.489990234375,708.4400024414062,708.7000122070312,572093
2026-04-22 13:50:00+00:00,709.1900024414062,709.2100219726562,708.239990234375,708.6199951171875,349245
2026-04-22 13:55:00+00:00,709.3900146484375,709.4299926757812,708.75,709.2100219726562,416807
2026-04-22 14:00:00+00:00,709.389892578125,709.9199829101562,709.27001953125,709.3900146484375,387932
2026-04-22 14:05:00+00:00,709.530029296875,709.77001953125,708.760009765625,709.375,496025
2026-04-22 14:10:00+00:00,710.0999755859375,710.1500244140625,709.530029296875,709.530029296875,573428
2026-04-22 14:15:00+00:00,710.3150024414062,710.4299926757812,710.0999755859375,710.0999755859375,713259
2026-04-22 14:20:00+00:00,710.3200073242188,710.7000122070312,710.1536865234375,710.3200073242188,678697
2026-04-22 14:25:00+00:00,710.52001953125,710.6300048828125,710.22998046875,710.3099975585938,282910
2026-04-22 14:30:00+00:00,709.9598999023438,710.590087890625,709.5999755859375,710.510009765625,717654
2026-04-22 14:35:00+00:00,710.47998046875,710.5999755859375,709.4650268554688,709.9299926757812,426223
2026-04-22 14:40:00+00:00,709.719970703125,710.6500244140625,709.52001953125,710.4749755859375,339800
2026-04-22 14:45:00+00:00,710.1749877929688,710.2999877929688,709.7100219726562,709.7100219726562,347888
2026-04-22 14:50:00+00:00,709.9000244140625,710.3400268554688,709.5,710.1799926757812,374510
2026-04-22 14:55:00+00:00,710.0399780273438,710.0700073242188,709.5700073242188,709.8599853515625,301701
2026-04-22 15:00:00+00:00,709.4199829101562,710.1300048828125,709.2901000976562,710.0499877929688,309863
2026-04-22 15:05:00+00:00,709.864990234375,710.22998046875,709.3300170898438,709.4099731445312,235314
2026-04-22 15:10:00+00:00,709.8400268554688,710.1679077148438,709.75,709.8800048828125,220478
2026-04-22 15:15:00+00:00,709.9099731445312,709.97998046875,709.5599975585938,709.8599853515625,244719
2026-04-22 15:20:00+00:00,710.1900024414062,710.47998046875,709.8800048828125,709.9000244140625,500587
2026-04-22 15:25:00+00:00,710.2000122070312,710.530029296875,709.7999877929688,710.1900024414062,433990
2026-04-22 15:30:00+00:00,710.0800170898438,710.4400024414062,710.0,710.1900024414062,203259
2026-04-22 15:35:00+00:00,709.780029296875,710.25,709.6699829101562,710.0999755859375,240815
2026-04-22 15:40:00+00:00,709.280029296875,709.9600219726562,709.260009765625,709.780029296875,308621
2026-04-22 15:45:00+00:00,709.760009765625,709.9199829101562,709.1599731445312,709.260009765625,309707
2026-04-22 15:50:00+00:00,709.6799926757812,709.7999877929688,709.4749755859375,709.7650146484375,277987
2026-04-22 15:55:00+00:00,709.6400146484375,710.0399780273438,709.5800170898438,709.6900024414062,256298
2026-04-22 16:00:00+00:00,709.8900146484375,709.9400024414062,709.3900146484375,709.6500244140625,307375
2026-04-22 16:05:00+00:00,709.969970703125,710.1199951171875,709.8300170898438,709.8800048828125,217404
2026-04-22 16:10:00+00:00,709.9199829101562,710.0250244140625,709.6099853515625,709.969970703125,225910
2026-04-22 16:15:00+00:00,709.431884765625,710.02001953125,709.4099731445312,709.9199829101562,322384
2026-04-22 16:20:00+00:00,709.5800170898438,709.7999877929688,709.4000244140625,709.4299926757812,320883
2026-04-22 16:25:00+00:00,709.155029296875,709.5900268554688,709.0800170898438,709.5599975585938,263186
2026-04-22 16:30:00+00:00,709.2100219726562,709.3099975585938,708.8300170898438,709.1500244140625,295565
2026-04-22 16:35:00+00:00,709.5499877929688,709.6099853515625,709.0800170898438,709.25,157104
2026-04-22 16:40:00+00:00,709.0900268554688,709.6799926757812,708.9199829101562,709.5399780273438,387245
2026-04-22 16:45:00+00:00,709.375,709.4000244140625,708.9299926757812,709.0900268554688,208016
2026-04-22 16:50:00+00:00,709.27001953125,709.3699951171875,708.9500122070312,709.3599853515625,229218
2026-04-22 16:55:00+00:00,708.8900146484375,709.2700805664062,708.7999877929688,709.27001953125,191293
2026-04-22 17:00:00+00:00,709.6099853515625,709.719970703125,708.8900146484375,708.9099731445312,664007
2026-04-22 17:05:00+00:00,709.7700805664062,709.7899780273438,709.3699951171875,709.6290283203125,180852
2026-04-22 17:10:00+00:00,709.9277954101562,710.4000244140625,709.760009765625,709.780029296875,501792
2026-04-22 17:15:00+00:00,709.719970703125,710.1099853515625,709.5996704101562,709.9400024414062,202483
2026-04-22 17:20:00+00:00,710.1356811523438,710.4199829101562,709.7000122070312,709.72998046875,278772
2026-04-22 17:25:00+00:00,710.0399780273438,710.260009765625,710.02001953125,710.1199951171875,154855
2026-04-22 17:30:00+00:00,710.0900268554688,710.2999877929688,710.02001953125,710.0499877929688,234610
2026-04-22 17:35:00+00:00,710.0399780273438,710.1900024414062,709.9000244140625,710.0900268554688,181605
2026-04-22 17:40:00+00:00,710.22998046875,710.3300170898438,710.030029296875,710.0399780273438,138953
2026-04-22 17:45:00+00:00,710.1900024414062,710.4199829101562,709.8200073242188,710.22998046875,287366
2026-04-22 17:50:00+00:00,710.1099853515625,710.3200073242188,710.0449829101562,710.1900024414062,168905
2026-04-22 17:55:00+00:00,709.989990234375,710.1900024414062,709.969970703125,710.1300048828125,129212
2026-04-22 18:00:00+00:00,710.0800170898438,710.1799926757812,709.8699951171875,709.969970703125,381828
2026-04-22 18:05:00+00:00,709.9349975585938,710.219970703125,709.9299926757812,710.0650024414062,289025
2026-04-22 18:10:00+00:00,709.9500122070312,710.1199951171875,709.8599853515625,709.9400024414062,222761
2026-04-22 18:15:00+00:00,709.6500244140625,709.9400024414062,709.6199951171875,709.9400024414062,358911
2026-04-22 18:20:00+00:00,709.510009765625,709.64990234375,709.2000122070312,709.6400146484375,941171
2026-04-22 18:25:00+00:00,709.4500122070312,709.6300048828125,709.4299926757812,709.530029296875,233114
2026-04-22 18:30:00+00:00,709.64501953125,709.8099975585938,709.375,709.4600219726562,296829
2026-04-22 18:35:00+00:00,709.8800048828125,709.9000244140625,709.6400756835938,709.6400756835938,253176
2026-04-22 18:40:00+00:00,709.885009765625,709.97998046875,709.8200073242188,709.8721923828125,275200
2026-04-22 18:45:00+00:00,709.9550170898438,710.0700073242188,709.760009765625,709.885009765625,340118
2026-04-22 18:50:00+00:00,709.830078125,710.0499877929688,709.8300170898438,709.9550170898438,341963
2026-04-22 18:55:00+00:00,709.6500244140625,709.8599853515625,709.52001953125,709.830078125,396295
2026-04-22 19:00:00+00:00,709.5449829101562,709.6900024414062,709.1900024414062,709.6599731445312,541870
2026-04-22 19:05:00+00:00,709.9099731445312,709.9299926757812,709.469970703125,709.5449829101562,362954
2026-04-22 19:10:00+00:00,709.9600219726562,710.030029296875,709.780029296875,709.9000244140625,328934
2026-04-22 19:15:00+00:00,710.3599853515625,710.3800048828125,709.9400024414062,709.9598999023438,562092
2026-04-22 19:20:00+00:00,710.3200073242188,710.469970703125,710.2003784179688,710.3699951171875,472231
2026-04-22 19:25:00+00:00,710.4500122070312,710.5800170898438,710.2901000976562,710.3400268554688,433072
2026-04-22 19:30:00+00:00,710.2650146484375,710.5900268554688,710.1799926757812,710.4550170898438,686399
2026-04-22 19:35:00+00:00,710.4349975585938,710.530029296875,710.1300048828125,710.27001953125,642088
2026-04-22 19:40:00+00:00,710.4500122070312,710.5599975585938,710.3499755859375,710.4349975585938,588026
2026-04-22 19:45:00+00:00,710.7100219726562,710.72998046875,710.3699951171875,710.4400024414062,800063
2026-04-22 19:50:00+00:00,711.0499877929688,711.280029296875,710.4400024414062,710.7100219726562,1651360
2026-04-22 19:55:00+00:00,711.2100219726562,711.4500122070312,710.9000244140625,711.0599975585938,2621262
2026-04-23 13:30:00+00:00,709.47998046875,709.969970703125,709.219970703125,709.5,2776585
2026-04-23 13:35:00+00:00,710.27001953125,710.3400268554688,709.3800048828125,709.4949951171875,521382
2026-04-23 13:40:00+00:00,710.5700073242188,710.5999755859375,709.6900024414062,710.25,443972
2026-04-23 13:45:00+00:00,710.9600219726562,711.2849731445312,710.4299926757812,710.5700073242188,604330
2026-04-23 13:50:00+00:00,710.6099853515625,711.0,710.1500244140625,710.969970703125,732681
2026-04-23 13:55:00+00:00,710.2100219726562,710.6199951171875,710.1599731445312,710.6199951171875,808994
2026-04-23 14:00:00+00:00,709.9600219726562,710.3099975585938,709.1300048828125,710.1900024414062,1032076
2026-04-23 14:05:00+00:00,710.2750244140625,710.344970703125,709.6649780273438,709.9500122070312,379241
2026-04-23 14:10:00+00:00,710.0905151367188,710.3250122070312,709.969970703125,710.27001953125,352101
2026-04-23 14:15:00+00:00,710.1900024414062,710.7100219726562,710.0599975585938,710.0900268554688,471608
2026-04-23 14:20:00+00:00,710.8250122070312,710.8900146484375,710.1199951171875,710.1900024414062,352934
2026-04-23 14:25:00+00:00,710.530029296875,710.9600219726562,710.2847290039062,710.8200073242188,389920
2026-04-23 14:30:00+00:00,710.739990234375,711.1300048828125,710.510009765625,710.510009765625,459683
2026-04-23 14:35:00+00:00,710.7000122070312,711.0499877929688,710.4000244140625,710.7363891601562,346344
2026-04-23 14:40:00+00:00,710.9400024414062,711.02001953125,710.4600219726562,710.6900024414062,239585
2026-04-23 14:45:00+00:00,711.0999755859375,711.25,710.8900146484375,710.9500122070312,343898
2026-04-23 14:50:00+00:00,711.4799194335938,711.4849853515625,710.9600219726562,711.1099853515625,456041
2026-04-23 14:55:00+00:00,711.7100219726562,712.0549926757812,711.47998046875,711.47998046875,543631
2026-04-23 15:00:00+00:00,711.7050170898438,711.989990234375,711.6599731445312,711.7000122070312,357248
2026-04-23 15:05:00+00:00,711.72998046875,711.7966918945312,711.4498901367188,711.7000122070312,238466
2026-04-23 15:10:00+00:00,711.635009765625,711.969970703125,711.5900268554688,711.739990234375,330456
2026-04-23 15:15:00+00:00,712.0549926757812,712.2000122070312,711.510009765625,711.6400146484375,373377
2026-04-23 15:20:00+00:00,712.1400146484375,712.22998046875,711.8699951171875,712.0535888671875,256135
2026-04-23 15:25:00+00:00,711.989990234375,712.280029296875,711.9600219726562,712.1400146484375,332593
2026-04-23 15:30:00+00:00,712.1699829101562,712.3598022460938,711.7999877929688,711.989990234375,280792
2026-04-23 15:35:00+00:00,711.8049926757812,712.1699829101562,711.760009765625,712.1599731445312,337356
2026-04-23 15:40:00+00:00,711.5750122070312,711.989990234375,711.4949951171875,711.7999877929688,324116
2026-04-23 15:45:00+00:00,711.239990234375,711.6199951171875,710.8699951171875,711.5900268554688,620860
2026-04-23 15:50:00+00:00,710.780029296875,711.2449951171875,710.7100219726562,711.239990234375,407127
2026-04-23 15:55:00+00:00,711.10498046875,711.47998046875,710.7000122070312,710.760009765625,349869
2026-04-23 16:00:00+00:00,710.4199829101562,711.239990234375,710.3900146484375,711.10498046875,404648
2026-04-23 16:05:00+00:00,710.5198974609375,710.6799926757812,710.3049926757812,710.4299926757812,276232
2026-04-23 16:10:00+00:00,710.9000244140625,710.989990234375,710.5,710.5150146484375,268251
2026-04-23 16:15:00+00:00,710.9400024414062,711.0900268554688,710.7949829101562,710.9000244140625,241663
2026-04-23 16:20:00+00:00,710.8300170898438,711.0,710.4000244140625,710.9650268554688,232666
2026-04-23 16:25:00+00:00,710.72998046875,711.030029296875,710.6300048828125,710.8300170898438,140891
2026-04-23 16:30:00+00:00,711.030029296875,711.0900268554688,710.625,710.7489013671875,227671
2026-04-23 16:35:00+00:00,710.8300170898438,711.27001953125,710.780029296875,711.0399780273438,330246
2026-04-23 16:40:00+00:00,710.9500122070312,711.0,710.75,710.8300170898438,120450
2026-04-23 16:45:00+00:00,710.8699951171875,711.155029296875,710.780029296875,710.9500122070312,130982
2026-04-23 16:50:00+00:00,710.9299926757812,711.0700073242188,710.7330932617188,710.8599853515625,80310
2026-04-23 16:55:00+00:00,710.8699951171875,711.1799926757812,710.5800170898438,710.9199829101562,162931
2026-04-23 17:00:00+00:00,709.2999877929688,711.0800170898438,709.010009765625,710.8800048828125,1150343
2026-04-23 17:05:00+00:00,707.9299926757812,709.3200073242188,707.8599853515625,709.27001953125,1171697
2026-04-23 17:10:00+00:00,707.739990234375,708.2000122070312,707.3300170898438,707.9099731445312,1007191
2026-04-23 17:15:00+00:00,706.5499877929688,707.75,706.1799926757812,707.75,1782408
2026-04-23 17:20:00+00:00,706.280029296875,706.969482421875,705.969970703125,706.530029296875,792722
2026-04-23 17:25:00+00:00,706.0499877929688,707.4199829101562,705.8800048828125,706.2999877929688,1096809
2026-04-23 17:30:00+00:00,707.3300170898438,707.4299926757812,705.7899780273438,706.0405883789062,766161
2026-04-23 17:35:00+00:00,705.7899780273438,707.7000122070312,705.530029296875,707.3300170898438,1137482
2026-04-23 17:40:00+00:00,703.760009765625,705.8900146484375,703.3099975585938,705.8499755859375,1784488
2026-04-23 17:45:00+00:00,703.5396118164062,704.2100219726562,702.2802734375,703.760009765625,2089924
2026-04-23 17:50:00+00:00,705.6099853515625,706.7000122070312,702.7899780273438,703.52001953125,2483779
2026-04-23 17:55:00+00:00,706.635009765625,707.0499877929688,705.0800170898438,705.5800170898438,2022056
2026-04-23 18:00:00+00:00,707.260009765625,707.9600219726562,706.219970703125,706.6699829101562,1212715
2026-04-23 18:05:00+00:00,707.3699951171875,707.9600219726562,706.8300170898438,707.27001953125,735773
2026-04-23 18:10:00+00:00,707.7999877929688,708.25,707.1400146484375,707.3800048828125,752346
2026-04-23 18:15:00+00:00,708.1699829101562,708.3499755859375,707.6799926757812,707.760009765625,471064
2026-04-23 18:20:00+00:00,708.26171875,708.5399780273438,707.5900268554688,708.1400146484375,620302
2026-04-23 18:25:00+00:00,708.5100708007812,708.5900268554688,708.0,708.2899780273438,350984
2026-04-23 18:30:00+00:00,709.0800170898438,709.1699829101562,708.5,708.510009765625,448210
2026-04-23 18:35:00+00:00,708.9199829101562,709.47998046875,708.7999877929688,709.0800170898438,498756
2026-04-23 18:40:00+00:00,708.6699829101562,709.030029296875,708.0900268554688,708.9299926757812,531221
2026-04-23 18:45:00+00:00,708.0317993164062,708.72998046875,707.989990234375,708.6699829101562,371276
2026-04-23 18:50:00+00:00,708.1199951171875,708.4299926757812,707.7000122070312,708.010009765625,485030
2026-04-23 18:55:00+00:00,707.126220703125,708.22998046875,706.739990234375,708.1199951171875,557780
2026-04-23 19:00:00+00:00,707.2100219726562,707.3699951171875,706.760009765625,707.1325073242188,682161
2026-04-23 19:05:00+00:00,707.9000244140625,708.1199951171875,707.1820068359375,707.2000122070312,355058
2026-04-23 19:10:00+00:00,708.2100219726562,708.2291259765625,707.6799926757812,707.9000244140625,353801
2026-04-23 19:15:00+00:00,708.47998046875,708.6599731445312,708.219970703125,708.219970703125,366222
2026-04-23 19:20:00+00:00,708.385009765625,708.5999755859375,708.2000122070312,708.5,240342
2026-04-23 19:25:00+00:00,708.405029296875,708.6500244140625,708.239990234375,708.3900146484375,321093
2026-04-23 19:30:00+00:00,707.9600219726562,708.9099731445312,707.9400024414062,708.4199829101562,342572
2026-04-23 19:35:00+00:00,707.5750122070312,707.9600219726562,707.1099853515625,707.9600219726562,521918
2026-04-23 19:40:00+00:00,707.3400268554688,708.0599975585938,707.27001953125,707.5800170898438,507847
2026-04-23 19:45:00+00:00,707.9500122070312,707.9500122070312,707.280029296875,707.3400268554688,605108
2026-04-23 19:50:00+00:00,708.030029296875,708.239990234375,706.469970703125,707.9600219726562,1624766
2026-04-23 19:55:00+00:00,708.4400024414062,708.8800048828125,707.8699951171875,708.0,2689682
2026-04-24 13:30:00+00:00,709.8350219726562,711.1599731445312,709.760009765625,710.75,3339728
2026-04-24 13:35:00+00:00,710.3099975585938,710.4199829101562,709.5499877929688,709.8400268554688,585429
2026-04-24 13:40:00+00:00,709.969970703125,710.52001953125,709.8400268554688,710.3099975585938,433329
2026-04-24 13:45:00+00:00,710.3200073242188,710.4000244140625,709.72998046875,709.989990234375,419787
2026-04-24 13:50:00+00:00,709.4849853515625,710.5499877929688,709.4099731445312,710.3300170898438,578676
2026-04-24 13:55:00+00:00,709.9400024414062,710.0700073242188,709.010009765625,709.510009765625,643161
2026-04-24 14:00:00+00:00,709.6699829101562,710.2050170898438,709.1400146484375,709.9099731445312,561434
2026-04-24 14:05:00+00:00,709.9873046875,710.2899780273438,709.260009765625,709.6500244140625,811968
2026-04-24 14:10:00+00:00,710.0499877929688,710.7000122070312,709.7100219726562,709.97998046875,501018
2026-04-24 14:15:00+00:00,710.4099731445312,710.5499877929688,709.8599853515625,710.0800170898438,499664
2026-04-24 14:20:00+00:00,710.3699951171875,710.6699829101562,710.010009765625,710.3800048828125,329067
2026-04-24 14:25:00+00:00,709.8599853515625,710.3900146484375,709.5153198242188,710.385009765625,440551
2026-04-24 14:30:00+00:00,710.1199951171875,710.260009765625,709.4500122070312,709.8900146484375,509618
2026-04-24 14:35:00+00:00,710.5800170898438,710.8800048828125,709.9199829101562,710.1099853515625,1161676
2026-04-24 14:40:00+00:00,710.989990234375,711.0999755859375,710.5399780273438,710.5700073242188,266938
2026-04-24 14:45:00+00:00,711.1649780273438,711.489990234375,710.6987915039062,711.0,403790
2026-04-24 14:50:00+00:00,711.125,711.3200073242188,710.9199829101562,711.1649780273438,235837
2026-04-24 14:55:00+00:00,711.4400024414062,711.6099853515625,711.1199951171875,711.125,860739
2026-04-24 15:00:00+00:00,711.4500122070312,711.6500244140625,711.3400268554688,711.4199829101562,255591
2026-04-24 15:05:00+00:00,711.5800170898438,711.6599731445312,711.1900024414062,711.4400024414062,394860
2026-04-24 15:10:00+00:00,711.77001953125,711.8599853515625,711.5399780273438,711.5700073242188,271013
2026-04-24 15:15:00+00:00,711.6500244140625,711.8499755859375,711.5700073242188,711.791015625,193035
2026-04-24 15:20:00+00:00,712.030029296875,712.1500244140625,711.510009765625,711.6599731445312,309412
2026-04-24 15:25:00+00:00,711.8499755859375,712.0499877929688,711.5900268554688,712.030029296875,364324
2026-04-24 15:30:00+00:00,711.9000244140625,712.114990234375,711.77001953125,711.8699951171875,324499
2026-04-24 15:35:00+00:00,711.7000122070312,712.030029296875,711.5399780273438,711.9000244140625,274844
2026-04-24 15:40:00+00:00,713.3099975585938,713.8400268554688,711.6199951171875,711.7050170898438,1173650
2026-04-24 15:45:00+00:00,713.280029296875,714.1400146484375,712.6199951171875,713.3499755859375,1248457
2026-04-24 15:50:00+00:00,713.9349975585938,714.0599975585938,713.260009765625,713.2999877929688,805027
2026-04-24 15:55:00+00:00,713.77001953125,714.0399780273438,713.5999755859375,713.9199829101562,361237
2026-04-24 16:00:00+00:00,713.8300170898438,713.9299926757812,713.4600219726562,713.77001953125,295961
2026-04-24 16:05:00+00:00,713.2515258789062,713.97998046875,713.0999755859375,713.8400268554688,263613
2026-04-24 16:10:00+00:00,713.3598022460938,713.8300170898438,713.1799926757812,713.239990234375,396079
2026-04-24 16:15:00+00:00,713.2700805664062,713.3900146484375,712.989990234375,713.3350219726562,286977
2026-04-24 16:20:00+00:00,713.4000244140625,713.47998046875,713.1900024414062,713.27001953125,222060
2026-04-24 16:25:00+00:00,713.3012084960938,713.6300048828125,713.1699829101562,713.4149780273438,215180
2026-04-24 16:30:00+00:00,713.7050170898438,713.8912963867188,713.3200073242188,713.3209838867188,581088
2026-04-24 16:35:00+00:00,713.469970703125,713.72998046875,713.3599853515625,713.7000122070312,198212
2026-04-24 16:40:00+00:00,713.1099853515625,713.47998046875,712.8499755859375,713.4500122070312,204401
2026-04-24 16:45:00+00:00,713.2100219726562,713.3699951171875,713.010009765625,713.0800170898438,241282
2026-04-24 16:50:00+00:00,713.4600219726562,713.5700073242188,713.1900024414062,713.2100219726562,506804
2026-04-24 16:55:00+00:00,713.6099853515625,713.8099975585938,713.35009765625,713.4570922851562,282581
2026-04-24 17:00:00+00:00,713.5800170898438,713.7899780273438,713.5399780273438,713.5999755859375,284764
2026-04-24 17:05:00+00:00,713.3499755859375,713.6199951171875,713.2899780273438,713.5900268554688,617946
2026-04-24 17:10:00+00:00,713.3300170898438,713.6300048828125,713.22998046875,713.3599853515625,169921
2026-04-24 17:15:00+00:00,713.0750122070312,713.3699951171875,713.0399780273438,713.3300170898438,203054
2026-04-24 17:20:00+00:00,713.139892578125,713.1500244140625,712.719970703125,713.0700073242188,260033
2026-04-24 17:25:00+00:00,713.02001953125,713.2999877929688,713.010009765625,713.1099853515625,155035
2026-04-24 17:30:00+00:00,713.0599975585938,713.1699829101562,712.72998046875,713.0,367217
2026-04-24 17:35:00+00:00,713.2000122070312,713.5800170898438,713.010009765625,713.0499877929688,327704
2026-04-24 17:40:00+00:00,713.5299072265625,713.5499877929688,713.1799926757812,713.219970703125,130574
2026-04-24 17:45:00+00:00,713.4099731445312,713.6199951171875,713.3800048828125,713.5399780273438,171403
2026-04-24 17:50:00+00:00,713.8800048828125,714.4600219726562,713.364990234375,713.4099731445312,333374
2026-04-24 17:55:00+00:00,713.6500244140625,714.0299072265625,713.6099853515625,713.8699951171875,199113
2026-04-24 18:00:00+00:00,713.594970703125,713.7899780273438,713.47998046875,713.6599731445312,357765
2026-04-24 18:05:00+00:00,713.6400146484375,713.77001953125,713.25,713.5700073242188,407159
2026-04-24 18:10:00+00:00,713.5050048828125,713.72998046875,713.3499755859375,713.6400146484375,219758
2026-04-24 18:15:00+00:00,713.22998046875,713.6099853515625,713.0800170898438,713.5,731053
2026-04-24 18:20:00+00:00,713.219970703125,713.27001953125,712.9500122070312,713.219970703125,481502
2026-04-24 18:25:00+00:00,713.02001953125,713.4199829101562,712.989990234375,713.22998046875,241651
2026-04-24 18:30:00+00:00,713.4199829101562,713.469970703125,713.0,713.030029296875,176440
2026-04-24 18:35:00+00:00,713.489990234375,713.594970703125,713.3200073242188,713.3900146484375,171273
2026-04-24 18:40:00+00:00,713.3400268554688,713.6400146484375,713.25,713.489990234375,228520
2026-04-24 18:45:00+00:00,713.2899780273438,713.47998046875,713.1599731445312,713.3400268554688,256600
2026-04-24 18:50:00+00:00,713.3699951171875,713.539794921875,713.2000122070312,713.2899780273438,148296
2026-04-24 18:55:00+00:00,713.530029296875,713.5900268554688,713.2999877929688,713.3499755859375,181622
2026-04-24 19:00:00+00:00,713.739990234375,713.8400268554688,713.530029296875,713.530029296875,254995
2026-04-24 19:05:00+00:00,714.1199951171875,714.1500244140625,713.6799926757812,713.72998046875,454205
2026-04-24 19:10:00+00:00,714.2050170898438,714.3800048828125,714.0800170898438,714.1099853515625,421609
2026-04-24 19:15:00+00:00,714.2249755859375,714.469970703125,714.1400146484375,714.2000122070312,542635
2026-04-24 19:20:00+00:00,713.8099975585938,714.2349853515625,713.75,714.219970703125,411626
2026-04-24 19:25:00+00:00,713.739990234375,713.8599853515625,713.5599975585938,713.8099975585938,678495
2026-04-24 19:30:00+00:00,713.6599731445312,713.8499755859375,713.5,713.75,439011
2026-04-24 19:35:00+00:00,713.6599731445312,713.6900024414062,713.4400024414062,713.6599731445312,413381
2026-04-24 19:40:00+00:00,713.7901000976562,713.9600219726562,713.5900268554688,713.6799926757812,559500
2026-04-24 19:45:00+00:00,713.8499755859375,713.8499755859375,713.5599975585938,713.7899780273438,812056
2026-04-24 19:50:00+00:00,714.0999755859375,714.1300048828125,713.5399780273438,713.8499755859375,1298342
2026-04-24 19:55:00+00:00,713.97998046875,714.4299926757812,713.7999877929688,714.0900268554688,3716682
2026-04-27 13:30:00+00:00,713.7000122070312,714.135009765625,712.8699951171875,713.1699829101562,2453751
2026-04-27 13:35:00+00:00,714.3499755859375,714.3599853515625,713.6099853515625,713.6900024414062,644549
2026-04-27 13:40:00+00:00,713.7100219726562,714.4093017578125,713.6500244140625,714.35498046875,471525
2026-04-27 13:45:00+00:00,712.89501953125,713.77001953125,712.5999755859375,713.7000122070312,926897
2026-04-27 13:50:00+00:00,713.9500122070312,713.9962158203125,712.6199951171875,712.8900146484375,836315
2026-04-27 13:55:00+00:00,714.0850219726562,714.2999877929688,713.8551025390625,713.9600219726562,589150
2026-04-27 14:00:00+00:00,713.9299926757812,714.22998046875,713.760009765625,714.0900268554688,494084
2026-04-27 14:05:00+00:00,713.780029296875,714.3400268554688,713.6699829101562,713.9199829101562,333342
2026-04-27 14:10:00+00:00,713.864990234375,714.0850219726562,713.5,713.75,340444
2026-04-27 14:15:00+00:00,713.469970703125,713.9498901367188,713.4099731445312,713.8499755859375,392780
2026-04-27 14:20:00+00:00,713.6749877929688,713.7000122070312,713.3499755859375,713.469970703125,248493
2026-04-27 14:25:00+00:00,713.4450073242188,713.8300170898438,713.4299926757812,713.6900024414062,230855
2026-04-27 14:30:00+00:00,713.3800048828125,713.4749755859375,713.072021484375,713.459228515625,398192
2026-04-27 14:35:00+00:00,713.9600219726562,714.4500122070312,713.3499755859375,713.39501953125,585942
2026-04-27 14:40:00+00:00,713.97998046875,714.1699829101562,713.5700073242188,713.9550170898438,291132
2026-04-27 14:45:00+00:00,713.7100219726562,714.0499877929688,713.5499877929688,713.969970703125,138292
2026-04-27 14:50:00+00:00,713.5499877929688,713.8900146484375,713.344970703125,713.6900024414062,234160
2026-04-27 14:55:00+00:00,713.6199951171875,713.72998046875,713.3499755859375,713.5599975585938,393867
2026-04-27 15:00:00+00:00,712.9000244140625,713.7999877929688,712.844970703125,713.6599731445312,326202
2026-04-27 15:05:00+00:00,713.0549926757812,713.219970703125,712.7999877929688,712.9000244140625,329503
2026-04-27 15:10:00+00:00,712.8800048828125,713.1799926757812,712.8699951171875,713.0599975585938,192038
2026-04-27 15:15:00+00:00,712.8400268554688,713.25,712.72998046875,712.8800048828125,274677
2026-04-27 15:20:00+00:00,712.5549926757812,712.959228515625,712.2949829101562,712.8400268554688,386377
2026-04-27 15:25:00+00:00,713.0,713.0,712.4099731445312,712.5549926757812,265008
2026-04-27 15:30:00+00:00,712.97998046875,713.239013671875,712.760009765625,712.989990234375,219234
2026-04-27 15:35:00+00:00,713.0449829101562,713.0999755859375,712.8400268554688,712.989990234375,186146
2026-04-27 15:40:00+00:00,713.2899780273438,713.4000244140625,712.9500122070312,713.0499877929688,216520
2026-04-27 15:45:00+00:00,713.1300048828125,713.409912109375,713.0999755859375,713.27001953125,185016
2026-04-27 15:50:00+00:00,713.2091064453125,713.27001953125,713.0499877929688,713.1300048828125,137952
2026-04-27 15:55:00+00:00,713.4000244140625,713.47998046875,713.1300048828125,713.2100219726562,165752
2026-04-27 16:00:00+00:00,713.469970703125,713.52001953125,713.1799926757812,713.4099731445312,154100
2026-04-27 16:05:00+00:00,713.7514038085938,713.8099975585938,713.4600219726562,713.469970703125,261340
2026-04-27 16:10:00+00:00,713.9400024414062,714.02001953125,713.6699829101562,713.739990234375,267691
2026-04-27 16:15:00+00:00,714.02001953125,714.1199951171875,713.9349975585938,713.9500122070312,450294
2026-04-27 16:20:00+00:00,713.7899780273438,714.0599975585938,713.739990234375,714.0,326276
2026-04-27 16:25:00+00:00,713.8599853515625,714.0090942382812,713.7899780273438,713.7999877929688,249285
2026-04-27 16:30:00+00:00,714.1500244140625,714.2000122070312,713.8699951171875,713.8699951171875,566259
2026-04-27 16:35:00+00:00,714.280029296875,714.3099975585938,714.0900268554688,714.1599731445312,189421
2026-04-27 16:40:00+00:00,714.1199951171875,714.3099975585938,714.1052856445312,714.27001953125,192350
2026-04-27 16:45:00+00:00,714.219970703125,714.2550048828125,714.0900268554688,714.1199951171875,177331
2026-04-27 16:50:00+00:00,714.02001953125,714.22998046875,714.02001953125,714.22998046875,182673
2026-04-27 16:55:00+00:00,714.1300048828125,714.159912109375,713.8599853515625,714.02001953125,242766
2026-04-27 17:00:00+00:00,714.22998046875,714.3499755859375,714.1199951171875,714.1199951171875,199416
2026-04-27 17:05:00+00:00,714.2150268554688,714.27001953125,714.0900268554688,714.219970703125,128218
2026-04-27 17:10:00+00:00,714.3400268554688,714.3499755859375,714.0900268554688,714.219970703125,157805
2026-04-27 17:15:00+00:00,714.135009765625,714.4099731445312,713.8800048828125,714.3350219726562,265078
2026-04-27 17:20:00+00:00,714.3699951171875,714.7550048828125,714.0499877929688,714.1199951171875,394143
2026-04-27 17:25:00+00:00,714.5999755859375,714.7000122070312,714.3099975585938,714.3699951171875,668848
2026-04-27 17:30:00+00:00,715.1950073242188,715.2100219726562,714.5800170898438,714.5999755859375,455599
2026-04-27 17:35:00+00:00,714.75,715.2100219726562,714.7100219726562,715.1950073242188,309471
2026-04-27 17:40:00+00:00,714.8400268554688,714.8598022460938,714.7100219726562,714.75,220001
2026-04-27 17:45:00+00:00,714.8900146484375,714.9299926757812,714.7100219726562,714.8499755859375,264273
2026-04-27 17:50:00+00:00,714.739990234375,715.0,714.6500244140625,714.89501953125,178815
2026-04-27 17:55:00+00:00,714.8798828125,714.9199829101562,714.72998046875,714.739990234375,140646
2026-04-27 18:00:00+00:00,714.8800048828125,715.030029296875,714.719970703125,714.8499755859375,212247
2026-04-27 18:05:00+00:00,714.9550170898438,715.0399780273438,714.8200073242188,714.8800048828125,323221
2026-04-27 18:10:00+00:00,715.0549926757812,715.1099853515625,714.9400024414062,714.9500122070312,283642
2026-04-27 18:15:00+00:00,715.1900024414062,715.239990234375,715.0,715.0499877929688,389941
2026-04-27 18:20:00+00:00,715.1500244140625,715.22998046875,715.0900268554688,715.2000122070312,186574
2026-04-27 18:25:00+00:00,715.0999755859375,715.2100219726562,715.02001953125,715.1400146484375,291284
2026-04-27 18:30:00+00:00,715.1500244140625,715.219970703125,715.030029296875,715.0900268554688,137119
2026-04-27 18:35:00+00:00,715.155029296875,715.2000122070312,715.0800170898438,715.1300048828125,172227
2026-04-27 18:40:00+00:00,714.89501953125,715.2100219726562,714.7999877929688,715.155029296875,337658
2026-04-27 18:45:00+00:00,715.02001953125,715.0399780273438,714.719970703125,714.9000244140625,151546
2026-04-27 18:50:00+00:00,714.8900146484375,715.1400146484375,714.8499755859375,715.010009765625,197034
2026-04-27 18:55:00+00:00,714.875,715.0399780273438,714.8499755859375,714.8800048828125,165955
2026-04-27 19:00:00+00:00,714.8900146484375,715.0399780273438,714.8099975585938,714.8699951171875,187031
2026-04-27 19:05:00+00:00,714.7999877929688,714.9500122070312,714.7100219726562,714.8900146484375,177694
2026-04-27 19:10:00+00:00,714.9500122070312,715.0,714.7100219726562,714.7949829101562,256516
2026-04-27 19:15:00+00:00,715.1500244140625,715.1900024414062,714.9450073242188,714.9500122070312,433804
2026-04-27 19:20:00+00:00,715.0900268554688,715.2000122070312,715.030029296875,715.1300048828125,436933
2026-04-27 19:25:00+00:00,715.1400146484375,715.2100219726562,715.0499877929688,715.0900268554688,265108
2026-04-27 19:30:00+00:00,715.125,715.2899780273438,715.0900268554688,715.1300048828125,417434
2026-04-27 19:35:00+00:00,715.1400146484375,715.27001953125,714.8800048828125,715.125,838367
2026-04-27 19:40:00+00:00,715.1799926757812,715.219970703125,715.02001953125,715.1400146484375,508431
2026-04-27 19:45:00+00:00,715.489990234375,715.489990234375,715.1400146484375,715.1749877929688,1212910
2026-04-27 19:50:00+00:00,715.169921875,715.6300048828125,715.1300048828125,715.489990234375,1081704
2026-04-27 19:55:00+00:00,715.1599731445312,715.2999877929688,714.9600219726562,715.1699829101562,1817021
2026-04-28 13:30:00+00:00,711.5698852539062,712.0700073242188,710.7899780273438,711.8150024414062,3200307
2026-04-28 13:35:00+00:00,712.0700073242188,712.1500854492188,711.469970703125,711.5399780273438,673879
2026-04-28 13:40:00+00:00,712.4000244140625,712.8800048828125,711.8800048828125,712.0499877929688,690816
2026-04-28 13:45:00+00:00,712.239990234375,712.6099853515625,711.8800048828125,712.4199829101562,654758
2026-04-28 13:50:00+00:00,711.6400146484375,712.4000244140625,711.47998046875,712.2449951171875,1136168
2026-04-28 13:55:00+00:00,711.5800170898438,711.780029296875,710.9600219726562,711.64501953125,585218
2026-04-28 14:00:00+00:00,711.4451293945312,711.8300170898438,711.1099853515625,711.5850219726562,419270
2026-04-28 14:05:00+00:00,712.1300048828125,712.3599853515625,711.3699951171875,711.4400024414062,459364
2026-04-28 14:10:00+00:00,711.6400146484375,712.1599731445312,711.52001953125,712.1400146484375,310728
2026-04-28 14:15:00+00:00,711.3599853515625,711.8200073242188,711.1599731445312,711.6599731445312,280407
2026-04-28 14:20:00+00:00,711.3900146484375,711.6900024414062,711.1199951171875,711.3699951171875,267130
2026-04-28 14:25:00+00:00,711.25,711.6300048828125,710.9500122070312,711.4000244140625,417067
2026-04-28 14:30:00+00:00,710.89501953125,711.5800170898438,710.8200073242188,711.260009765625,349852
2026-04-28 14:35:00+00:00,710.0889892578125,710.9299926757812,709.6400146484375,710.89501953125,928849
2026-04-28 14:40:00+00:00,710.4600219726562,710.6599731445312,709.6900024414062,710.0800170898438,533064
2026-04-28 14:45:00+00:00,710.0900268554688,710.6400146484375,709.8200073242188,710.47998046875,549306
2026-04-28 14:50:00+00:00,709.6500244140625,710.1500244140625,709.25,710.0900268554688,595829
2026-04-28 14:55:00+00:00,710.52001953125,710.5349731445312,709.3200073242188,709.6649780273438,581974
2026-04-28 15:00:00+00:00,710.60498046875,711.0700073242188,710.4500122070312,710.530029296875,378012
2026-04-28 15:05:00+00:00,710.094970703125,710.7650146484375,709.8800048828125,710.614990234375,281820
2026-04-28 15:10:00+00:00,710.6900024414062,710.719970703125,710.0499877929688,710.0800170898438,192180
2026-04-28 15:15:00+00:00,710.6400146484375,710.8200073242188,710.239990234375,710.6900024414062,227184
2026-04-28 15:20:00+00:00,710.25,710.6799926757812,709.969970703125,710.6300048828125,267199
2026-04-28 15:25:00+00:00,709.9000244140625,710.2650146484375,709.8099975585938,710.25,236713
2026-04-28 15:30:00+00:00,709.6900024414062,709.9299926757812,709.4400024414062,709.905029296875,437390
2026-04-28 15:35:00+00:00,709.8900146484375,710.1500244140625,709.4199829101562,709.6900024414062,268006
2026-04-28 15:40:00+00:00,709.8099975585938,710.1099853515625,709.7100219726562,709.8900146484375,138199
2026-04-28 15:45:00+00:00,709.5698852539062,709.989990234375,709.3800048828125,709.7899780273438,315374
2026-04-28 15:50:00+00:00,709.8499755859375,709.9099731445312,709.5399780273438,709.5700073242188,224745
2026-04-28 15:55:00+00:00,709.97998046875,710.0225219726562,709.530029296875,709.8499755859375,179908
2026-04-28 16:00:00+00:00,710.159912109375,710.2899780273438,709.77001953125,709.97998046875,245732
2026-04-28 16:05:00+00:00,710.2899780273438,710.4849853515625,710.1224975585938,710.1500244140625,233813
2026-04-28 16:10:00+00:00,710.4299926757812,710.4500122070312,710.0800170898438,710.2899780273438,498541
2026-04-28 16:15:00+00:00,710.3350219726562,710.4600219726562,710.0700073242188,710.4500122070312,118471
2026-04-28 16:20:00+00:00,710.5,710.5700073242188,710.2899780273438,710.3599853515625,129500
2026-04-28 16:25:00+00:00,710.3200073242188,710.5900268554688,710.239990234375,710.489990234375,121694
2026-04-28 16:30:00+00:00,709.8201293945312,710.4400024414062,709.8201293945312,710.3201293945312,166790
2026-04-28 16:35:00+00:00,709.7098999023438,709.9400024414062,709.5700073242188,709.8250122070312,215004
2026-04-28 16:40:00+00:00,709.530029296875,709.8699951171875,709.3599853515625,709.7000122070312,188323
2026-04-28 16:45:00+00:00,709.739990234375,709.780029296875,709.4199829101562,709.530029296875,223670
2026-04-28 16:50:00+00:00,710.2598266601562,710.4000244140625,709.52001953125,709.75,237466
2026-04-28 16:55:00+00:00,710.1799926757812,710.3400268554688,709.9299926757812,710.260009765625,169617
2026-04-28 17:00:00+00:00,709.6599731445312,710.4000244140625,709.5599975585938,710.1699829101562,165788
2026-04-28 17:05:00+00:00,709.8800048828125,709.9099731445312,709.4600219726562,709.6699829101562,186744
2026-04-28 17:10:00+00:00,709.989990234375,709.9949951171875,709.6400146484375,709.8826293945312,177683
2026-04-28 17:15:00+00:00,709.6500244140625,710.02001953125,709.5599975585938,709.97998046875,563576
2026-04-28 17:20:00+00:00,709.89501953125,709.9099731445312,709.5999755859375,709.6599731445312,160933
2026-04-28 17:25:00+00:00,710.1199951171875,710.3300170898438,709.8406982421875,709.9085083007812,238575
2026-04-28 17:30:00+00:00,710.4550170898438,710.4949951171875,710.114990234375,710.1199951171875,186300
2026-04-28 17:35:00+00:00,710.5999755859375,710.8200073242188,710.4600219726562,710.4600219726562,249762
2026-04-28 17:40:00+00:00,710.72998046875,710.97998046875,710.530029296875,710.6500244140625,1922013
2026-04-28 17:45:00+00:00,710.719970703125,710.9299926757812,710.6900024414062,710.719970703125,257517
2026-04-28 17:50:00+00:00,710.8499755859375,710.9099731445312,710.5900268554688,710.7319946289062,132636
2026-04-28 17:55:00+00:00,711.030029296875,711.1500244140625,710.8300170898438,710.844970703125,199497
2026-04-28 18:00:00+00:00,710.8800048828125,711.1699829101562,710.8099975585938,711.0399780273438,207648
2026-04-28 18:05:00+00:00,710.989990234375,711.0999755859375,710.760009765625,710.8900146484375,256936
2026-04-28 18:10:00+00:00,711.030029296875,711.0999755859375,710.8499755859375,710.9849853515625,223430
2026-04-28 18:15:00+00:00,711.4000244140625,711.489990234375,711.030029296875,711.030029296875,299454
2026-04-28 18:20:00+00:00,711.385009765625,711.6500244140625,711.1699829101562,711.4099731445312,515696
2026-04-28 18:25:00+00:00,711.3499755859375,711.530029296875,711.2100219726562,711.4199829101562,328357
2026-04-28 18:30:00+00:00,711.0700073242188,711.3724975585938,710.969970703125,711.3599853515625,210552
2026-04-28 18:35:00+00:00,711.0650024414062,711.0999755859375,710.8300170898438,711.0700073242188,170994
2026-04-28 18:40:00+00:00,711.4000244140625,711.4199829101562,711.0499877929688,711.0700073242188,307551
2026-04-28 18:45:00+00:00,711.3800048828125,711.4500122070312,711.27001953125,711.385009765625,273112
2026-04-28 18:50:00+00:00,711.5700073242188,711.5999755859375,711.3099975585938,711.3900146484375,179609
2026-04-28 18:55:00+00:00,711.52001953125,711.6099853515625,711.27001953125,711.5650024414062,197844
2026-04-28 19:00:00+00:00,711.6199951171875,711.719970703125,711.4400024414062,711.5250244140625,245056
2026-04-28 19:05:00+00:00,711.9251708984375,712.02001953125,711.6199951171875,711.6300048828125,291832
2026-04-28 19:10:00+00:00,711.9199829101562,712.1900024414062,711.8400268554688,711.9199829101562,512375
2026-04-28 19:15:00+00:00,711.6400146484375,711.9199829101562,711.5599975585938,711.9199829101562,520543
2026-04-28 19:20:00+00:00,711.6500244140625,711.8099975585938,711.4099731445312,711.6300048828125,350854
2026-04-28 19:25:00+00:00,711.5900268554688,711.760009765625,711.52001953125,711.6500244140625,252973
2026-04-28 19:30:00+00:00,711.239990234375,711.6500244140625,711.219970703125,711.5900268554688,352905
2026-04-28 19:35:00+00:00,711.5399780273438,711.5599975585938,711.2000122070312,711.239990234375,619896
2026-04-28 19:40:00+00:00,711.639892578125,711.7999877929688,711.5399780273438,711.5399780273438,642819
2026-04-28 19:45:00+00:00,711.739990234375,711.75,711.530029296875,711.6400146484375,964333
2026-04-28 19:50:00+00:00,711.6599731445312,711.989990234375,711.4000244140625,711.72998046875,1788839
2026-04-28 19:55:00+00:00,711.6799926757812,711.8699951171875,711.4199829101562,711.6699829101562,3840386
2026-04-29 13:30:00+00:00,710.1300048828125,711.1900024414062,709.9199829101562,711.0,1925129
2026-04-29 13:35:00+00:00,710.5499877929688,710.6400146484375,709.97998046875,710.1199951171875,600601
2026-04-29 13:40:00+00:00,710.0399780273438,710.6300048828125,710.030029296875,710.5499877929688,458488
2026-04-29 13:45:00+00:00,709.9600219726562,710.25,709.6599731445312,710.0499877929688,615808
2026-04-29 13:50:00+00:00,710.6300048828125,710.7100219726562,709.9299926757812,709.9500122070312,475605
2026-04-29 13:55:00+00:00,710.77001953125,711.02001953125,710.5700073242188,710.6400146484375,492192
2026-04-29 14:00:00+00:00,710.7150268554688,710.7999877929688,710.280029296875,710.7550048828125,355842
2026-04-29 14:05:00+00:00,710.8099975585938,710.8400268554688,710.5,710.7100219726562,554615
2026-04-29 14:10:00+00:00,711.1300048828125,711.22998046875,710.719970703125,710.7999877929688,286510
2026-04-29 14:15:00+00:00,711.0399780273438,711.3400268554688,710.9450073242188,711.1309204101562,348481
2026-04-29 14:20:00+00:00,711.3400268554688,711.3900146484375,710.9400024414062,711.030029296875,267151
2026-04-29 14:25:00+00:00,711.47998046875,711.6500244140625,711.3400268554688,711.3699951171875,339284
2026-04-29 14:30:00+00:00,711.9000244140625,711.9349975585938,711.2999877929688,711.47998046875,383499
2026-04-29 14:35:00+00:00,711.8499755859375,712.2000122070312,711.8200073242188,711.9000244140625,237933
2026-04-29 14:40:00+00:00,711.8400268554688,711.8900146484375,711.6500244140625,711.8499755859375,275017
2026-04-29 14:45:00+00:00,711.47998046875,711.9199829101562,711.47998046875,711.8699951171875,218912
2026-04-29 14:50:00+00:00,711.6199951171875,711.7000122070312,711.4000854492188,711.47998046875,143608
2026-04-29 14:55:00+00:00,711.4400024414062,711.6199951171875,711.3800048828125,711.6099853515625,230662
2026-04-29 15:00:00+00:00,711.1099853515625,711.52001953125,710.9500122070312,711.4500122070312,268315
2026-04-29 15:05:00+00:00,710.6199951171875,711.219970703125,710.6199951171875,711.10498046875,731294
2026-04-29 15:10:00+00:00,710.25,710.6699829101562,710.1500244140625,710.614990234375,334959
2026-04-29 15:15:00+00:00,710.6699829101562,710.869873046875,710.10498046875,710.25,357362
2026-04-29 15:20:00+00:00,710.8200073242188,710.9398803710938,710.6013793945312,710.6699829101562,165751
2026-04-29 15:25:00+00:00,710.8670043945312,711.1099853515625,710.6099853515625,710.8099975585938,176900
2026-04-29 15:30:00+00:00,710.8499755859375,711.0999755859375,710.5,710.8800048828125,226493
2026-04-29 15:35:00+00:00,710.6600952148438,710.9598999023438,710.52001953125,710.8599853515625,228482
2026-04-29 15:40:00+00:00,710.5700073242188,710.77001953125,710.4000244140625,710.6599731445312,170393
2026-04-29 15:45:00+00:00,710.8499755859375,710.9600219726562,710.5399780273438,710.5599975585938,138847
2026-04-29 15:50:00+00:00,709.5501098632812,711.010009765625,709.219970703125,710.8699951171875,1080881
2026-04-29 15:55:00+00:00,710.0399780273438,710.1400146484375,709.22998046875,709.5499877929688,601879
2026-04-29 16:00:00+00:00,710.4199829101562,710.4600219726562,709.9199829101562,710.0499877929688,227032
2026-04-29 16:05:00+00:00,710.4600219726562,710.6599731445312,710.2301025390625,710.4290161132812,204603
2026-04-29 16:10:00+00:00,710.22998046875,710.72998046875,710.2100219726562,710.4500122070312,126383
2026-04-29 16:15:00+00:00,709.9099731445312,710.5499877929688,709.8200073242188,710.22998046875,194880
2026-04-29 16:20:00+00:00,710.2150268554688,710.3051147460938,709.8450927734375,709.8900146484375,174364
2026-04-29 16:25:00+00:00,709.75,710.3298950195312,709.6400146484375,710.2100219726562,335840
2026-04-29 16:30:00+00:00,709.0900268554688,709.7449951171875,708.9099731445312,709.7449951171875,606016
2026-04-29 16:35:00+00:00,709.4500122070312,709.510009765625,708.9949951171875,709.0900268554688,342846
2026-04-29 16:40:00+00:00,709.760009765625,709.8800048828125,709.4600219726562,709.4600219726562,228296
2026-04-29 16:45:00+00:00,709.802978515625,709.9299926757812,709.5900268554688,709.77001953125,163684
2026-04-29 16:50:00+00:00,709.7999877929688,710.0499877929688,709.655029296875,709.7999877929688,465148
2026-04-29 16:55:00+00:00,709.6749877929688,709.9000244140625,709.4199829101562,709.7949829101562,184810
2026-04-29 17:00:00+00:00,709.530029296875,709.75,709.219970703125,709.6900024414062,366032
2026-04-29 17:05:00+00:00,709.6599731445312,709.780029296875,709.4400024414062,709.5399169921875,177727
2026-04-29 17:10:00+00:00,709.655029296875,709.8250122070312,709.510009765625,709.6799926757812,161011
2026-04-29 17:15:00+00:00,709.6400146484375,709.7899780273438,709.3800048828125,709.6599731445312,174768
2026-04-29 17:20:00+00:00,709.719970703125,710.1900024414062,709.6099853515625,709.6300048828125,223521
2026-04-29 17:25:00+00:00,709.9099731445312,709.9099731445312,709.52001953125,709.72998046875,356194
2026-04-29 17:30:00+00:00,709.989990234375,710.27001953125,709.8400268554688,709.9199829101562,405721
2026-04-29 17:35:00+00:00,710.0599975585938,710.1400146484375,709.9099731445312,709.97998046875,267694
2026-04-29 17:40:00+00:00,710.010009765625,710.1099853515625,709.780029296875,710.0549926757812,227779
2026-04-29 17:45:00+00:00,710.4600219726562,710.7000122070312,709.9749755859375,710.0150146484375,343353
2026-04-29 17:50:00+00:00,710.3300170898438,710.739990234375,710.2899780273438,710.4600219726562,323195
2026-04-29 17:55:00+00:00,710.6099853515625,710.6099853515625,710.219970703125,710.3400268554688,168610
2026-04-29 18:00:00+00:00,709.4500122070312,710.6799926757812,709.3200073242188,710.6099853515625,750562
2026-04-29 18:05:00+00:00,708.8400268554688,709.8800048828125,708.75,709.4450073242188,631608
2026-04-29 18:10:00+00:00,709.0880126953125,709.22998046875,708.4600219726562,708.840087890625,616365
2026-04-29 18:15:00+00:00,709.530029296875,709.9099731445312,708.969970703125,709.0499877929688,351531
2026-04-29 18:20:00+00:00,709.5399780273438,709.9000244140625,709.4199829101562,709.5399780273438,274320
2026-04-29 18:25:00+00:00,709.219970703125,709.5499877929688,709.1300048828125,709.5399780273438,284689
2026-04-29 18:30:00+00:00,709.02001953125,709.3200073242188,708.75,709.22998046875,524997
2026-04-29 18:35:00+00:00,709.3900146484375,710.2000122070312,708.9199829101562,709.030029296875,689146
2026-04-29 18:40:00+00:00,708.6950073242188,709.4400024414062,708.6599731445312,709.3699951171875,498304
2026-04-29 18:45:00+00:00,709.4650268554688,709.5800170898438,708.3699951171875,708.6998901367188,624549
2026-04-29 18:50:00+00:00,709.6099853515625,710.02001953125,709.5,709.5,422737
2026-04-29 18:55:00+00:00,710.5700073242188,710.6599731445312,709.5499877929688,709.6099853515625,316393
2026-04-29 19:00:00+00:00,710.385009765625,710.780029296875,710.2100219726562,710.5599975585938,364621
2026-04-29 19:05:00+00:00,710.4600219726562,710.5399780273438,710.0,710.3900146484375,371853
2026-04-29 19:10:00+00:00,711.239990234375,711.2999877929688,710.3400268554688,710.47998046875,441299
2026-04-29 19:15:00+00:00,711.27001953125,711.5,711.0700073242188,711.25,499315
2026-04-29 19:20:00+00:00,711.22998046875,711.3300170898438,710.8900146484375,711.280029296875,291161
2026-04-29 19:25:00+00:00,710.8699951171875,711.3200073242188,710.8699951171875,711.239990234375,515168
2026-04-29 19:30:00+00:00,710.3599853515625,710.9000244140625,710.0800170898438,710.8599853515625,748243
2026-04-29 19:35:00+00:00,710.969970703125,711.0100708007812,710.2498779296875,710.3599853515625,599190
2026-04-29 19:40:00+00:00,710.5496826171875,711.0599975585938,710.42041015625,710.9899291992188,635915
2026-04-29 19:45:00+00:00,710.739990234375,710.8900146484375,710.510009765625,710.5399780273438,604786
2026-04-29 19:50:00+00:00,710.989990234375,711.030029296875,710.3800048828125,710.72998046875,1075709
2026-04-29 19:55:00+00:00,711.5800170898438,711.6199951171875,710.510009765625,710.97998046875,3004998
2026-04-30 13:30:00+00:00,712.8800048828125,714.7100219726562,712.8012084960938,714.6300048828125,3370439
2026-04-30 13:35:00+00:00,711.8400268554688,713.0499877929688,711.8400268554688,712.8499755859375,1038153
2026-04-30 13:40:00+00:00,712.8508911132812,712.9500122070312,711.4500122070312,711.8400268554688,1102094
2026-04-30 13:45:00+00:00,712.510009765625,713.1900024414062,712.0599975585938,712.8400268554688,728473
2026-04-30 13:50:00+00:00,711.469970703125,712.8099975585938,711.4600219726562,712.52001953125,745448
2026-04-30 13:55:00+00:00,711.27001953125,711.5599975585938,710.780029296875,711.4600219726562,609719
2026-04-30 14:00:00+00:00,711.8699951171875,712.219970703125,711.25,711.260009765625,699033
2026-04-30 14:05:00+00:00,711.1799926757812,712.260009765625,710.7000122070312,711.8699951171875,1097778
2026-04-30 14:10:00+00:00,711.6500244140625,711.9299926757812,710.8499755859375,711.1699829101562,702551
2026-04-30 14:15:00+00:00,711.5650024414062,711.6599731445312,710.4450073242188,711.6300048828125,722088
2026-04-30 14:20:00+00:00,711.9199829101562,712.3400268554688,711.530029296875,711.5549926757812,525321
2026-04-30 14:25:00+00:00,712.010009765625,712.0999755859375,711.25,711.9099731445312,572508
2026-04-30 14:30:00+00:00,711.8499755859375,712.7899780273438,711.5,712.010009765625,488814
2026-04-30 14:35:00+00:00,711.2999877929688,711.97998046875,711.1799926757812,711.8400268554688,440566
2026-04-30 14:40:00+00:00,712.239990234375,712.3699951171875,711.3200073242188,711.3200073242188,585714
2026-04-30 14:45:00+00:00,712.8099975585938,713.0999755859375,712.2299194335938,712.22998046875,509806
2026-04-30 14:50:00+00:00,713.6900024414062,713.9000244140625,712.6799926757812,712.8099975585938,1082451
2026-04-30 14:55:00+00:00,713.8699951171875,714.1599731445312,713.6699829101562,713.6699829101562,441541
2026-04-30 15:00:00+00:00,713.9099731445312,714.4498901367188,713.780029296875,713.8699951171875,355248
2026-04-30 15:05:00+00:00,714.4000244140625,714.4000244140625,713.5499877929688,713.8300170898438,568199
2026-04-30 15:10:00+00:00,714.2949829101562,714.530029296875,713.9199829101562,714.4000244140625,311409
2026-04-30 15:15:00+00:00,714.2100219726562,714.469970703125,714.010009765625,714.3300170898438,254871
2026-04-30 15:20:00+00:00,714.2501220703125,714.2999877929688,713.8099975585938,714.2100219726562,370281
2026-04-30 15:25:00+00:00,714.4299926757812,714.5900268554688,714.1500244140625,714.2550048828125,536426
2026-04-30 15:30:00+00:00,714.4299926757812,714.9500122070312,714.3900146484375,714.4099731445312,461167
2026-04-30 15:35:00+00:00,714.0,714.4149780273438,713.875,714.4149780273438,320739
2026-04-30 15:40:00+00:00,713.9299926757812,714.0900268554688,713.739990234375,713.97998046875,261642
2026-04-30 15:45:00+00:00,714.0700073242188,714.0700073242188,713.469970703125,713.9249877929688,171023
2026-04-30 15:50:00+00:00,714.7100219726562,714.7598876953125,714.02001953125,714.0900268554688,282196
2026-04-30 15:55:00+00:00,714.5999755859375,715.0700073242188,714.5750122070312,714.719970703125,502265
2026-04-30 16:00:00+00:00,714.5800170898438,714.6599731445312,714.0700073242188,714.5999755859375,291188
2026-04-30 16:05:00+00:00,714.72998046875,714.9400024414062,714.5499877929688,714.5599975585938,612711
2026-04-30 16:10:00+00:00,715.3099975585938,715.3900146484375,714.6500244140625,714.719970703125,249464
2026-04-30 16:15:00+00:00,715.1799926757812,715.3599853515625,714.9199829101562,715.2999877929688,224515
2026-04-30 16:20:00+00:00,714.9290771484375,715.27001953125,714.9249877929688,715.1699829101562,257692
2026-04-30 16:25:00+00:00,715.1799926757812,715.2100219726562,714.780029296875,714.9199829101562,255099
2026-04-30 16:30:00+00:00,715.0499877929688,715.3300170898438,715.02001953125,715.1799926757812,291698
2026-04-30 16:35:00+00:00,715.1649780273438,715.1799926757812,714.9000244140625,715.0599975585938,155663
2026-04-30 16:40:00+00:00,714.7498779296875,715.22998046875,714.6500244140625,715.1599731445312,202739
2026-04-30 16:45:00+00:00,714.8099975585938,714.9000244140625,714.4600219726562,714.739990234375,297576
2026-04-30 16:50:00+00:00,714.3599853515625,714.8099975585938,714.1749877929688,714.7999877929688,259688
2026-04-30 16:55:00+00:00,714.3474731445312,714.3800048828125,713.9000244140625,714.3599853515625,317026
2026-04-30 17:00:00+00:00,714.9600219726562,715.1799926757812,714.3250122070312,714.3499755859375,298611
2026-04-30 17:05:00+00:00,715.22998046875,715.25,714.844970703125,714.9600219726562,305227
2026-04-30 17:10:00+00:00,715.5599975585938,715.6500244140625,715.1500244140625,715.239990234375,233188
2026-04-30 17:15:00+00:00,715.4400024414062,715.5499877929688,715.2000122070312,715.5499877929688,201986
2026-04-30 17:20:00+00:00,715.7000122070312,715.75,715.22998046875,715.4600219726562,251696
2026-04-30 17:25:00+00:00,715.8099975585938,715.8900146484375,715.4932250976562,715.6900024414062,220947
2026-04-30 17:30:00+00:00,716.239990234375,716.6799926757812,715.8200073242188,715.8200073242188,535215
2026-04-30 17:35:00+00:00,716.489990234375,716.510009765625,716.25,716.25,270670
2026-04-30 17:40:00+00:00,716.4299926757812,716.52001953125,716.2899780273438,716.47998046875,381899
2026-04-30 17:45:00+00:00,716.7449951171875,716.8699951171875,716.4400024414062,716.4400024414062,286918
2026-04-30 17:50:00+00:00,716.7100219726562,716.8300170898438,716.5800170898438,716.75,183014
2026-04-30 17:55:00+00:00,717.0601196289062,717.1599731445312,716.6500244140625,716.7000122070312,220381
2026-04-30 18:00:00+00:00,717.780029296875,717.9149780273438,717.030029296875,717.0800170898438,859545
2026-04-30 18:05:00+00:00,717.5399780273438,717.7949829101562,717.510009765625,717.7899169921875,355873
2026-04-30 18:10:00+00:00,717.7899780273438,717.8800048828125,717.469970703125,717.5399780273438,400624
2026-04-30 18:15:00+00:00,717.864990234375,718.1099853515625,717.7899780273438,717.7899780273438,468185
2026-04-30 18:20:00+00:00,717.7100219726562,717.9600219726562,717.6799926757812,717.8699951171875,660786
2026-04-30 18:25:00+00:00,717.8800048828125,717.9099731445312,717.6300048828125,717.7100219726562,517025
2026-04-30 18:30:00+00:00,718.1099853515625,718.3499755859375,717.8699951171875,717.9000244140625,693258
2026-04-30 18:35:00+00:00,718.510009765625,718.5700073242188,718.0999755859375,718.1099853515625,1015418
2026-04-30 18:40:00+00:00,718.5800170898438,718.7000122070312,718.469970703125,718.52001953125,1168882
2026-04-30 18:45:00+00:00,718.6799926757812,718.719970703125,718.52001953125,718.5800170898438,580405
2026-04-30 18:50:00+00:00,718.489990234375,718.8200073242188,718.4299926757812,718.6799926757812,350645
2026-04-30 18:55:00+00:00,718.3699951171875,718.6099853515625,718.27001953125,718.469970703125,397493
2026-04-30 19:00:00+00:00,718.760009765625,718.8300170898438,718.280029296875,718.3599853515625,538202
2026-04-30 19:05:00+00:00,718.9099731445312,719.1099853515625,718.6405029296875,718.77001953125,1396996
2026-04-30 19:10:00+00:00,719.27001953125,719.4299926757812,718.7999877929688,718.9099731445312,902625
2026-04-30 19:15:00+00:00,719.1400146484375,719.4000244140625,719.1300048828125,719.27001953125,1020022
2026-04-30 19:20:00+00:00,719.260009765625,719.2999877929688,719.030029296875,719.1300048828125,870687
2026-04-30 19:25:00+00:00,719.1199951171875,719.35498046875,719.0499877929688,719.260009765625,463239
2026-04-30 19:30:00+00:00,718.9500122070312,719.1300048828125,718.75,719.1099853515625,726876
2026-04-30 19:35:00+00:00,719.1649780273438,719.2100219726562,718.8400268554688,718.9400024414062,1218890
2026-04-30 19:40:00+00:00,719.4099731445312,719.4299926757812,718.8300170898438,719.1599731445312,1251847
2026-04-30 19:45:00+00:00,719.510009765625,719.5700073242188,719.1599731445312,719.3800048828125,1752680
2026-04-30 19:50:00+00:00,719.2249755859375,719.7899780273438,718.8300170898438,719.510009765625,2182272
2026-04-30 19:55:00+00:00,718.3900146484375,719.7000122070312,718.3499755859375,719.219970703125,7558236
2026-05-01 13:30:00+00:00,722.3200073242188,722.3599853515625,720.739990234375,721.25,2334460
2026-05-01 13:35:00+00:00,722.1099853515625,722.6099853515625,722.0800170898438,722.3400268554688,732194
2026-05-01 13:40:00+00:00,722.52001953125,722.6199951171875,722.0,722.1199951171875,774000
2026-05-01 13:45:00+00:00,722.1799926757812,722.5399780273438,721.9400024414062,722.489990234375,459363
2026-05-01 13:50:00+00:00,722.5599975585938,722.9099731445312,721.8699951171875,722.2100219726562,610622
2026-05-01 13:55:00+00:00,724.1749877929688,724.239990234375,722.5999755859375,722.5999755859375,1000454
2026-05-01 14:00:00+00:00,724.35400390625,724.6500244140625,723.9500122070312,724.1900024414062,640431
2026-05-01 14:05:00+00:00,724.0523071289062,724.3800048828125,723.77001953125,724.3599853515625,475103
2026-05-01 14:10:00+00:00,724.4500122070312,724.6599731445312,723.9299926757812,724.0599975585938,456904
2026-05-01 14:15:00+00:00,724.4600219726562,724.6500244140625,724.1799926757812,724.4500122070312,664483
2026-05-01 14:20:00+00:00,724.5850219726562,724.8699951171875,724.47998046875,724.47998046875,421201
2026-05-01 14:25:00+00:00,724.2587890625,724.5999755859375,724.1799926757812,724.5850219726562,377384
2026-05-01 14:30:00+00:00,723.2899780273438,724.27001953125,723.1099853515625,724.27001953125,814928
2026-05-01 14:35:00+00:00,722.8499755859375,723.3699951171875,722.2999877929688,723.2899780273438,841828
2026-05-01 14:40:00+00:00,722.9600219726562,723.2999877929688,722.469970703125,722.844970703125,594043
2026-05-01 14:45:00+00:00,723.1599731445312,723.3900146484375,722.8350219726562,722.9100952148438,314413
2026-05-01 14:50:00+00:00,722.8699951171875,723.2899780273438,722.6660766601562,723.1400146484375,260246
2026-05-01 14:55:00+00:00,722.719970703125,723.1799926757812,722.719970703125,722.8699951171875,221114
2026-05-01 15:00:00+00:00,722.3300170898438,722.7786254882812,722.0399780273438,722.72998046875,481994
2026-05-01 15:05:00+00:00,722.6199951171875,722.6599731445312,722.1599731445312,722.3699951171875,286278
2026-05-01 15:10:00+00:00,722.9949951171875,723.0150146484375,722.3599853515625,722.6099853515625,288790
2026-05-01 15:15:00+00:00,722.9949951171875,723.1799926757812,722.7899780273438,723.0,190112
2026-05-01 15:20:00+00:00,723.280029296875,723.3699951171875,723.0,723.0,191878
2026-05-01 15:25:00+00:00,723.2899780273438,723.3800048828125,722.989990234375,723.2899780273438,277634
2026-05-01 15:30:00+00:00,723.260009765625,723.510009765625,723.1699829101562,723.2949829101562,314295
2026-05-01 15:35:00+00:00,723.7899780273438,724.0599975585938,723.2000122070312,723.2576904296875,257386
2026-05-01 15:40:00+00:00,724.010009765625,724.0499877929688,723.7700805664062,723.7700805664062,650570
2026-05-01 15:45:00+00:00,724.2899780273438,724.3499755859375,723.989990234375,724.0050048828125,326342
2026-05-01 15:50:00+00:00,723.4801025390625,724.3800048828125,722.719970703125,724.2999877929688,1014537
2026-05-01 15:55:00+00:00,723.385009765625,723.760009765625,723.260009765625,723.5,289375
2026-05-01 16:00:00+00:00,723.3599853515625,723.6099853515625,723.280029296875,723.3599853515625,210190
2026-05-01 16:05:00+00:00,722.5399780273438,723.4299926757812,722.469970703125,723.35498046875,578436
2026-05-01 16:10:00+00:00,722.5,722.760009765625,722.3800048828125,722.530029296875,378024
2026-05-01 16:15:00+00:00,723.010009765625,723.0399780273438,722.469970703125,722.489990234375,365954
2026-05-01 16:20:00+00:00,722.5399780273438,723.1699829101562,722.0499877929688,723.010009765625,498514
2026-05-01 16:25:00+00:00,722.1400146484375,722.5999755859375,721.8699951171875,722.5499877929688,576390
2026-05-01 16:30:00+00:00,722.030029296875,722.260009765625,721.6300048828125,722.1201171875,444993
2026-05-01 16:35:00+00:00,722.27001953125,722.3400268554688,721.8099975585938,722.010009765625,269121
2026-05-01 16:40:00+00:00,721.6900024414062,722.3200073242188,721.6900024414062,722.22998046875,238375
2026-05-01 16:45:00+00:00,721.6900024414062,721.9099731445312,721.489990234375,721.6799926757812,286727
2026-05-01 16:50:00+00:00,722.1500244140625,722.1799926757812,721.55810546875,721.6950073242188,283494
2026-05-01 16:55:00+00:00,721.8900146484375,722.3599853515625,721.8699951171875,722.1599731445312,262555
2026-05-01 17:00:00+00:00,722.1500244140625,722.4600219726562,721.8599853515625,721.8900146484375,741102
2026-05-01 17:05:00+00:00,722.2100219726562,722.3800048828125,722.1099853515625,722.159912109375,345260
2026-05-01 17:10:00+00:00,722.5098876953125,722.5399780273438,722.1903076171875,722.1903076171875,283347
2026-05-01 17:15:00+00:00,722.6799926757812,722.719970703125,722.3099975585938,722.5,254347
2026-05-01 17:20:00+00:00,722.760009765625,722.9199829101562,722.6400146484375,722.6900024414062,224588
2026-05-01 17:25:00+00:00,722.97998046875,722.97998046875,722.719970703125,722.77001953125,215913
2026-05-01 17:30:00+00:00,722.9600219726562,723.0999755859375,722.9199829101562,722.9600219726562,238012
2026-05-01 17:35:00+00:00,722.8099975585938,722.97998046875,722.6199951171875,722.9600219726562,259005
2026-05-01 17:40:00+00:00,722.9099731445312,723.0433959960938,722.8200073242188,722.8200073242188,196868
2026-05-01 17:45:00+00:00,722.8400268554688,722.97998046875,722.7999877929688,722.9000244140625,164111
2026-05-01 17:50:00+00:00,722.97998046875,723.219970703125,722.760009765625,722.8699951171875,356967
2026-05-01 17:55:00+00:00,722.7999877929688,723.0999755859375,722.780029296875,722.97998046875,224054
2026-05-01 18:00:00+00:00,722.4827880859375,722.9199829101562,722.4600219726562,722.7899780273438,220992
2026-05-01 18:05:00+00:00,722.4550170898438,722.5599975585938,722.1599731445312,722.5,286928
2026-05-01 18:10:00+00:00,721.8200073242188,722.510009765625,721.7578125,722.4500122070312,301161
2026-05-01 18:15:00+00:00,721.8400268554688,721.97998046875,721.5,721.8099975585938,790429
2026-05-01 18:20:00+00:00,722.0800170898438,722.0900268554688,721.739990234375,721.8200073242188,237437
2026-05-01 18:25:00+00:00,722.1799926757812,722.239990234375,721.8699951171875,722.0499877929688,268640
2026-05-01 18:30:00+00:00,721.5800170898438,722.2000122070312,721.5499877929688,722.1400146484375,389349
2026-05-01 18:35:00+00:00,721.3499755859375,721.5999755859375,721.25,721.5700073242188,302998
2026-05-01 18:40:00+00:00,721.219970703125,721.4600219726562,721.1099853515625,721.3499755859375,259636
2026-05-01 18:45:00+00:00,721.114990234375,721.3099975585938,720.780029296875,721.2100830078125,494325
2026-05-01 18:50:00+00:00,721.0499877929688,721.3200073242188,720.97998046875,721.1199951171875,269877
2026-05-01 18:55:00+00:00,721.1699829101562,721.2999877929688,721.0,721.0700073242188,325214
2026-05-01 19:00:00+00:00,721.4149780273438,721.5800170898438,721.0900268554688,721.1699829101562,373392
2026-05-01 19:05:00+00:00,721.7849731445312,721.7899780273438,721.4000244140625,721.4149780273438,374384
2026-05-01 19:10:00+00:00,722.0549926757812,722.114990234375,721.6500244140625,721.7799072265625,330060
2026-05-01 19:15:00+00:00,722.1799926757812,722.2899780273438,722.0,722.0399780273438,437212
2026-05-01 19:20:00+00:00,722.25,722.2789916992188,722.0599975585938,722.2000122070312,304747
2026-05-01 19:25:00+00:00,722.4199829101562,722.5900268554688,722.239990234375,722.239990234375,505807
2026-05-01 19:30:00+00:00,722.25,722.5,722.02001953125,722.4299926757812,465863
2026-05-01 19:35:00+00:00,722.3200073242188,722.3800048828125,722.0499877929688,722.239990234375,319890
2026-05-01 19:40:00+00:00,722.135009765625,722.4099731445312,722.0,722.3200073242188,641335
2026-05-01 19:45:00+00:00,721.9874877929688,722.1699829101562,721.8400268554688,722.135009765625,599233
2026-05-01 19:50:00+00:00,721.2899780273438,722.1400146484375,721.1599731445312,721.9786987304688,1232577
2026-05-01 19:55:00+00:00,720.6699829101562,721.3200073242188,720.469970703125,721.2899780273438,2414844
2026-05-04 13:30:00+00:00,719.9099731445312,720.239990234375,719.25,720.0700073242188,3527530
2026-05-04 13:35:00+00:00,719.8400268554688,720.2100219726562,719.4600219726562,719.9099731445312,553789
2026-05-04 13:40:00+00:00,719.9500122070312,720.3099975585938,719.6199951171875,719.8400268554688,646756
2026-05-04 13:45:00+00:00,720.4099731445312,720.6599731445312,719.8499755859375,719.9500122070312,505992
2026-05-04 13:50:00+00:00,720.4500122070312,720.64990234375,720.1099853515625,720.4000854492188,576219
2026-05-04 13:55:00+00:00,720.7601928710938,720.7999877929688,720.1099853515625,720.4600219726562,347729
2026-05-04 14:00:00+00:00,720.3067016601562,720.8099975585938,720.280029296875,720.77001953125,212689
2026-05-04 14:05:00+00:00,720.0700073242188,720.6799926757812,719.864990234375,720.27001953125,586607
2026-05-04 14:10:00+00:00,720.989990234375,721.2100219726562,719.989990234375,720.0800170898438,492848
2026-05-04 14:15:00+00:00,721.1500244140625,721.1763916015625,720.8800048828125,720.989990234375,86027
