timestamp,open,high,low,close,volume,asset,asset_class,frequency,source_file
2020-08-12 00:00:00+00:00,309.70729014184826,312.3294209653016,309.67959266815404,311.5538635253906,53774400,SPY,equities,1day,data/1day/spy_daily.csv
2020-08-13 00:00:00+00:00,310.78753741033046,312.3017411953798,310.06737487698325,310.9906616210937,41816100,SPY,equities,1day,data/1day/spy_daily.csv
2020-08-14 00:00:00+00:00,310.6029323819641,311.5354611163136,309.8735278815379,310.9999389648437,47260400,SPY,equities,1day,data/1day/spy_daily.csv
2020-08-17 00:00:00+00:00,312.01558200184786,312.384891132188,311.0092026466669,311.9878845214844,35481000,SPY,equities,1day,data/1day/spy_daily.csv
2020-08-18 00:00:00+00:00,312.38480129876183,313.0865081681524,310.7875052531915,312.66180419921875,38733900,SPY,equities,1day,data/1day/spy_daily.csv
2020-08-19 00:00:00+00:00,313.04031505654325,313.5573533060185,310.7967353479484,311.3599548339844,68054200,SPY,equities,1day,data/1day/spy_daily.csv
2020-08-20 00:00:00+00:00,309.6334275776199,312.80953621709097,309.5041820857971,312.3294372558594,42207800,SPY,equities,1day,data/1day/spy_daily.csv
2020-08-21 00:00:00+00:00,311.9970225596553,313.658927181265,311.6553828469121,313.4373474121094,55106600,SPY,equities,1day,data/1day/spy_daily.csv
2020-08-24 00:00:00+00:00,315.8748181437234,316.68731488840734,313.4096586142327,316.61346435546875,48588700,SPY,equities,1day,data/1day/spy_daily.csv
2020-08-25 00:00:00+00:00,317.176730204558,317.8045584997105,316.0133797579977,317.7214660644531,38463400,SPY,equities,1day,data/1day/spy_daily.csv
2020-08-26 00:00:00+00:00,318.3122748541858,321.1744405717904,317.7675391796588,320.9067077636719,50790200,SPY,equities,1day,data/1day/spy_daily.csv
2020-08-27 00:00:00+00:00,321.7746114341692,323.05796511433385,319.94649388256835,321.6083984375,58034100,SPY,equities,1day,data/1day/spy_daily.csv
2020-08-28 00:00:00+00:00,322.6332894034035,323.81509518897934,321.4422417348515,323.6858215332031,48588900,SPY,equities,1day,data/1day/spy_daily.csv
2020-08-31 00:00:00+00:00,323.47343998768525,324.350545281418,322.2823924798507,322.5132141113281,66099200,SPY,equities,1day,data/1day/spy_daily.csv
2020-09-01 00:00:00+00:00,323.3442345333608,325.6524513348711,322.4486452873158,325.5509033203125,54908700,SPY,equities,1day,data/1day/spy_daily.csv
2020-09-02 00:00:00+00:00,327.4621164118237,331.22911386665123,326.3172217084211,330.2596740722656,69540000,SPY,equities,1day,data/1day/spy_daily.csv
2020-09-03 00:00:00+00:00,328.57000776099846,329.04089295769626,316.30876246960275,318.8939819335937,148011100,SPY,equities,1day,data/1day/spy_daily.csv
2020-09-04 00:00:00+00:00,319.5772736024122,321.1468443007785,309.18105492482806,316.2903747558594,139156300,SPY,equities,1day,data/1day/spy_daily.csv
2020-09-08 00:00:00+00:00,310.8797876425356,316.3548979684875,307.3436127666007,307.6482849121094,114465300,SPY,equities,1day,data/1day/spy_daily.csv
2020-09-09 00:00:00+00:00,311.65539056693245,316.1887312996784,310.78749888094603,313.7235717773437,91462300,SPY,equities,1day,data/1day/spy_daily.csv
2020-09-10 00:00:00+00:00,315.5978402401596,316.25336585308577,307.3159581046872,308.27618408203125,90569500,SPY,equities,1day,data/1day/spy_daily.csv
2020-09-11 00:00:00+00:00,310.0581908632135,311.1199650853296,305.607941568055,308.4331970214844,84680200,SPY,equities,1day,data/1day/spy_daily.csv
2020-09-14 00:00:00+00:00,311.5999249612927,314.2682362405836,308.5807885105292,312.4955139160156,65605700,SPY,equities,1day,data/1day/spy_daily.csv
2020-09-15 00:00:00+00:00,314.9515071825437,315.7824594521563,312.50480343116857,314.07440185546875,52920900,SPY,equities,1day,data/1day/spy_daily.csv
2020-09-16 00:00:00+00:00,315.3116463788061,316.7427294770832,312.5510000169259,312.8280029296875,82096000,SPY,equities,1day,data/1day/spy_daily.csv
2020-09-17 00:00:00+00:00,307.97150659133644,311.79392701921023,307.4452264147787,310.0765991210937,91523300,SPY,equities,1day,data/1day/spy_daily.csv
2020-09-18 00:00:00+00:00,310.8820717692347,310.9933051269488,304.02240791405023,306.5067138671875,105877900,SPY,equities,1day,data/1day/spy_daily.csv
2020-09-21 00:00:00+00:00,301.9182622311076,303.2438406391325,298.23813995696975,303.09552001953125,99450800,SPY,equities,1day,data/1day/spy_daily.csv
2020-09-22 00:00:00+00:00,304.57868073084774,306.7385377490843,302.06653750783966,306.1823425292969,63612100,SPY,equities,1day,data/1day/spy_daily.csv
2020-09-23 00:00:00+00:00,306.7384904056228,307.01660211722344,298.58105607201094,299.0816345214844,93112200,SPY,equities,1day,data/1day/spy_daily.csv
2020-09-24 00:00:00+00:00,297.7652958983576,302.937845386202,296.448968406663,299.8788146972656,76681300,SPY,equities,1day,data/1day/spy_daily.csv
2020-09-25 00:00:00+00:00,299.0260243217955,305.51490229744024,298.1546867340451,304.7269897460937,71069400,SPY,equities,1day,data/1day/spy_daily.csv
2020-09-28 00:00:00+00:00,308.8890949296322,310.50203534951567,307.8972169129009,309.78826904296875,64584600,SPY,equities,1day,data/1day/spy_daily.csv
2020-09-29 00:00:00+00:00,309.58440474277614,310.3259795662108,307.4059898011958,308.1012268066406,51304000,SPY,equities,1day,data/1day/spy_daily.csv
2020-09-30 00:00:00+00:00,308.7685789335807,313.5888989589638,308.5739205412977,310.4371643066406,104081100,SPY,equities,1day,data/1day/spy_daily.csv
2020-10-01 00:00:00+00:00,313.03276987437926,314.0060903303923,310.54846318932005,312.43023681640625,88698700,SPY,equities,1day,data/1day/spy_daily.csv
2020-10-02 00:00:00+00:00,307.48007849386664,312.40235285633963,307.0073084094654,309.4638061523437,89431100,SPY,equities,1day,data/1day/spy_daily.csv
2020-10-05 00:00:00+00:00,311.5217221973405,315.1369481213368,311.47538439020013,314.9515686035156,45713100,SPY,equities,1day,data/1day/spy_daily.csv
2020-10-06 00:00:00+00:00,315.0906262164625,317.18561572731545,309.9644141027496,310.4742431640625,90128900,SPY,equities,1day,data/1day/spy_daily.csv
2020-10-07 00:00:00+00:00,313.4313231405762,316.6850408176242,313.40351479672364,315.8785705566406,56999600,SPY,equities,1day,data/1day/spy_daily.csv
2020-10-08 00:00:00+00:00,317.8160134938171,318.74299616214427,316.8982814154723,318.6781005859375,45242500,SPY,equities,1day,data/1day/spy_daily.csv
2020-10-09 00:00:00+00:00,320.3280798824177,321.9873865273389,319.7070174310904,321.5238952636719,59528600,SPY,equities,1day,data/1day/spy_daily.csv
2020-10-12 00:00:00+00:00,324.063844968693,328.1703711128486,323.5725453203997,326.69647216796875,80388500,SPY,equities,1day,data/1day/spy_daily.csv
2020-10-13 00:00:00+00:00,326.55742954167613,326.7335584990035,323.6003527814088,324.5644226074219,73255500,SPY,equities,1day,data/1day/spy_daily.csv
2020-10-14 00:00:00+00:00,325.1391219343617,326.23295452878085,321.7927285846741,322.5250244140625,57727900,SPY,equities,1day,data/1day/spy_daily.csv
2020-10-15 00:00:00+00:00,318.6131625602973,322.6084550653457,318.07552513157503,322.1264343261719,60357700,SPY,equities,1day,data/1day/spy_daily.csv
2020-10-16 00:00:00+00:00,323.4797769752981,325.13908342610574,321.7556032550044,321.9317321777344,89501900,SPY,equities,1day,data/1day/spy_daily.csv
2020-10-19 00:00:00+00:00,323.1923793228003,323.8227205092484,316.138057465811,317.0372314453125,68425600,SPY,equities,1day,data/1day/spy_daily.csv
2020-10-20 00:00:00+00:00,318.381366603576,321.55165885307974,317.6212625367953,318.3072204589844,60051900,SPY,equities,1day,data/1day/spy_daily.csv
2020-10-21 00:00:00+00:00,318.26087876428136,320.43004263717467,317.39879185718223,317.7047119140625,63575000,SPY,equities,1day,data/1day/spy_daily.csv
2020-10-22 00:00:00+00:00,317.91790278181213,320.0314217004003,315.77657552045014,319.4474182128906,55399300,SPY,equities,1day,data/1day/spy_daily.csv
2020-10-23 00:00:00+00:00,320.6710241280496,320.7266408105194,318.0754846485953,320.531982421875,49143900,SPY,equities,1day,data/1day/spy_daily.csv
2020-10-26 00:00:00+00:00,317.14853512100905,317.9364759234132,311.1138698437013,314.6086120605469,91473000,SPY,equities,1day,data/1day/spy_daily.csv
2020-10-27 00:00:00+00:00,314.9516089389828,315.285309087353,313.31083167503937,313.5240478515625,65994100,SPY,equities,1day,data/1day/spy_daily.csv
2020-10-28 00:00:00+00:00,307.8509855863759,313.5519240012724,302.31689728174496,302.8081970214844,127094300,SPY,equities,1day,data/1day/spy_daily.csv
2020-10-29 00:00:00+00:00,303.0398684553781,309.0559761451705,301.35275342695843,305.8857116699219,90597700,SPY,equities,1day,data/1day/spy_daily.csv
2020-10-30 00:00:00+00:00,304.30987072993145,305.61691969344054,299.0446159372506,302.6969299316406,120287300,SPY,equities,1day,data/1day/spy_daily.csv
2020-11-02 00:00:00+00:00,306.089599609375,308.0918566976093,303.34571133877967,306.089599609375,86068300,SPY,equities,1day,data/1day/spy_daily.csv
2020-11-03 00:00:00+00:00,309.3248216610703,313.55185999385526,306.173086523715,311.49395751953125,93294200,SPY,equities,1day,data/1day/spy_daily.csv
2020-11-04 00:00:00+00:00,315.9712924400372,322.5343454427772,314.79403465889675,318.45562744140625,126959700,SPY,equities,1day,data/1day/spy_daily.csv
2020-11-05 00:00:00+00:00,323.7393687910326,326.4739785623512,323.3871109043666,324.6663513183594,82039700,SPY,equities,1day,data/1day/spy_daily.csv
2020-11-06 00:00:00+00:00,324.37891645062587,325.8435643582199,322.2653978925801,324.5921325683594,74973000,SPY,equities,1day,data/1day/spy_daily.csv
2020-11-09 00:00:00+00:00,337.3938694274252,337.7739357009492,328.20746815703154,328.67095947265625,172304200,SPY,equities,1day,data/1day/spy_daily.csv
2020-11-10 00:00:00+00:00,327.6791073823705,329.24571041717456,324.9167170262264,328.18896484375,85552000,SPY,equities,1day,data/1day/spy_daily.csv
2020-11-11 00:00:00+00:00,330.37649720254603,331.45180010151614,329.13434427337086,330.6268005371094,58649000,SPY,equities,1day,data/1day/spy_daily.csv
2020-11-12 00:00:00+00:00,329.6164079973696,330.67318157201504,325.6118653025927,327.4194641113281,67546200,SPY,equities,1day,data/1day/spy_daily.csv
2020-11-13 00:00:00+00:00,329.32901662727664,332.69396715892105,328.809908762868,331.952392578125,62892200,SPY,equities,1day,data/1day/spy_daily.csv
2020-11-16 00:00:00+00:00,334.622140095063,336.2906972148393,333.33362089104185,336.0960388183594,74541100,SPY,equities,1day,data/1day/spy_daily.csv
2020-11-17 00:00:00+00:00,333.685888669106,335.4935158436268,332.174902681352,334.2884216308594,66111000,SPY,equities,1day,data/1day/spy_daily.csv
2020-11-18 00:00:00+00:00,334.55722235747817,335.10413858036725,330.22820208953993,330.2652893066406,70591300,SPY,equities,1day,data/1day/spy_daily.csv
2020-11-19 00:00:00+00:00,329.6350378724161,332.0266406757399,328.29090170656616,331.6558532714844,59940900,SPY,equities,1day,data/1day/spy_daily.csv
2020-11-20 00:00:00+00:00,331.3962999206507,331.6002372367879,329.3105889421292,329.3847351074219,70417300,SPY,equities,1day,data/1day/spy_daily.csv
2020-11-23 00:00:00+00:00,331.1923723183577,332.61993357318823,328.958340654461,331.3592224121094,63230600,SPY,equities,1day,data/1day/spy_daily.csv
2020-11-24 00:00:00+00:00,333.9083515604822,337.2454941499389,333.05554351994675,336.6985778808594,62415900,SPY,equities,1day,data/1day/spy_daily.csv
2020-11-25 00:00:00+00:00,336.6150956654206,336.64290400355594,335.0855804894668,336.1794128417969,45330900,SPY,equities,1day,data/1day/spy_daily.csv
2020-11-27 00:00:00+00:00,337.2732938319882,337.5884644727242,336.1052868833564,337.11572265625,28514100,SPY,equities,1day,data/1day/spy_daily.csv
2020-11-30 00:00:00+00:00,336.33708795881,336.6059208367198,332.9443565005629,335.6233215332031,83872700,SPY,equities,1day,data/1day/spy_daily.csv
2020-12-01 00:00:00+00:00,338.8770642217867,340.8329840925718,338.2837817293062,339.294189453125,74231400,SPY,equities,1day,data/1day/spy_daily.csv
2020-12-02 00:00:00+00:00,338.1818385379717,340.16556682393974,337.60711378492744,340.00799560546875,45927000,SPY,equities,1day,data/1day/spy_daily.csv
2020-12-03 00:00:00+00:00,339.90594329021474,341.3056959465208,338.81211070717654,339.91522216796875,62882000,SPY,equities,1day,data/1day/spy_daily.csv
2020-12-04 00:00:00+00:00,340.49915721669635,342.84442138671875,340.4064533255807,342.84442138671875,50749900,SPY,equities,1day,data/1day/spy_daily.csv
2020-12-07 00:00:00+00:00,342.0750580514984,342.6312531867265,340.8699921662204,342.13995361328125,48944300,SPY,equities,1day,data/1day/spy_daily.csv
2020-12-08 00:00:00+00:00,340.87005554580287,343.7066201446968,340.82371772977626,343.14117431640625,42458900,SPY,equities,1day,data/1day/spy_daily.csv
2020-12-09 00:00:00+00:00,343.79939937232746,343.95697061274456,339.2293807718933,340.06365966796875,74098300,SPY,equities,1day,data/1day/spy_daily.csv
2020-12-10 00:00:00+00:00,338.6916205245105,340.99979809475724,337.82025463669373,339.95233154296875,57735400,SPY,equities,1day,data/1day/spy_daily.csv
2020-12-11 00:00:00+00:00,338.255910570185,339.9615549854479,336.7356739717107,339.5536804199219,57698600,SPY,equities,1day,data/1day/spy_daily.csv
2020-12-14 00:00:00+00:00,341.7227861576118,342.7980607861549,337.8572573213051,338.03338623046875,69216200,SPY,equities,1day,data/1day/spy_daily.csv
2020-12-15 00:00:00+00:00,340.5733910132798,342.6034851074219,339.2014749129828,342.6034851074219,63865300,SPY,equities,1day,data/1day/spy_daily.csv
2020-12-16 00:00:00+00:00,342.81672473642504,344.0588780721469,341.93607991779965,343.14117431640625,58420500,SPY,equities,1day,data/1day/spy_daily.csv
2020-12-17 00:00:00+00:00,344.7818226124563,345.26384325744056,343.9567947299327,345.0599060058594,64119500,SPY,equities,1day,data/1day/spy_daily.csv
2020-12-18 00:00:00+00:00,345.3485390064458,345.5161002847388,341.67133885477017,343.6821594238281,136542300,SPY,equities,1day,data/1day/spy_daily.csv
2020-12-21 00:00:00+00:00,339.7629543638441,352.3212438699424,337.0260063626711,342.4533386230469,96386700,SPY,equities,1day,data/1day/spy_daily.csv
2020-12-22 00:00:00+00:00,342.7791972943252,342.8909048278069,340.7497680098052,341.8761901855469,47949000,SPY,equities,1day,data/1day/spy_daily.csv
2020-12-23 00:00:00+00:00,342.84430466406303,344.0917525684816,341.8575170917641,342.183349609375,46201400,SPY,equities,1day,data/1day/spy_daily.csv
2020-12-24 00:00:00+00:00,342.6581766510882,343.5425753213041,342.0717120912017,343.5146484375,26457900,SPY,equities,1day,data/1day/spy_daily.csv
2020-12-28 00:00:00+00:00,346.0653750550092,346.85667458893,345.4416652223988,346.4656982421875,39000400,SPY,equities,1day,data/1day/spy_daily.csv
2020-12-29 00:00:00+00:00,347.9923570664862,348.1692367590177,345.21816415032754,345.8046569824219,53680500,SPY,equities,1day,data/1day/spy_daily.csv
2020-12-30 00:00:00+00:00,346.6239282532309,347.3314471151924,345.90711937087656,346.298095703125,49455300,SPY,equities,1day,data/1day/spy_daily.csv
2020-12-31 00:00:00+00:00,346.10265005654054,348.7837445893019,345.5906477076508,348.0576171875,78520700,SPY,equities,1day,data/1day/spy_daily.csv
2021-01-04 00:00:00+00:00,349.38880113928235,349.5191455225328,339.6233135802176,343.3191223144531,110210800,SPY,equities,1day,data/1day/spy_daily.csv
2021-01-05 00:00:00+00:00,342.6767868774276,346.7728905061342,342.6302231348059,345.6836853027344,66426200,SPY,equities,1day,data/1day/spy_daily.csv
2021-01-06 00:00:00+00:00,344.17558324644114,350.9434912559952,343.62633562425066,347.7503662109375,107997700,SPY,equities,1day,data/1day/spy_daily.csv
2021-01-07 00:00:00+00:00,350.12425147477427,353.66178899148537,349.9473717579539,352.91705322265625,68766800,SPY,equities,1day,data/1day/spy_daily.csv
2021-01-08 00:00:00+00:00,354.3041791798379,355.14201412513074,351.0552285052697,354.92791748046875,71677200,SPY,equities,1day,data/1day/spy_daily.csv
2021-01-11 00:00:00+00:00,351.7532974365892,354.29472820622965,351.6322715123508,352.5352783203125,51034700,SPY,equities,1day,data/1day/spy_daily.csv
2021-01-12 00:00:00+00:00,352.72153817176564,353.6245167279708,350.3662482704432,352.6098022460937,52547700,SPY,equities,1day,data/1day/spy_daily.csv
2021-01-13 00:00:00+00:00,352.5354151126377,354.55552607698144,351.7534339254866,353.5594482421875,45303600,SPY,equities,1day,data/1day/spy_daily.csv
2021-01-14 00:00:00+00:00,354.3041217359534,354.8068339855644,351.9861054675014,352.3212280273437,49989100,SPY,equities,1day,data/1day/spy_daily.csv
2021-01-15 00:00:00+00:00,350.7014344796534,351.5020240301078,347.8900242126763,349.7518920898437,107160000,SPY,equities,1day,data/1day/spy_daily.csv
2021-01-19 00:00:00+00:00,352.2094901876076,353.0380349056388,350.72930885602966,352.4980773925781,51233300,SPY,equities,1day,data/1day/spy_daily.csv
2021-01-20 00:00:00+00:00,354.78819724418975,358.21405551285824,354.397220924243,357.376220703125,61836100,SPY,equities,1day,data/1day/spy_daily.csv
2021-01-21 00:00:00+00:00,357.934790375537,358.36304045364824,356.7804413524632,357.7020568847656,47840100,SPY,equities,1day,data/1day/spy_daily.csv
2021-01-22 00:00:00+00:00,355.8495421566286,357.59970272379945,355.46785578529006,356.43603515625,52860500,SPY,equities,1day,data/1day/spy_daily.csv
2021-01-25 00:00:00+00:00,357.1714012989788,358.19540580199936,352.3212155048195,357.8416748046875,70402000,SPY,equities,1day,data/1day/spy_daily.csv
2021-01-26 00:00:00+00:00,358.79118922289314,359.20080235621367,357.0503476112028,357.2830810546875,42665300,SPY,equities,1day,data/1day/spy_daily.csv
2021-01-27 00:00:00+00:00,353.95965704196203,354.0527561056327,346.3166983590229,348.5509338378906,123351100,SPY,equities,1day,data/1day/spy_daily.csv
2021-01-28 00:00:00+00:00,350.3661884679812,355.551495917981,349.9286769089569,351.5484924316406,94198100,SPY,equities,1day,data/1day/spy_daily.csv
2021-01-29 00:00:00+00:00,349.6867018282273,350.6548810290884,342.83501362114134,344.5107116699219,126765100,SPY,equities,1day,data/1day/spy_daily.csv
2021-02-01 00:00:00+00:00,347.9086469202224,351.27862337041176,344.7993308471236,350.24530029296875,75817600,SPY,equities,1day,data/1day/spy_daily.csv
2021-02-02 00:00:00+00:00,353.4291069607294,356.75254834286187,350.32910906965094,355.1978759765625,64450700,SPY,equities,1day,data/1day/spy_daily.csv
2021-02-03 00:00:00+00:00,356.0263594026921,357.19934519602856,354.20173693182824,355.47711181640625,52427100,SPY,equities,1day,data/1day/spy_daily.csv
2021-02-04 00:00:00+00:00,356.5104983071963,359.56396087599126,355.5888826824537,359.5174255371094,47142600,SPY,equities,1day,data/1day/spy_daily.csv
2021-02-05 00:00:00+00:00,361.3885805309923,361.6399224767463,359.47085881489795,360.9324035644531,48669800,SPY,equities,1day,data/1day/spy_daily.csv
2021-02-08 00:00:00+00:00,362.38465454642807,363.5855673167599,361.5282112076279,363.5390319824219,38365200,SPY,equities,1day,data/1day/spy_daily.csv
2021-02-09 00:00:00+00:00,362.7011552001997,363.892777905269,362.29157040764335,363.2969665527344,35551100,SPY,equities,1day,data/1day/spy_daily.csv
2021-02-10 00:00:00+00:00,365.03775424929336,365.1867070653073,360.7368446725787,363.1386413574219,59154400,SPY,equities,1day,data/1day/spy_daily.csv
2021-02-11 00:00:00+00:00,364.21864417530406,364.6375758796247,361.2955259066719,363.7252502441406,42913300,SPY,equities,1day,data/1day/spy_daily.csv
2021-02-12 00:00:00+00:00,362.9245980037026,365.7639351240039,362.8501073798465,365.52191162109375,50593300,SPY,equities,1day,data/1day/spy_daily.csv
2021-02-16 00:00:00+00:00,366.7507370926893,366.9462536805359,364.4885743748941,365.2053833007813,50972400,SPY,equities,1day,data/1day/spy_daily.csv
2021-02-17 00:00:00+00:00,363.45530428971625,365.5405875852445,362.44056111873977,365.2892456054688,52290600,SPY,equities,1day,data/1day/spy_daily.csv
2021-02-18 00:00:00+00:00,362.6825067811136,364.4792022514831,360.96027351668073,363.7344665527344,59712800,SPY,equities,1day,data/1day/spy_daily.csv
2021-02-19 00:00:00+00:00,364.99130695342166,365.2798942259746,362.645335047699,363.0921936035156,83241000,SPY,equities,1day,data/1day/spy_daily.csv
2021-02-22 00:00:00+00:00,360.3272738044918,362.71046232062,360.02936813751376,360.2993469238281,67414200,SPY,equities,1day,data/1day/spy_daily.csv
2021-02-23 00:00:00+00:00,358.0930892269746,362.0868041909318,353.9411313866223,360.7369384765625,107284100,SPY,equities,1day,data/1day/spy_daily.csv
2021-02-24 00:00:00+00:00,359.6477223454717,365.1402557134538,358.6609345710552,364.7120056152344,72433900,SPY,equities,1day,data/1day/spy_daily.csv
2021-02-25 00:00:00+00:00,363.4459432788632,364.8144173836967,354.4810443890207,355.9239807128906,146670500,SPY,equities,1day,data/1day/spy_daily.csv
2021-02-26 00:00:00+00:00,357.8044418312601,358.9494723193458,352.1071310412466,354.0899963378906,152701600,SPY,equities,1day,data/1day/spy_daily.csv
2021-03-01 00:00:00+00:00,358.9588307931296,363.92072482785227,354.2855524299561,362.6732482910156,105348800,SPY,equities,1day,data/1day/spy_daily.csv
2021-03-02 00:00:00+00:00,362.8966935413863,363.12942703807903,359.34051889355743,359.8432312011719,79595300,SPY,equities,1day,data/1day/spy_daily.csv
2021-03-03 00:00:00+00:00,359.1450818527897,360.11323288180216,354.9744867706238,355.076904296875,119940200,SPY,equities,1day,data/1day/spy_daily.csv
2021-03-04 00:00:00+00:00,354.89061115902405,357.4786061819684,346.19569221992555,350.68280029296875,183433000,SPY,equities,1day,data/1day/spy_daily.csv
2021-03-05 00:00:00+00:00,354.18320354797186,358.1862374930648,346.9033199879318,357.13427734375,152039600,SPY,equities,1day,data/1day/spy_daily.csv
2021-03-08 00:00:00+00:00,358.0931192185623,360.9045300115116,355.0769017844145,355.3561706542969,123149200,SPY,equities,1day,data/1day/spy_daily.csv
2021-03-09 00:00:00+00:00,359.2008783576128,362.9804680067196,358.69816605856334,360.4297180175781,113633600,SPY,equities,1day,data/1day/spy_daily.csv
2021-03-10 00:00:00+00:00,362.7756658021816,364.3675549570112,361.3606563767608,362.6732482910156,109899400,SPY,equities,1day,data/1day/spy_daily.csv
2021-03-11 00:00:00+00:00,365.14010892092347,368.3238860347193,364.683932122285,366.3503112792969,86245000,SPY,equities,1day,data/1day/spy_daily.csv
2021-03-12 00:00:00+00:00,364.9913223888349,366.9835064968317,364.1814143051709,366.8438720703125,64653600,SPY,equities,1day,data/1day/spy_daily.csv
2021-03-15 00:00:00+00:00,367.09516616349055,369.29218502366257,364.9540294764912,369.0315246582031,73427200,SPY,equities,1day,data/1day/spy_daily.csv
2021-03-16 00:00:00+00:00,369.64592676134737,370.3534171995116,367.7933490003447,368.5660400390625,73722500,SPY,equities,1day,data/1day/spy_daily.csv
2021-03-17 00:00:00+00:00,367.28135513431295,370.6234044689322,366.1362961951031,369.8228149414063,97959300,SPY,equities,1day,data/1day/spy_daily.csv
2021-03-18 00:00:00+00:00,367.23478757465904,369.3200702632121,363.76239416037566,364.4419860839844,115349100,SPY,equities,1day,data/1day/spy_daily.csv
2021-03-19 00:00:00+00:00,364.1412265877475,365.7196598344972,361.5914432269456,363.76763916015625,113624500,SPY,equities,1day,data/1day/spy_daily.csv
2021-03-22 00:00:00+00:00,364.28139952570655,368.0546989422797,364.2253628242193,366.6723937988281,73778600,SPY,equities,1day,data/1day/spy_daily.csv
2021-03-23 00:00:00+00:00,366.0372793939017,367.4849416365864,363.0018346568089,363.786376953125,90686600,SPY,equities,1day,data/1day/spy_daily.csv
2021-03-24 00:00:00+00:00,365.1874361477227,366.8219067698672,361.8904765471702,361.9371643066406,97588600,SPY,equities,1day,data/1day/spy_daily.csv
2021-03-25 00:00:00+00:00,360.4987270317707,364.76700718739,358.55602665416086,363.97314453125,116128600,SPY,equities,1day,data/1day/spy_daily.csv
2021-03-26 00:00:00+00:00,365.1219613549917,370.2401983720078,364.5242270663124,369.8385925292969,114409100,SPY,equities,1day,data/1day/spy_daily.csv
2021-03-29 00:00:00+00:00,368.3628933197625,370.5577590931056,366.877863754709,369.65179443359375,108107600,SPY,equities,1day,data/1day/spy_daily.csv
2021-03-30 00:00:00+00:00,368.3815491232856,369.3435503732095,367.07395025683695,368.6710815429688,76262200,SPY,equities,1day,data/1day/spy_daily.csv
2021-03-31 00:00:00+00:00,369.2408018270159,371.7251997987825,369.21278347970974,370.1654357910156,112734200,SPY,equities,1day,data/1day/spy_daily.csv
2021-04-01 00:00:00+00:00,372.0987781059756,374.2189375105821,371.893300729822,374.1628723144531,99682900,SPY,equities,1day,data/1day/spy_daily.csv
2021-04-05 00:00:00+00:00,376.8247498461712,380.0750207457854,376.7500437520767,379.5332946777344,91684800,SPY,equities,1day,data/1day/spy_daily.csv
2021-04-06 00:00:00+00:00,378.9729228929124,380.3551993878055,378.6366742165215,379.3091430664063,62021000,SPY,equities,1day,data/1day/spy_daily.csv
2021-04-07 00:00:00+00:00,379.1410247193097,380.0936770263506,378.68338221439245,379.74810791015625,55836300,SPY,equities,1day,data/1day/spy_daily.csv
2021-04-08 00:00:00+00:00,380.9997041454603,381.606787435984,380.0657210822236,381.5507507324219,57863100,SPY,equities,1day,data/1day/spy_daily.csv
2021-04-09 00:00:00+00:00,381.429291282708,384.4927540631885,381.30786894490393,384.3246154785156,61104600,SPY,equities,1day,data/1day/spy_daily.csv
2021-04-12 00:00:00+00:00,383.7268976917543,384.7355867285504,383.11981447960585,384.4647521972656,56704900,SPY,equities,1day,data/1day/spy_daily.csv
2021-04-13 00:00:00+00:00,384.3620630681728,386.2300292636302,383.9791265777558,385.604248046875,56551000,SPY,equities,1day,data/1day/spy_daily.csv
2021-04-14 00:00:00+00:00,385.57622623649513,386.6316316879288,383.74562736217496,384.287353515625,61659900,SPY,equities,1day,data/1day/spy_daily.csv
2021-04-15 00:00:00+00:00,386.4261388821726,388.6863904096903,386.3794511307246,388.41552734375,60229800,SPY,equities,1day,data/1day/spy_daily.csv
2021-04-16 00:00:00+00:00,389.7044877170517,390.32092004547286,388.2848435231427,389.7138366699219,82037300,SPY,equities,1day,data/1day/spy_daily.csv
2021-04-19 00:00:00+00:00,388.7797715143714,389.2280651111477,386.4728323712962,387.799072265625,78498500,SPY,equities,1day,data/1day/spy_daily.csv
2021-04-20 00:00:00+00:00,386.5849297445035,387.6870229087903,383.4840991609738,384.9598083496094,81851800,SPY,equities,1day,data/1day/spy_daily.csv
2021-04-21 00:00:00+00:00,384.343304744254,388.80774177837327,384.20318450969165,388.6022644042969,66793000,SPY,equities,1day,data/1day/spy_daily.csv
2021-04-22 00:00:00+00:00,388.4341732421304,389.26540322576255,383.9884053881031,385.0531311035156,97582800,SPY,equities,1day,data/1day/spy_daily.csv
2021-04-23 00:00:00+00:00,385.6135482901479,390.63838128168265,385.53884219304297,389.2280578613281,73209200,SPY,equities,1day,data/1day/spy_daily.csv
2021-04-26 00:00:00+00:00,389.8818882565418,390.61039389838606,389.2934743721866,390.0406494140625,52182400,SPY,equities,1day,data/1day/spy_daily.csv
2021-04-27 00:00:00+00:00,390.3394793906885,390.53563632822335,388.8170826531687,389.95654296875,51303100,SPY,equities,1day,data/1day/spy_daily.csv
2021-04-28 00:00:00+00:00,390.22741885643023,391.3482098113674,389.37749094113417,389.844482421875,51238900,SPY,equities,1day,data/1day/spy_daily.csv
2021-04-29 00:00:00+00:00,392.5717326349584,392.94532012603673,388.9478741154117,392.3288879394531,78544300,SPY,equities,1day,data/1day/spy_daily.csv
2021-04-30 00:00:00+00:00,390.05926790428015,390.909195730544,388.8544220293682,389.75103759765625,85527000,SPY,equities,1day,data/1day/spy_daily.csv
2021-05-03 00:00:00+00:00,391.740486180178,392.1234226337819,390.09669546817264,390.5917053222656,68128300,SPY,equities,1day,data/1day/spy_daily.csv
2021-05-04 00:00:00+00:00,388.6022800331591,389.0972898402204,384.49276088924864,388.1819763183594,101591200,SPY,equities,1day,data/1day/spy_daily.csv
2021-05-05 00:00:00+00:00,389.8257412338787,390.0592369312489,387.7429493522956,388.3033447265625,60162200,SPY,equities,1day,data/1day/spy_daily.csv
2021-05-06 00:00:00+00:00,388.3781723084249,391.5350396849246,386.3701143834206,391.404296875,74321400,SPY,equities,1day,data/1day/spy_daily.csv
2021-05-07 00:00:00+00:00,392.1701049666309,394.9066681025146,391.4882871687611,394.25286865234375,67733800,SPY,equities,1day,data/1day/spy_daily.csv
2021-05-10 00:00:00+00:00,394.60777566622943,394.8319224415391,390.2273935803773,390.3488159179688,81852400,SPY,equities,1day,data/1day/spy_daily.csv
2021-05-11 00:00:00+00:00,385.8283439259152,387.8550708690353,382.9890279126543,386.8650512695313,116888000,SPY,equities,1day,data/1day/spy_daily.csv
2021-05-12 00:00:00+00:00,384.08181415543856,385.3520172707222,377.3291072473696,378.6460266113281,134811000,SPY,equities,1day,data/1day/spy_daily.csv
2021-05-13 00:00:00+00:00,380.1965023474464,385.1279319103437,380.1497860913207,383.194580078125,106394000,SPY,equities,1day,data/1day/spy_daily.csv
2021-05-14 00:00:00+00:00,385.9311255020592,389.9285717889335,385.90310715086446,389.0786437988281,82201600,SPY,equities,1day,data/1day/spy_daily.csv
2021-05-17 00:00:00+00:00,387.9671376698497,388.9011204907853,386.0711251805724,388.0885314941406,65129200,SPY,equities,1day,data/1day/spy_daily.csv
2021-05-18 00:00:00+00:00,388.3500945443385,388.5929392293489,384.5861444411635,384.7449340820313,59810200,SPY,equities,1day,data/1day/spy_daily.csv
2021-05-19 00:00:00+00:00,380.0563698240923,383.9136956201269,378.57131179138,383.7362365722656,106467100,SPY,equities,1day,data/1day/spy_daily.csv
2021-05-20 00:00:00+00:00,384.6142002311314,389.1253542262279,384.4928063797059,387.8644714355469,78022200,SPY,equities,1day,data/1day/spy_daily.csv
2021-05-21 00:00:00+00:00,389.3494858539395,390.5916991966437,387.0892629717918,387.5469055175781,76578700,SPY,equities,1day,data/1day/spy_daily.csv
2021-05-24 00:00:00+00:00,389.7884757512618,392.5717554519268,389.545631041642,391.4976806640625,51376700,SPY,equities,1day,data/1day/spy_daily.csv
2021-05-25 00:00:00+00:00,392.5810186375285,392.9359366989268,390.0499329669356,390.6289978027344,57451400,SPY,equities,1day,data/1day/spy_daily.csv
2021-05-26 00:00:00+00:00,391.2174888575059,391.9086272170112,390.180781318248,391.404296875,43088600,SPY,equities,1day,data/1day/spy_daily.csv
2021-05-27 00:00:00+00:00,392.4316202322079,392.9452994425397,391.3294987126263,391.6097106933594,56707700,SPY,equities,1day,data/1day/spy_daily.csv
2021-05-28 00:00:00+00:00,393.1788390804018,393.4403531898839,392.07674594064906,392.3102416992188,58520200,SPY,equities,1day,data/1day/spy_daily.csv
2021-06-01 00:00:00+00:00,394.67320566118025,394.81329741149153,391.525687491623,391.9646606445313,54216600,SPY,equities,1day,data/1day/spy_daily.csv
2021-06-02 00:00:00+00:00,392.6184219876301,393.4216621744855,391.60973290730567,392.5810546875,49097100,SPY,equities,1day,data/1day/spy_daily.csv
2021-06-03 00:00:00+00:00,390.26480554943856,392.2635143648258,388.7984453863478,391.1240539550781,58138800,SPY,equities,1day,data/1day/spy_daily.csv
2021-06-04 00:00:00+00:00,392.9733282256469,395.0000837788047,391.1894173616605,394.7012023925781,55938800,SPY,equities,1day,data/1day/spy_daily.csv
2021-06-07 00:00:00+00:00,394.6918553053636,394.8693143478423,393.3842848630719,394.3182678222656,51555000,SPY,equities,1day,data/1day/spy_daily.csv
2021-06-08 00:00:00+00:00,395.1774759507784,395.27087993776814,392.57168428200526,394.40228271484375,47134300,SPY,equities,1day,data/1day/spy_daily.csv
2021-06-09 00:00:00+00:00,395.2429578336774,395.317692442625,393.58981802271103,393.81396484375,48436300,SPY,equities,1day,data/1day/spy_daily.csv
2021-06-10 00:00:00+00:00,395.0374784616624,396.5972427580908,393.720558888761,395.6445617675781,51020100,SPY,equities,1day,data/1day/spy_daily.csv
2021-06-11 00:00:00+00:00,396.195554371816,396.4103521952226,394.90665341979326,396.29827880859375,45570800,SPY,equities,1day,data/1day/spy_daily.csv
2021-06-14 00:00:00+00:00,396.4103860815458,397.2883323557152,395.1682012696967,397.18560791015625,42358500,SPY,equities,1day,data/1day/spy_daily.csv
2021-06-15 00:00:00+00:00,397.3350079519186,397.3723467449024,395.5791155832376,396.4570617675781,51508500,SPY,equities,1day,data/1day/spy_daily.csv
2021-06-16 00:00:00+00:00,396.5971548550764,396.82130162532735,392.1981034715285,394.2434997558594,80386100,SPY,equities,1day,data/1day/spy_daily.csv
2021-06-17 00:00:00+00:00,393.832609480347,395.0934636810587,391.6377438115296,394.11279296875,90949700,SPY,equities,1day,data/1day/spy_daily.csv
2021-06-18 00:00:00+00:00,390.82940868218697,391.5228080642645,388.5899013988071,388.7960510253906,118676300,SPY,equities,1day,data/1day/spy_daily.csv
2021-06-21 00:00:00+00:00,390.5576558078238,394.5494491775668,389.74243684552914,394.3620300292969,72822000,SPY,equities,1day,data/1day/spy_daily.csv
2021-06-22 00:00:00+00:00,394.352679752593,397.3043454678535,393.6311417670724,396.4703674316406,57700300,SPY,equities,1day,data/1day/spy_daily.csv
2021-06-23 00:00:00+00:00,396.5453114225933,397.3511507786434,395.9081321276498,395.9924621582031,49445400,SPY,equities,1day,data/1day/spy_daily.csv
2021-06-24 00:00:00+00:00,398.13831292432985,398.756733186704,397.88529422084855,398.3350830078125,45110300,SPY,equities,1day,data/1day/spy_daily.csv
2021-06-25 00:00:00+00:00,399.0846801731096,400.1997582443463,398.75671098813206,399.7499694824219,58129500,SPY,equities,1day,data/1day/spy_daily.csv
2021-06-28 00:00:00+00:00,400.274777553691,400.72453776466034,399.07536933086,400.5558776855469,53159600,SPY,equities,1day,data/1day/spy_daily.csv
2021-06-29 00:00:00+00:00,400.9400528954754,401.57723223614346,400.237273994288,400.7713928222656,35970500,SPY,equities,1day,data/1day/spy_daily.csv
2021-06-30 00:00:00+00:00,400.3122456149289,401.78340305544015,400.2841356012442,401.1087341308594,64827900,SPY,equities,1day,data/1day/spy_daily.csv
2021-07-01 00:00:00+00:00,401.8677812471256,403.4888684869052,401.8021816752853,403.3295593261719,53441000,SPY,equities,1day,data/1day/spy_daily.csv
2021-07-02 00:00:00+00:00,404.49143596219454,406.7684327334074,403.4138187727541,406.412353515625,57697700,SPY,equities,1day,data/1day/spy_daily.csv
2021-07-06 00:00:00+00:00,406.4686076794865,406.6841368547064,402.9359824093808,405.672119140625,68710400,SPY,equities,1day,data/1day/spy_daily.csv
2021-07-07 00:00:00+00:00,406.35615449938257,407.38690265779184,404.3415272693066,407.1057739257813,63549500,SPY,equities,1day,data/1day/spy_daily.csv
2021-07-08 00:00:00+00:00,401.7834199082824,404.5476952865336,400.60274209170535,403.7886962890625,97595200,SPY,equities,1day,data/1day/spy_daily.csv
2021-07-09 00:00:00+00:00,405.2972933549247,408.3988887478352,403.59187628680496,408.0990295410156,76238600,SPY,equities,1day,data/1day/spy_daily.csv
2021-07-12 00:00:00+00:00,408.01468314938586,409.8138097220538,407.583653429449,409.560791015625,52889600,SPY,equities,1day,data/1day/spy_daily.csv
2021-07-13 00:00:00+00:00,408.7736811446095,410.2729485190576,407.9022421705888,408.1646118164063,52911300,SPY,equities,1day,data/1day/spy_daily.csv
2021-07-14 00:00:00+00:00,409.8606803722424,410.34795874869207,407.5274633950544,408.7737121582031,64130400,SPY,equities,1day,data/1day/spy_daily.csv
2021-07-15 00:00:00+00:00,407.43375298751454,408.10842192602513,405.4753457373174,407.3775329589844,55126400,SPY,equities,1day,data/1day/spy_daily.csv
2021-07-16 00:00:00+00:00,408.5582649361013,408.6051054340391,403.7887412422356,404.1822814941406,75874700,SPY,equities,1day,data/1day/spy_daily.csv
2021-07-19 00:00:00+00:00,399.3564143570752,404.24775614946304,395.4021110031052,398.2132263183594,147987000,SPY,equities,1day,data/1day/spy_daily.csv
2021-07-20 00:00:00+00:00,398.87849813382,405.1941563775408,398.0820097768181,403.9197692871094,99608200,SPY,equities,1day,data/1day/spy_daily.csv
2021-07-21 00:00:00+00:00,405.1192467876088,407.33067265477706,403.8729980876093,407.1900939941406,64724400,SPY,equities,1day,data/1day/spy_daily.csv
2021-07-22 00:00:00+00:00,407.3681472338477,408.28645534613815,406.3842681533673,408.0428161621094,47878500,SPY,equities,1day,data/1day/spy_daily.csv
2021-07-23 00:00:00+00:00,409.9731072389194,412.5780733348413,409.2890873803712,412.2407531738281,63766600,SPY,equities,1day,data/1day/spy_daily.csv
2021-07-26 00:00:00+00:00,411.65041860813767,413.2621261186514,411.60357811733337,413.2527465820313,43719200,SPY,equities,1day,data/1day/spy_daily.csv
2021-07-27 00:00:00+00:00,412.2126221686252,412.24073218061153,408.539418557589,411.3692932128906,67397100,SPY,equities,1day,data/1day/spy_daily.csv
2021-07-28 00:00:00+00:00,411.9970804846023,412.5780397787504,409.7763038167769,411.2005920410156,52472400,SPY,equities,1day,data/1day/spy_daily.csv
2021-07-29 00:00:00+00:00,412.1282460330738,413.98356380892966,412.1188664980787,412.9059753417969,47435300,SPY,equities,1day,data/1day/spy_daily.csv
2021-07-30 00:00:00+00:00,410.338588975124,412.35321630587856,410.20738984106623,410.90081787109375,68951200,SPY,equities,1day,data/1day/spy_daily.csv
2021-08-02 00:00:00+00:00,412.6155830148607,413.1684323698136,409.68264755521176,410.0387268066406,58783300,SPY,equities,1day,data/1day/spy_daily.csv
2021-08-03 00:00:00+00:00,410.8352061543172,413.49639234731455,408.642539261414,413.3745727539063,58053900,SPY,equities,1day,data/1day/spy_daily.csv
2021-08-04 00:00:00+00:00,412.0908364864167,413.34646478534535,411.1069573898092,411.3412170410156,46732200,SPY,equities,1day,data/1day/spy_daily.csv
2021-08-05 00:00:00+00:00,412.5030891792091,414.0304665079831,412.1844995210822,413.9461364746094,38969700,SPY,equities,1day,data/1day/spy_daily.csv
2021-08-06 00:00:00+00:00,414.2647883063957,415.0518973321597,413.98365955681214,414.6302185058594,46930000,SPY,equities,1day,data/1day/spy_daily.csv
2021-08-09 00:00:00+00:00,414.6020873502762,414.920677039973,413.5244986888596,414.2928771972656,41222600,SPY,equities,1day,data/1day/spy_daily.csv
2021-08-10 00:00:00+00:00,414.74262797605,415.52038600343246,414.0586081210977,414.8082275390625,43339300,SPY,equities,1day,data/1day/spy_daily.csv
2021-08-11 00:00:00+00:00,415.8764482884493,415.93266831269824,414.75199061117655,415.8389587402344,44034300,SPY,equities,1day,data/1day/spy_daily.csv
2021-08-12 00:00:00+00:00,415.6889964080685,417.2257532062454,414.7894474947777,417.0851745605469,38909400,SPY,equities,1day,data/1day/spy_daily.csv
2021-08-13 00:00:00+00:00,417.5349995492506,417.86296875743454,417.0477498031309,417.84423828125,39470300,SPY,equities,1day,data/1day/spy_daily.csv
2021-08-16 00:00:00+00:00,416.5417182820602,418.95926500085824,414.98623095911614,418.8280944824219,73740000,SPY,equities,1day,data/1day/spy_daily.csv
2021-08-17 00:00:00+00:00,416.2700627013434,416.9447317088072,413.0935163801424,416.0826721191406,92673900,SPY,equities,1day,data/1day/spy_daily.csv
2021-08-18 00:00:00+00:00,415.0705996443618,416.6354666486862,411.2849843863083,411.5285949707031,89351900,SPY,equities,1day,data/1day/spy_daily.csv
2021-08-19 00:00:00+00:00,408.8018064511608,413.3652083057249,408.66125638495504,412.165771484375,92812200,SPY,equities,1day,data/1day/spy_daily.csv
2021-08-20 00:00:00+00:00,412.51246706573465,415.7733427277286,412.0251887466631,415.44537353515625,72008700,SPY,equities,1day,data/1day/spy_daily.csv
2021-08-23 00:00:00+00:00,417.132066923601,420.00878201499984,415.5203595410852,419.099853515625,54973000,SPY,equities,1day,data/1day/spy_daily.csv
2021-08-24 00:00:00+00:00,419.7651672363281,420.2992860816183,419.2498074638783,419.7651672363281,38744700,SPY,equities,1day,data/1day/spy_daily.csv
2021-08-25 00:00:00+00:00,419.952566221922,421.1613253238744,419.5777279368879,420.6459655761719,40529700,SPY,equities,1day,data/1day/spy_daily.csv
2021-08-26 00:00:00+00:00,420.3648902398338,420.599149899653,418.0691627312955,418.1628723144531,57829600,SPY,equities,1day,data/1day/spy_daily.csv
2021-08-27 00:00:00+00:00,418.9686457566805,422.27639048792906,418.91242573488046,421.9015808105469,77235100,SPY,equities,1day,data/1day/spy_daily.csv
2021-08-30 00:00:00+00:00,422.5763107047628,424.544097540426,422.332671511008,423.7569885253906,48357400,SPY,equities,1day,data/1day/spy_daily.csv
2021-08-31 00:00:00+00:00,423.6632387027082,424.0005588501911,422.5294300788062,423.1291198730469,59300200,SPY,equities,1day,data/1day/spy_daily.csv
2021-09-01 00:00:00+00:00,424.0661623524176,424.5815221145776,423.11974426960506,423.35400390625,48721400,SPY,equities,1day,data/1day/spy_daily.csv
2021-09-02 00:00:00+00:00,424.7783442513679,425.4623641266029,423.45711639620544,424.6565246582031,42501000,SPY,equities,1day,data/1day/spy_daily.csv
2021-09-03 00:00:00+00:00,423.52271669627993,425.068824666954,423.119768365232,424.5534362792969,47170500,SPY,equities,1day,data/1day/spy_daily.csv
2021-09-07 00:00:00+00:00,424.20663733137576,424.3003468886767,422.3606705775006,423.0353393554688,51671500,SPY,equities,1day,data/1day/spy_daily.csv
2021-09-08 00:00:00+00:00,422.5012890564802,423.23217791852863,420.5990735119181,422.52001953125,56181900,SPY,equities,1day,data/1day/spy_daily.csv
2021-09-09 00:00:00+00:00,422.3233470875626,424.07560485445447,420.4680001952441,420.7116394042969,57970400,SPY,equities,1day,data/1day/spy_daily.csv
2021-09-10 00:00:00+00:00,422.64186111668704,423.0635112920505,417.27262011455633,417.3944396972656,89948200,SPY,equities,1day,data/1day/spy_daily.csv
2021-09-13 00:00:00+00:00,420.3929414709391,420.655311091556,416.1481298650124,418.4626159667969,83738600,SPY,equities,1day,data/1day/spy_daily.csv
2021-09-14 00:00:00+00:00,419.9056608987367,420.11181049925545,415.314178264794,416.2043762207031,78197100,SPY,equities,1day,data/1day/spy_daily.csv
2021-09-15 00:00:00+00:00,416.62603163088704,420.1774153681429,415.5203331214561,419.6807861328125,78792200,SPY,equities,1day,data/1day/spy_daily.csv
2021-09-16 00:00:00+00:00,419.15605298019295,420.1305523944603,416.0638088883506,419.0155029296875,77786700,SPY,equities,1day,data/1day/spy_daily.csv
2021-09-17 00:00:00+00:00,418.2428908298914,418.6658919018536,414.5767094129711,414.9339294433594,118425000,SPY,equities,1day,data/1day/spy_daily.csv
2021-09-20 00:00:00+00:00,408.8048283528595,410.384089550766,403.1457660287209,408.0151977539063,166445500,SPY,equities,1day,data/1day/spy_daily.csv
2021-09-21 00:00:00+00:00,410.3559031370975,411.6531636956014,407.1033708429469,407.6297912597656,92526100,SPY,equities,1day,data/1day/spy_daily.csv
2021-09-22 00:00:00+00:00,409.9046690416803,413.6460407463108,407.74258725869817,411.6061401367188,102350100,SPY,equities,1day,data/1day/spy_daily.csv
2021-09-23 00:00:00+00:00,413.4768249344985,418.2146371474796,413.2418148065021,416.6071472167969,76396000,SPY,equities,1day,data/1day/spy_daily.csv
2021-09-24 00:00:00+00:00,414.9714643868074,418.0078054106592,414.7552447526697,417.2933654785156,62094800,SPY,equities,1day,data/1day/spy_daily.csv
2021-09-27 00:00:00+00:00,416.25933916263614,417.4249802239827,415.4038988493783,416.09954833984375,61371100,SPY,equities,1day,data/1day/spy_daily.csv
2021-09-28 00:00:00+00:00,413.32642918282806,413.655449110857,406.98115550934745,407.7143859863281,130436300,SPY,equities,1day,data/1day/spy_daily.csv
2021-09-29 00:00:00+00:00,409.0961944642292,410.83527498638745,407.8365437384503,408.4005737304688,82329200,SPY,equities,1day,data/1day/spy_daily.csv
2021-09-30 00:00:00+00:00,409.8764511666684,410.58148154628566,403.07056708218,403.4089965820313,140506000,SPY,equities,1day,data/1day/spy_daily.csv
2021-10-01 00:00:00+00:00,405.138703737529,409.8858972411242,401.613551525623,408.2032165527344,129240100,SPY,equities,1day,data/1day/spy_daily.csv
2021-10-04 00:00:00+00:00,407.03752756364304,407.9399583912579,400.7956450105568,402.93896484375,128570000,SPY,equities,1day,data/1day/spy_daily.csv
2021-10-05 00:00:00+00:00,404.4429698005577,409.3781818674235,403.6439584161272,407.1315002441406,90682500,SPY,equities,1day,data/1day/spy_daily.csv
2021-10-06 00:00:00+00:00,403.5312059070278,409.0304489893108,401.90495407806975,408.8236389160156,113032200,SPY,equities,1day,data/1day/spy_daily.csv
2021-10-07 00:00:00+00:00,412.1044146962141,415.19712763222657,411.9258046861997,412.3582153320313,72437500,SPY,equities,1day,data/1day/spy_daily.csv
2021-10-08 00:00:00+00:00,413.1290299205683,413.5144499873672,410.9763290353788,411.6061401367188,74557400,SPY,equities,1day,data/1day/spy_daily.csv
2021-10-11 00:00:00+00:00,410.9480912711501,413.86222243707743,408.5603804682312,408.6261901855469,65233300,SPY,equities,1day,data/1day/spy_daily.csv
2021-10-12 00:00:00+00:00,409.54736960058153,409.9515800440045,406.8306393669295,407.6202697753906,71181200,SPY,equities,1day,data/1day/spy_daily.csv
2021-10-13 00:00:00+00:00,408.6449413530447,409.9045920067545,405.66502944424553,409.0867614746094,72974000,SPY,equities,1day,data/1day/spy_daily.csv
2021-10-14 00:00:00+00:00,412.7529748558683,416.1183359496485,412.2829546004724,415.9679260253906,70236800,SPY,equities,1day,data/1day/spy_daily.csv
2021-10-15 00:00:00+00:00,418.0830234599393,419.50249383265776,417.4625932709582,419.1358642578125,66260200,SPY,equities,1day,data/1day/spy_daily.csv
2021-10-18 00:00:00+00:00,417.349747161472,420.7150792484789,416.6917073911921,420.3766784667969,62213200,SPY,equities,1day,data/1day/spy_daily.csv
2021-10-19 00:00:00+00:00,422.0030022074686,423.6856540804756,421.39195292020696,423.619873046875,46996800,SPY,equities,1day,data/1day/spy_daily.csv
2021-10-20 00:00:00+00:00,424.0804103805355,425.5844806876447,423.9676101278594,425.2836608886719,49571600,SPY,equities,1day,data/1day/spy_daily.csv
2021-10-21 00:00:00+00:00,424.6820942267509,426.618575397613,424.2496836213109,426.3929748535156,41305400,SPY,equities,1day,data/1day/spy_daily.csv
2021-10-22 00:00:00+00:00,425.96052042413305,427.4081907045908,424.0052202839226,425.95111083984375,58845100,SPY,equities,1day,data/1day/spy_daily.csv
2021-10-25 00:00:00+00:00,427.0416324269042,428.5644935725112,425.26497065295007,428.2354736328125,45214500,SPY,equities,1day,data/1day/spy_daily.csv
2021-10-26 00:00:00+00:00,429.7865499138608,430.99918156529145,428.2448696453988,428.6208801269531,56075100,SPY,equities,1day,data/1day/spy_daily.csv
2021-10-27 00:00:00+00:00,429.0815570599391,429.74897787469854,426.6468265828863,426.7220458984375,72438000,SPY,equities,1day,data/1day/spy_daily.csv
2021-10-28 00:00:00+00:00,428.1508854588699,430.9146071296096,428.14150456050857,430.8394165039063,51437900,SPY,equities,1day,data/1day/spy_daily.csv
2021-10-29 00:00:00+00:00,428.53631168742606,432.005063860842,428.2449013910372,431.7136535644531,70162400,SPY,equities,1day,data/1day/spy_daily.csv
2021-11-01 00:00:00+00:00,432.70065934906575,433.07669852419264,430.7265971184563,432.4562683105469,48433600,SPY,equities,1day,data/1day/spy_daily.csv
2021-11-02 00:00:00+00:00,432.6254507202016,434.51494135185385,432.4938312768331,434.2047119140625,48908400,SPY,equities,1day,data/1day/spy_daily.csv
2021-11-03 00:00:00+00:00,433.6407307983925,437.2598929585616,433.198910555134,436.8556823730469,52509800,SPY,equities,1day,data/1day/spy_daily.csv
2021-11-04 00:00:00+00:00,437.4573179238719,438.99899841219184,437.1095074616392,438.9143981933594,52847100,SPY,equities,1day,data/1day/spy_daily.csv
2021-11-05 00:00:00+00:00,441.14219466561576,442.4300455313022,438.9237129061649,440.4371643066406,66390600,SPY,equities,1day,data/1day/spy_daily.csv
2021-11-08 00:00:00+00:00,441.5370820452728,442.0353024166088,440.1270211428771,440.813232421875,50405200,SPY,equities,1day,data/1day/spy_daily.csv
2021-11-09 00:00:00+00:00,441.1798516736207,441.4148618185051,437.9461097849906,439.3561706542969,51149100,SPY,equities,1day,data/1day/spy_daily.csv
2021-11-10 00:00:00+00:00,437.6640350330447,439.35612511347824,434.3363123816006,435.8215637207031,69429700,SPY,equities,1day,data/1day/spy_daily.csv
2021-11-11 00:00:00+00:00,437.3163073295594,437.3915266474943,435.9438559987734,435.962646484375,34848500,SPY,equities,1day,data/1day/spy_daily.csv
2021-11-12 00:00:00+00:00,437.2316954723227,439.8073976316151,436.2822452510813,439.2527770996094,53466700,SPY,equities,1day,data/1day/spy_daily.csv
2021-11-15 00:00:00+00:00,440.5406680944853,440.70045894132767,438.2751666643262,439.4031982421875,46980500,SPY,equities,1day,data/1day/spy_daily.csv
2021-11-16 00:00:00+00:00,439.1400121634308,442.2797446939039,439.0648215292093,441.1423034667969,48857500,SPY,equities,1day,data/1day/spy_daily.csv
2021-11-17 00:00:00+00:00,440.8790082432791,441.0576182388675,439.4501569663317,440.0705871582031,47858300,SPY,equities,1day,data/1day/spy_daily.csv
2021-11-18 00:00:00+00:00,441.10469867386576,441.8285483890944,438.3785863209398,441.5653381347656,50625600,SPY,equities,1day,data/1day/spy_daily.csv
2021-11-19 00:00:00+00:00,441.4524364328998,442.7027064508368,440.4090051747564,440.775634765625,57315600,SPY,equities,1day,data/1day/spy_daily.csv
2021-11-22 00:00:00+00:00,442.65567024625074,445.1467717517106,439.32791895320247,439.5347290039063,72762000,SPY,equities,1day,data/1day/spy_daily.csv
2021-11-23 00:00:00+00:00,439.2057132997234,440.9729939884895,436.6018115031317,440.1175537109375,73206500,SPY,equities,1day,data/1day/spy_daily.csv
2021-11-24 00:00:00+00:00,438.1153217416672,441.4148734428188,437.2974910059745,441.2926635742188,61858800,SPY,equities,1day,data/1day/spy_daily.csv
2021-11-26 00:00:00+00:00,434.61840245701467,436.084863615736,430.32240968502606,431.4504699707031,112669600,SPY,equities,1day,data/1day/spy_daily.csv
2021-11-29 00:00:00+00:00,436.24460804442816,438.5852997432788,434.0449166850697,436.7428283691406,86268800,SPY,equities,1day,data/1day/spy_daily.csv
2021-11-30 00:00:00+00:00,434.29876746658414,436.2070487821844,428.0004838225912,428.2449035644531,148559600,SPY,equities,1day,data/1day/spy_daily.csv
2021-12-01 00:00:00+00:00,433.9603470803366,436.80866888995706,423.290880760792,423.48828125,131939200,SPY,equities,1day,data/1day/spy_daily.csv
2021-12-02 00:00:00+00:00,423.7044938415965,431.54442870471775,423.3096641820062,429.97454833984375,127637800,SPY,equities,1day,data/1day/spy_daily.csv
2021-12-03 00:00:00+00:00,431.6383868949673,432.7006085078322,422.0029722635854,426.233154296875,137331600,SPY,equities,1day,data/1day/spy_daily.csv
2021-12-06 00:00:00+00:00,428.7807081333176,433.16130061518345,426.3647969926562,431.2812194824219,98977500,SPY,equities,1day,data/1day/spy_daily.csv
2021-12-07 00:00:00+00:00,436.5642266881175,440.7662090115453,431.1495840464495,440.2021789550781,95484700,SPY,equities,1day,data/1day/spy_daily.csv
2021-12-08 00:00:00+00:00,440.5969864571496,441.8190276116101,438.8390866538285,441.3677978515625,72238800,SPY,equities,1day,data/1day/spy_daily.csv
2021-12-09 00:00:00+00:00,440.0799397869197,441.471210008513,438.1904779520681,438.3878784179688,61272600,SPY,equities,1day,data/1day/spy_daily.csv
2021-12-10 00:00:00+00:00,441.095267653136,442.66511941343407,438.53835603543934,442.51470947265625,77159800,SPY,equities,1day,data/1day/spy_daily.csv
2021-12-13 00:00:00+00:00,441.997668765506,442.3454791791736,438.3126971846737,438.5947265625,87724700,SPY,equities,1day,data/1day/spy_daily.csv
2021-12-14 00:00:00+00:00,435.32340883194223,437.814510746309,432.6536969041149,435.57720947265625,97264100,SPY,equities,1day,data/1day/spy_daily.csv
2021-12-15 00:00:00+00:00,435.6335428118317,442.6274171238725,433.114212690749,442.3830261230469,116899300,SPY,equities,1day,data/1day/spy_daily.csv
2021-12-16 00:00:00+00:00,444.23497726904446,444.5169779638093,436.930843709259,438.48193359375,116568600,SPY,equities,1day,data/1day/spy_daily.csv
2021-12-17 00:00:00+00:00,435.400025670144,438.40929266529145,432.1077672413191,433.8152160644531,135511600,SPY,equities,1day,data/1day/spy_daily.csv
2021-12-20 00:00:00+00:00,428.73062942371416,429.5984890492109,425.57986657914137,429.2023010253906,107134800,SPY,equities,1day,data/1day/spy_daily.csv
2021-12-21 00:00:00+00:00,432.6265140421514,436.9658975460039,430.45683668449686,436.8244018554688,69806300,SPY,equities,1day,data/1day/spy_daily.csv
2021-12-22 00:00:00+00:00,436.56976321936594,441.3053352382026,436.3716404397457,441.192138671875,58890200,SPY,equities,1day,data/1day/spy_daily.csv
2021-12-23 00:00:00+00:00,442.1920654168208,445.4371678906433,442.08831149730497,443.937255859375,56439700,SPY,equities,1day,data/1day/spy_daily.csv
2021-12-27 00:00:00+00:00,445.3145747017814,450.267126346224,445.2674190586824,450.219970703125,56808600,SPY,equities,1day,data/1day/spy_daily.csv
2021-12-28 00:00:00+00:00,450.6538676577589,451.6821081838997,449.0879146544429,449.8520202636719,47274600,SPY,equities,1day,data/1day/spy_daily.csv
2021-12-29 00:00:00+00:00,449.9558796383576,451.4463493259037,448.9559380833534,450.4275512695313,54503000,SPY,equities,1day,data/1day/spy_daily.csv
2021-12-30 00:00:00+00:00,450.8519578886304,451.8613419081985,448.72002207295793,449.1822509765625,55329000,SPY,equities,1day,data/1day/spy_daily.csv
2021-12-31 00:00:00+00:00,448.6917271226337,449.8425780707584,447.7766831616036,448.05023193359375,65237400,SPY,equities,1day,data/1day/spy_daily.csv
2022-01-03 00:00:00+00:00,449.3142919985144,450.77649102777576,447.0031187538817,450.6444091796875,72668200,SPY,equities,1day,data/1day/spy_daily.csv
2022-01-04 00:00:00+00:00,452.0689260726104,452.7858761115812,448.6351430318022,450.4935302734375,71178700,SPY,equities,1day,data/1day/spy_daily.csv
2022-01-05 00:00:00+00:00,450.12563049513625,450.8991788038624,441.7487385385624,441.8430786132813,104538900,SPY,equities,1day,data/1day/spy_daily.csv
2022-01-06 00:00:00+00:00,441.380853389721,444.1448419921144,439.0602084439973,441.4280090332031,86858900,SPY,equities,1day,data/1day/spy_daily.csv
2022-01-07 00:00:00+00:00,441.4374335019172,442.61661242591146,438.3243838694435,439.6828002929688,85111600,SPY,equities,1day,data/1day/spy_daily.csv
2022-01-10 00:00:00+00:00,436.4847981906603,439.3525400552865,430.73040038903787,439.1355895996094,119362000,SPY,equities,1day,data/1day/spy_daily.csv
2022-01-11 00:00:00+00:00,438.8715061877595,443.2297465587139,435.8716533501861,443.1354064941406,74303100,SPY,equities,1day,data/1day/spy_daily.csv
2022-01-12 00:00:00+00:00,444.8711475087788,446.38994479619777,442.3712941726711,444.33343505859375,67605400,SPY,equities,1day,data/1day/spy_daily.csv
2022-01-13 00:00:00+00:00,445.4372244689905,446.0881335750446,437.1829715327748,438.2112121582031,91173100,SPY,equities,1day,data/1day/spy_daily.csv
2022-01-14 00:00:00+00:00,435.0604719206195,438.7395048053525,433.843551078094,438.3904724121094,95890900,SPY,equities,1day,data/1day/spy_daily.csv
2022-01-18 00:00:00+00:00,433.6925742478842,433.9001108941868,429.51357096718334,430.626708984375,109709100,SPY,equities,1day,data/1day/spy_daily.csv
2022-01-19 00:00:00+00:00,432.1738074172843,433.5699368723863,425.88169585972383,426.1552734375,109357600,SPY,equities,1day,data/1day/spy_daily.csv
2022-01-20 00:00:00+00:00,428.04193941787696,432.749212360242,419.3160155840139,421.43853759765625,122379700,SPY,equities,1day,data/1day/spy_daily.csv
2022-01-21 00:00:00+00:00,420.3159019813411,422.6742594656553,413.13707561758935,413.1653747558594,202271200,SPY,equities,1day,data/1day/spy_daily.csv
2022-01-24 00:00:00+00:00,407.5525662882195,415.42948785761394,396.9210986643511,414.9200744628906,251783900,SPY,equities,1day,data/1day/spy_daily.csv
2022-01-25 00:00:00+00:00,408.52419175491247,414.8068607349304,402.9490301538802,409.8543090820313,167997300,SPY,equities,1day,data/1day/spy_daily.csv
2022-01-26 00:00:00+00:00,415.7502159505603,418.8821222815148,404.5621506367216,408.8260803222656,186391100,SPY,equities,1day,data/1day/spy_daily.csv
2022-01-27 00:00:00+00:00,413.4295686804275,416.5708886311564,405.1187180219956,406.8072814941406,149878300,SPY,equities,1day,data/1day/spy_daily.csv
2022-01-28 00:00:00+00:00,408.1657129140467,416.95767810367454,403.5810789597359,416.9105224609375,164457400,SPY,equities,1day,data/1day/spy_daily.csv
2022-01-31 00:00:00+00:00,416.2406674122429,424.7684964246404,414.891693794857,424.4194641113281,152251400,SPY,equities,1day,data/1day/spy_daily.csv
2022-02-01 00:00:00+00:00,425.1458547347863,427.9287283515847,421.6177608084225,427.2872619628906,123155400,SPY,equities,1day,data/1day/spy_daily.csv
2022-02-02 00:00:00+00:00,429.6927977248774,432.1643521308704,427.38159553014776,431.43798828125,117361000,SPY,equities,1day,data/1day/spy_daily.csv
2022-02-03 00:00:00+00:00,425.40063739567904,427.3061803398797,420.4574993371218,421.2970886230469,118024400,SPY,equities,1day,data/1day/spy_daily.csv
2022-02-04 00:00:00+00:00,421.06118368926354,427.1268727004783,418.6839407358892,423.2780456542969,118454400,SPY,equities,1day,data/1day/spy_daily.csv
2022-02-07 00:00:00+00:00,424.0421998784849,425.4383293530502,420.5895604027736,421.919677734375,84472900,SPY,equities,1day,data/1day/spy_daily.csv
2022-02-08 00:00:00+00:00,421.4196773714475,426.31563040935833,419.99522006477935,425.3911437988281,81012000,SPY,equities,1day,data/1day/spy_daily.csv
2022-02-09 00:00:00+00:00,429.4285639873432,431.9378596021176,429.23047003549135,431.61712646484375,92589900,SPY,equities,1day,data/1day/spy_daily.csv
2022-02-10 00:00:00+00:00,425.76845767621467,431.7775484247765,421.86303233721947,423.8629150390625,140103700,SPY,equities,1day,data/1day/spy_daily.csv
2022-02-11 00:00:00+00:00,423.947845988049,426.0231836326423,414.0710421144383,415.5049133300781,153214600,SPY,equities,1day,data/1day/spy_daily.csv
2022-02-14 00:00:00+00:00,414.9955162101405,416.5803257355876,410.674988617769,414.146484375,123006300,SPY,equities,1day,data/1day/spy_daily.csv
2022-02-15 00:00:00+00:00,418.58972050435466,420.9952343328552,418.0708644315541,420.825439453125,88482700,SPY,equities,1day,data/1day/spy_daily.csv
2022-02-16 00:00:00+00:00,418.7783495538221,422.6743616661116,416.90110575473415,421.2970886230469,84863600,SPY,equities,1day,data/1day/spy_daily.csv
2022-02-17 00:00:00+00:00,418.1084506831646,421.2686552268729,411.6937303344617,412.2974548339844,102259100,SPY,equities,1day,data/1day/spy_daily.csv
2022-02-18 00:00:00+00:00,412.5522091171069,413.8068715126111,407.3544084156553,409.62786865234375,132642900,SPY,equities,1day,data/1day/spy_daily.csv
2022-02-22 00:00:00+00:00,407.4205273459961,410.8259826372978,401.7321399493936,405.2319641113281,124391800,SPY,equities,1day,data/1day/spy_daily.csv
2022-02-23 00:00:00+00:00,408.14686816140767,408.7128798332859,397.4776589824186,398.0436706542969,132578000,SPY,equities,1day,data/1day/spy_daily.csv
2022-02-24 00:00:00+00:00,387.7328468581733,404.4677720037459,387.3744006844994,404.0338134765625,213942900,SPY,equities,1day,data/1day/spy_daily.csv
2022-02-25 00:00:00+00:00,405.26959895160047,413.0333227139032,403.6187485934904,412.9484252929688,121804500,SPY,equities,1day,data/1day/spy_daily.csv
2022-02-28 00:00:00+00:00,407.5525226744369,413.37296233027865,406.29788900505855,411.8919067382813,145615000,SPY,equities,1day,data/1day/spy_daily.csv
2022-03-01 00:00:00+00:00,410.39193496566537,412.40126010398416,402.91120331174136,405.6186218261719,137785900,SPY,equities,1day,data/1day/spy_daily.csv
2022-03-02 00:00:00+00:00,407.8732634005898,414.8068411449072,407.1186004140651,413.0805358886719,117726500,SPY,equities,1day,data/1day/spy_daily.csv
2022-03-03 00:00:00+00:00,415.51437058927706,416.1180952528959,409.22225892771945,411.0240478515625,105501700,SPY,equities,1day,data/1day/spy_daily.csv
2022-03-04 00:00:00+00:00,407.2884145484183,408.81662588103086,403.63768107861074,407.68463134765625,113978200,SPY,equities,1day,data/1day/spy_daily.csv
2022-03-07 00:00:00+00:00,407.0997895778944,407.8072970528567,395.6004324484227,395.6664733886719,137896600,SPY,equities,1day,data/1day/spy_daily.csv
2022-03-08 00:00:00+00:00,395.84562657872834,403.0055972451965,391.6005826334159,392.6665649414063,164772700,SPY,equities,1day,data/1day/spy_daily.csv
2022-03-09 00:00:00+00:00,401.05283573374976,405.175239820648,398.8642731796688,403.1942138671875,116990800,SPY,equities,1day,data/1day/spy_daily.csv
2022-03-10 00:00:00+00:00,398.5813710564199,402.269846539242,396.6192298055696,401.3736877441406,93972700,SPY,equities,1day,data/1day/spy_daily.csv
2022-03-11 00:00:00+00:00,403.8640420157582,404.4772092709991,395.7607282684723,396.2701416015625,95636300,SPY,equities,1day,data/1day/spy_daily.csv
2022-03-14 00:00:00+00:00,397.0436722577172,400.4962825052735,392.23261691926257,393.3740539550781,95729200,SPY,equities,1day,data/1day/spy_daily.csv
2022-03-15 00:00:00+00:00,395.9871173439881,402.6565598796408,394.7136272071247,402.0245361328125,106219100,SPY,equities,1day,data/1day/spy_daily.csv
2022-03-16 00:00:00+00:00,405.5338702310641,410.9958072800131,400.7322274388574,410.939208984375,144954800,SPY,equities,1day,data/1day/spy_daily.csv
2022-03-17 00:00:00+00:00,409.0241959507284,416.0804138183594,408.64686440877273,416.0804138183594,102676900,SPY,equities,1day,data/1day/spy_daily.csv
2022-03-18 00:00:00+00:00,414.4678791360529,420.9593028336933,413.7297868077792,420.6375732421875,106345500,SPY,equities,1day,data/1day/spy_daily.csv
2022-03-21 00:00:00+00:00,420.4672258759616,422.4733213729706,417.00386088702027,420.5145568847656,88349800,SPY,equities,1day,data/1day/spy_daily.csv
2022-03-22 00:00:00+00:00,421.9055997031732,426.3720129518308,421.9055997031732,425.4352111816406,74650400,SPY,equities,1day,data/1day/spy_daily.csv
2022-03-23 00:00:00+00:00,422.8991946168003,424.39429439850414,419.8711071405114,419.9562683105469,79426100,SPY,equities,1day,data/1day/spy_daily.csv
2022-03-24 00:00:00+00:00,421.9812404653612,426.2962456583462,420.86464457725936,426.2867736816406,64736900,SPY,equities,1day,data/1day/spy_daily.csv
2022-03-25 00:00:00+00:00,426.9208242937579,428.6430492710812,424.337486827773,428.3686218261719,77101300,SPY,equities,1day,data/1day/spy_daily.csv
2022-03-28 00:00:00+00:00,427.7724596050413,431.4156188964844,425.8799123240818,431.4156188964844,68529800,SPY,equities,1day,data/1day/spy_daily.csv
2022-03-29 00:00:00+00:00,435.3047660404294,437.2446442247765,432.61735251287416,436.7525634765625,86581500,SPY,equities,1day,data/1day/spy_daily.csv
2022-03-30 00:00:00+00:00,435.6076294590831,436.4214398536475,431.9455548784965,434.0557556152344,79666900,SPY,equities,1day,data/1day/spy_daily.csv
2022-03-31 00:00:00+00:00,433.2893025074121,434.112556051826,426.9208697553412,427.3750915527344,121699900,SPY,equities,1day,data/1day/spy_daily.csv
2022-04-01 00:00:00+00:00,428.95539653095295,429.09733183282185,425.00945074906633,428.58636474609375,89048800,SPY,equities,1day,data/1day/spy_daily.csv
2022-04-04 00:00:00+00:00,428.78500420961205,432.3619176230425,427.96175071510544,432.2578125,59601000,SPY,equities,1day,data/1day/spy_daily.csv
2022-04-05 00:00:00+00:00,430.7627409154782,433.2325015603828,425.6528684021026,426.7978515625,74214500,SPY,equities,1day,data/1day/spy_daily.csv
2022-04-06 00:00:00+00:00,422.88029691792224,424.81067460735846,419.6440279336592,422.5301513671875,106898000,SPY,equities,1day,data/1day/spy_daily.csv
2022-04-07 00:00:00+00:00,421.65006696641547,426.4760682966739,419.7007455820255,424.6592102050781,78097200,SPY,equities,1day,data/1day/spy_daily.csv
2022-04-08 00:00:00+00:00,423.9022463943376,426.4193379958125,421.9813118666309,423.5237426757813,79272700,SPY,equities,1day,data/1day/spy_daily.csv
2022-04-11 00:00:00+00:00,420.2495891457632,421.09178658035466,415.7832051098399,416.2847290039063,89770500,SPY,equities,1day,data/1day/spy_daily.csv
2022-04-12 00:00:00+00:00,419.2749398176844,421.801503312204,413.1904068352256,414.7423095703125,84363600,SPY,equities,1day,data/1day/spy_daily.csv
2022-04-13 00:00:00+00:00,414.4962904899716,420.2496221966037,414.3164961668285,419.49261474609375,74070400,SPY,equities,1day,data/1day/spy_daily.csv
2022-04-14 00:00:00+00:00,419.7197436710521,420.8363687322028,414.1651209368808,414.2692260742188,97869500,SPY,equities,1day,data/1day/spy_daily.csv
2022-04-18 00:00:00+00:00,413.34180271144544,416.123849633217,412.2062627473825,414.4394836425781,66002500,SPY,equities,1day,data/1day/spy_daily.csv
2022-04-19 00:00:00+00:00,414.3354018558752,421.8488175877449,414.1650795150678,421.1296691894531,77821000,SPY,equities,1day,data/1day/spy_daily.csv
2022-04-20 00:00:00+00:00,422.9086378808468,423.523709985774,419.6534541721469,420.8173522949219,65224400,SPY,equities,1day,data/1day/spy_daily.csv
2022-04-21 00:00:00+00:00,424.4415858110535,425.8326092144807,413.6162130786086,414.5246276855469,85417300,SPY,equities,1day,data/1day/spy_daily.csv
2022-04-22 00:00:00+00:00,413.43644206750025,414.54356611501663,402.5826816695929,403.15045166015625,132471800,SPY,equities,1day,data/1day/spy_daily.csv
2022-04-25 00:00:00+00:00,400.9078614410856,405.6581458514601,396.3373424974704,405.4878234863281,119647700,SPY,equities,1day,data/1day/spy_daily.csv
2022-04-26 00:00:00+00:00,402.9517630250616,403.1505013169256,393.71615029439,393.7445373535156,103996300,SPY,equities,1day,data/1day/spy_daily.csv
2022-04-27 00:00:00+00:00,394.82323647876274,400.1980931391152,392.7130645715548,394.85162353515625,122030000,SPY,equities,1day,data/1day/spy_daily.csv
2022-04-28 00:00:00+00:00,399.6019576141651,406.55707558525125,395.1639313315665,404.8253784179688,105449100,SPY,equities,1day,data/1day/spy_daily.csv
2022-04-29 00:00:00+00:00,400.8320856724879,402.9895886209459,389.1172122790781,389.8647766113281,145491100,SPY,equities,1day,data/1day/spy_daily.csv
2022-05-02 00:00:00+00:00,389.93099434604335,393.5741537158079,383.259747710453,392.2115173339844,158312500,SPY,equities,1day,data/1day/spy_daily.csv
2022-05-03 00:00:00+00:00,392.713130893499,396.4225083192769,391.15175589422336,394.009521484375,100028200,SPY,equities,1day,data/1day/spy_daily.csv
2022-05-04 00:00:00+00:00,394.67183940897127,406.5759792490273,391.48290152050896,406.0082092285156,144247900,SPY,equities,1day,data/1day/spy_daily.csv
2022-05-05 00:00:00+00:00,401.7404848718178,402.16631958492377,387.4423032298884,391.5775146484375,172929100,SPY,equities,1day,data/1day/spy_daily.csv
2022-05-06 00:00:00+00:00,389.013137919738,392.5143334096191,383.9316525873715,389.240234375,151770800,SPY,equities,1day,data/1day/spy_daily.csv
2022-05-09 00:00:00+00:00,383.3354711443122,384.575087347115,375.1975117716512,376.7778015136719,155586100,SPY,equities,1day,data/1day/spy_daily.csv
2022-05-10 00:00:00+00:00,382.7582797214909,384.2628515965621,373.60782825671424,377.6484069824219,132497200,SPY,equities,1day,data/1day/spy_daily.csv
2022-05-11 00:00:00+00:00,376.6831078492176,382.3323619309161,370.901361613005,371.64892578125,142361000,SPY,equities,1day,data/1day/spy_daily.csv
2022-05-12 00:00:00+00:00,368.45055253884505,374.5350849474075,364.4572767318207,371.260986328125,125090800,SPY,equities,1day,data/1day/spy_daily.csv
2022-05-13 00:00:00+00:00,375.396274457315,381.5186671529909,374.35536749244255,380.1371154785156,104174400,SPY,equities,1day,data/1day/spy_daily.csv
2022-05-16 00:00:00+00:00,378.4905892750784,382.26621234005705,376.2384531036934,378.59466552734375,78622400,SPY,equities,1day,data/1day/spy_daily.csv
2022-05-17 00:00:00+00:00,384.6886388298432,386.61904522716617,380.9508462343475,386.3824768066406,83029700,SPY,equities,1day,data/1day/spy_daily.csv
2022-05-18 00:00:00+00:00,381.8214956417476,382.1053662434467,369.56723782398416,370.8068542480469,117674500,SPY,equities,1day,data/1day/spy_daily.csv
2022-05-19 00:00:00+00:00,367.7409001168937,372.96434969897865,366.3120175133911,368.5357666015625,98510700,SPY,equities,1day,data/1day/spy_daily.csv
2022-05-20 00:00:00+00:00,372.1221617156701,375.69907542713753,360.09503013105126,368.6966552734375,131432200,SPY,equities,1day,data/1day/spy_daily.csv
2022-05-23 00:00:00+00:00,371.72471605038334,376.3614806717681,369.406362617675,375.5950012207031,76414900,SPY,equities,1day,data/1day/spy_daily.csv
2022-05-24 00:00:00+00:00,371.469222937356,373.9200684973476,366.17008413397616,372.727783203125,91448800,SPY,equities,1day,data/1day/spy_daily.csv
2022-05-25 00:00:00+00:00,371.2326698997725,377.9890786519279,370.8352510778718,376.0208129882813,91472900,SPY,equities,1day,data/1day/spy_daily.csv
2022-05-26 00:00:00+00:00,377.2509075043551,385.1712128882923,377.04272615796106,383.5341491699219,82168300,SPY,equities,1day,data/1day/spy_daily.csv
2022-05-27 00:00:00+00:00,385.9944682150054,393.0631331726297,385.7957588445441,392.9495849609375,84768700,SPY,equities,1day,data/1day/spy_daily.csv
2022-05-31 00:00:00+00:00,391.33149711527295,394.08515718858496,388.00062391684565,390.7448120117188,95937000,SPY,equities,1day,data/1day/spy_daily.csv
2022-06-01 00:00:00+00:00,392.8644826922193,393.876973650232,385.06716741079504,387.5842590332031,86585800,SPY,equities,1day,data/1day/spy_daily.csv
2022-06-02 00:00:00+00:00,387.42340710258367,395.0125120967157,385.1712709822698,394.9652099609375,79609600,SPY,equities,1day,data/1day/spy_daily.csv
2022-06-03 00:00:00+00:00,390.2433012195324,391.7952040806544,387.5085850110212,388.4832458496094,71874300,SPY,equities,1day,data/1day/spy_daily.csv
2022-06-06 00:00:00+00:00,392.4953952002465,394.2270633255332,388.4926471442496,389.6660461425781,57508900,SPY,equities,1day,data/1day/spy_daily.csv
2022-06-07 00:00:00+00:00,386.1743226865664,393.8580609068562,385.71062891259504,393.4038391113281,59272400,SPY,equities,1day,data/1day/spy_daily.csv
2022-06-08 00:00:00+00:00,391.6911028688164,393.4795741929143,388.33184246632624,389.126708984375,64350000,SPY,equities,1day,data/1day/spy_daily.csv
2022-06-09 00:00:00+00:00,387.34775033174,389.6188018901755,379.8721923828125,379.8721923828125,86289800,SPY,equities,1day,data/1day/spy_daily.csv
2022-06-10 00:00:00+00:00,373.6645386433497,374.5161791416106,368.8101502618891,368.8574523925781,132893900,SPY,equities,1day,data/1day/spy_daily.csv
2022-06-13 00:00:00+00:00,359.4421255713329,361.2968142205228,353.2440145637145,354.8526916503906,170004900,SPY,equities,1day,data/1day/spy_daily.csv
2022-06-14 00:00:00+00:00,356.6032310706992,357.6346658846879,350.679548775885,353.7833251953125,104011800,SPY,equities,1day,data/1day/spy_daily.csv
2022-06-15 00:00:00+00:00,357.08582684228884,363.27446487884,352.1273619331276,358.8269958496094,125666800,SPY,equities,1day,data/1day/spy_daily.csv
2022-06-16 00:00:00+00:00,350.6038951062925,351.0107858866292,344.51933296816924,346.9512634277344,134473300,SPY,equities,1day,data/1day/spy_daily.csv
2022-06-17 00:00:00+00:00,347.3665544750161,351.0444479219139,344.19235133733406,347.6991577148437,111113900,SPY,equities,1day,data/1day/spy_daily.csv
2022-06-21 00:00:00+00:00,353.4298843377524,357.839545770176,353.35383919081494,356.4520263671875,76811900,SPY,equities,1day,data/1day/spy_daily.csv
2022-06-22 00:00:00+00:00,352.22296583921377,359.92089960070416,351.80480446926504,355.80584716796875,90059400,SPY,equities,1day,data/1day/spy_daily.csv
2022-06-23 00:00:00+00:00,357.9441431467789,360.02540799730696,354.3802877819863,359.29364013671875,79292100,SPY,equities,1day,data/1day/spy_daily.csv
2022-06-24 00:00:00+00:00,362.4677899153683,370.7264318390768,362.4392802368001,370.7169189453125,98050300,SPY,equities,1day,data/1day/spy_daily.csv
2022-06-27 00:00:00+00:00,371.6387840560035,371.9333937461517,368.20799359853146,369.3009033203125,66009600,SPY,equities,1day,data/1day/spy_daily.csv
2022-06-28 00:00:00+00:00,370.859544492515,373.64409647087297,361.64102718888944,361.7550659179688,86548900,SPY,equities,1day,data/1day/spy_daily.csv
2022-06-29 00:00:00+00:00,362.3062847809654,363.2946397490487,359.63577158326706,361.46044921875,65676000,SPY,equities,1day,data/1day/spy_daily.csv
2022-06-30 00:00:00+00:00,357.56389907239446,361.7645084605366,354.0665767146873,358.5237731933594,112508300,SPY,equities,1day,data/1day/spy_daily.csv
2022-07-01 00:00:00+00:00,357.8681111996678,362.7529830546203,355.2451042734922,362.3157958984375,74839700,SPY,equities,1day,data/1day/spy_daily.csv
2022-07-05 00:00:00+00:00,357.221845993929,363.0190563072348,354.38975859425415,363.0000305175781,81438000,SPY,equities,1day,data/1day/spy_daily.csv
2022-07-06 00:00:00+00:00,363.14252639295074,366.715894004098,360.7571393570924,364.2259521484375,70426200,SPY,equities,1day,data/1day/spy_daily.csv
2022-07-07 00:00:00+00:00,366.003076280143,370.479269112684,364.2449023769217,369.6809692382813,64525900,SPY,equities,1day,data/1day/spy_daily.csv
2022-07-08 00:00:00+00:00,368.0463936451257,371.24913544426704,366.51632594229847,369.3769226074219,72397800,SPY,equities,1day,data/1day/spy_daily.csv
2022-07-11 00:00:00+00:00,366.6969906578774,367.66634894711177,364.4636353318297,365.1574096679688,58366900,SPY,equities,1day,data/1day/spy_daily.csv
2022-07-12 00:00:00+00:00,364.606143035298,366.99155941529256,360.17745545859367,361.9261169433594,62219200,SPY,equities,1day,data/1day/spy_daily.csv
2022-07-13 00:00:00+00:00,356.48050078741414,362.96197129328345,356.0623395287953,360.0253295898437,84224600,SPY,equities,1day,data/1day/spy_daily.csv
2022-07-14 00:00:00+00:00,355.064490796516,360.234458871572,352.6220841639683,359.15106201171875,89704800,SPY,equities,1day,data/1day/spy_daily.csv
2022-07-15 00:00:00+00:00,363.5606860012762,366.12667298735175,361.6504796031944,366.01263427734375,79060400,SPY,equities,1day,data/1day/spy_daily.csv
2022-07-18 00:00:00+00:00,369.1013562443131,369.7761047012278,361.7645652536722,362.9905395507813,63203600,SPY,equities,1day,data/1day/spy_daily.csv
2022-07-19 00:00:00+00:00,366.9154789894388,373.3684403556091,366.2597563730755,372.7982177734375,78506000,SPY,equities,1day,data/1day/spy_daily.csv
2022-07-20 00:00:00+00:00,372.9882531545896,376.5901301444603,371.61973073634647,375.174072265625,71843800,SPY,equities,1day,data/1day/spy_daily.csv
2022-07-21 00:00:00+00:00,374.59436051631593,379.0420438107076,372.1899479274369,378.9945373535156,64903900,SPY,equities,1day,data/1day/spy_daily.csv
2022-07-22 00:00:00+00:00,379.1181717855212,380.315607393985,373.2544293512537,375.478271484375,72197300,SPY,equities,1day,data/1day/spy_daily.csv
2022-07-25 00:00:00+00:00,376.1055673883999,376.7898288353561,373.6916410334808,375.93450927734375,53631500,SPY,equities,1day,data/1day/spy_daily.csv
2022-07-26 00:00:00+00:00,374.2903039017584,374.4993845551237,370.59341339787153,371.48675537109375,52946400,SPY,equities,1day,data/1day/spy_daily.csv
2022-07-27 00:00:00+00:00,374.78449853292,382.8815960228277,374.4898888264092,381.1329345703125,82342100,SPY,equities,1day,data/1day/spy_daily.csv
2022-07-28 00:00:00+00:00,381.9407350618802,386.60698374585616,378.38636390787866,385.9132385253906,73966600,SPY,equities,1day,data/1day/spy_daily.csv
2022-07-29 00:00:00+00:00,387.3482404042619,392.52772101696127,386.5784500823875,391.5393371582031,87003700,SPY,equities,1day,data/1day/spy_daily.csv
2022-08-01 00:00:00+00:00,388.8403630121632,392.8889118778882,388.1275919584921,390.37994384765625,69997500,SPY,equities,1day,data/1day/spy_daily.csv
2022-08-02 00:00:00+00:00,388.8118546493413,392.49926155328086,386.6260350117583,387.8044738769531,63435400,SPY,equities,1day,data/1day/spy_daily.csv
2022-08-03 00:00:00+00:00,389.9332960683664,395.0462453718832,389.6481992309968,393.8773193359375,67820600,SPY,equities,1day,data/1day/spy_daily.csv
2022-08-04 00:00:00+00:00,393.80123040665455,394.48549174301655,391.96703995040895,393.6111755371094,45656600,SPY,equities,1day,data/1day/spy_daily.csv
2022-08-05 00:00:00+00:00,389.3250785328146,393.59219220020464,389.2680591655284,392.9459533691406,56814900,SPY,equities,1day,data/1day/spy_daily.csv
2022-08-08 00:00:00+00:00,394.63757214293867,396.8899240250277,391.3873233872075,392.48974609375,53886100,SPY,equities,1day,data/1day/spy_daily.csv
2022-08-09 00:00:00+00:00,391.75793150673337,392.2616218295309,389.8572089297277,390.9311218261719,44931800,SPY,equities,1day,data/1day/spy_daily.csv
2022-08-10 00:00:00+00:00,397.9923437821938,399.28485036063125,396.03460162898654,399.1422729492188,68665700,SPY,equities,1day,data/1day/spy_daily.csv
2022-08-11 00:00:00+00:00,401.993357133819,403.85608634972215,398.40099222133176,399.1422729492188,59489700,SPY,equities,1day,data/1day/spy_daily.csv
2022-08-12 00:00:00+00:00,401.0810138483799,406.0038788583054,400.130652464098,405.89935302734375,61694500,SPY,equities,1day,data/1day/spy_daily.csv
2022-08-15 00:00:00+00:00,403.6849557261061,408.0946460440883,403.6279363687809,407.5719299316406,54048300,SPY,equities,1day,data/1day/spy_daily.csv
2022-08-16 00:00:00+00:00,406.4980264419351,410.2994714282671,405.6902135817948,408.3702392578125,59289000,SPY,equities,1day,data/1day/spy_daily.csv
2022-08-17 00:00:00+00:00,404.76839107782297,408.1801847177208,403.4664007169476,405.4716491699219,63563400,SPY,equities,1day,data/1day/spy_daily.csv
2022-08-18 00:00:00+00:00,405.6712159722093,407.33434826924736,404.3787385083909,406.6501159667969,49023200,SPY,equities,1day,data/1day/spy_daily.csv
2022-08-19 00:00:00+00:00,403.88460030221233,404.1507003354797,400.3112321388549,401.1855773925781,68016900,SPY,equities,1day,data/1day/spy_daily.csv
2022-08-22 00:00:00+00:00,396.3481983345936,396.5192854235156,391.9290237582037,392.8318786621094,77695600,SPY,equities,1day,data/1day/spy_daily.csv
2022-08-23 00:00:00+00:00,392.4041873745743,394.7991164880296,391.3302744311885,391.8815002441406,49105200,SPY,equities,1day,data/1day/spy_daily.csv
2022-08-24 00:00:00+00:00,391.6533959625738,394.50447996842576,390.9691636437866,393.135986328125,49177800,SPY,equities,1day,data/1day/spy_daily.csv
2022-08-25 00:00:00+00:00,394.6280649029338,398.73363317866927,393.53515507562247,398.6861267089844,50942300,SPY,equities,1day,data/1day/spy_daily.csv
2022-08-26 00:00:00+00:00,398.5720522592657,399.1137361754967,385.13392912672487,385.1909484863281,103087000,SPY,equities,1day,data/1day/spy_daily.csv
2022-08-29 00:00:00+00:00,382.2353030427063,385.6946028813485,381.284941800932,382.6439514160156,65370800,SPY,equities,1day,data/1day/spy_daily.csv
2022-08-30 00:00:00+00:00,383.803441896294,384.0410322368263,376.3430994030369,378.4433898925781,85652400,SPY,equities,1day,data/1day/spy_daily.csv
2022-08-31 00:00:00+00:00,380.0780598042512,381.323031023057,375.4308072476335,375.5638427734375,76029700,SPY,equities,1day,data/1day/spy_daily.csv
2022-09-01 00:00:00+00:00,373.3874742240931,377.084364690228,370.678938652205,376.74224853515625,78740100,SPY,equities,1day,data/1day/spy_daily.csv
2022-09-02 00:00:00+00:00,380.4106586214813,381.6271200488621,370.9545511254495,372.7697448730469,99632100,SPY,equities,1day,data/1day/spy_daily.csv
2022-09-06 00:00:00+00:00,373.6155413307237,374.55638973388335,369.1393477426086,371.3631896972656,76637400,SPY,equities,1day,data/1day/spy_daily.csv
2022-09-07 00:00:00+00:00,371.04956742201074,378.80451936163286,370.8310028776724,378.0347290039063,70964200,SPY,equities,1day,data/1day/spy_daily.csv
2022-09-08 00:00:00+00:00,375.7633824847431,380.9618311489722,374.5564050265275,380.5056762695313,80821700,SPY,equities,1day,data/1day/spy_daily.csv
2022-09-09 00:00:00+00:00,382.7484910278691,387.2817328762808,382.48239103068937,386.4169006347656,76706900,SPY,equities,1day,data/1day/spy_daily.csv
2022-09-12 00:00:00+00:00,388.4887439909732,391.2923218090903,388.1846213728781,390.5700378417969,69256300,SPY,equities,1day,data/1day/spy_daily.csv
2022-09-13 00:00:00+00:00,381.883702988719,383.0906805107276,372.4656471755256,373.5870666503906,122947100,SPY,equities,1day,data/1day/spy_daily.csv
2022-09-14 00:00:00+00:00,374.8890216332583,376.53315711649486,371.7053054907733,375.0125732421875,85023700,SPY,equities,1day,data/1day/spy_daily.csv
2022-09-15 00:00:00+00:00,373.4539971854713,376.3050813057856,369.4814936051546,370.7549743652344,87633800,SPY,equities,1day,data/1day/spy_daily.csv
2022-09-16 00:00:00+00:00,366.57147330224217,368.58495903524056,364.6342868550473,367.926513671875,103084800,SPY,equities,1day,data/1day/spy_daily.csv
2022-09-19 00:00:00+00:00,364.77747715242447,370.77978515625,364.7011196171956,370.77978515625,73278500,SPY,equities,1day,data/1day/spy_daily.csv
2022-09-20 00:00:00+00:00,367.4493811490609,368.4609000016925,363.7659311992638,366.5237426757813,77274900,SPY,equities,1day,data/1day/spy_daily.csv
2022-09-21 00:00:00+00:00,368.4513220499561,371.50498233585387,360.1206054997159,360.1301574707031,106746600,SPY,equities,1day,data/1day/spy_daily.csv
2022-09-22 00:00:00+00:00,359.35721571534805,360.9985532046951,356.36083780125125,357.10516357421875,89472600,SPY,equities,1day,data/1day/spy_daily.csv
2022-09-23 00:00:00+00:00,353.6315801864885,353.6697589480902,346.675007940967,351.12188720703125,122346900,SPY,equities,1day,data/1day/spy_daily.csv
2022-09-26 00:00:00+00:00,349.652370039799,353.2785667174396,346.4269485005134,347.6484069824219,92581200,SPY,equities,1day,data/1day/spy_daily.csv
2022-09-27 00:00:00+00:00,351.18870108949443,353.459857136267,344.3657100991575,346.76092529296875,108294100,SPY,equities,1day,data/1day/spy_daily.csv
2022-09-28 00:00:00+00:00,347.71519752115427,355.27296245080464,346.01660643811806,353.5839233398437,110802200,SPY,equities,1day,data/1day/spy_daily.csv
2022-09-29 00:00:00+00:00,350.034073262893,350.32034122123895,343.2492605532847,346.19793701171875,112952300,SPY,equities,1day,data/1day/spy_daily.csv
2022-09-30 00:00:00+00:00,345.25318357199444,349.17522920833704,340.7109004194997,340.844482421875,153711200,SPY,equities,1day,data/1day/spy_daily.csv
2022-10-03 00:00:00+00:00,344.5660544284427,351.69441640615145,342.7815832218094,349.8431396484375,89756500,SPY,equities,1day,data/1day/spy_daily.csv
2022-10-04 00:00:00+00:00,355.3683600338881,360.71225105913686,349.80500664731017,360.6836242675781,103602800,SPY,equities,1day,data/1day/spy_daily.csv
2022-10-05 00:00:00+00:00,356.3131384107271,362.1055067151951,353.9847287224127,359.8439025878906,88065700,SPY,equities,1day,data/1day/spy_daily.csv
2022-10-06 00:00:00+00:00,358.441111032702,361.3993391526018,355.6355688484854,356.1318054199219,82333500,SPY,equities,1day,data/1day/spy_daily.csv
2022-10-07 00:00:00+00:00,352.09528992858685,356.21772325997466,344.43254027693825,346.19793701171875,107789500,SPY,equities,1day,data/1day/spy_daily.csv
2022-10-10 00:00:00+00:00,347.3143728510966,347.5529391640192,341.31206538570666,343.5545654296875,76042800,SPY,equities,1day,data/1day/spy_daily.csv
2022-10-11 00:00:00+00:00,341.8559472852013,346.4268856317471,339.441657555121,341.3788146972656,92482800,SPY,equities,1day,data/1day/spy_daily.csv
2022-10-12 00:00:00+00:00,341.7891284680159,343.36365998856354,340.0046283480796,340.25274658203125,76991800,SPY,equities,1day,data/1day/spy_daily.csv
2022-10-13 00:00:00+00:00,333.2389867095814,350.7020596679561,332.1892890254387,349.23248291015625,147254500,SPY,equities,1day,data/1day/spy_daily.csv
2022-10-14 00:00:00+00:00,351.6944872171797,353.3263019525563,340.63455517563204,341.27392578125,123737000,SPY,equities,1day,data/1day/spy_daily.csv
2022-10-17 00:00:00+00:00,347.3621566992135,351.1505914925585,340.9399400894957,350.04364013671875,93168200,SPY,equities,1day,data/1day/spy_daily.csv
2022-10-18 00:00:00+00:00,357.97349374132114,358.2788655814361,350.711520738244,354.15643310546875,97162900,SPY,equities,1day,data/1day/spy_daily.csv
2022-10-19 00:00:00+00:00,352.1143397058649,354.8435535760599,348.8316647816131,351.6467590332031,79746900,SPY,equities,1day,data/1day/spy_daily.csv
2022-10-20 00:00:00+00:00,351.1982293100266,355.6260339289677,347.9346294295258,348.69805908203125,88283100,SPY,equities,1day,data/1day/spy_daily.csv
2022-10-21 00:00:00+00:00,348.42137072610865,357.65865261101857,346.913644240023,357.1719970703125,131038400,SPY,equities,1day,data/1day/spy_daily.csv
2022-10-24 00:00:00+00:00,358.698788584184,362.6780584769711,356.0459031598392,361.54248046875,85436900,SPY,equities,1day,data/1day/spy_daily.csv
2022-10-25 00:00:00+00:00,361.46614520779,367.6306906199361,361.351638036336,367.3157958984375,78846300,SPY,equities,1day,data/1day/spy_daily.csv
2022-10-26 00:00:00+00:00,364.1667615739445,369.8541752707496,363.9091203967855,364.5484619140625,104087300,SPY,equities,1day,data/1day/spy_daily.csv
2022-10-27 00:00:00+00:00,365.5503911743671,367.3921160917615,361.9814193866082,362.6017150878906,81971800,SPY,equities,1day,data/1day/spy_daily.csv
2022-10-28 00:00:00+00:00,362.4967797320248,371.70543468470186,362.3154669828309,371.2283020019531,100302000,SPY,equities,1day,data/1day/spy_daily.csv
2022-10-31 00:00:00+00:00,368.7663054799875,370.6366574184391,367.6402793522776,368.54681396484375,96631300,SPY,equities,1day,data/1day/spy_daily.csv
2022-11-01 00:00:00+00:00,372.2970465066368,372.5356128113788,365.7603239323339,366.9340515136719,85407600,SPY,equities,1day,data/1day/spy_daily.csv
2022-11-02 00:00:00+00:00,366.34247921682703,370.8561650178264,357.6205086522629,357.7254638671875,126990400,SPY,equities,1day,data/1day/spy_daily.csv
2022-11-03 00:00:00+00:00,354.4809460886305,357.0861009438969,351.9235219733596,354.0419921875,87100100,SPY,equities,1day,data/1day/spy_daily.csv
2022-11-04 00:00:00+00:00,359.7580535469761,361.5425251743016,353.0781957888094,359.1377868652344,103505200,SPY,equities,1day,data/1day/spy_daily.csv
2022-11-07 00:00:00+00:00,360.435515659066,363.1647293889321,358.3552244250396,362.5730895996094,68286900,SPY,equities,1day,data/1day/spy_daily.csv
2022-11-08 00:00:00+00:00,363.6800782301254,367.50669186220006,360.445133617555,364.5293884277344,84641100,SPY,equities,1day,data/1day/spy_daily.csv
2022-11-09 00:00:00+00:00,362.5539523085774,363.7086341105511,356.5229895570527,357.01922607421875,78495500,SPY,equities,1day,data/1day/spy_daily.csv
2022-11-10 00:00:00+00:00,370.3026114178393,376.9729451885855,368.00285783726986,376.6389465332031,141455800,SPY,equities,1day,data/1day/spy_daily.csv
2022-11-11 00:00:00+00:00,377.49783406496215,381.0858811736513,375.608378149284,380.2843017578125,93839900,SPY,equities,1day,data/1day/spy_daily.csv
2022-11-14 00:00:00+00:00,378.5189238202029,381.8779276043328,376.7726017987613,377.0493469238281,71903500,SPY,equities,1day,data/1day/spy_daily.csv
2022-11-15 00:00:00+00:00,382.8035164099832,383.91046764433503,376.4481060648525,380.2651672363281,93194500,SPY,equities,1day,data/1day/spy_daily.csv
2022-11-16 00:00:00+00:00,378.63332609915625,379.5875912517951,376.73434776440064,377.3641662597656,68508500,SPY,equities,1day,data/1day/spy_daily.csv
2022-11-17 00:00:00+00:00,372.6024423322201,376.88711357873,372.2970995512615,376.2095642089844,74496300,SPY,equities,1day,data/1day/spy_daily.csv
2022-11-18 00:00:00+00:00,379.549479637366,379.6162851991159,375.06445009963727,377.9176940917969,92922500,SPY,equities,1day,data/1day/spy_daily.csv
2022-11-21 00:00:00+00:00,376.5912488015893,377.7172747970653,374.7017931399619,376.5435180664063,51243200,SPY,equities,1day,data/1day/spy_daily.csv
2022-11-22 00:00:00+00:00,378.4902502119182,381.7729251703146,377.077927085489,381.6106872558594,60429000,SPY,equities,1day,data/1day/spy_daily.csv
2022-11-23 00:00:00+00:00,381.2766761134872,384.5020973782574,381.0476617682043,384.0154418945313,68261600,SPY,equities,1day,data/1day/spy_daily.csv
2022-11-25 00:00:00+00:00,383.4524327547151,384.4830556409012,383.1757167709756,383.9295654296875,30545400,SPY,equities,1day,data/1day/spy_daily.csv
2022-11-28 00:00:00+00:00,380.8377181509344,382.4790555588377,377.0397319419152,377.80316162109375,67881600,SPY,equities,1day,data/1day/spy_daily.csv
2022-11-29 00:00:00+00:00,377.93671115122805,379.1295426207394,375.3124819183031,377.15423583984375,52310000,SPY,equities,1day,data/1day/spy_daily.csv
2022-11-30 00:00:00+00:00,377.4023553187591,389.0348510742188,375.48430196447526,389.0348510742188,144566700,SPY,equities,1day,data/1day/spy_daily.csv
2022-12-01 00:00:00+00:00,390.0749791715559,391.2487358630156,386.2388435135502,388.7485656738281,76398200,SPY,equities,1day,data/1day/spy_daily.csv
2022-12-02 00:00:00+00:00,383.853229920111,389.2066444558519,383.7482747120534,388.3001098632813,85342700,SPY,equities,1day,data/1day/spy_daily.csv
2022-12-05 00:00:00+00:00,385.4754923603679,386.41065374736974,379.9598399084257,381.31488037109375,77289800,SPY,equities,1day,data/1day/spy_daily.csv
2022-12-06 00:00:00+00:00,381.1526671084108,381.69657620844976,373.7284840801718,375.81829833984375,77972200,SPY,equities,1day,data/1day/spy_daily.csv
2022-12-07 00:00:00+00:00,374.9689850432598,377.5455128352498,374.0433465972937,375.1789245605469,65927900,SPY,equities,1day,data/1day/spy_daily.csv
2022-12-08 00:00:00+00:00,377.0683735461837,379.1868143806111,375.2838731198775,378.1180419921875,60737900,SPY,equities,1day,data/1day/spy_daily.csv
2022-12-09 00:00:00+00:00,376.8775715745364,379.4349958041466,375.16942838990695,375.2934875488281,81447700,SPY,equities,1day,data/1day/spy_daily.csv
2022-12-12 00:00:00+00:00,376.0854928029924,380.70416259765625,375.4175245494192,380.70416259765625,75405800,SPY,equities,1day,data/1day/spy_daily.csv
2022-12-13 00:00:00+00:00,391.4586555975836,391.7162967072409,380.8186048744333,383.5859680175781,123782500,SPY,equities,1day,data/1day/spy_daily.csv
2022-12-14 00:00:00+00:00,383.2424937114521,386.9545999060633,378.1848989989114,381.1335754394531,108111300,SPY,equities,1day,data/1day/spy_daily.csv
2022-12-15 00:00:00+00:00,376.2668278226688,377.1733915827472,370.15001236187896,371.8104248046875,117705900,SPY,equities,1day,data/1day/spy_daily.csv
2022-12-16 00:00:00+00:00,369.2517657317392,370.59386612148,365.2829810609633,367.4207458496094,119858000,SPY,equities,1day,data/1day/spy_daily.csv
2022-12-19 00:00:00+00:00,367.6124594366193,367.9479918227815,362.63707790509415,364.30511474609375,79878100,SPY,equities,1day,data/1day/spy_daily.csv
2022-12-20 00:00:00+00:00,363.5478242860952,366.42376617165866,362.224886337841,364.80364990234375,74427200,SPY,equities,1day,data/1day/spy_daily.csv
2022-12-21 00:00:00+00:00,367.4015822948589,371.3895586231339,366.864742140629,370.2583618164063,78167400,SPY,equities,1day,data/1day/spy_daily.csv
2022-12-22 00:00:00+00:00,367.2097701866978,370.23909861779407,359.2721731477049,364.9761352539063,100120900,SPY,equities,1day,data/1day/spy_daily.csv
2022-12-23 00:00:00+00:00,363.950423157118,367.21941379519086,362.39741929068407,367.07562255859375,59857300,SPY,equities,1day,data/1day/spy_daily.csv
2022-12-27 00:00:00+00:00,366.960616093891,367.30571508666856,363.9504494641128,365.6280822753906,51638200,SPY,equities,1day,data/1day/spy_daily.csv
2022-12-28 00:00:00+00:00,365.5609421925815,367.5357824385264,360.8540099500132,361.0840759277344,70911500,SPY,equities,1day,data/1day/spy_daily.csv
2022-12-29 00:00:00+00:00,363.93123576240765,368.4560516488148,363.4039622569558,367.5836791992188,66970900,SPY,equities,1day,data/1day/spy_daily.csv
2022-12-30 00:00:00+00:00,364.89952091921486,366.7592697589564,362.7808893302895,366.615478515625,84022200,SPY,equities,1day,data/1day/spy_daily.csv
2023-01-03 00:00:00+00:00,368.47526883215227,370.450079987651,362.20570711462034,365.0720825195313,74850700,SPY,equities,1day,data/1day/spy_daily.csv
2023-01-04 00:00:00+00:00,367.3344711039099,369.9228305563908,364.28597966385496,367.8905029296875,85934100,SPY,equities,1day,data/1day/spy_daily.csv
2023-01-05 00:00:00+00:00,365.93482035409846,366.0498533403474,363.0972327561213,363.6915893554688,76970500,SPY,equities,1day,data/1day/spy_daily.csv
2023-01-06 00:00:00+00:00,366.787997866155,373.1534294334061,363.7203443233328,372.0317993164063,104189600,SPY,equities,1day,data/1day/spy_daily.csv
2023-01-09 00:00:00+00:00,374.2271061896771,377.4194177778674,371.6387762794701,371.8208923339844,73978100,SPY,equities,1day,data/1day/spy_daily.csv
2023-01-10 00:00:00+00:00,371.2361537559992,374.4955486092587,370.29666890331214,374.4284362792969,65358100,SPY,equities,1day,data/1day/spy_daily.csv
2023-01-11 00:00:00+00:00,376.01019536505663,379.2408316929768,375.1953394078577,379.16412353515625,68881100,SPY,equities,1day,data/1day/spy_daily.csv
2023-01-12 00:00:00+00:00,380.2666300515916,382.0113458697923,376.19237910493234,380.5446166992188,90157700,SPY,equities,1day,data/1day/spy_daily.csv
2023-01-13 00:00:00+00:00,377.3427317250366,382.5961292686462,377.0743116610912,382.02093505859375,63903900,SPY,equities,1day,data/1day/spy_daily.csv
2023-01-17 00:00:00+00:00,382.00176656830166,383.6793992551705,380.6404746013532,381.3211059570313,62677300,SPY,equities,1day,data/1day/spy_daily.csv
2023-01-18 00:00:00+00:00,382.5098268846119,383.5739112290624,375.099473530486,375.30078125,99632300,SPY,equities,1day,data/1day/spy_daily.csv
2023-01-19 00:00:00+00:00,373.2589236026424,374.9077982389386,371.2457875427282,372.5687255859375,86958900,SPY,equities,1day,data/1day/spy_daily.csv
2023-01-20 00:00:00+00:00,373.968357562734,379.6627254739764,372.3194828602261,379.5093383789063,91806400,SPY,equities,1day,data/1day/spy_daily.csv
2023-01-23 00:00:00+00:00,380.3145820381866,385.99935386476415,379.3559346776604,384.0628967285156,84178800,SPY,equities,1day,data/1day/spy_daily.csv
2023-01-24 00:00:00+00:00,382.3852438122681,384.561362674629,381.1965305092897,383.6506652832031,59524900,SPY,equities,1day,data/1day/spy_daily.csv
2023-01-25 00:00:00+00:00,379.57645189598105,384.1300270719384,377.2852705542339,383.7944946289063,84800300,SPY,equities,1day,data/1day/spy_daily.csv
2023-01-26 00:00:00+00:00,386.4594474008895,388.175434067063,383.4876352529639,388.012451171875,72287400,SPY,equities,1day,data/1day/spy_daily.csv
2023-01-27 00:00:00+00:00,386.967565239786,391.2814780074148,386.7566616675893,388.9040222167969,68346200,SPY,equities,1day,data/1day/spy_daily.csv
2023-01-30 00:00:00+00:00,386.14316925803433,388.3768341308349,383.7273882904966,384.0245666503906,74202000,SPY,equities,1day,data/1day/spy_daily.csv
2023-01-31 00:00:00+00:00,384.5421304079371,389.7188190920724,384.1970022260141,389.6708984375,86811800,SPY,equities,1day,data/1day/spy_daily.csv
2023-02-01 00:00:00+00:00,388.4534215519607,396.5635978827124,385.7117046179495,393.812255859375,101459200,SPY,equities,1day,data/1day/spy_daily.csv
2023-02-02 00:00:00+00:00,397.704397771963,401.01174260046105,395.8062948752539,399.5450134277344,101654500,SPY,equities,1day,data/1day/spy_daily.csv
2023-02-03 00:00:00+00:00,394.5696669290932,399.7271944530263,394.090343244796,395.2982482910156,94736800,SPY,equities,1day,data/1day/spy_daily.csv
2023-02-06 00:00:00+00:00,392.8440909429574,394.2820619137646,391.2239746420671,392.8824157714844,60295300,SPY,equities,1day,data/1day/spy_daily.csv
2023-02-07 00:00:00+00:00,391.9620943439746,399.2669816692664,390.7158646278332,398.020751953125,90990700,SPY,equities,1day,data/1day/spy_daily.csv
2023-02-08 00:00:00+00:00,396.0459432619734,397.388043561494,392.97826035827575,393.6684875488281,76227500,SPY,equities,1day,data/1day/spy_daily.csv
2023-02-09 00:00:00+00:00,397.2730427680662,397.4264298512411,389.0286698948832,390.2557373046875,78694900,SPY,equities,1day,data/1day/spy_daily.csv
2023-02-10 00:00:00+00:00,389.0765695741987,391.54989593055205,388.2617427936973,391.16644287109375,70769700,SPY,equities,1day,data/1day/spy_daily.csv
2023-02-13 00:00:00+00:00,391.8183051444725,395.8925559564968,391.358143932513,395.7583312988281,64913500,SPY,equities,1day,data/1day/spy_daily.csv
2023-02-14 00:00:00+00:00,394.2341032958751,397.8865471406861,391.6170149103328,395.57623291015625,88389300,SPY,equities,1day,data/1day/spy_daily.csv
2023-02-15 00:00:00+00:00,393.3808847880114,396.9374577122151,392.5372705702228,396.86077880859375,61555700,SPY,equities,1day,data/1day/spy_daily.csv
2023-02-16 00:00:00+00:00,391.88540381719497,395.8350256682057,391.2622889776,391.396484375,76431500,SPY,equities,1day,data/1day/spy_daily.csv
2023-02-17 00:00:00+00:00,389.2683127319957,390.6583629922171,387.34142233465536,390.418701171875,89257800,SPY,equities,1day,data/1day/spy_daily.csv
2023-02-21 00:00:00+00:00,386.3924096279732,387.4469275943241,382.3277541092348,382.5865783691406,82655900,SPY,equities,1day,data/1day/spy_daily.csv
2023-02-22 00:00:00+00:00,382.9987512663258,384.54218860202,380.6021330632425,382.0592956542969,83742300,SPY,equities,1day,data/1day/spy_daily.csv
2023-02-23 00:00:00+00:00,384.95439045031753,385.567938737912,379.86397585252666,384.0916137695313,96242400,SPY,equities,1day,data/1day/spy_daily.csv
2023-02-24 00:00:00+00:00,379.0683237378521,380.8226354035622,377.36193273433554,379.9886169433594,108194400,SPY,equities,1day,data/1day/spy_daily.csv
2023-02-27 00:00:00+00:00,383.3342043884117,384.6954961186949,380.3432301704229,381.28271484375,80444700,SPY,equities,1day,data/1day/spy_daily.csv
2023-02-28 00:00:00+00:00,380.8034546692743,382.7686698141573,379.7680992642455,379.8735656738281,96438600,SPY,equities,1day,data/1day/spy_daily.csv
2023-03-01 00:00:00+00:00,379.058688324708,380.2857555557943,377.1126357022291,378.4163818359375,99706800,SPY,equities,1day,data/1day/spy_daily.csv
2023-03-02 00:00:00+00:00,376.4415411491154,382.2030196575483,376.1060088085925,381.3594055175781,85127800,SPY,equities,1day,data/1day/spy_daily.csv
2023-03-03 00:00:00+00:00,383.18095697902646,387.7249657020057,382.5290837463958,387.4757080078125,90120000,SPY,equities,1day,data/1day/spy_daily.csv
2023-03-06 00:00:00+00:00,388.3000210358587,390.6007976277676,387.3030490519938,387.7440185546875,72795900,SPY,equities,1day,data/1day/spy_daily.csv
2023-03-07 00:00:00+00:00,387.6961497930768,387.9358116155142,381.1869265041094,381.8004455566406,108310600,SPY,equities,1day,data/1day/spy_daily.csv
2023-03-08 00:00:00+00:00,381.9155020986243,383.1808942679325,380.1899194495063,382.423583984375,74746600,SPY,equities,1day,data/1day/spy_daily.csv
2023-03-09 00:00:00+00:00,383.20961635596575,384.8776823516056,374.38048397400695,375.3678894042969,111945300,SPY,equities,1day,data/1day/spy_daily.csv
2023-03-10 00:00:00+00:00,374.8214838248375,376.901761257044,368.4273229667233,369.9515686035156,189253000,SPY,equities,1day,data/1day/spy_daily.csv
2023-03-13 00:00:00+00:00,366.0210998932848,374.2463095850396,364.90906558564376,369.4242858886719,157790000,SPY,equities,1day,data/1day/spy_daily.csv
2023-03-14 00:00:00+00:00,374.351798026972,377.1798194710275,371.0444528978628,375.5309448242188,149752400,SPY,equities,1day,data/1day/spy_daily.csv
2023-03-15 00:00:00+00:00,369.9323910671056,373.38349766674736,367.8425178859198,373.1821899414063,172996900,SPY,equities,1day,data/1day/spy_daily.csv
2023-03-16 00:00:00+00:00,370.8239545188717,380.0748950855989,370.3158726215868,379.7297668457031,143254200,SPY,equities,1day,data/1day/spy_daily.csv
2023-03-17 00:00:00+00:00,378.39790074611807,379.53341458067706,373.90391958538095,375.2896423339844,140553400,SPY,equities,1day,data/1day/spy_daily.csv
2023-03-20 00:00:00+00:00,376.06913373609086,379.3121292855333,375.3666692245707,378.8983154296875,93055800,SPY,equities,1day,data/1day/spy_daily.csv
2023-03-21 00:00:00+00:00,382.2663494662777,384.35456598955216,380.6689183022078,383.8734130859375,91524200,SPY,equities,1day,data/1day/spy_daily.csv
2023-03-22 00:00:00+00:00,383.7002940562463,387.318544760657,377.29133237000224,377.3298034667969,111746600,SPY,equities,1day,data/1day/spy_daily.csv
2023-03-23 00:00:00+00:00,380.1974645439356,384.2391613901428,375.636143615093,378.349853515625,119351300,SPY,equities,1day,data/1day/spy_daily.csv
2023-03-24 00:00:00+00:00,377.0699305533351,380.9191540535127,374.7219018688471,380.8325500488281,107682400,SPY,equities,1day,data/1day/spy_daily.csv
2023-03-27 00:00:00+00:00,383.1131798497359,383.8830421089812,380.6496793546359,381.5446166992188,74010400,SPY,equities,1day,data/1day/spy_daily.csv
2023-03-28 00:00:00+00:00,380.8518690459743,381.54473060251513,378.8502853088847,380.6882934570313,62871700,SPY,equities,1day,data/1day/spy_daily.csv
2023-03-29 00:00:00+00:00,384.8549788100607,386.4620425314962,383.6520964748452,386.2214660644531,77497900,SPY,equities,1day,data/1day/spy_daily.csv
2023-03-30 00:00:00+00:00,388.85816364557934,389.1083725616801,386.6160039583287,388.4828796386719,69840000,SPY,equities,1day,data/1day/spy_daily.csv
2023-03-31 00:00:00+00:00,389.4067476454537,394.25677808538353,389.3008787149844,393.9584655761719,112062600,SPY,equities,1day,data/1day/spy_daily.csv
2023-04-03 00:00:00+00:00,393.4388073224312,395.8638078292274,393.0442583450311,395.4596557617188,67391100,SPY,equities,1day,data/1day/spy_daily.csv
2023-04-04 00:00:00+00:00,396.1043180036167,396.39302737074536,391.8894138018298,393.2655334472656,66601500,SPY,equities,1day,data/1day/spy_daily.csv
2023-04-05 00:00:00+00:00,392.534243907046,393.2944738697264,390.5807639021192,392.2359313964844,65200200,SPY,equities,1day,data/1day/spy_daily.csv
2023-04-06 00:00:00+00:00,391.43719778873736,394.0450681714436,390.3882877815402,393.7659912109375,63743300,SPY,equities,1day,data/1day/spy_daily.csv
2023-04-10 00:00:00+00:00,391.2831872850261,394.2471058980047,390.6673267809661,394.1701049804688,63681000,SPY,equities,1day,data/1day/spy_daily.csv
2023-04-11 00:00:00+00:00,394.7956849780574,395.6809900883233,393.50619840980073,394.2760314941406,59297900,SPY,equities,1day,data/1day/spy_daily.csv
2023-04-12 00:00:00+00:00,396.34496122221753,396.6336706379783,392.0819527581082,392.6689453125,86420400,SPY,equities,1day,data/1day/spy_daily.csv
2023-04-13 00:00:00+00:00,393.7563729944993,398.2407226034187,392.6112264732372,397.8846740722656,85814800,SPY,equities,1day,data/1day/spy_daily.csv
2023-04-14 00:00:00+00:00,397.2495021524552,399.44355846247794,394.6031608879993,396.9126892089844,78161500,SPY,equities,1day,data/1day/spy_daily.csv
2023-04-17 00:00:00+00:00,396.8261475266993,398.3562106467558,395.59439693756417,398.33697509765625,66436400,SPY,equities,1day,data/1day/spy_daily.csv
2023-04-18 00:00:00+00:00,399.9150951800139,400.0498321097644,397.2206502574761,398.59674072265625,63560000,SPY,equities,1day,data/1day/spy_daily.csv
2023-04-19 00:00:00+00:00,396.6817177607652,399.4338983892375,396.6239817592759,398.52935791015625,55227300,SPY,equities,1day,data/1day/spy_daily.csv
2023-04-20 00:00:00+00:00,395.7098562929952,398.10601828904817,394.8052862710272,396.3546142578125,75840400,SPY,equities,1day,data/1day/spy_daily.csv
2023-04-21 00:00:00+00:00,396.6529041637765,397.1244246963598,394.7090566567866,396.66253662109375,73457400,SPY,equities,1day,data/1day/spy_daily.csv
2023-04-24 00:00:00+00:00,396.4604954748782,397.4998025471622,395.12290521714107,397.0763854980469,64332100,SPY,equities,1day,data/1day/spy_daily.csv
2023-04-25 00:00:00+00:00,395.1035702020275,395.6617241074058,390.7154573508528,390.773193359375,97766700,SPY,equities,1day,data/1day/spy_daily.csv
2023-04-26 00:00:00+00:00,391.3890687387205,392.46684668077467,388.559886957205,389.1180114746094,80447000,SPY,equities,1day,data/1day/spy_daily.csv
2023-04-27 00:00:00+00:00,391.6585449994972,397.1340685308111,391.40833604006144,396.8646240234375,92968400,SPY,equities,1day,data/1day/spy_daily.csv
2023-04-28 00:00:00+00:00,395.9792514788031,400.2615245465103,395.9215154732954,400.25189208984375,89433100,SPY,equities,1day,data/1day/spy_daily.csv
2023-05-01 00:00:00+00:00,399.8091557986487,401.8781072083776,399.6166829091316,399.84765625,62122300,SPY,equities,1day,data/1day/spy_daily.csv
2023-05-02 00:00:00+00:00,399.1356765936417,399.1838095173126,392.4476670524261,395.3538208007813,103998500,SPY,equities,1day,data/1day/spy_daily.csv
2023-05-03 00:00:00+00:00,395.8541741351487,398.26957154429016,392.3994991884123,392.64007568359375,91531800,SPY,equities,1day,data/1day/spy_daily.csv
2023-05-04 00:00:00+00:00,391.5911783811914,391.9183589011733,388.5214198537967,389.8590393066406,94901900,SPY,equities,1day,data/1day/spy_daily.csv
2023-05-05 00:00:00+00:00,393.4966054983239,398.1252956619567,393.2367934138792,397.0763854980469,87891800,SPY,equities,1day,data/1day/spy_daily.csv
2023-05-08 00:00:00+00:00,397.4034393015075,397.6632513030807,395.7771401014263,397.1820983886719,50046800,SPY,equities,1day,data/1day/spy_daily.csv
2023-05-09 00:00:00+00:00,395.63290265005054,396.5567082623412,395.2094856262401,395.4404296875,49220100,SPY,equities,1day,data/1day/spy_daily.csv
2023-05-10 00:00:00+00:00,398.2791988750433,398.914324338217,393.4580365761441,397.28802490234375,96142900,SPY,equities,1day,data/1day/spy_daily.csv
2023-05-11 00:00:00+00:00,396.4219762908843,396.8838643849846,394.5165998009732,396.5951843261719,70157100,SPY,equities,1day,data/1day/spy_daily.csv
2023-05-12 00:00:00+00:00,397.8365368137777,398.0482452964263,393.65050007841785,396.0755004882813,70481500,SPY,equities,1day,data/1day/spy_daily.csv
2023-05-15 00:00:00+00:00,396.6816952493689,397.8460770363183,394.7667161184098,397.4419250488281,54289400,SPY,equities,1day,data/1day/spy_daily.csv
2023-05-16 00:00:00+00:00,396.3352785674829,397.2591133402124,394.7763477684629,394.7859802246094,57705500,SPY,equities,1day,data/1day/spy_daily.csv
2023-05-17 00:00:00+00:00,396.80683197926186,400.1845056184392,395.16129716185526,399.5782775878906,87287000,SPY,equities,1day,data/1day/spy_daily.csv
2023-05-18 00:00:00+00:00,399.2607196795313,403.8509377054382,399.0394081133319,403.4275207519531,97177200,SPY,equities,1day,data/1day/spy_daily.csv
2023-05-19 00:00:00+00:00,404.3321069908471,404.8613635204508,401.6183971431854,402.8405151367188,103793300,SPY,equities,1day,data/1day/spy_daily.csv
2023-05-22 00:00:00+00:00,402.8598103596236,404.5438459115557,401.6184273585124,403.004150390625,60745400,SPY,equities,1day,data/1day/spy_daily.csv
2023-05-23 00:00:00+00:00,401.3585475631552,402.9367433972177,398.0867132485157,398.4812622070313,86383500,SPY,equities,1day,data/1day/spy_daily.csv
2023-05-24 00:00:00+00:00,396.8742131296412,397.2591296170941,394.4299479150844,395.5943298339844,89213700,SPY,equities,1day,data/1day/spy_daily.csv
2023-05-25 00:00:00+00:00,399.1067761340057,400.4732635587891,396.8646161031706,399.0201721191406,90961600,SPY,equities,1day,data/1day/spy_daily.csv
2023-05-26 00:00:00+00:00,399.6744664249901,404.9094124761136,399.5974948803749,404.1876831054688,93830000,SPY,equities,1day,data/1day/spy_daily.csv
2023-05-30 00:00:00+00:00,406.1219465437839,406.6512030272136,402.9559519977229,404.3416748046875,72216000,SPY,equities,1day,data/1day/spy_daily.csv
2023-05-31 00:00:00+00:00,402.513393949465,403.41796403198254,400.5310457347356,402.099609375,110811800,SPY,equities,1day,data/1day/spy_daily.csv
2023-06-01 00:00:00+00:00,402.3304796935779,406.9784337458306,401.0794937409788,405.9198913574219,88865000,SPY,equities,1day,data/1day/spy_daily.csv
2023-06-02 00:00:00+00:00,408.4989090066005,412.5790771690053,407.969652437944,411.7900085449219,91426200,SPY,equities,1day,data/1day/spy_daily.csv
2023-06-05 00:00:00+00:00,412.1363990044285,413.4258854781173,410.2983910805687,411.0008850097656,65460200,SPY,equities,1day,data/1day/spy_daily.csv
2023-06-06 00:00:00+00:00,410.5871518389213,412.4251306253887,409.932761379412,411.8958740234375,64022200,SPY,equities,1day,data/1day/spy_daily.csv
2023-06-07 00:00:00+00:00,412.2902685044504,413.4257822154926,410.0480797122799,410.4714965820313,85373300,SPY,equities,1day,data/1day/spy_daily.csv
2023-06-08 00:00:00+00:00,410.5389787763912,413.40666121292,409.7691457275,412.9543762207031,61952800,SPY,equities,1day,data/1day/spy_daily.csv
2023-06-09 00:00:00+00:00,413.7530790281272,415.7065590310339,412.7041690134876,413.6953430175781,85742800,SPY,equities,1day,data/1day/spy_daily.csv
2023-06-12 00:00:00+00:00,414.6769171108834,417.5253346663892,413.9551876062376,417.4483337402344,76104300,SPY,equities,1day,data/1day/spy_daily.csv
2023-06-13 00:00:00+00:00,418.9110749460117,420.8452901285255,418.247081424966,420.2005615234375,95899700,SPY,equities,1day,data/1day/spy_daily.csv
2023-06-14 00:00:00+00:00,420.5373216552151,422.5100370544421,417.2462224703346,420.7008972167969,100612100,SPY,equities,1day,data/1day/spy_daily.csv
2023-06-15 00:00:00+00:00,419.8829186958016,427.167581376933,419.7867115999943,425.9165954589844,110303100,SPY,equities,1day,data/1day/spy_daily.csv
2023-06-16 00:00:00+00:00,427.9044446994593,428.47431075878063,423.99263976838114,424.4659118652344,114165800,SPY,equities,1day,data/1day/spy_daily.csv
2023-06-20 00:00:00+00:00,422.52444796434224,423.41304154167295,420.1870041214196,422.2636413574219,76160400,SPY,equities,1day,data/1day/spy_daily.csv
2023-06-21 00:00:00+00:00,421.2784731312149,422.0801410350752,419.5108951805997,420.10009765625,76982300,SPY,equities,1day,data/1day/spy_daily.csv
2023-06-22 00:00:00+00:00,419.143925012139,421.7228098726015,418.8058608852143,421.6165771484375,70637200,SPY,equities,1day,data/1day/spy_daily.csv
2023-06-23 00:00:00+00:00,418.1586622892244,420.2159925909701,417.714365486568,418.4291076660156,92074500,SPY,equities,1day,data/1day/spy_daily.csv
2023-06-26 00:00:00+00:00,417.8592143297431,419.78130707914215,416.47801229853,416.719482421875,72823600,SPY,equities,1day,data/1day/spy_daily.csv
2023-06-27 00:00:00+00:00,417.5985365708661,421.9063563429636,417.1445714519084,421.2882080078125,72813700,SPY,equities,1day,data/1day/spy_daily.csv
2023-06-28 00:00:00+00:00,420.20627410375766,422.5147425065915,419.5881259491554,421.5005798339844,75636000,SPY,equities,1day,data/1day/spy_daily.csv
2023-06-29 00:00:00+00:00,421.0852585523664,423.32610840810986,420.679605245235,423.1618957519531,67882300,SPY,equities,1day,data/1day/spy_daily.csv
2023-06-30 00:00:00+00:00,426.3783313417032,429.1407356891044,426.05957423925753,428.1555480957031,104964000,SPY,equities,1day,data/1day/spy_daily.csv
2023-07-03 00:00:00+00:00,427.8078514299053,428.9282469948695,427.5277378004959,428.6481628417969,32793400,SPY,equities,1day,data/1day/spy_daily.csv
2023-07-05 00:00:00+00:00,426.8322751907773,428.7447292814146,426.8226069528998,428.0106506347656,58418400,SPY,equities,1day,data/1day/spy_daily.csv
2023-07-06 00:00:00+00:00,424.4272557113554,425.0840474287703,422.1477622241082,424.6590576171875,80658300,SPY,equities,1day,data/1day/spy_daily.csv
2023-07-07 00:00:00+00:00,423.6641704920447,427.5373607483118,423.3454134187473,423.5868835449219,86134200,SPY,equities,1day,data/1day/spy_daily.csv
2023-07-10 00:00:00+00:00,423.2295437531058,424.8329090465616,422.659677750378,424.6590576171875,62443500,SPY,equities,1day,data/1day/spy_daily.csv
2023-07-11 00:00:00+00:00,425.4220646553444,427.85607282742535,424.4465159485544,427.3634643554688,64463800,SPY,equities,1day,data/1day/spy_daily.csv
2023-07-12 00:00:00+00:00,431.1594330344666,432.2122392972248,429.729919208418,430.8020324707031,91924500,SPY,equities,1day,data/1day/spy_daily.csv
2023-07-13 00:00:00+00:00,432.617887210663,435.0132815571351,432.18325865422753,434.2212524414063,72425200,SPY,equities,1day,data/1day/spy_daily.csv
2023-07-14 00:00:00+00:00,435.1099046958951,435.9598548665001,433.1877822518175,433.9508361816406,69815800,SPY,equities,1day,data/1day/spy_daily.csv
2023-07-17 00:00:00+00:00,433.8059330908804,436.5103868213516,433.7576213779186,435.4575805664063,52680200,SPY,equities,1day,data/1day/spy_daily.csv
2023-07-18 00:00:00+00:00,435.12919667930265,439.3404218148386,434.694538632374,438.69329833984375,80668200,SPY,equities,1day,data/1day/spy_daily.csv
2023-07-19 00:00:00+00:00,439.4852730809636,440.8568068135111,438.6159570947119,439.6687927246094,65891700,SPY,equities,1day,data/1day/spy_daily.csv
2023-07-20 00:00:00+00:00,438.6739839174844,439.5722457578469,436.0371193951603,436.7518615722656,70591600,SPY,equities,1day,data/1day/spy_daily.csv
2023-07-21 00:00:00+00:00,438.47112777830426,438.6739839174844,436.74222281063936,436.7518615722656,71275600,SPY,equities,1day,data/1day/spy_daily.csv
2023-07-24 00:00:00+00:00,437.9012750217946,439.5143085643416,436.86777572408096,438.7029724121094,54023400,SPY,equities,1day,data/1day/spy_daily.csv
2023-07-25 00:00:00+00:00,438.4324765430136,441.156237070321,438.3841648336445,439.9006042480469,55191200,SPY,equities,1day,data/1day/spy_daily.csv
2023-07-26 00:00:00+00:00,438.96370723872633,441.39771546076753,437.91090104233945,439.9682312011719,71052900,SPY,equities,1day,data/1day/spy_daily.csv
2023-07-27 00:00:00+00:00,443.35846818342566,443.7641509737044,436.1433394792144,437.05126953125,92194400,SPY,equities,1day,data/1day/spy_daily.csv
2023-07-28 00:00:00+00:00,440.325676064509,442.16084340685165,437.0513265077095,441.3302001953125,80011800,SPY,equities,1day,data/1day/spy_daily.csv
2023-07-31 00:00:00+00:00,441.8034013690048,442.52781174126136,440.4897885662861,442.1704406738281,62040400,SPY,equities,1day,data/1day/spy_daily.csv
2023-08-01 00:00:00+00:00,440.7023562416477,441.6489298958807,439.9489705091238,440.90521240234375,55291500,SPY,equities,1day,data/1day/spy_daily.csv
2023-08-02 00:00:00+00:00,437.7853626915781,438.0461398306252,434.0184344125547,434.7718200683594,93933400,SPY,equities,1day,data/1day/spy_daily.csv
2023-08-03 00:00:00+00:00,432.7531252299224,435.4092967139093,432.10597229878186,433.52581787109375,64276100,SPY,equities,1day,data/1day/spy_daily.csv
2023-08-04 00:00:00+00:00,435.3416905501172,437.447303112886,431.0435102343316,431.5650939941406,100128900,SPY,equities,1day,data/1day/spy_daily.csv
2023-08-07 00:00:00+00:00,433.4002396932357,435.4865451527169,432.7048045400754,435.3320007324219,58357500,SPY,equities,1day,data/1day/spy_daily.csv
2023-08-08 00:00:00+00:00,432.7917508600607,435.3223827020289,430.07762882885913,433.43890380859375,71361300,SPY,equities,1day,data/1day/spy_daily.csv
2023-08-09 00:00:00+00:00,433.7093468244431,433.8735594892863,429.77820586959297,430.541259765625,78789600,SPY,equities,1day,data/1day/spy_daily.csv
2023-08-10 00:00:00+00:00,432.8979765886809,436.2882265207825,429.52706313111736,430.6957702636719,93005500,SPY,equities,1day,data/1day/spy_daily.csv
2023-08-11 00:00:00+00:00,428.8220297444384,431.4588945081904,428.2231884627009,430.4447021484375,68690900,SPY,equities,1day,data/1day/spy_daily.csv
2023-08-14 00:00:00+00:00,429.5270825673996,432.8207092285156,429.2179937241371,432.8207092285156,47867400,SPY,equities,1day,data/1day/spy_daily.csv
2023-08-15 00:00:00+00:00,431.0434905199487,431.40089107368914,427.2089436634091,427.7788391113281,75707500,SPY,equities,1day,data/1day/spy_daily.csv
2023-08-16 00:00:00+00:00,427.36350074460506,429.0248164729432,424.53347780183,424.6397399902344,80107200,SPY,equities,1day,data/1day/spy_daily.csv
2023-08-17 00:00:00+00:00,426.1078247958852,426.368601907091,420.8824080004751,421.4039916992188,95711300,SPY,equities,1day,data/1day/spy_daily.csv
2023-08-18 00:00:00+00:00,418.5836919301103,422.6404024444025,418.2359890452877,421.6069030761719,98852000,SPY,equities,1day,data/1day/spy_daily.csv
2023-08-21 00:00:00+00:00,422.6210410735604,425.0936930300052,420.4671462190992,424.3499755859375,68719000,SPY,equities,1day,data/1day/spy_daily.csv
2023-08-22 00:00:00+00:00,426.1271477129419,426.1271477129419,422.6403332909712,423.2005310058594,64994200,SPY,equities,1day,data/1day/spy_daily.csv
2023-08-23 00:00:00+00:00,424.263004912033,428.53220964419495,424.1181287339091,427.9140319824219,68441000,SPY,equities,1day,data/1day/spy_daily.csv
2023-08-24 00:00:00+00:00,429.5173761658402,430.0292916211122,421.95451579727023,421.9835205078125,88517300,SPY,equities,1day,data/1day/spy_daily.csv
2023-08-25 00:00:00+00:00,423.7124409886771,426.2430431246683,420.15800790417546,424.95843505859375,102325100,SPY,equities,1day,data/1day/spy_daily.csv
2023-08-28 00:00:00+00:00,427.1510130346192,428.27143803085545,424.95847475635645,427.6532897949219,61595400,SPY,equities,1day,data/1day/spy_daily.csv
2023-08-29 00:00:00+00:00,427.5470082557006,434.1150135078099,427.3634885979469,433.83489990234375,83081900,SPY,equities,1day,data/1day/spy_daily.csv
2023-08-30 00:00:00+00:00,434.1730052474849,436.2593109157671,433.4679017861337,435.621826171875,69053900,SPY,equities,1day,data/1day/spy_daily.csv
2023-08-31 00:00:00+00:00,436.2399468961714,437.3796788770793,434.8007943012341,434.98431396484375,66084600,SPY,equities,1day,data/1day/spy_daily.csv
2023-09-01 00:00:00+00:00,437.7081084262502,438.1910487085468,434.337165211912,435.795654296875,58944100,SPY,equities,1day,data/1day/spy_daily.csv
2023-09-05 00:00:00+00:00,435.3513218599426,435.670049450585,433.8445506606034,433.9121398925781,55166200,SPY,equities,1day,data/1day/spy_daily.csv
2023-09-06 00:00:00+00:00,433.1008518755981,433.2071140684911,428.6674634922226,430.9952392578125,70758500,SPY,equities,1day,data/1day/spy_daily.csv
2023-09-07 00:00:00+00:00,427.991344757898,430.3480958143687,427.6436418854697,429.6719970703125,70355400,SPY,equities,1day,data/1day/spy_daily.csv
2023-09-08 00:00:00+00:00,429.72022009729625,431.85480770691146,429.3628490355431,430.3190612792969,61659700,SPY,equities,1day,data/1day/spy_daily.csv
2023-09-11 00:00:00+00:00,432.9462527649071,433.4581682353376,431.2366549432054,433.1491088867188,60180100,SPY,equities,1day,data/1day/spy_daily.csv
2023-09-12 00:00:00+00:00,431.70030728737913,433.2263855290798,430.1935360444676,430.7730407714844,67565400,SPY,equities,1day,data/1day/spy_daily.csv
2023-09-13 00:00:00+00:00,430.9951854819559,432.4343379531001,429.8940675950137,431.2752990722656,60199300,SPY,equities,1day,data/1day/spy_daily.csv
2023-09-14 00:00:00+00:00,433.747962382289,435.6893621396805,432.4440178145085,434.9939270019531,83430800,SPY,equities,1day,data/1day/spy_daily.csv
2023-09-15 00:00:00+00:00,433.4072542770486,433.7368084981918,429.3168595859164,429.7530212402344,111848900,SPY,equities,1day,data/1day/spy_daily.csv
2023-09-18 00:00:00+00:00,429.4428930184935,431.3039383717458,428.9679515229548,430.0050964355469,55752200,SPY,equities,1day,data/1day/spy_daily.csv
2023-09-19 00:00:00+00:00,429.084142775809,429.6754234765873,426.42830474295727,429.11322021484375,66514600,SPY,equities,1day,data/1day/spy_daily.csv
2023-09-20 00:00:00+00:00,430.3733738455972,430.7901603921495,424.9647327603663,425.1683044433594,82562600,SPY,equities,1day,data/1day/spy_daily.csv
2023-09-21 00:00:00+00:00,422.3185875705256,422.5802845540439,417.98587113932,418.1409606933594,104095800,SPY,equities,1day,data/1day/spy_daily.csv
2023-09-22 00:00:00+00:00,419.16839709834846,420.7677155797648,416.7839285170148,417.2007446289063,100829700,SPY,equities,1day,data/1day/spy_daily.csv
2023-09-25 00:00:00+00:00,415.98915213201,418.9939198820318,415.5529609010411,418.9551696777344,70874500,SPY,equities,1day,data/1day/spy_daily.csv
2023-09-26 00:00:00+00:00,415.91157553365485,416.6191660672769,411.9665682552368,412.8001708984375,96168400,SPY,equities,1day,data/1day/spy_daily.csv
2023-09-27 00:00:00+00:00,413.9729720120895,414.5351752960794,409.3204041006066,412.96490478515625,104705800,SPY,equities,1day,data/1day/spy_daily.csv
2023-09-28 00:00:00+00:00,412.4124874162186,417.0359784928409,411.8212066146307,415.3591003417969,92258300,SPY,equities,1day,data/1day/spy_daily.csv
2023-09-29 00:00:00+00:00,418.4123299989288,418.5867946420908,412.8292247753013,414.35101318359375,115111300,SPY,equities,1day,data/1day/spy_daily.csv
2023-10-02 00:00:00+00:00,413.5174684907983,415.4366685752328,411.42380373877234,414.186279296875,83798600,SPY,equities,1day,data/1day/spy_daily.csv
2023-10-03 00:00:00+00:00,412.0053662589799,414.2444181473067,407.27523825202337,408.6419372558594,103760600,SPY,equities,1day,data/1day/spy_daily.csv
2023-10-04 00:00:00+00:00,409.107224446792,412.3640165843667,407.6435907050373,411.61767578125,87453000,SPY,equities,1day,data/1day/spy_daily.csv
2023-10-05 00:00:00+00:00,411.3268404794052,412.3058303467078,408.23484048426144,411.4625549316406,70142700,SPY,equities,1day,data/1day/spy_daily.csv
2023-10-06 00:00:00+00:00,409.0102345616155,417.888911329126,407.6823154616602,416.3477478027344,113273300,SPY,equities,1day,data/1day/spy_daily.csv
2023-10-09 00:00:00+00:00,414.4479401975877,419.5851817448939,413.8954687983384,419.0133056640625,80374400,SPY,equities,1day,data/1day/spy_daily.csv
2023-10-10 00:00:00+00:00,419.64334789466267,423.7918973624895,419.245936455557,421.1942138671875,78607300,SPY,equities,1day,data/1day/spy_daily.csv
2023-10-11 00:00:00+00:00,422.2604167519184,423.17151977952034,419.8759482263836,422.9195251464844,62451700,SPY,equities,1day,data/1day/spy_daily.csv
2023-10-12 00:00:00+00:00,423.5302119190894,423.90821868639375,417.9858858829249,420.34124755859375,81154200,SPY,equities,1day,data/1day/spy_daily.csv
2023-10-13 00:00:00+00:00,421.8436069564154,423.0455435777595,416.6773175678,418.24755859375,95143100,SPY,equities,1day,data/1day/spy_daily.csv
2023-10-16 00:00:00+00:00,420.4963432402705,423.7143850912576,420.25402134631616,422.6481628417969,75433200,SPY,equities,1day,data/1day/spy_daily.csv
2023-10-17 00:00:00+00:00,419.5173185664215,424.683637482476,419.1683892665842,422.6287231445313,75324700,SPY,equities,1day,data/1day/spy_daily.csv
2023-10-18 00:00:00+00:00,420.85496751569167,421.81455273319096,415.9115950498216,416.9971923828125,93559800,SPY,equities,1day,data/1day/spy_daily.csv
2023-10-19 00:00:00+00:00,417.714450283055,419.5270131332278,412.65476846702256,413.333251953125,121323000,SPY,equities,1day,data/1day/spy_daily.csv
2023-10-20 00:00:00+00:00,412.8971069121286,413.4399055549237,408.1475744172104,408.2542114257813,123919900,SPY,equities,1day,data/1day/spy_daily.csv
2023-10-23 00:00:00+00:00,406.7227609900484,411.4141390664612,404.9683527773846,407.5466613769531,92035100,SPY,equities,1day,data/1day/spy_daily.csv
2023-10-24 00:00:00+00:00,409.6693503095015,411.7727171708306,407.8180076603951,410.6192626953125,78564200,SPY,equities,1day,data/1day/spy_daily.csv
2023-10-25 00:00:00+00:00,408.93271643497314,408.9617938766799,404.21226147565824,404.7259826660156,94223200,SPY,equities,1day,data/1day/spy_daily.csv
2023-10-26 00:00:00+00:00,403.6597612351225,404.5127093243327,398.9587112931171,399.8795166015625,115156800,SPY,equities,1day,data/1day/spy_daily.csv
2023-10-27 00:00:00+00:00,401.4692254760225,401.8666369338055,396.6421626745101,398.0670166015625,107367700,SPY,equities,1day,data/1day/spy_daily.csv
2023-10-30 00:00:00+00:00,400.85854988329856,403.88272225418063,399.5597081383843,402.8262023925781,86562700,SPY,equities,1day,data/1day/spy_daily.csv
2023-10-31 00:00:00+00:00,403.3980688820503,405.67590044700427,401.4885713038088,405.3560485839844,79665200,SPY,equities,1day,data/1day/spy_daily.csv
2023-11-01 00:00:00+00:00,406.32535052662286,410.4932751362608,405.7922246289102,409.6790771484375,98068100,SPY,equities,1day,data/1day/spy_daily.csv
2023-11-02 00:00:00+00:00,413.4786898388463,417.6854240377106,413.4593147358308,417.53033447265625,94938900,SPY,equities,1day,data/1day/spy_daily.csv
2023-11-03 00:00:00+00:00,419.837246175809,422.8904962063887,419.71123405468535,421.3396301269531,100167800,SPY,equities,1day,data/1day/spy_daily.csv
2023-11-06 00:00:00+00:00,422.0955934752631,422.7547018208165,420.360560713014,422.308837890625,67831700,SPY,equities,1day,data/1day/spy_daily.csv
2023-11-07 00:00:00+00:00,422.308896123232,424.1505365569555,421.1651439105342,423.51080322265625,64256100,SPY,equities,1day,data/1day/spy_daily.csv
2023-11-08 00:00:00+00:00,424.1117277828973,424.635151307966,421.51404441898217,423.8209533691406,61746000,SPY,equities,1day,data/1day/spy_daily.csv
2023-11-09 00:00:00+00:00,424.9647429571584,425.0035227425126,420.0892276547656,420.5157165527344,83174400,SPY,equities,1day,data/1day/spy_daily.csv
2023-11-10 00:00:00+00:00,422.5899824315263,427.38793789386506,420.5059906051338,427.0777587890625,89462200,SPY,equities,1day,data/1day/spy_daily.csv
2023-11-13 00:00:00+00:00,425.7402075090933,427.7756878254619,424.9550869115658,426.6707153320313,52236100,SPY,equities,1day,data/1day/spy_daily.csv
2023-11-14 00:00:00+00:00,432.61237797424354,436.2375035396276,432.38943121379657,434.9483642578125,97176900,SPY,equities,1day,data/1day/spy_daily.csv
2023-11-15 00:00:00+00:00,436.2860492849091,437.51706352995177,435.0162848317492,435.8692626953125,77327600,SPY,equities,1day,data/1day/spy_daily.csv
2023-11-16 00:00:00+00:00,435.4233234108849,436.7221650858265,434.35710126569217,436.4023132324219,66665800,SPY,equities,1day,data/1day/spy_daily.csv
2023-11-17 00:00:00+00:00,436.4119730300388,437.5557547047121,435.4911676985958,436.9450988769531,83133200,SPY,equities,1day,data/1day/spy_daily.csv
2023-11-20 00:00:00+00:00,436.6931403604103,441.1518692274426,436.6834380187307,440.30859375,69936200,SPY,equities,1day,data/1day/spy_daily.csv
2023-11-21 00:00:00+00:00,439.2616751507019,440.1825100512239,438.0791432901761,439.3489074707031,49244600,SPY,equities,1day,data/1day/spy_daily.csv
2023-11-22 00:00:00+00:00,441.00650736003314,442.3635041592452,439.949987367064,441.0452575683594,59394900,SPY,equities,1day,data/1day/spy_daily.csv
2023-11-24 00:00:00+00:00,441.09364165847086,441.510428157678,440.76408747907647,441.3165588378906,29737400,SPY,equities,1day,data/1day/spy_daily.csv
2023-11-27 00:00:00+00:00,440.6866129172609,441.5008109728584,440.134111871577,440.5218505859375,50506000,SPY,equities,1day,data/1day/spy_daily.csv
2023-11-28 00:00:00+00:00,440.1340769627191,442.25681906014256,439.5719031999821,440.9579772949219,62115000,SPY,equities,1day,data/1day/spy_daily.csv
2023-11-29 00:00:00+00:00,443.10979527762873,444.2438747206066,440.2504147680835,440.6477966308594,63146000,SPY,equities,1day,data/1day/spy_daily.csv
2023-11-30 00:00:00+00:00,441.4911150141487,442.7318019261052,439.41682540648986,442.3828430175781,79752700,SPY,equities,1day,data/1day/spy_daily.csv
2023-12-01 00:00:00+00:00,441.7721644254671,445.5330047536573,441.1809132340256,444.9999084472656,89183400,SPY,equities,1day,data/1day/spy_daily.csv
2023-12-04 00:00:00+00:00,441.6073900887256,445.019271433423,440.3860783753154,442.6639099121094,72430900,SPY,equities,1day,data/1day/spy_daily.csv
2023-12-05 00:00:00+00:00,441.27787936550914,443.5363064434526,440.89984300542426,442.5767211914063,69793500,SPY,equities,1day,data/1day/spy_daily.csv
2023-12-06 00:00:00+00:00,444.7188464003096,444.7479238454249,440.35705215116445,440.7932434082031,69124700,SPY,equities,1day,data/1day/spy_daily.csv
2023-12-07 00:00:00+00:00,442.8771496276889,444.8060222628319,442.2761961180648,444.1566162109375,66995400,SPY,equities,1day,data/1day/spy_daily.csv
2023-12-08 00:00:00+00:00,443.4102636541943,446.5992278993257,443.16794177253433,446.0661315917969,83194400,SPY,equities,1day,data/1day/spy_daily.csv
2023-12-11 00:00:00+00:00,445.57182828523526,447.97567223110514,445.3585838256798,447.8011779785156,65002200,SPY,equities,1day,data/1day/spy_daily.csv
2023-12-12 00:00:00+00:00,447.45223299144266,449.9433091863663,446.4538679612237,449.8463745117188,68327600,SPY,equities,1day,data/1day/spy_daily.csv
2023-12-13 00:00:00+00:00,450.22434675999136,456.3017983886153,449.8657151135784,456.0497741699219,93278000,SPY,equities,1day,data/1day/spy_daily.csv
2023-12-14 00:00:00+00:00,457.9883386207796,459.1805728813377,454.83815428105993,457.5133972167969,119026000,SPY,equities,1day,data/1day/spy_daily.csv
2023-12-15 00:00:00+00:00,456.9158501916579,458.09346468799856,454.911024624647,456.7601318359375,141553700,SPY,equities,1day,data/1day/spy_daily.csv
2023-12-18 00:00:00+00:00,458.3659614924249,460.3123963762856,457.3051580447496,459.3294372558594,70375300,SPY,equities,1day,data/1day/spy_daily.csv
2023-12-19 00:00:00+00:00,459.8743983485583,462.2004020971749,459.7965540277921,462.1225280761719,55761800,SPY,equities,1day,data/1day/spy_daily.csv
2023-12-20 00:00:00+00:00,461.26613266046417,463.15417688283,455.2905929826461,455.71881103515625,102921000,SPY,equities,1day,data/1day/spy_daily.csv
2023-12-21 00:00:00+00:00,458.7065536605437,460.3123861642949,456.28325178797456,460.0398864746094,86667500,SPY,equities,1day,data/1day/spy_daily.csv
2023-12-22 00:00:00+00:00,461.1688449044697,462.6481545594909,459.0667211740831,460.9644775390625,67160400,SPY,equities,1day,data/1day/spy_daily.csv
2023-12-26 00:00:00+00:00,461.37315728833744,463.8159126462135,461.29528326802847,462.9108276367188,55387000,SPY,equities,1day,data/1day/spy_daily.csv
2023-12-27 00:00:00+00:00,462.70651395388256,463.893840449239,462.1712562282074,463.7478637695313,68000300,SPY,equities,1day,data/1day/spy_daily.csv
2023-12-28 00:00:00+00:00,464.1079178321579,464.7599568571368,463.5045277970175,463.9230041503906,77158100,SPY,equities,1day,data/1day/spy_daily.csv
2023-12-29 00:00:00+00:00,463.7283148554509,464.2538605283432,460.6237492048473,462.5799255371094,122283100,SPY,equities,1day,data/1day/spy_daily.csv
2024-01-02 00:00:00+00:00,459.5143743882812,460.9839423046435,457.8890881092372,459.9912414550781,123623700,SPY,equities,1day,data/1day/spy_daily.csv
2024-01-03 00:00:00+00:00,457.8306496986943,458.5703044192496,455.6311985932203,456.2345886230469,103585900,SPY,equities,1day,data/1day/spy_daily.csv
2024-01-04 00:00:00+00:00,455.75774684908487,458.346508982876,454.5412249647981,454.76507568359375,84232200,SPY,equities,1day,data/1day/spy_daily.csv
2024-01-05 00:00:00+00:00,454.9694028721213,457.8404061456365,453.9377947813522,455.3879089355469,86118900,SPY,equities,1day,data/1day/spy_daily.csv
2024-01-08 00:00:00+00:00,455.8841825939242,462.03492319132073,455.75765959014376,461.8889465332031,74879100,SPY,equities,1day,data/1day/spy_daily.csv
2024-01-09 00:00:00+00:00,459.23211686361327,462.2101599071882,458.72605447786,461.1882934570313,65931400,SPY,equities,1day,data/1day/spy_daily.csv
2024-01-10 00:00:00+00:00,461.4607928330298,464.66268658164086,461.1785514545196,463.7965087890625,67310600,SPY,equities,1day,data/1day/spy_daily.csv
2024-01-11 00:00:00+00:00,464.79894328451786,465.314747372644,459.61170706620095,463.5921630859375,77940700,SPY,equities,1day,data/1day/spy_daily.csv
2024-01-12 00:00:00+00:00,465.04220480545,465.7818595429952,462.502121615046,463.9132690429688,58026400,SPY,equities,1day,data/1day/spy_daily.csv
2024-01-16 00:00:00+00:00,462.531291886232,463.8451115616692,460.3902018147457,462.2101135253906,85014900,SPY,equities,1day,data/1day/spy_daily.csv
2024-01-17 00:00:00+00:00,459.1834557597096,460.1274778564824,457.28566988777015,459.640869140625,68843900,SPY,equities,1day,data/1day/spy_daily.csv
2024-01-18 00:00:00+00:00,461.3147724636552,464.2830735453687,459.7673604180853,463.7283325195313,91856200,SPY,equities,1day,data/1day/spy_daily.csv
2024-01-19 00:00:00+00:00,464.85732943436926,469.79154925027024,463.7770722736198,469.5093078613281,110834500,SPY,equities,1day,data/1day/spy_daily.csv
2024-01-22 00:00:00+00:00,471.0469830334159,472.2245678207362,469.8499148891261,470.5019836425781,75844900,SPY,equities,1day,data/1day/spy_daily.csv
2024-01-23 00:00:00+00:00,471.0469649925702,472.1174803762762,469.956966252641,471.8741760253906,49945300,SPY,equities,1day,data/1day/spy_daily.csv
2024-01-24 00:00:00+00:00,474.745153487513,475.6794338281553,471.89363377790727,472.3899841308594,81765000,SPY,equities,1day,data/1day/spy_daily.csv
2024-01-25 00:00:00+00:00,474.52132983790426,475.23178923650255,472.3900110425858,474.9592895507813,72525000,SPY,equities,1day,data/1day/spy_daily.csv
2024-01-26 00:00:00+00:00,474.5310679998513,476.02008943226616,473.5092016110277,474.35589599609375,76641600,SPY,equities,1day,data/1day/spy_daily.csv
2024-01-29 00:00:00+00:00,474.66734997690736,478.2585246858996,474.1223505896568,478.1125183105469,61322800,SPY,equities,1day,data/1day/spy_daily.csv
2024-01-30 00:00:00+00:00,477.4214974259143,478.4531054335183,476.9835377414516,477.74267578125,58618400,SPY,equities,1day,data/1day/spy_daily.csv
2024-01-31 00:00:00+00:00,475.533524505223,475.9811962338904,469.92778226707486,469.947265625,126011100,SPY,equities,1day,data/1day/spy_daily.csv
2024-02-01 00:00:00+00:00,471.6503810358882,476.1271872790658,470.8425939142762,476.0979919433594,91891600,SPY,equities,1day,data/1day/spy_daily.csv
2024-02-02 00:00:00+00:00,476.5359125482952,482.7644982110768,476.1952805049677,481.1100463867188,99228200,SPY,equities,1day,data/1day/spy_daily.csv
2024-02-05 00:00:00+00:00,480.4774390948485,481.13921979443177,477.1003735510861,479.3582153320313,75757100,SPY,equities,1day,data/1day/spy_daily.csv
2024-02-06 00:00:00+00:00,480.30226806860526,481.08085985334736,478.8716372206463,480.7499694824219,55918600,SPY,equities,1day,data/1day/spy_daily.csv
2024-02-07 00:00:00+00:00,482.9981222525648,485.1781199523761,482.0930074037672,484.7596435546875,70556500,SPY,equities,1day,data/1day/spy_daily.csv
2024-02-08 00:00:00+00:00,484.7595543310949,485.3532026417727,483.9420553441325,484.9736633300781,52343600,SPY,equities,1day,data/1day/spy_daily.csv
2024-02-09 00:00:00+00:00,485.47980263839474,488.2145413726089,485.1391705814137,487.776611328125,63979400,SPY,equities,1day,data/1day/spy_daily.csv
2024-02-12 00:00:00+00:00,487.7473831666172,490.0149666672007,486.84226840178366,487.5624694824219,56502300,SPY,equities,1day,data/1day/spy_daily.csv
2024-02-13 00:00:00+00:00,481.2852192494293,483.776653518952,477.5772631803255,480.8472595214844,113099200,SPY,equities,1day,data/1day/spy_daily.csv
2024-02-14 00:00:00+00:00,483.4846542902519,485.7035886541278,481.158650574048,485.2169799804688,68387800,SPY,equities,1day,data/1day/spy_daily.csv
2024-02-15 00:00:00+00:00,485.91772783399097,488.74979405458623,485.4408311080291,488.56488037109375,61683000,SPY,equities,1day,data/1day/spy_daily.csv
2024-02-16 00:00:00+00:00,488.2632150838705,489.401862888149,485.3922116760664,486.1318664550781,75532900,SPY,equities,1day,data/1day/spy_daily.csv
2024-02-20 00:00:00+00:00,484.3897857981468,485.0613082082836,481.20737545898015,483.45550537109375,71736700,SPY,equities,1day,data/1day/spy_daily.csv
2024-02-21 00:00:00+00:00,482.1513947924328,484.0491509708409,480.3411949189208,483.8934326171875,59293400,SPY,equities,1day,data/1day/spy_daily.csv
2024-02-22 00:00:00+00:00,490.5113782634583,494.87137380271713,489.5478727097178,493.9078979492188,76402500,SPY,equities,1day,data/1day/spy_daily.csv
2024-02-23 00:00:00+00:00,495.6304262293698,496.4674086571224,493.51856105397593,494.24847412109375,61321800,SPY,equities,1day,data/1day/spy_daily.csv
2024-02-26 00:00:00+00:00,494.6863927584272,495.1243524687159,492.3117399253592,492.4382629394531,50386700,SPY,equities,1day,data/1day/spy_daily.csv
2024-02-27 00:00:00+00:00,493.1292978892794,493.5769696039291,491.2315119659273,493.3531188964844,48854500,SPY,equities,1day,data/1day/spy_daily.csv
2024-02-28 00:00:00+00:00,491.7959350516518,493.2849564837583,491.4358493661455,492.7010498046875,56506600,SPY,equities,1day,data/1day/spy_daily.csv
2024-02-29 00:00:00+00:00,494.4625780610965,496.0878345083775,491.815425510208,494.4722900390625,83924800,SPY,equities,1day,data/1day/spy_daily.csv
2024-03-01 00:00:00+00:00,495.3481852022985,499.5427199698066,494.9394208408344,499.114501953125,76844800,SPY,equities,1day,data/1day/spy_daily.csv
2024-03-04 00:00:00+00:00,498.3165563504212,500.4284215717115,498.2873313148722,498.5792846679688,49799300,SPY,equities,1day,data/1day/spy_daily.csv
2024-03-05 00:00:00+00:00,496.5744172633029,497.02211863397577,491.3871817921508,493.5963745117188,72855600,SPY,equities,1day,data/1day/spy_daily.csv
2024-03-06 00:00:00+00:00,496.87609616392615,498.3554055143098,494.8031681983377,496.0975341796875,68382400,SPY,equities,1day,data/1day/spy_daily.csv
2024-03-07 00:00:00+00:00,499.39677730974256,502.0731250869525,496.155946823752,501.0220336914063,58652100,SPY,equities,1day,data/1day/spy_daily.csv
2024-03-08 00:00:00+00:00,501.6546542384204,504.340684322384,497.4406063327474,498.0148010253906,86532500,SPY,equities,1day,data/1day/spy_daily.csv
2024-03-11 00:00:00+00:00,496.8080772887865,498.17057584105015,494.8810959575729,497.5866394042969,62557200,SPY,equities,1day,data/1day/spy_daily.csv
2024-03-12 00:00:00+00:00,499.6984700657358,503.5232071984046,497.1778109434511,502.9393005371094,73114400,SPY,equities,1day,data/1day/spy_daily.csv
2024-03-13 00:00:00+00:00,503.2604525888654,503.4356245987712,500.7106276661075,502.1509704589844,55104100,SPY,equities,1day,data/1day/spy_daily.csv
2024-03-14 00:00:00+00:00,503.1242146399968,503.2799627018452,498.1121802332152,501.1583557128906,110171800,SPY,equities,1day,data/1day/spy_daily.csv
2024-03-15 00:00:00+00:00,498.0880174407595,499.5426370968139,496.0476768950372,497.717041015625,107646300,SPY,equities,1day,data/1day/spy_daily.csv
2024-03-18 00:00:00+00:00,501.7879780994152,503.2327960119457,500.2650442068728,500.675048828125,88893300,SPY,equities,1day,data/1day/spy_daily.csv
2024-03-19 00:00:00+00:00,499.9819809876235,503.7404859733711,498.9764238973626,503.4573974609375,60755300,SPY,equities,1day,data/1day/spy_daily.csv
2024-03-20 00:00:00+00:00,503.5158951541575,508.250640692195,502.8422864064855,508.1139526367188,69594600,SPY,equities,1day,data/1day/spy_daily.csv
2024-03-21 00:00:00+00:00,510.9549729947349,511.6578381638752,509.5100952830968,509.7932434082031,60256100,SPY,equities,1day,data/1day/spy_daily.csv
2024-03-22 00:00:00+00:00,509.7053025616341,510.19342318455074,508.5923732409752,508.8267211914063,79070800,SPY,equities,1day,data/1day/spy_daily.csv
2024-03-25 00:00:00+00:00,507.45018520809214,508.57288646937474,507.2646969888812,507.4209289550781,48512100,SPY,equities,1day,data/1day/spy_daily.csv
2024-03-26 00:00:00+00:00,508.8462213354942,509.1879415331935,506.0835014250274,506.4837341308594,65463700,SPY,equities,1day,data/1day/spy_daily.csv
2024-03-27 00:00:00+00:00,509.3148686626399,510.77923060858313,507.1475819984231,510.7401428222656,82999800,SPY,equities,1day,data/1day/spy_daily.csv
2024-03-28 00:00:00+00:00,510.7792051650659,512.1459071621757,510.359428578344,510.64251708984375,96294900,SPY,equities,1day,data/1day/spy_daily.csv
2024-04-01 00:00:00+00:00,511.38439386416735,511.9213145540173,508.5922990238964,509.7540283203125,62477500,SPY,equities,1day,data/1day/spy_daily.csv
2024-04-02 00:00:00+00:00,505.9272505110376,506.6496594947848,504.2090563956192,506.5130310058594,74230300,SPY,equities,1day,data/1day/spy_daily.csv
2024-04-03 00:00:00+00:00,505.41957743973774,508.5728771082824,505.3707772955882,507.0694274902344,59155800,SPY,equities,1day,data/1day/spy_daily.csv
2024-04-04 00:00:00+00:00,511.081829234757,511.4234898322039,500.57746403679687,500.8800964355469,96858100,SPY,equities,1day,data/1day/spy_daily.csv
2024-04-05 00:00:00+00:00,502.2370828649808,508.0749863325785,501.7977623960231,506.11273193359375,74546500,SPY,equities,1day,data/1day/spy_daily.csv
2024-04-08 00:00:00+00:00,506.8156796872345,507.8211772121714,505.58560615213537,506.3958435058594,48401800,SPY,equities,1day,data/1day/spy_daily.csv
2024-04-09 00:00:00+00:00,508.1335859775692,508.3776462974431,502.1296782746543,506.9816284179688,68049200,SPY,equities,1day,data/1day/spy_daily.csv
2024-04-10 00:00:00+00:00,501.2802817017724,503.8966008078219,499.9233518012494,501.9050903320313,82652800,SPY,equities,1day,data/1day/spy_daily.csv
2024-04-11 00:00:00+00:00,503.4281365798111,507.1378418249456,499.913691523377,505.6930236816406,70099000,SPY,equities,1day,data/1day/spy_daily.csv
2024-04-12 00:00:00+00:00,502.1491879340928,503.56474960986543,496.9848635757255,498.71282958984375,92561100,SPY,equities,1day,data/1day/spy_daily.csv
2024-04-15 00:00:00+00:00,502.89118522807627,503.0571295651305,491.61558034670605,492.4649353027344,92101400,SPY,equities,1day,data/1day/spy_daily.csv
2024-04-16 00:00:00+00:00,492.9432762462562,494.4662102656471,490.2781268160622,491.5667724609375,73484000,SPY,equities,1day,data/1day/spy_daily.csv
2024-04-17 00:00:00+00:00,494.0268584590965,494.1928325755386,487.26151394107353,488.6575317382813,75910300,SPY,equities,1day,data/1day/spy_daily.csv
2024-04-18 00:00:00+00:00,490.0535829309475,492.1524956151033,486.71482481856754,487.6520080566406,74548100,SPY,equities,1day,data/1day/spy_daily.csv
2024-04-19 00:00:00+00:00,487.5739105371773,488.569665842459,482.1264679213276,483.3955993652344,102212600,SPY,equities,1day,data/1day/spy_daily.csv
2024-04-22 00:00:00+00:00,486.00221013520326,490.4441260798556,483.65923689240304,487.8473205566406,67961000,SPY,equities,1day,data/1day/spy_daily.csv
2024-04-23 00:00:00+00:00,489.85833417865257,494.0659315908711,487.6617913619136,493.6363830566406,64633600,SPY,equities,1day,data/1day/spy_daily.csv
2024-04-24 00:00:00+00:00,494.5247711017317,495.3155241402407,491.1762707245871,493.402099609375,55928100,SPY,equities,1day,data/1day/spy_daily.csv
2024-04-25 00:00:00+00:00,487.3201124495616,492.2891769636512,485.67026231159537,491.5277099609375,69122400,SPY,equities,1day,data/1day/spy_daily.csv
2024-04-26 00:00:00+00:00,494.3197628446228,497.7658932650639,493.6852119906925,496.1843872070313,64306100,SPY,equities,1day,data/1day/spy_daily.csv
2024-04-29 00:00:00+00:00,497.9709059194509,498.61522873285696,495.1983842873063,497.9416198730469,46415400,SPY,equities,1day,data/1day/spy_daily.csv
2024-04-30 00:00:00+00:00,496.4772740416634,497.45351534342734,490.0536193847656,490.0536193847656,77483600,SPY,equities,1day,data/1day/spy_daily.csv
2024-05-01 00:00:00+00:00,489.4678380773352,496.1160385437577,487.9937042701267,488.4623107910156,80242800,SPY,equities,1day,data/1day/spy_daily.csv
2024-05-02 00:00:00+00:00,492.1720003799534,493.8706803453591,487.6812848525579,493.0310974121094,62550200,SPY,equities,1day,data/1day/spy_daily.csv
2024-05-03 00:00:00+00:00,499.01550940056416,500.3724693233871,496.4772760472205,499.1424255371094,72756700,SPY,equities,1day,data/1day/spy_daily.csv
2024-05-06 00:00:00+00:00,501.5440196872848,504.336055793308,501.1046991398925,504.2970275878906,47264700,SPY,equities,1day,data/1day/spy_daily.csv
2024-05-07 00:00:00+00:00,505.2634287213709,506.2494419365131,504.1798152133592,504.8534240722656,52561300,SPY,equities,1day,data/1day/spy_daily.csv
2024-05-08 00:00:00+00:00,503.01802238309904,505.439081357784,502.90087821239047,504.9021606445313,42047200,SPY,equities,1day,data/1day/spy_daily.csv
2024-05-09 00:00:00+00:00,505.0876186308662,507.8503975923716,504.4335537860316,507.8113098144531,43643700,SPY,equities,1day,data/1day/spy_daily.csv
2024-05-10 00:00:00+00:00,509.4124711158648,510.2227680798631,507.2452440275092,508.4655456542969,52233200,SPY,equities,1day,data/1day/spy_daily.csv
2024-05-13 00:00:00+00:00,510.1446966337389,510.25206888586143,507.39168877313017,508.5338745117188,36716400,SPY,equities,1day,data/1day/spy_daily.csv
2024-05-14 00:00:00+00:00,508.72906418826113,511.3844713761404,508.19214341702855,510.8670349121094,57535900,SPY,equities,1day,data/1day/spy_daily.csv
2024-05-15 00:00:00+00:00,513.3370109807618,517.4860367605042,512.7024302627835,517.1931762695312,59504900,SPY,equities,1day,data/1day/spy_daily.csv
2024-05-16 00:00:00+00:00,517.2906355349904,518.891685229184,515.9824462519231,516.12890625,50244800,SPY,equities,1day,data/1day/spy_daily.csv
2024-05-17 00:00:00+00:00,516.2461019816988,516.9392546781255,514.7915121402848,516.8709106445312,59187600,SPY,equities,1day,data/1day/spy_daily.csv
2024-05-20 00:00:00+00:00,516.9880819887991,518.930792527948,516.5975616577482,517.4664306640625,37764200,SPY,equities,1day,data/1day/spy_daily.csv
2024-05-21 00:00:00+00:00,516.7049957755823,518.8917666350982,516.4999636631139,518.7355346679688,33437000,SPY,equities,1day,data/1day/spy_daily.csv
2024-05-22 00:00:00+00:00,518.0424072439434,518.7550442398426,515.064823969773,517.2418823242188,48390000,SPY,equities,1day,data/1day/spy_daily.csv
2024-05-23 00:00:00+00:00,520.2976177568495,520.404990006262,512.253338882305,513.4639282226562,57211200,SPY,equities,1day,data/1day/spy_daily.csv
2024-05-24 00:00:00+00:00,515.3089561408403,517.6715030328614,514.3620306627067,516.8612060546875,41291100,SPY,equities,1day,data/1day/spy_daily.csv
2024-05-28 00:00:00+00:00,517.6715045678355,517.9057929513657,514.5865486245773,517.222412109375,36269600,SPY,equities,1day,data/1day/spy_daily.csv
2024-05-29 00:00:00+00:00,513.1905202395113,514.7817983278129,512.8878878194378,513.6005249023438,45190300,SPY,equities,1day,data/1day/spy_daily.csv
2024-05-30 00:00:00+00:00,512.0581358054062,512.7219727781743,508.9439234921737,510.1934814453125,46377600,SPY,equities,1day,data/1day/spy_daily.csv
2024-05-31 00:00:00+00:00,511.15011057316815,514.967187107586,506.0443290343577,514.8402709960938,90785800,SPY,equities,1day,data/1day/spy_daily.csv
2024-06-03 00:00:00+00:00,516.4511771729021,516.7342656913833,510.1836653006741,515.2601318359375,46835700,SPY,equities,1day,data/1day/spy_daily.csv
2024-06-04 00:00:00+00:00,513.9521037960388,516.5781957237731,512.4877415965971,515.8362426757812,34632700,SPY,equities,1day,data/1day/spy_daily.csv
2024-06-05 00:00:00+00:00,518.1596136281009,521.9864628385163,516.1680432425981,521.9669189453125,47610400,SPY,equities,1day,data/1day/spy_daily.csv
2024-06-06 00:00:00+00:00,522.2694966184689,522.6990451286446,520.0241537818829,521.9570922851562,30808500,SPY,equities,1day,data/1day/spy_daily.csv
2024-06-07 00:00:00+00:00,520.9809726213325,524.1342729417532,519.8875869921925,521.3226928710938,43224500,SPY,equities,1day,data/1day/spy_daily.csv
2024-06-10 00:00:00+00:00,520.5122296802525,523.2554648254413,519.9167369014993,522.9332885742188,35686100,SPY,equities,1day,data/1day/spy_daily.csv
2024-06-11 00:00:00+00:00,521.3811694677967,524.2513211148034,519.4091430834137,524.1927490234375,36383400,SPY,equities,1day,data/1day/spy_daily.csv
2024-06-12 00:00:00+00:00,528.7615900630306,531.1924214122917,527.4631724257194,528.4979858398438,63251300,SPY,equities,1day,data/1day/spy_daily.csv
2024-06-13 00:00:00+00:00,530.2454535391702,530.4211698122318,526.7700371068663,529.5620727539062,44760900,SPY,equities,1day,data/1day/spy_daily.csv
2024-06-14 00:00:00+00:00,528.0293342324846,529.9134725597781,527.0237772162169,529.8842163085938,40089900,SPY,equities,1day,data/1day/spy_daily.csv
2024-06-17 00:00:00+00:00,529.2009324320882,535.4977011129996,528.7420680092554,534.1016235351562,55839500,SPY,equities,1day,data/1day/spy_daily.csv
2024-06-18 00:00:00+00:00,534.16013957423,535.585473259027,533.7403629842298,535.4585571289062,41376400,SPY,equities,1day,data/1day/spy_daily.csv
2024-06-20 00:00:00+00:00,536.385998334327,537.0498352385172,532.2272010481894,534.0039672851562,70328200,SPY,equities,1day,data/1day/spy_daily.csv
2024-06-21 00:00:00+00:00,533.1803062748603,534.4045446160707,531.828742363983,533.2880249023438,64338600,SPY,equities,1day,data/1day/spy_daily.csv
2024-06-24 00:00:00+00:00,533.1117619254674,535.6777608035513,531.4369822915095,531.5545043945312,45528700,SPY,equities,1day,data/1day/spy_daily.csv
2024-06-25 00:00:00+00:00,532.7787868983022,533.9638712753774,531.2607431275164,533.6015014648438,37936200,SPY,equities,1day,data/1day/spy_daily.csv
2024-06-26 00:00:00+00:00,532.4848968900385,534.9823310545671,531.8385253727439,534.2673950195312,38550600,SPY,equities,1day,data/1day/spy_daily.csv
2024-06-27 00:00:00+00:00,534.1304113442721,535.6876691801702,533.3860646945234,535.1098022460938,35041500,SPY,equities,1day,data/1day/spy_daily.csv
2024-06-28 00:00:00+00:00,535.8833782760337,538.9391321933387,531.7601817698417,533.0039672851562,76144500,SPY,equities,1day,data/1day/spy_daily.csv
